review_id,poi_name,category,rating,review_text,published_at,sentiment,clean_text,aspek_toilet_sanitasi,aspek_sampah_kebersihan,aspek_pelayanan_ranger,aspek_jalur_trek,aspek_biaya_logistik,pred_sentiment,saran_jangka_pendek,saran_jangka_menengah,saran_jangka_panjang
1,Taman Nasional Gunung Ciremai (Pusat Balai TNGC),Pusat Balai TNGC,1,"Untuk fasilitas basecamp Palutungan mohon diperbaiki. Saya bilang diperbaiki bukan ditingkatkan. Banyak fasilitas yg (menurut saya) gk layak pakai. Petugasnya memang ramah, baik pula. Tp untuk fasilitas, saya mikir² utk ngasih bintang lima. Saya kira cukup dan mohon perhatian dr pihak pengelola, tak perlu lagi saya berpanjang lebar merinci bagaimana kekurangannya, saya tdk keliru dr apa yg saya sdh sebutkan. Terima kasih",,negatif,untuk fasilitas pos registrasi palutungan mohon diperbaiki saya bilang diperbaiki bukan ditingkatkan banyak fasilitas yang menurut saya enggak layak pakai petugasnya memang ramah baik pula tapi untuk fasilitas saya mikir² untuk mengasih bintang lima saya kira cukup dan mohon perhatian dari pihak pengelola tak perlu lagi saya berpanjang lebar merinci bagaimana kekurangannya saya tidak keliru dari apa yang saya sudah sebutkan terima kasih,0,0,1,0,0,negatif,[Pelayanan Ranger]: Standarisasi standar operasional prosedur keramahan petugas loket dan customer service WhatsApp basecamp serta penambahan personel saat akhir pekan.,[Pelayanan Ranger]: Peningkatan kapasitas infrastruktur server booking simaksi online bebas down dan pelatihan hospitality bagi volunteer dan ranger pos.,[Pelayanan Ranger]: Implementasi smart gate otomatis mandiri berbasis scan barcode terintegrasi e-KTP dan sertifikasi kompetensi ranger pemandu nasional.
16,Taman Nasional Gunung Ciremai (Pusat Balai TNGC),Pusat Balai TNGC,2,"Akses jalan yang kurang baik,..jauh dari kata layak untuk kendaraan yang akan menuju ketempat ini...selebihnya lumayan bisa bikin santai.",,negatif,akses jalan yang kurang baik jauh dari kata layak untuk kendaraan yang akan menuju ketempat ini selebihnya lumayan bisa bikin santai,0,0,0,1,0,netral,[Jalur Trek]: Pemasangan pita reflektif fosfor penanda jalur malam dan penggantian tali pengaman webbing yang putus atau lapuk di titik terjal.,[Jalur Trek]: Pembuatan undakan kayu atau batu penahan erosi tanah di tanjakan terjal dan peremajaan plang penunjuk kilometer anti-cuaca.,[Jalur Trek]: Sistem buka-tutup jalur berkala berbasis daya dukung lingkungan untuk pemulihan vegetasi dan penetapan jalur evakuasi helipad darurat.
21,Taman Nasional Gunung Ciremai (Pusat Balai TNGC),Pusat Balai TNGC,3,"Konturnya tanjakan. Pos 1 sd Pos 2 relatif nyaman dan landai. Pos 2 ke Pos 4 tanjakan dengan akar-akar pohon. Pos 5 ada lokasi berkemah. Pos 5 ke Pos Goa Walet berbatu licin, batu besar, kerikil dan pasir, menguras enerji dan perlu kehati2an. Menjelang puncak sehamparan Edelweiss menunggu. Puncak ada pemandangan indah, kawah. Tetapi anginnya kencang, dingin dan berbau balerang tajam.",,netral,konturnya tanjakan pos 1 sd pos 2 relatif nyaman dan landai pos 2 ke pos 4 tanjakan dengan akar akar pohon pos 5 ada lokasi berkemah pos 5 ke pos goa walet berbatu licin batu besar kerikil dan pasir menguras enerji dan perlu kehati2an menjelang puncak sehamparan edelweiss menunggu puncak ada pemandangan indah kawah tetapi anginnya kencang dingin dan berbau balerang tajam,0,0,0,1,0,netral,-,-,-
22,Taman Nasional Gunung Ciremai (Pusat Balai TNGC),Pusat Balai TNGC,3,Gagah dan dingin... Gunung tertinggi di Jawa Barat ini jadi destinasi favorit para pendaki. Apalagi jalur pendakian Linggarjati yang sangat menantang.,,netral,gagah dan dingin gunung tertinggi di jawa barat ini jadi destinasi favorit para pendaki apalagi jalur pendakian linggarjati yang sangat menantang,0,0,0,1,0,netral,-,-,-
23,Taman Nasional Gunung Ciremai (Pusat Balai TNGC),Pusat Balai TNGC,3,"Peraturan baru yang di tujukan pada pengunjung (pendaki) pemesanan tiket pendakian melalui online yang terbatas dan msh melalui booking via WhatsApp, dan pemeriksaan kesehatan yang wajib dilakukan namun staf kesehatan tidak sebanding dengan jumlah pendaki membuat banyak yang tidak terlayani dan membuat waktu pendakian ngaret",,netral,peraturan baru yang di tujukan pada pengunjung pendaki pemesanan tiket pendakian melalui online yang terbatas dan masih melalui booking via whatsapp dan pemeriksaan kesehatan yang wajib dilakukan namun staf kesehatan tidak sebanding dengan jumlah pendaki membuat banyak yang tidak terlayani dan membuat waktu pendakian ngaret,0,0,1,0,1,positif,-,-,-
24,Taman Nasional Gunung Ciremai (Pusat Balai TNGC),Pusat Balai TNGC,3,"Tempat wisata Alam Cidadali berada di kaki bukit Gunung Ciremai,sebuah bukit kecil diantara beratus bukit yg mengelilingi Gunung tertinggi di jawa barat. Tempatnya masih benar benar alami,dan masih banyak yg harus di benahi.sudah tersedia Gazebo,mushola Dan toilet..untuk sementara peengunjung ha nya bisa berphoto ria dengan background seadanya.Bila Ada yg berminat mengunjungi tempat ini..jangan lupa persiapkan perlengkapan,Dan pisik yg vit..Dan Hubungi petugas jaga Cidadali Hills.Bpk Kusmanda,Bpk Ismad,atau bisa langsung datang ke rumah (Bpk Kuseri kepala Dusun Mulyaasih -Desa Puncak,kec Cigugur -Kuningan -Jabar)  Untuk sampai ke lokasi dibutuh kan waktu 1jam dari Kota kuningan.. And bisa membawa kendaraan sendiri atau menggunkan ojek,dari titik awal Desa Puncak.atau berjalan kaki sembari memanjakan pandangan melihat panorama Alam Desa puncak & Dusun Mulyaasih.  Demikian ulasan sementara semoga bisa bermanfaat..harapan Saya,selaku warga,semoga tempat wisata Alam Cidadali ini menjadi Salah Satu tujuan wisata para pelancong. .Dan menjadi Salah Satu sumber kehidupan bagi waraga dusun Mulyaasih Desa puncak...tentunya memakmurkan seluruh penghuni Alam Dan yg Ada di sekitarnya..Amin Amin...YRA.",,netral,tempat wisata alam cidadali berada di kaki bukit gunung ciremai sebuah bukit kecil diantara beratus bukit yang mengelilingi gunung tertinggi di jawa barat tempatnya masih benar benar alami dan masih banyak yang harus di benahi sudah tersedia gazebo mushola dan toilet untuk sementara peengunjung ha nya bisa berphoto ria dengan background seadanya bila ada yang berminat mengunjungi tempat ini jangan lupa persiapkan perlengkapan dan pisik yang vit dan hubungi petugas jaga cidadali hills bpk kusmanda bpk ismad atau bisa langsung datang ke rumah bpk kuseri kepala dusun mulyaasih desa puncak kec cigugur kuningan jabar untuk sampai ke lokasi dibutuh kan waktu 1jam dari kota kuningan and bisa membawa kendaraan sendiri atau menggunkan ojek dari titik awal desa puncak atau berjalan kaki sembari memanjakan pandangan melihat panorama alam desa puncak dusun mulyaasih demikian ulasan sementara semoga bisa bermanfaat harapan saya selaku warga semoga tempat wisata alam cidadali ini menjadi salah satu tujuan wisata para pelancong dan menjadi salah satu sumber kehidupan bagi waraga dusun mulyaasih desa puncak tentunya memakmurkan seluruh penghuni alam dan yang ada di sekitarnya amin amin yra,1,0,1,0,1,netral,-,-,-
25,Taman Nasional Gunung Ciremai (Pusat Balai TNGC),Pusat Balai TNGC,3,Jalan nya jauuuh.. 😫,,netral,jalan nya jauuuh,0,0,0,1,0,positif,-,-,-
26,Taman Nasional Gunung Ciremai (Pusat Balai TNGC),Pusat Balai TNGC,3,"Sejak kebakaran 2019, Gunung Ciremai 3078mdpl, membuka ijin pendakian lagi Agustus 2020. Aku pilih via Jalur Apuy, Majalengka, perjalanan dari Pos 1 hingga 5 lumayan bersih dari sampah. Mulai dari Pos 5 hingga Puncak terlihat bekas-bekas pohon terbakar yang hangus menghitam, namun rerumputan serta Edelweiss sudah subur kembali.",,netral,sejak kebakaran 2019 gunung ciremai 3078mdpl membuka ijin pendakian lagi agustus 2020 aku pilih via jalur apuy majalengka perjalanan dari pos 1 hingga 5 lumayan bersih dari sampah mulai dari pos 5 hingga puncak terlihat bekas bekas pohon terbakar yang hangus menghitam namun rerumputan serta edelweiss sudah subur kembali,0,1,0,1,0,netral,-,-,-
27,Taman Nasional Gunung Ciremai (Pusat Balai TNGC),Pusat Balai TNGC,3,Tempat enak masih alami  hanya akses jalan yang harus di tempuh dengan jalan kaki sampai ke lokasinya. Belum bisa roda 4,,netral,tempat enak masih alami hanya akses jalan yang harus di tempuh dengan jalan kaki sampai ke lokasinya belum bisa roda 4,0,0,0,1,0,netral,-,-,-
32,Taman Nasional Gunung Ciremai (Pusat Balai TNGC),Pusat Balai TNGC,3,Harus coba jalur yg satu ini jalur Linggasana,,netral,harus coba jalur yang satu ini jalur linggasana,0,0,0,1,0,netral,-,-,-
34,Taman Nasional Gunung Ciremai (Pusat Balai TNGC),Pusat Balai TNGC,3,"Taman nasional,tapi sampah berserakan dimana-mana",,netral,taman nasional tapi sampah berserakan dimana mana,0,1,0,0,0,netral,-,-,-
45,Taman Nasional Gunung Ciremai (Pusat Balai TNGC),Pusat Balai TNGC,3,Dari Jalaksana terus ke Linggajati. Adapun pos pendakian sampai puncak berturut-turut Pos Cibunar-Leuweung Datar-Kondang Amis-Kuburan Kuda-Pangalap dan Tanjung Seruni. Dilanjutkan Pos Bapa Tere-Batu Lingga-Sangga Buana I dan Ii-Pos Pangasinan lalu Puncak.,,netral,dari jalaksana terus ke linggajati adapun pos pendakian sampai puncak berturut turut pos cibunar leuweung datar kondang amis kuburan kuda pangalap dan tanjung seruni dilanjutkan pos bapa tere batu lingga sangga buana i dan ii pos pangasinan lalu puncak,0,0,0,1,0,netral,-,-,-
49,Taman Nasional Gunung Ciremai (Pusat Balai TNGC),Pusat Balai TNGC,4,"Review Pendakian Gunung Ciremai via Jalur Sadarehe  Jalur Sadarehe, yang resmi dibuka pada tahun 2022, menawarkan pengalaman mendaki Gunung Ciremai yang cukup menantang namun penuh petualangan. Jalur ini terkenal dengan trek panjang dan terjal yang benar-benar menguji fisik dan mental pendaki.  Trek Panjang dan Menantang Perjalanan dimulai dari Pos 1 hingga Pos 6 yang terasa sangat melelahkan karena jalurnya cukup panjang dan terus menanjak. Trek ini didominasi oleh tanah padat yang licin saat hujan serta akar pohon yang kerap menjadi tantangan tersendiri. Namun, suasana hutan yang rimbun dan asri menjadi sedikit penghibur selama perjalanan.  Memasuki Pos 7 ke Pos 8, yang dikenal sebagai Sangkar Burung, pendaki akan menghadapi medan yang lebih sulit. Tanjakan curam dan sempit menjadi ujian nyata. Tidak hanya itu, kawasan ini juga menjadi salah satu titik pemantauan harimau, memberikan nuansa misteri dan kehati-hatian ekstra saat mendaki.  Biaya Pendakian yang Tidak Murah Untuk mendaki melalui jalur Sadarehe, pendaki harus mempersiapkan dana lebih. Biaya yang harus dikeluarkan mencakup:  Tiket Simaksi: Perizinan resmi untuk mendaki.  Pengecekan Dokter: Wajib dilakukan untuk memastikan kesehatan pendaki.  Ranger Pendakian: Untuk keamanan dan pemanduan selama perjalanan.  Transportasi Transit: Mengantarkan pendaki dari basecamp ke titik awal jalur.  Meskipun biayanya lumayan mahal, pelayanan yang diberikan cukup memadai dan memastikan pendakian berlangsung dengan aman.  Kesimpulan Jalur Sadarehe adalah pilihan yang tepat untuk pendaki berpengalaman yang ingin merasakan tantangan baru di Gunung Ciremai. Trek panjang, medan terjal, dan pemandangan alam yang luar biasa akan memberikan kepuasan tersendiri. Namun, persiapan fisik dan mental yang matang serta dana yang memadai sangat diperlukan. Bagi pendaki pemula, sebaiknya memilih jalur lain yang lebih ramah untuk pengalaman pertama mendaki.",,positif,review pendakian gunung ciremai via jalur sadarehe jalur sadarehe yang resmi dibuka pada tahun 2022 menawarkan pengalaman mendaki gunung ciremai yang cukup menantang namun penuh petualangan jalur ini terkenal dengan trek panjang dan terjal yang benar benar menguji fisik dan mental pendaki trek panjang dan menantang perjalanan dimulai dari pos 1 hingga pos 6 yang terasa sangat melelahkan karena jalurnya cukup panjang dan terus menanjak trek ini didominasi oleh tanah padat yang licin saat hujan serta akar pohon yang kerap menjadi tantangan tersendiri namun suasana hutan yang rimbun dan asri menjadi sedikit penghibur selama perjalanan memasuki pos 7 ke pos 8 yang dikenal sebagai sangkar burung pendaki akan menghadapi medan yang lebih sulit tanjakan curam dan sempit menjadi ujian nyata tidak hanya itu kawasan ini juga menjadi salah satu titik pemantauan harimau memberikan nuansa misteri dan kehati hatian ekstra saat mendaki biaya pendakian yang tidak murah untuk mendaki melalui jalur sadarehe pendaki harus mempersiapkan dana lebih biaya yang harus dikeluarkan mencakup tiket izin pendakian registrasi perizinan resmi untuk mendaki pengecekan dokter wajib dilakukan untuk memastikan kesehatan pendaki petugas pendakian untuk keamanan dan pemanduan selama perjalanan transportasi transit mengantarkan pendaki dari pos registrasi ke titik awal jalur meskipun biayanya lumayan mahal pelayanan yang diberikan cukup memadai dan memastikan pendakian berlangsung dengan aman kesimpulan jalur sadarehe adalah pilihan yang tepat untuk pendaki berpengalaman yang ingin merasakan tantangan baru di gunung ciremai trek panjang medan terjal dan pemandangan alam yang luar biasa akan memberikan kepuasan tersendiri namun persiapan fisik dan mental yang matang serta dana yang memadai sangat diperlukan bagi pendaki pemula sebaiknya memilih jalur lain yang lebih ramah untuk pengalaman pertama mendaki,0,0,1,1,1,positif,-,-,-
50,Taman Nasional Gunung Ciremai (Pusat Balai TNGC),Pusat Balai TNGC,4,"Naik ke gunung Ciremai via Apuy Simaksi 125.000 include HTM, cek kesehatan, sertifikat dan 1 x makan gratis. Ada penyewaan losbak sebesar rp.50.000 PP homestay - basecamp dan basecamp - homestay. Durasi perjalanan dari basecamp ke pos 5 area camp 8 jam, dari area camp ke puncak 2 jam. Turun dari area camp ke basecamp 3 jam. Kemarin dapetnya full tembok jadi harus remedial lagi. Tapi gapapa pas turun dari puncak kabutnya  kebuka walau kadang ketutup lagi.",,positif,naik ke gunung ciremai via apuy izin pendakian registrasi 125 000 include htm cek kesehatan sertifikat dan 1 kali makan gratis ada penyewaan losbak sebesar rp 50 000 pp homestay pos registrasi dan pos registrasi homestay durasi perjalanan dari pos registrasi ke pos 5 area camp 8 jam dari area camp ke puncak 2 jam turun dari area camp ke pos registrasi 3 jam kemarin dapetnya full tembok jadi harus remedial lagi tapi gapapa pas turun dari puncak kabutnya kebuka walau kadang ketutup lagi,0,0,1,0,1,positif,-,-,-
51,Taman Nasional Gunung Ciremai (Pusat Balai TNGC),Pusat Balai TNGC,4,"Lokasi paling okay buat mengisi waktu liburan bersama keluarga dan teman- teman,bisa meningkatkan team work dan quality time. Kebetulan waktu naek di jalur Linggarjati track nya curam dan nanjak terus. Saran isi airnya di pos ke 2 biar ga terlalu capek bawa barang berat di atas tidak ada mata air lagi. Hemat air dan jalan santai",,positif,lokasi paling okay buat mengisi waktu liburan bersama keluarga dan teman teman bisa meningkatkan team work dan quality time kebetulan waktu naik di jalur linggarjati track nya curam dan nanjak terus saran isi airnya di pos ke 2 biar enggak terlalu capek bawa barang berat di atas tidak ada mata air lagi hemat air dan jalan santai,1,0,0,1,0,positif,-,-,-
52,Taman Nasional Gunung Ciremai (Pusat Balai TNGC),Pusat Balai TNGC,4,"Kuningan itu pemandangannya luar biasa apapun tempat wisatanya, subhanallah indah bangeet.. tapi akses jalannya astaghfirullah hehe.. semoga jalan-jalan di daerah kuningan khususnya yang menuju tempat wisata bisa lebih baik lagi, yang rusak, yang berlubang, dan lainnya dapat diperbaiki. Biar para wisatawan lebih betah lagi. Mari eksplor kuningan",,positif,kuningan itu pemandangannya luar biasa apapun tempat wisatanya subhanallah indah banget tapi akses jalannya astaghfirullah hehe semoga jalan jalan di daerah kuningan khususnya yang menuju tempat wisata bisa lebih baik lagi yang rusak yang berlubang dan lainnya dapat diperbaiki biar para wisatawan lebih betah lagi mari eksplor kuningan,0,0,0,1,0,positif,-,-,-
53,Taman Nasional Gunung Ciremai (Pusat Balai TNGC),Pusat Balai TNGC,4,"Perjalanan ke balai desa terakhir jauh banget dari kota dan lebih baik dilakukan dalam keadaan jalan terang soalnya cukup sempit buat mobil, sih. Parkir terakhir mobil di desa terakhir, tapi ada banyak homestay di sini dan kebanyakan sudah menyediakan persewaan pickup buat naik sampe basecamp. Motor bisa sih naik sampe basecamp & parkir di sana, tapi perhatikan keamanan motor y, soalnya jalannya cukup curam & kalo pas selipan sama mobil mepet bgt itu. Basecamp tutup dari tengah malam sampe pagi jam 7an. Pendakian lewat tengah malam g diijinkan, paling pagi baru jam 6 boleh naik. Kami tektok waktu itu, jadi start nya y jam 6 itu, nyampe basecamp lagi jam 3 sore. Di basecamp kita bayar 75rb sudah termasuk makan 1x di warung yg ditunjuk & sertifikat. Gelang karet tanda masuk dipinjamkan aja pas naik, kalo turun harus balik. Kehilangan gelang harus bayar denda 50rb.",,positif,perjalanan ke balai desa terakhir jauh banget dari kota dan lebih baik dilakukan dalam keadaan jalan terang soalnya cukup sempit buat mobil sih parkir terakhir mobil di desa terakhir tapi ada banyak homestay di sini dan kebanyakan sudah menyediakan persewaan pickup buat naik sampai pos registrasi motor bisa sih naik sampai pos registrasi parkir di sana tapi perhatikan keamanan motor ya soalnya jalannya cukup curam kalo pas selipan sama mobil mepet banget itu pos registrasi tutup dari tengah malam sampai pagi jam 7an pendakian lewat tengah malam enggak diijinkan paling pagi baru jam 6 boleh naik kami pendakian cepat waktu itu jadi start nya ya jam 6 itu sampai pos registrasi lagi jam 3 sore di pos registrasi kita bayar 75rb sudah termasuk makan 1x di warung yang ditunjuk sertifikat gelang karet tanda masuk dipinjamkan saja pas naik kalo turun harus balik kehilangan gelang harus bayar denda 50rb,0,0,1,1,1,positif,-,-,-
54,Taman Nasional Gunung Ciremai (Pusat Balai TNGC),Pusat Balai TNGC,4,Jalur pendakian yang luar biasa. Sebagai pendaki pemula dan pertama kali mendaki merasa bangga bisa menggapai atap jawa barat.,,positif,jalur pendakian yang luar biasa sebagai pendaki pemula dan pertama kali mendaki merasa bangga bisa menggapai atap jawa barat,0,0,0,1,0,positif,-,-,-
55,Taman Nasional Gunung Ciremai (Pusat Balai TNGC),Pusat Balai TNGC,5,"Taman Wisata Gunung Ciremai merupakan salah satu destinasi alam unggulan di Jawa Barat yang menawarkan keindahan pegunungan yang masih asri dan menenangkan. Terletak di kawasan Gunung Ciremai, gunung tertinggi di Jawa Barat, tempat ini menjadi daya tarik bagi para pecinta alam, pendaki, maupun wisatawan yang sekadar ingin menikmati udara segar dan pemandangan hijau yang memanjakan mata.  Keunggulan utama dari taman wisata ini adalah lanskap alamnya yang beragam, mulai dari hutan tropis yang rimbun, jalur pendakian yang menantang, hingga sumber mata air alami yang jernih. Suasana di kawasan ini terasa sejuk dan jauh dari hiruk-pikuk perkotaan, menjadikannya tempat yang cocok untuk melepas penat dan menenangkan pikiran. Selain itu, kicauan burung dan suara alam lainnya menambah kesan damai yang sulit ditemukan di tempat lain.  Fasilitas yang tersedia cukup memadai untuk menunjang kegiatan wisata, seperti area parkir, jalur trekking yang tertata, serta beberapa titik istirahat. Bagi pendaki, tersedia beberapa jalur resmi dengan tingkat kesulitan yang bervariasi, sehingga bisa disesuaikan dengan kemampuan masing-masing. Petugas juga cukup sigap dalam memberikan informasi dan menjaga keamanan pengunjung.  Namun, ada beberapa hal yang perlu diperhatikan. Pengunjung diharapkan menjaga kebersihan dan tidak merusak lingkungan, karena kelestarian kawasan ini sangat bergantung pada kesadaran bersama. Selain itu, kondisi cuaca yang cepat berubah di area pegunungan menuntut wisatawan untuk selalu mempersiapkan perlengkapan dengan baik.  Secara keseluruhan, Taman Wisata Gunung Ciremai adalah pilihan tepat bagi siapa saja yang ingin menikmati keindahan alam yang autentik. Dengan panorama yang memukau dan suasana yang menenangkan, tempat ini layak menjadi destinasi favorit bagi wisatawan lokal maupun luar daerah.",,positif,taman wisata gunung ciremai merupakan salah satu destinasi alam unggulan di jawa barat yang menawarkan keindahan pegunungan yang masih asri dan menenangkan terletak di kawasan gunung ciremai gunung tertinggi di jawa barat tempat ini menjadi daya tarik bagi para pecinta alam pendaki maupun wisatawan yang sekadar ingin menikmati udara segar dan pemandangan hijau yang memanjakan mata keunggulan utama dari taman wisata ini adalah lanskap alamnya yang beragam mulai dari hutan tropis yang rimbun jalur pendakian yang menantang hingga sumber mata air alami yang jernih suasana di kawasan ini terasa sejuk dan jauh dari hiruk pikuk perkotaan menjadikannya tempat yang cocok untuk melepas penat dan menenangkan pikiran selain itu kicauan burung dan suara alam lainnya menambah kesan damai yang sulit ditemukan di tempat lain fasilitas yang tersedia cukup memadai untuk menunjang kegiatan wisata seperti area parkir jalur trekking yang tertata serta beberapa titik istirahat bagi pendaki tersedia beberapa jalur resmi dengan tingkat kesulitan yang bervariasi sehingga bisa disesuaikan dengan kemampuan masing masing petugas juga cukup sigap dalam memberikan informasi dan menjaga keamanan pengunjung namun ada beberapa hal yang perlu diperhatikan pengunjung diharapkan menjaga kebersihan dan tidak merusak lingkungan karena kelestarian kawasan ini sangat bergantung pada kesadaran bersama selain itu kondisi cuaca yang cepat berubah di area pegunungan menuntut wisatawan untuk selalu mempersiapkan perlengkapan dengan baik secara keseluruhan taman wisata gunung ciremai adalah pilihan tepat bagi siapa saja yang ingin menikmati keindahan alam yang autentik dengan panorama yang memukau dan suasana yang menenangkan tempat ini layak menjadi destinasi favorit bagi wisatawan lokal maupun luar daerah,1,1,1,1,1,positif,-,-,-
56,Taman Nasional Gunung Ciremai (Pusat Balai TNGC),Pusat Balai TNGC,5,"Saya lewat BC Apuy, parkiran luas, fasilitas toilet bersih banyak, mushola bersih, banyak warung. Tapi sayang di jalur pendakian masih banyak sampah. Untuk kawan² pendaki yuk belajar menjaga alam dan peduli terhadap sampah. Saya Mendaki pada bulan Mei 2025",,positif,saya lewat basecamp apuy parkiran luas fasilitas toilet bersih banyak mushola bersih banyak warung tapi sayang di jalur pendakian masih banyak sampah untuk kawan² pendaki yuk belajar menjaga alam dan peduli terhadap sampah saya mendaki pada bulan mei 2025,1,1,0,1,1,positif,-,-,-
57,Taman Nasional Gunung Ciremai (Pusat Balai TNGC),Pusat Balai TNGC,5,"Salah satu wisata yang paling menarik di Kuningan. Disebut sebagai Atap Tertinggi di Jawa Barat, jadi penasaran untuk mencapai puncak Gunung Ciremai. Tapi ternyata belum berhasil juga, semoga di suatu saat bisa kembali lagi buat mencapai puncak di sini. Sepanjang perjalanan menuju puncak via Palutungan dihampiri pemandangan hutan sampe di Pos 6. Setelah itu barulah bisa menikmati pemandangan di atas awan. Klo mau mengisi logistik lokasinya ada di Pos 1 Cigowong, ada banyak jual makanan dan minuman. Banyak juga orang-orang yang latihan tektok naik turun gunung di Pos 1 ini.",,positif,salah satu wisata yang paling menarik di kuningan disebut sebagai atap tertinggi di jawa barat jadi penasaran untuk mencapai puncak gunung ciremai tapi ternyata belum berhasil juga semoga di suatu saat bisa kembali lagi buat mencapai puncak di sini sepanjang perjalanan menuju puncak via palutungan dihampiri pemandangan hutan sampai di pos 6 setelah itu barulah bisa menikmati pemandangan di atas awan kalo mau mengisi logistik lokasinya ada di pos 1 cigowong ada banyak jual makanan dan minuman banyak juga orang orang yang latihan pendakian cepat naik turun gunung di pos 1 ini,0,0,0,0,0,positif,-,-,-
58,Taman Nasional Gunung Ciremai (Pusat Balai TNGC),Pusat Balai TNGC,5,"Ciremai via sadarehe, ngga akan pernah kapok buat ngulang ke ciremai, ladang edelweisnya cantikk banget, sayangnya udah mulai banyak sampah di jalur pendakian+area camp nya.. buat yg naik minta tolong tanggungjawab sama sampahnya, buat gunung cantik ini tetep cantik dgn bawa turun sampahnya... (-) semoga ada perbaikan transportasi dan sarana dari basecamp ke pintu rimba biar lebih nyaman",,positif,ciremai via sadarehe enggak akan pernah kapok buat ngulang ke ciremai ladang edelweisnya cantik banget sayangnya sudah mulai banyak sampah di jalur pendakian area camp nya buat yang naik meminta tolong tanggungjawab sama sampahnya buat gunung cantik ini tetap cantik dengan bawa turun sampahnya semoga ada perbaikan transportasi dan sarana dari pos registrasi ke pintu rimba biar lebih nyaman,0,1,1,1,1,positif,-,-,-
59,Taman Nasional Gunung Ciremai (Pusat Balai TNGC),Pusat Balai TNGC,5,"Di titik kumpul ada banyak warung makanan & tolilet. Sebelum melakukan pendakian ads briefing dulu oleh tim ranger, suasana sangat sejuk & masih sangat alami. Di sarankan tambahan bawa sarung tangan & kaus kaki hangat, kondisi dingin banget wkt malem & di puncak wkt sumit subuh2. Waspada masih banyak BAGAS",,positif,di titik kumpul ada banyak warung makanan tolilet sebelum melakukan pendakian ads briefing dulu oleh tim petugas suasana sangat sejuk masih sangat alami di sarankan tambahan bawa sarung tangan kaus kaki hangat kondisi dingin banget waktu malam di puncak waktu sumit subuh2 waspada masih banyak babi hutan,0,0,1,0,1,positif,-,-,-
65,Taman Nasional Gunung Ciremai (Pusat Balai TNGC),Pusat Balai TNGC,5,"Sangat rekomended jalurnya juga ramah. Jalur Apuy lebih singkat dan treknya tertata baik. Simaksi dan cek kesehatan terjangkau. Dapat sertifikat dan dapat free 1x makan. Transport dari parkiran ke basecamp tersedia antar jemput. Orangnya ramah dan baik. Pemandangan nya bagus, view kawah dan lautan awan sunrise nya asik.",,positif,sangat rekomended jalurnya juga ramah jalur apuy lebih singkat dan treknya tertata baik izin pendakian registrasi dan cek kesehatan terjangkau dapat sertifikat dan dapat free 1x makan transport dari parkiran ke pos registrasi tersedia antar jemput orangnya ramah dan baik pemandangan nya bagus view kawah dan lautan awan sunrise nya asik,0,0,1,1,0,positif,-,-,-
66,Taman Nasional Gunung Ciremai (Pusat Balai TNGC),Pusat Balai TNGC,5,"ATAP JAWA BARAT, VIEW LAUTAN AWAN.  Via : Basecamp Palutungan Tiket Online : 8rb Tiket Offline : 50rb Cek Kesehatan : 20rb Parkir Motor : 10rb  Include : Cek kesehatan, makan minum 1x, e-sertifikat pendakian, peta, kantong sampah.  Via jalur Palutungan tergolong cocok buat pemula. View cantik sepanjang jalur pendakian, banyak lutung-lutung liar di pohon pinggir jalur pendaki. Buat yg males jalan kaki bisa juga ngojeg sampe pos 1. Saya wajibkan untuk kalian agar membawa sleeping bag karena suhu yg sangat dingin saat sore-malam hari.  Saya sarankan juga jangan bawa makanan yg amis amis atau bau menyengat karena masih banyak babi hutan. Bagasnya gede gede serem njir, kasian tetangga tendanya diserang bagas gara2 bawa ikan. Btw tempat paling cocok buat camp adalah di pos 6.  Estimasi pendaki pemula yg baru pertama kali naik gunung diatas 3000mdpl sekitar 8-12 jam.  Basecamp - Pos 1 : 1 Jam Pos 1 - Pos 6 : 6 Jam Pos 6 - Puncak : 4 Jam  Salam Lestari, MTMA Losari. November, 2023.",,positif,atap jawa barat view lautan awan via pos registrasi palutungan tiket online 8rb tiket offline 50rb cek kesehatan 20rb parkir motor 10rb include cek kesehatan makan minum 1x e sertifikat pendakian peta kantong sampah via jalur palutungan tergolong cocok buat pemula view cantik sepanjang jalur pendakian banyak lutung lutung liar di pohon pinggir jalur pendaki buat yang malas jalan kaki bisa juga ngojeg sampai pos 1 saya wajibkan untuk kalian agar membawa sleeping bag karena suhu yang sangat dingin saat sore malam hari saya sarankan juga jangan bawa makanan yang amis amis atau bau menyengat karena masih banyak babi hutan bagasnya gede gede seram anjir kasihan tetangga tendanya diserang babi hutan gara-gara bawa ikan btw tempat paling cocok buat camp adalah di pos 6 estimasi pendaki pemula yang baru pertama kali naik gunung diatas 3000mdpl sekitar 8 12 jam pos registrasi pos 1 1 jam pos 1 pos 6 6 jam pos 6 puncak 4 jam salam lestari mtma losari november 2023,0,1,1,1,1,positif,-,-,-
67,Taman Nasional Gunung Ciremai (Pusat Balai TNGC),Pusat Balai TNGC,5,"Jalur Apuy the best lah...  Kalo mau ngecamp enak di pos 5 sebenernya, soalnya ke puncak udah deket, paling 2-3 jam. Tapi pas turun ke BC berasa juga jauhnya, dan lumayan di dengkul..  Di pos 4 juga enak sih buat ngecamp. Jadi pas turun berasa cepet sampe di BC.  Dimanapun asal hati senang ya asik2 aja..hehehee ...Nah  nanti dr pos 5 ke arah puncak, kalo cuaca bagus, dari simpang apuy kamu bisa liat Gunung Guntur, Cikuray, Papandayan, Galunggung, kota Garut beserta dodolnya keliatan semua ituuu..🤭🤭. And Goa walet kalo musim ujan gini airnya banyak, malah ada ember penampungan buat kalian yg haus kasih sayang..🤭🤭. Beberapa tegukan bikin dahaga kamu terobati.  Once again, kata gw mah jalur Apuy the best, soalnya gw blm pernah jajal jalur lain..🤣🤣",,positif,jalur apuy the best lah kalo mau ngecamp enak di pos 5 sebenarnya soalnya ke puncak sudah dekat paling 2 3 jam tapi pas turun ke basecamp berasa juga jauhnya dan lumayan di dengkul di pos 4 juga enak sih buat ngecamp jadi pas turun berasa cepat sampai di basecamp dimanapun asal hati senang ya asik2 saja hehehee nah nanti dari pos 5 ke arah puncak kalo cuaca bagus dari simpang apuy kamu bisa lihat gunung guntur cikuray papandayan galunggung kota garut beserta dodolnya kelihatan semua itu and goa walet kalo musim ujan begini airnya banyak malah ada ember penampungan buat kalian yang haus kasih sayang beberapa tegukan bikin dahaga kamu terobati once again kata gue mah jalur apuy the best soalnya gue belum pernah jajal jalur lain,0,0,0,1,0,positif,-,-,-
68,Taman Nasional Gunung Ciremai (Pusat Balai TNGC),Pusat Balai TNGC,5,"Pendakian terakhir di tahun 2023 Gunung Ciremai (3.078 mdpl) via Sadarehe, Majalengka, Jawa Barat Senin-Selasa,  25-26 Desember 2023, untuk ketiga kalinya menggapai atap negeri Jawa Barat. Kalo sebelumnya lewat jalur Linggar Jati dan Palutungan di Kuningan, kali ini lewat jalur Sadarehe di Majalengka, jalur pendakian yang panjang, berat dan  tidak ada sumber air. Adanya padang sabana di pos terakhir sebelum mendaki puncak, memberikan sensasi yang berbeda dalam pendakian Gn. Ciremai melalui jalur Sadarehe ini.. Sekali2 layak dicoba.. 😊",,positif,pendakian terakhir di tahun 2023 gunung ciremai 3 078 mdpl via sadarehe majalengka jawa barat senin selasa 25 26 desember 2023 untuk ketiga kalinya menggapai atap negeri jawa barat kalo sebelumnya lewat jalur linggar jati dan palutungan di kuningan kali ini lewat jalur sadarehe di majalengka jalur pendakian yang panjang berat dan tidak ada sumber air adanya padang sabana di pos terakhir sebelum mendaki puncak memberikan sensasi yang berbeda dalam pendakian begini ciremai melalui jalur sadarehe ini sekali-kali layak dicoba,1,0,0,1,0,positif,-,-,-
69,Taman Nasional Gunung Ciremai (Pusat Balai TNGC),Pusat Balai TNGC,5,"Salah satu Gunung dengan hutan yang masih cukup bagus, rapat, dengan satwa dan floranya yang masih beragam. Ada 5 jalur pendakian resmi. Linggarjati, Palutungan, Apuy, Linggasana, Sadarehe. Masing-masing punya karakter dan keindahan sendiri-sendiri. Menurut saya pribadi, jalur paling enak jalur Sadarehe, jalur paling baru diantara jalur lainnya. Ada savana yang tidak ada di jalur lainnya. Sayangnya, harga tiket masuk/simaksi/retribusi nya tergolong mahal dibanding gunung-gunung Jawa Tengah.",,positif,salah satu gunung dengan hutan yang masih cukup bagus rapat dengan satwa dan floranya yang masih beragam ada 5 jalur pendakian resmi linggarjati palutungan apuy linggasana sadarehe masing masing punya karakter dan keindahan sendiri sendiri menurut saya pribadi jalur paling enak jalur sadarehe jalur paling baru diantara jalur lainnya ada savana yang tidak ada di jalur lainnya sayangnya harga tiket masuk izin pendakian registrasi retribusi nya tergolong mahal dibanding gunung gunung jawa tengah,0,0,1,1,1,positif,-,-,-
70,Taman Nasional Gunung Ciremai (Pusat Balai TNGC),Pusat Balai TNGC,5,"Ke gunung Ciremai ini tahun 2017, berangkat dari Depok mampir dulu ke UNPAD bareng teman tengah malam. Lewat jalur mana lupa, sepertinya jalur yang paling sering dilewati pendaki. Jalurnya lumayan, ga begitu sulit. Bangun tenda di pos tiga kalau ga salah, agak ke bawah lagi karena tidak ada tempat yang cukup melindungi dari angin. Angin di Ciremai ini cukup kencang, terlebih di puncaknya karena tidak ada pohon yang bisa melindungi dari terpaan angin.  Oh iya di tempat camp itu banyak babi hutan, jadi sekitar tenda harus bersih tidak boleh ada sisa-sisa makanan berserakan. Sampah harus digantung atau disimpan di dalam carrier. Biaya simaksinya sekitar 50 ribuan sudah termasuk makan dan sertifikat.",,positif,ke gunung ciremai ini tahun 2017 berangkat dari depok mampir dulu ke unpad bareng teman tengah malam lewat jalur mana lupa sepertinya jalur yang paling sering dilewati pendaki jalurnya lumayan enggak begitu sulit bangun tenda di pos tiga kalau enggak salah agak ke bawah lagi karena tidak ada tempat yang cukup melindungi dari angin angin di ciremai ini cukup kencang terlebih di puncaknya karena tidak ada pohon yang bisa melindungi dari terpaan angin oh iya di tempat camp itu banyak babi hutan jadi sekitar tenda harus bersih tidak boleh ada sisa sisa makanan berserakan sampah harus digantung atau disimpan di dalam carrier biaya simaksinya sekitar 50 ribuan sudah termasuk makan dan sertifikat,0,1,0,1,1,positif,-,-,-
71,Taman Nasional Gunung Ciremai (Pusat Balai TNGC),Pusat Balai TNGC,5,"Jalur pendakian di gunung ini sangat ekstrim. Kondisinya masih sangat asri dengan banyak pepohonan besar. Jika kondisi hujan jalurnya sangat licin. Jalan pos terakhir hingga ke puncak sangat ekstrim, didominasi bebatuan dan pasir. Jika cuaca tidak mendukung diharapkan tidak nekad mendaki gunung ini karena di daerah jalur menuju puncaknya sering ada badai. Jarak antar pos sangat jauh. Di tiap pos juga tidak selalu ada orang yang berjualan sehingga diharapkan membawa bekal yang mencukupi. Walau terkesan cukup menyeramkan jalur menuju puncak gunung ini, pemandangan di puncaknya sangat indah jika sedang tidak berawan. Banyak terdapat bunga Edelweis. Selain itu wilayah kota Kuningan terlihat sangat jelas dari puncak gunung ini.",,positif,jalur pendakian di gunung ini sangat ekstrim kondisinya masih sangat asri dengan banyak pepohonan besar jika kondisi hujan jalurnya sangat licin jalan pos terakhir hingga ke puncak sangat ekstrim didominasi bebatuan dan pasir jika cuaca tidak mendukung diharapkan tidak nekad mendaki gunung ini karena di daerah jalur menuju puncaknya sering ada badai jarak antar pos sangat jauh di tiap pos juga tidak selalu ada orang yang berjualan sehingga diharapkan membawa bekal yang mencukupi walau terkesan cukup menyeramkan jalur menuju puncak gunung ini pemandangan di puncaknya sangat indah jika sedang tidak berawan banyak terdapat bunga edelweis selain itu wilayah kota kuningan terlihat sangat jelas dari puncak gunung ini,0,0,0,1,0,positif,-,-,-
73,Taman Nasional Gunung Ciremai (Pusat Balai TNGC),Pusat Balai TNGC,5,"MasyaAllah gunung ciremai via palutungan perjalanan panjang dan mengasikkan niat camp di pos 6 jadi di pos 5 krn sdh kemalaman. Detail pemeriksaan barang, cek kesehatan,  jika bawa sampah kembali dpt ditukar voucher makan setelah turun gunung. Sungguh mengajarkan tanggung jawab dan gunung jd bersih. Ranger yg selalu ramah dan menolong teman2 yg krg sehat. Sumber air di pos 1, perhatikan bnr kebutuhan air yg dibutuhkn jgn sampai krg atau dehidrasi. Alhamdulillah ada warung di pos 6 bg km yg kurang perhitungan bisa beli air disini harga nya lumayan namanya jg di gunung butuh perjuangan kn bawanya.hee Ada ojek gunung mulai di pos 3 dan pos 1 bagi kamu yg krg sehat bs alternatif pake ojek ini saat turun gunung. Ataupun utk keperluan yg lain.",,positif,masyaallah gunung ciremai via palutungan perjalanan panjang dan mengasikkan niat camp di pos 6 jadi di pos 5 karena sudah kemalaman detail pemeriksaan barang cek kesehatan jika bawa sampah kembali dapat ditukar voucher makan setelah turun gunung sungguh mengajarkan tanggung jawab dan gunung jadi bersih petugas yang selalu ramah dan menolong teman-teman yang krg sehat sumber air di pos 1 perhatikan benar kebutuhan air yang dibutuhkn jangan sampai krg atau dehidrasi alhamdulillah ada warung di pos 6 bang kamu yang kurang perhitungan bisa beli air disini harga nya lumayan namanya juga di gunung butuh perjuangan kan bawanya hee ada ojek gunung mulai di pos 3 dan pos 1 bagi kamu yang krg sehat bisa alternatif pakai ojek ini saat turun gunung ataupun untuk keperluan yang lain,1,1,1,0,1,positif,-,-,-
74,Taman Nasional Gunung Ciremai (Pusat Balai TNGC),Pusat Balai TNGC,5,"Sebuah perjalanan yang amat sangat mengesankan,, tidak bisa terlupakan,, perjalanan mendaki gunung tertinggi di Jawa Barat, atapnya Jawa Barat, yaitu gunung Ciremai,,, bersama sabet adventure,,, Seruuu, asyiiik, menyenangkan,, capeee jugaa,, pegel,, karena lewat jalur linggarjati, jalur pendakian terpanjang untuk mencapai puncak gunung Ciremai....  😁😁😁😁😁  One Of The Best Memories ⭐⭐⭐⭐⭐  👍👍👍👍👍",,positif,sebuah perjalanan yang amat sangat mengesankan tidak bisa terlupakan perjalanan mendaki gunung tertinggi di jawa barat atapnya jawa barat yaitu gunung ciremai bersama sabet adventure seru asyiiik menyenangkan capeee juga pegel karena lewat jalur linggarjati jalur pendakian terpanjang untuk mencapai puncak gunung ciremai one of the best memories,0,0,0,1,0,positif,-,-,-
75,Taman Nasional Gunung Ciremai (Pusat Balai TNGC),Pusat Balai TNGC,5,"Naek ciremai via apuyy untuk biaya pendakian 55rb + cek kesehatan sama makan satu kali,,  Pemandangan pas di puncak nya mantappp enakkkk cuman kalau mau camp  ati ati banyak bagong harus rapih bekas makanan",,positif,naik ciremai via apuyy untuk biaya pendakian 55rb cek kesehatan sama makan satu kali pemandangan pas di puncak nya mantap enakkkk cuman kalau mau camp ati ati banyak bagong harus rapi bekas makanan,0,0,0,0,1,positif,-,-,-
76,Taman Nasional Gunung Ciremai (Pusat Balai TNGC),Pusat Balai TNGC,5,"gunung ciremai via apuy, ranger nya banyak dan ramah"" jadi ga perlu takut, dari pos 5 k atas naik trs treknya mantap bgt deh",,positif,gunung ciremai via apuy petugas nya banyak dan ramah jadi enggak perlu takut dari pos 5 ke atas naik terus treknya mantap banget deh,0,0,1,0,0,positif,-,-,-
77,Taman Nasional Gunung Ciremai (Pusat Balai TNGC),Pusat Balai TNGC,5,"Pendakian tahun 2016 waktu itu ijin dua hari buat naik ke cermai, lupa dulu lewat jalur mana, yang jelas perjalanan nya seru bgt, dari pos 1 ke  pos  2 sempat ketemu kabut sampai kita gk bisa liat apa apa dan akhirnya kita istirahat buat nunggu kabutnya ilang setelah kabut ilang kita lanjut lagi perjalanan ke pos 2 ,    tracknya lumayan terjal dan licin karena waktu itu hujan grimis,. Pengalaman yang tak terlupakan disini kita sadar bahwa kita sebagai manusia terlihat sangat kecil dari ciptaan Allah yang lainnya. MashaAllah setelah sampai puncak, rasa capek  pegel itu hilang, pemandangan yg luar biasa indah mmpu menghilang kan segala rasa.",,positif,pendakian tahun 2016 waktu itu ijin dua hari buat naik ke cermai lupa dulu lewat jalur mana yang jelas perjalanan nya seru banget dari pos 1 ke pos 2 sempat ketemu kabut sampai kita enggak bisa lihat apa apa dan akhirnya kita istirahat buat menunggu kabutnya hilang setelah kabut hilang kita lanjut lagi perjalanan ke pos 2 tracknya lumayan terjal dan licin karena waktu itu hujan grimis pengalaman yang tak terlupakan disini kita sadar bahwa kita sebagai manusia terlihat sangat kecil dari ciptaan allah yang lainnya mashaallah setelah sampai puncak rasa capek pegel itu hilang pemandangan yang luar biasa indah mmpu menghilang kan segala rasa,0,0,0,1,0,positif,-,-,-
78,Taman Nasional Gunung Ciremai (Pusat Balai TNGC),Pusat Balai TNGC,5,"Salah satu taman nasional yang ada dipulau jawa dengan obyek utama gunung ciremai yang berketinggian 3078 meter diatas permukaan laut. Menjadi habitat beberapa flora dan fauna khas jawa, salah satunya kukang jawa dan anaphalis javanica atau yang populer disebut bunga edelweis. Ditaman nasional gunung ciremai terdapat beberapa jalur pendakian diantaranya jalur apuy, palutungan, linggasana, dan linggarjati. Untuk simaksi dikenakan biaya 55.000 per orang dan tercatat terakhir kali 1 mei 2019",,positif,salah satu taman nasional yang ada dipulau jawa dengan obyek utama gunung ciremai yang berketinggian 3078 meter diatas permukaan laut menjadi habitat beberapa flora dan fauna khas jawa salah satunya kukang jawa dan anaphalis javanica atau yang populer disebut bunga edelweis ditaman nasional gunung ciremai terdapat beberapa jalur pendakian diantaranya jalur apuy palutungan linggasana dan linggarjati untuk izin pendakian registrasi dikenakan biaya 55 000 per orang dan tercatat terakhir kali 1 mei 2019,0,0,1,1,1,positif,-,-,-
79,Taman Nasional Gunung Ciremai (Pusat Balai TNGC),Pusat Balai TNGC,5,"Gunung yang jalurnya panjaaaang dan tentu terbilang sulit. Banyak hewan yang jadi teman perjalanan, kami bertemu sapa dengan kupu-kupu, kancil, bahkan bagas. Sebelum naik ke gunung ini, harus melakukan registrasi secata daring. Melengkapi syarat dan melakukan pembayaran sesuai ketentuan. Akan ada pemeriksaan kesehatan, serta peralatan yang dibawa. Via Palutungan, terdiri dari 8 pos pendakian, pos 6 adalah batas maksimal diperbolehkan bangun tenda. Angin di puncak sangat kencang, hingga berdiri saja susah. Terima kasih Ciremai, pengalaman yang tak terlupakan. Xo",,positif,gunung yang jalurnya panjaaaang dan tentu terbilang sulit banyak hewan yang jadi teman perjalanan kami bertemu sapa dengan kupu kupu kancil bahkan babi hutan sebelum naik ke gunung ini harus melakukan registrasi secata daring melengkapi syarat dan melakukan pembayaran sesuai ketentuan akan ada pemeriksaan kesehatan serta peralatan yang dibawa via palutungan terdiri dari 8 pos pendakian pos 6 adalah batas maksimal diperbolehkan bangun tenda angin di puncak sangat kencang hingga berdiri saja susah terima kasih ciremai pengalaman yang tak terlupakan xo,0,0,1,0,0,positif,-,-,-
81,Taman Nasional Gunung Ciremai (Pusat Balai TNGC),Pusat Balai TNGC,5,"Kesini lewat jalur Apuy..... Suka banget sama pemandangannya. Untuk tiket masuk harganya 50 kalo tidak salah, sudah termasuk 1 kali makan dan biaya kebersihan. Jalurnya cukup bagus dan tidak terlalu curam. Ga nyesal kesini, dan selalu ga tahan dengan dinginnya gunung tapi terbayar dengan pemandangannya yang indah. Yang bawa kendaraan, bisa diparkir di bawah gunung, di basecamp",,positif,kesini lewat jalur apuy suka banget sama pemandangannya untuk tiket masuk harganya 50 kalo tidak salah sudah termasuk 1 kali makan dan biaya kebersihan jalurnya cukup bagus dan tidak terlalu curam enggak nyesal kesini dan selalu enggak tahan dengan dinginnya gunung tapi terbayar dengan pemandangannya yang indah yang bawa kendaraan bisa diparkir di bawah gunung di pos registrasi,0,1,1,1,1,positif,-,-,-
82,Taman Nasional Gunung Ciremai (Pusat Balai TNGC),Pusat Balai TNGC,5,Gunung tertinggi di Jawa barat dengan pemandangan yang cukup bagus. Hutan masih bagus dan rimbun. Banyan wisata alam di sekitar kaki Gunung Ciremai. Tiket /Simaksi pendakian gunung Ciremai cukup mahal. Total sekitar 75.000 termasuk cek kesehatan (belum parkir dll).,,positif,gunung tertinggi di jawa barat dengan pemandangan yang cukup bagus hutan masih bagus dan rimbun banyan wisata alam di sekitar kaki gunung ciremai tiket izin pendakian registrasi pendakian gunung ciremai cukup mahal total sekitar 75 000 termasuk cek kesehatan belum parkir dll,0,0,1,0,1,positif,-,-,-
83,Taman Nasional Gunung Ciremai (Pusat Balai TNGC),Pusat Balai TNGC,5,"Pemandangan yang ditwarkan sangatlah indah dan asri. Team pengelolanya pun sudah sangat baik. Kebersihan nya sangat baik, baik di basecamp maupun di sepanjang jalan menuju puncak. Hanya sedikit sampah yang pastinya dibuang oleh orang-orang tidak bertanggung jawab.  Jadwal mendaki dan turun pun sudah jelas. Di atas pun kita di periksa dan sudah disuruh turun apabila sudah jamnya turun. Hangan khawatir apabila ada barang tertinggal karena pengurusnya sangat baik akan menyimpannya di basecamp.  Terkait dengan protokol kesehatan, yaaa di tempat ini memang kurang menerapkan protokol kesehatan. Mengingat menggunakan masker mungkin akan menghambat okigen masuk padahal keadaan kira sedang kekurangan oksigen dan butuh bernafas lega. Tetapi tetap selalu cuci jangan dan sebisa mungkin jauhi kerumunan yaa!",,positif,pemandangan yang ditwarkan sangatlah indah dan asri team pengelolanya pun sudah sangat baik kebersihan nya sangat baik baik di pos registrasi maupun di sepanjang jalan menuju puncak hanya sedikit sampah yang pastinya dibuang oleh orang orang tidak bertanggung jawab jadwal mendaki dan turun pun sudah jelas di atas pun kita di periksa dan sudah disuruh turun apabila sudah jamnya turun hangan khawatir apabila ada barang tertinggal karena pengurusnya sangat baik akan menyimpannya di pos registrasi terkait dengan protokol kesehatan ya di tempat ini memang kurang menerapkan protokol kesehatan mengingat menggunakan masker mungkin akan menghambat okigen masuk padahal keadaan kira sedang kekurangan oksigen dan butuh bernafas lega tetapi tetap selalu cuci jangan dan sebisa mungkin jauhi kerumunan ya,0,1,1,1,0,positif,-,-,-
86,Taman Nasional Gunung Ciremai (Pusat Balai TNGC),Pusat Balai TNGC,5,Nanjak via sadarehe. Simaksi 620 rb untuk 4 org. Udah include carter mobil dari pos registrasi ke basecamp yg jauh. Pulangnya juga dapet carteran dari basecamp turun ke bawah. Treknya cukup sulit untuk pemula.,,positif,nanjak via sadarehe izin pendakian registrasi 620 ribu untuk 4 orang sudah include carter mobil dari pos registrasi ke pos registrasi yang jauh pulangnya juga dapat carteran dari pos registrasi turun ke bawah treknya cukup sulit untuk pemula,0,0,1,0,1,positif,-,-,-
87,Taman Nasional Gunung Ciremai (Pusat Balai TNGC),Pusat Balai TNGC,5,"Nyobain pendakian gunung ciremai via jalur baru Trisakti Sadarehe. Dari basecamp awal naik truk ke pintu start pendakian. Warung cuma tersedia satu aja di pintu pendakian ini. Toilet juga terbatas. Jalur ini ada 8 pos tapi yang paling luas dan bisa camping cuma pos 6 dan 8. Pos yang paling kecil adalah pos 7 dan karena kecil banget gak bisa lama lama di sini. Jalur paling menyiksa adalah dari pos 7 ke pos 8 yang penuh debu, trekking pole hampir gak guna, untung beberapa bagian udah ada webbing. Ke puncak masih 1 - 1.5 jam dari pos 8. Ke sini pas musim kemarau dan suhunya sempat drop ke -2°C",,positif,mencoba pendakian gunung ciremai via jalur baru trisakti sadarehe dari pos registrasi awal naik truk ke pintu start pendakian warung cuma tersedia satu saja di pintu pendakian ini toilet juga terbatas jalur ini ada 8 pos tapi yang paling luas dan bisa camping cuma pos 6 dan 8 pos yang paling kecil adalah pos 7 dan karena kecil banget enggak bisa lama lama di sini jalur paling menyiksa adalah dari pos 7 ke pos 8 yang penuh debu trekking pole hampir enggak guna untung beberapa bagian sudah ada webbing ke puncak masih 1 1 5 jam dari pos 8 ke sini pas musim kemarau dan suhunya sempat drop ke 2 sih,1,0,1,1,1,positif,-,-,-
88,Taman Nasional Gunung Ciremai (Pusat Balai TNGC),Pusat Balai TNGC,5,"Naik dari base camp apuy jalur nya sangat menantang sekitar 90 % menanjak mulai dari Pos 1, minimalkan barang yg di bawa, jika tidak di butuhkan lebih baik di titip di Basecamp, persiapkan fisik Klo pas pasan disarankan ditunda saja, Karena sangat menguras stamina jalur via Apuy, di Pos 5 ada ranger yg standby, bisa membantu jika butuh pertolongan, papan petunjuk sepanjang jalur sangat jelas dengan jarak nya, untuk waktu tempuh tergantung fisik masing2, normal nya sampai pos1 sampai 5 enam sampai 7 jam, pos 5 sampai puncak 2-3 jam,",,positif,naik dari base camp apuy jalur nya sangat menantang sekitar 90 menanjak mulai dari pos 1 minimalkan barang yang di bawa jika tidak di butuhkan lebih baik di titip di pos registrasi persiapkan fisik kalo pas pasan disarankan ditunda saja karena sangat menguras stamina jalur via apuy di pos 5 ada petugas yang standby bisa membantu jika butuh pertolongan papan petunjuk sepanjang jalur sangat jelas dengan jarak nya untuk waktu tempuh tergantung fisik masing-masing normal nya sampai pos1 sampai 5 enam sampai 7 jam pos 5 sampai puncak 2 3 jam,0,0,1,1,0,positif,-,-,-
90,Taman Nasional Gunung Ciremai (Pusat Balai TNGC),Pusat Balai TNGC,5,"Udah 6x summit ceremai gak pernah bosen selalu via linggarjati, sekarang udah bagus rapi banget marka lengkap disetiap pos ada tempat duduk, kavling buat ngecamp udah diatur dengan rapi. The best sih. Kalo buat menyepi atau sekedar tektok. 😍😍",,positif,sudah 6x summit ceremai enggak pernah bosan selalu via linggarjati sekarang sudah bagus rapi banget marka lengkap disetiap pos ada tempat duduk kavling buat ngecamp sudah diatur dengan rapi the best sih kalo buat menyepi atau sekedar pendakian cepat,0,0,0,0,0,positif,-,-,-
91,Taman Nasional Gunung Ciremai (Pusat Balai TNGC),Pusat Balai TNGC,5,"Gunung yg mempunyai puncak tertinggi di jawa barat , dengan ketinggian 3078 mpdl layak untuk di daki, karena akan memperlihatkan kemegahan puncaknya. Jalur linggasana cukup menantang dengan 9  pos sampai di puncaknya. Dari pos awal pendakian sampai dengan puncak di tempuh waktu 12 jam. Setelah dari puncak dan kembali lagi ke lembah hanya membutuhkan 7 jam.",,positif,gunung yang mempunyai puncak tertinggi di jawa barat dengan ketinggian 3078 mpdl layak untuk di daki karena akan memperlihatkan kemegahan puncaknya jalur linggasana cukup menantang dengan 9 pos sampai di puncaknya dari pos awal pendakian sampai dengan puncak di tempuh waktu 12 jam setelah dari puncak dan kembali lagi ke lembah hanya membutuhkan 7 jam,0,0,0,1,0,positif,-,-,-
92,Taman Nasional Gunung Ciremai (Pusat Balai TNGC),Pusat Balai TNGC,5,"Harga simaksi 50 rb, dapet makan pas udah turun sampai basecamp, dapat piagam penghargaan juga, disarankan membawa air berlebih karena sumber air cuma ada di pos 6, bawa logistik yang cukup karena tidak ada yang jualan saat mendaki,jalur pendakian apuy cukup curam,kendaraan roda 4 hanya bisa sampai balai desa,selanjutnya harus naik pickup milik warga tarif perorang 25 rb, kalo pulang pergi bisa lebih murah. Parkir motor 5 rb perhari,tersedia kamar mandi gratis di basecamp dan penjual cendramata  Tidak dianjurkan membawa tisu basah,karena disita nanti pas pengecekan tas:)  Terimakasihh:))",,positif,harga izin pendakian registrasi 50 ribu dapat makan pas sudah turun sampai pos registrasi dapat piagam penghargaan juga disarankan membawa air berlebih karena sumber air cuma ada di pos 6 bawa logistik yang cukup karena tidak ada yang jualan saat mendaki jalur pendakian apuy cukup curam kendaraan roda 4 hanya bisa sampai balai desa selanjutnya harus naik pickup milik warga tarif perorang 25 ribu kalo pulang pergi bisa lebih murah parkir motor 5 ribu perhari tersedia kamar mandi gratis di pos registrasi dan penjual cendramata tidak dianjurkan membawa tisu basah karena disita nanti pas pengecekan tas terimakasihh,1,0,1,1,1,positif,-,-,-
95,Taman Nasional Gunung Ciremai (Pusat Balai TNGC),Pusat Balai TNGC,5,"Jalur via Apuy, relatif santai. Dijamin gak terlalu nyiksa kok. Cuma pas kemarau, debu beterbangan, musim hujan jalan super licin. Simaksi 50rb, dapet makan di warung 1 kali, asuransi, dan tentu saja untuk pelestarian alam No tisu basah, sampah bawa pulang ya.",,positif,jalur via apuy relatif santai dijamin enggak terlalu nyiksa kok cuma pas kemarau debu beterbangan musim hujan jalan super licin izin pendakian registrasi 50rb dapat makan di warung 1 kali asuransi dan tentu saja untuk pelestarian alam no tisu basah sampah bawa pulang ya,0,1,1,1,1,positif,-,-,-
96,Taman Nasional Gunung Ciremai (Pusat Balai TNGC),Pusat Balai TNGC,5,Muncak lewat jalur sadarehe... akses jalan menuju BC nya parah jalan bebatuan besar2 di BC post registrasi pendakian msh blm ada petugas standby.. dan lbh repot di BC ini jaringan seluler tdk terjangkau.. utk trek via sadarehe ini.. asiik vegetasi yg rimbun & d sajikan kebun /savanah edelweis d pos 8 keren keren... utk pendaki pemula yg melakukan tektok dari BC ke pos 8 sktr 4jam pos 8 k puncak kuleb 1jam.. jd klo tektok baik nya dari BC sblm jam 7,,positif,muncak lewat jalur sadarehe akses jalan menuju basecamp nya parah jalan bebatuan besar2 di basecamp post registrasi pendakian masih belum ada petugas standby dan lebih repot di basecamp ini jaringan seluler tidak terjangkau untuk trek via sadarehe ini asiik vegetasi yang rimbun di sajikan kebun savanah edelweis di pos 8 keren keren untuk pendaki pemula yang melakukan pendakian cepat dari basecamp ke pos 8 sktr 4jam pos 8 ke puncak kuleb 1jam jadi kalo pendakian cepat baik nya dari basecamp sebelum jam 7,0,0,1,1,0,positif,-,-,-
97,Taman Nasional Gunung Ciremai (Pusat Balai TNGC),Pusat Balai TNGC,5,"Tempatnya enak, untuk kalian yang baru atau sudah master mohon sampah jangan di biarkan begitu saja.. Kita harus bisa menjaga ekosistem biar anak cucu kita bisa menikmati di kemudian hari..",,positif,tempatnya enak untuk kalian yang baru atau sudah master mohon sampah jangan di biarkan begitu saja kita harus bisa menjaga ekosistem biar anak cucu kita bisa menikmati di kemudian hari,0,1,0,0,0,positif,-,-,-
98,Taman Nasional Gunung Ciremai (Pusat Balai TNGC),Pusat Balai TNGC,5,"Gunung Ciremai tertinggi di Jawa Barat, bersih namun sumber air sangat sedikit, para pendaki harus membawa air yg Banyak untuk mencapai puncak.",,positif,gunung ciremai tertinggi di jawa barat bersih namun sumber air sangat sedikit para pendaki harus membawa air yang banyak untuk mencapai puncak,1,0,0,0,0,positif,-,-,-
99,Taman Nasional Gunung Ciremai (Pusat Balai TNGC),Pusat Balai TNGC,5,"Gunung Ciremai tak pernah ingkar janji. Setiap kali ku langkahkan kaki menuju puncak. ia selalu memberikan kenangan yang indah dan  pelajaran yang baru. Tiap jalur berbeda tantangan, akan tetapi satu tujuan. Yakni Atap Jawa Barat. :)",,positif,gunung ciremai tak pernah ingkar janji setiap kali ku langkahkan kaki menuju puncak ia selalu memberikan kenangan yang indah dan pelajaran yang baru tiap jalur berbeda tantangan akan tetapi satu tujuan yakni atap jawa barat,0,0,0,1,0,positif,-,-,-
100,Taman Nasional Gunung Ciremai (Pusat Balai TNGC),Pusat Balai TNGC,5,"Luar biasa Mt.Ciremai untuk yang hobby hiking bagus trek nya, pemandangan nya indah, Simaksi untuk kesan 75K All.",,positif,luar biasa mt ciremai untuk yang hobby hiking bagus trek nya pemandangan nya indah izin pendakian registrasi untuk kesan 75k all,0,0,1,1,0,positif,-,-,-
101,Taman Nasional Gunung Ciremai (Pusat Balai TNGC),Pusat Balai TNGC,5,"Salah satu tujuan favourite para pendaki.  Memiliki 4 jalur resmi pendakian: 1. Jalur Apuy. 2. Jalur Linggarjati 3. Jalur Linggasana 4. Jalur Palutungan  Jaur Palutungan ini adalah jalur paling favorite karena punya trek yang paling bervariasi dan cocok untuk pemula.  Trek yang sangat bervariasi, aneka habitat flora yang sangat menawan, dan beberapa habitat fauna.",,positif,salah satu tujuan favourite para pendaki memiliki 4 jalur resmi pendakian 1 jalur apuy 2 jalur linggarjati 3 jalur linggasana 4 jalur palutungan jaur palutungan ini adalah jalur paling favorite karena punya trek yang paling bervariasi dan cocok untuk pemula trek yang sangat bervariasi aneka habitat flora yang sangat menawan dan beberapa habitat fauna,0,0,0,1,0,positif,-,-,-
104,Taman Nasional Gunung Ciremai (Pusat Balai TNGC),Pusat Balai TNGC,5,"Indah luar biasa puncak tertinggi no.1 di Jawa Barat, semoga keindahannya dan alamnya terjaga, tp d pos 6 bnyak sampah d semak2, moga aja bisa di sapu bersih 😁😁😁,",,positif,indah luar biasa puncak tertinggi no 1 di jawa barat semoga keindahannya dan alamnya terjaga tapi di pos 6 banyak sampah di semak2 moga saja bisa di sapu bersih,0,1,0,0,0,netral,-,-,-
105,Taman Nasional Gunung Ciremai (Pusat Balai TNGC),Pusat Balai TNGC,5,Masyaalloh memang top 1 JABAR jalur menantang harus dgn kesabaran..bonusnya keindahan Ciptaan-NYA,,positif,masyaalloh memang top 1 jabar jalur menantang harus dengan kesabaran bonusnya keindahan ciptaan nya,0,0,0,1,0,positif,-,-,-
106,Taman Nasional Gunung Ciremai (Pusat Balai TNGC),Pusat Balai TNGC,5,"Ada pemeriksaan kesehatan, daftar via online. Pendakian lewat jalur Patulungan. Biaya parkir mobil 30rb. Biaya sewa ojek biasa 15rb, motor cross 150rb.",,positif,ada pemeriksaan kesehatan daftar via online pendakian lewat jalur patulungan biaya parkir mobil 30rb biaya sewa ojek biasa 15rb motor cross 150rb,0,0,0,1,1,positif,-,-,-
107,Taman Nasional Gunung Ciremai (Pusat Balai TNGC),Pusat Balai TNGC,5,"Tempatnya nyaman, orang2nya ramah, MCK nya rapih,cuma sayang buat istirahat sejenak para pendaki kurang memadai.",,positif,tempatnya nyaman orang2nya ramah mck nya rapi cuma sayang buat istirahat sejenak para pendaki kurang memadai,1,0,1,0,0,positif,-,-,-
110,Taman Nasional Gunung Ciremai (Pusat Balai TNGC),Pusat Balai TNGC,4,"Bersih, simaksi ga terlalu mahal. Tapi saat ini sedang dingin saat malam. Bukan untuk pendaki pemula",,positif,bersih izin pendakian registrasi enggak terlalu mahal tapi saat ini sedang dingin saat malam bukan untuk pendaki pemula,0,0,1,0,1,positif,-,-,-
111,Taman Nasional Gunung Ciremai (Pusat Balai TNGC),Pusat Balai TNGC,5,"Pertama kali saya mendaki gunung. Meski tertinggi di jawa barat, namun jalan-jalan di pos awal mudah untuk pemula. Worth, Pemandangannya mantab! Perlu hati-h ati dari pos 5 ke puncak karena jalan licin.",,positif,pertama kali saya mendaki gunung meski tertinggi di jawa barat namun jalan jalan di pos awal mudah untuk pemula worth pemandangannya mantab perlu hati h ati dari pos 5 ke puncak karena jalan licin,0,0,0,1,0,positif,-,-,-
113,Taman Nasional Gunung Ciremai (Pusat Balai TNGC),Pusat Balai TNGC,5,"merupakan atap tertinggi Jawa barat, 3078 mdpl, gunung yg gk pernah sepi dari pendaki lokal maupun mancanegara. Kemaren lewat jalur Palutungan, tanjakan asoy nya beneran asoooyy 😂 tapi gk kapok, mau kesini lagi.",,positif,merupakan atap tertinggi jawa barat 3078 mdpl gunung yang enggak pernah sepi dari pendaki lokal maupun mancanegara kemarin lewat jalur palutungan tanjakan asoy nya benaran asoooyy tapi enggak kapok mau kesini lagi,0,0,0,1,0,positif,-,-,-
114,Taman Nasional Gunung Ciremai (Pusat Balai TNGC),Pusat Balai TNGC,5,"Gunung ciremai adalah gunung yang berketinggian 3078mdpl, walaupun hanya 3ribuan mdpl tapi jangan dianggap remeh gunung yang satu ini, karena basecampnya bukan dari ketinggian yang akan membuat waktu pendakian menjadi lama, dipuncak ada kawah yang masih aktif dan gunung ciremai ini ada beberapa jalur, seperti palutungan, apuy dan linggarjati..",,positif,gunung ciremai adalah gunung yang berketinggian 3078mdpl walaupun hanya 3ribuan mdpl tapi jangan dianggap remeh gunung yang satu ini karena basecampnya bukan dari ketinggian yang akan membuat waktu pendakian menjadi lama dipuncak ada kawah yang masih aktif dan gunung ciremai ini ada beberapa jalur seperti palutungan apuy dan linggarjati,0,0,0,1,0,positif,-,-,-
115,Taman Nasional Gunung Ciremai (Pusat Balai TNGC),Pusat Balai TNGC,5,"Pertama kali muncak ke Gunung Ciremai via Apuy jalurnya menantang bagi pemula, Htm 50k dapat sertifikat+makan",,positif,pertama kali muncak ke gunung ciremai via apuy jalurnya menantang bagi pemula htm 50k dapat sertifikat makan,0,0,0,0,1,positif,-,-,-
118,Taman Nasional Gunung Ciremai (Pusat Balai TNGC),Pusat Balai TNGC,5,"Cool track, real forest, motor trail bisa naik sampe pos 1, jalur linggasana memang paling menantang compare to others",,positif,cool track real forest motor trail bisa naik sampai pos 1 jalur linggasana memang paling menantang compare tapi others,0,0,0,1,0,positif,-,-,-
119,Taman Nasional Gunung Ciremai (Pusat Balai TNGC),Pusat Balai TNGC,4,"Puncak ciremai yang indah via apuy, waktu perjalanan dari pos Apuy sampai puncak sekitar 6-8 jam, jalur ini jalur yang paling mudah dibandingkan jalur yang lain",,positif,puncak ciremai yang indah via apuy waktu perjalanan dari pos apuy sampai puncak sekitar 6 8 jam jalur ini jalur yang paling mudah dibandingkan jalur yang lain,0,0,0,1,0,positif,-,-,-
120,Taman Nasional Gunung Ciremai (Pusat Balai TNGC),Pusat Balai TNGC,5,"Manajemen taman nasionalnya bagus, rangernya sangat peduli terhadap hikers, cepat tanggap, dan ramah. Jalan untuk hikers jelas. Jalan make juga oke.  Ada 3 jalur, palutungan, apuy, dan linggar jati. Rekomendasi lewat apuy. Palutungan jalannya muter banget, akhirnya saya ga nyampe puncak. Tapi ada mata air di POS 1 palutungan, jadi lumayan bgt buat santai2. Ada pondokkan buat api unggun di situ.  Hati2 salah belok di persimpangan apuy dan palutungan. Banyak yang nyasar akhirnya Naik lagi. Kasian bgt. Tp kalo ketemu ranger bisa dibantu nyebrang dari jalur palutungan ke apuy atau sebaliknya.  Di POS lain ga ada air, jadi bawa yang banyak kalo Mau ke puncak. Agustus kering Dan berangin, jadi perlu buff. Malem lebih dingin Karena lebih berangin.  Stay safe, enjoy the nature.",,positif,manajemen taman nasionalnya bagus rangernya sangat peduli terhadap hikers cepat tanggap dan ramah jalan untuk hikers jelas jalan memakai juga oke ada 3 jalur palutungan apuy dan linggar jati rekomendasi lewat apuy palutungan jalannya muter banget akhirnya saya enggak sampai puncak tapi ada mata air di pos 1 palutungan jadi lumayan banget buat santai2 ada pondokkan buat api unggun di situ hati-hati salah belok di persimpangan apuy dan palutungan banyak yang nyasar akhirnya naik lagi kasihan banget tapi kalo ketemu petugas bisa dibantu nyebrang dari jalur palutungan ke apuy atau sebaliknya di pos lain enggak ada air jadi bawa yang banyak kalo mau ke puncak agustus kering dan berangin jadi perlu buff malam lebih dingin karena lebih berangin stay safe enjoy the nature,1,0,1,1,0,positif,-,-,-
121,Taman Nasional Gunung Ciremai (Pusat Balai TNGC),Pusat Balai TNGC,5,"Gunung Ceremai (seringkali secara salah kaprah dinamakan ""Ciremai"") (Aksara Sunda Baku: ᮌᮥᮔᮥᮀ ᮎᮨᮛᮨᮙᮦ, Latin: Gunung Ceremé) adalah gunung berapi kerucut yang secara administratif termasuk dalam wilayah dua kabupaten, yakni Kabupaten Kuningan  dan Kabupaten Majalengka, Provinsi Jawa Barat. Posisi geografis puncaknya terletak pada 6° 53' 30"" LS dan 108° 24' 00"" BT, dengan ketinggian 3.078 m di atas permukaan laut. Gunung ini merupakan gunung tertinggi di Jawa Barat.  Gunung Ciremai  Gunung Ceremai dari arah Cigugur, Kuningan Titik tertinggi Ketinggian 3078 m (10098 ft)[1] Puncak 2792 m (9160 ft) Masuk dalam daftar Ultra Ribu Koordinat 6°32′S 108°14′E﻿ / ﻿6.53°S 108.24°E Geografi Gunung Ciremai Jawa Barat, Indonesia Geologi Jenis gunung Stratovolcano Letusan terakhir Maret 1951 Pendakian Rute termudah Palutungan Rute normal Apuy Linggarjati Linggasana  Gunung Ceremai dari Jalan Tol Cikopo-Palimanan arah Cirebon  Gunung Ceremai dari Desa Loji, Kecamatan Jatiwangi, Kabupaten Majalengka  G. Careme di awal abad ke-20. Foto koleksi Tropenmuseum Amsterdam. Gunung ini memiliki kawah ganda. Kawah barat yang beradius 400 m terpotong oleh kawah timur yang beradius 600 m. Pada ketinggian sekitar 2.900 m dpl di lereng selatan terdapat bekas titik letusan yang dinamakan Gowa Walet.  Kini G. Ceremai termasuk ke dalam kawasan Taman Nasional Gunung Ciremai (TNGC), yang memiliki luas total sekitar 15.000 hektare.  Nama gunung ini berasal dari kata cereme  (Phyllanthus acidus, sejenis tumbuhan perdu berbuah kecil dengan rada masam), namun seringkali disebut Ciremai, suatu gejala hiperkorek akibat banyaknya nama tempat di wilayah Pasundan yang menggunakan awalan 'ci-' untuk penamaan tempat.",,positif,gunung ceremai seringkali secara salah kaprah dinamakan ciremai aksara sunda baku ᮌ ᮔ ᮎ ᮛ ᮙ latin gunung ceremé adalah gunung berapi kerucut yang secara administratif termasuk dalam wilayah dua kabupaten yakni kabupaten kuningan dan kabupaten majalengka provinsi jawa barat posisi geografis puncaknya terletak pada 6 53 30 ls dan 108 24 00 buat dengan ketinggian 3 078 sama di atas permukaan laut gunung ini merupakan gunung tertinggi di jawa barat gunung ciremai gunung ceremai dari arah cigugur kuningan titik tertinggi ketinggian 3078 sama 10098 ft 1 puncak 2792 sama 9160 ft masuk dalam daftar ultra ribu koordinat 6 32 si 108 14 e 6 53 si 108 24 e geografi gunung ciremai jawa barat indonesia geologi jenis gunung stratovolcano letusan terakhir maret 1951 pendakian rute termudah palutungan rute normal apuy linggarjati linggasana gunung ceremai dari jalan tol cikopo palimanan arah cirebon gunung ceremai dari desa loji kecamatan jatiwangi kabupaten majalengka enggak careme di awal abad ke 20 foto koleksi tropenmuseum amsterdam gunung ini memiliki kawah ganda kawah barat yang beradius 400 sama terpotong oleh kawah timur yang beradius 600 sama pada ketinggian sekitar 2 900 sama dpl di lereng selatan terdapat bekas titik letusan yang dinamakan gowa walet kini enggak ceremai termasuk ke dalam kawasan taman nasional gunung ciremai tngc yang memiliki luas total sekitar 15 000 hektare nama gunung ini berasal dari kata cereme phyllanthus acidus sejenis tumbuhan perdu berbuah kecil dengan rada masam namun seringkali disebut ciremai suatu gejala hiperkorek akibat banyaknya nama tempat di wilayah pasundan yang menggunakan awalan ci untuk penamaan tempat,0,0,0,1,0,positif,-,-,-
122,Taman Nasional Gunung Ciremai (Pusat Balai TNGC),Pusat Balai TNGC,5,"Kami Naik melalui jalur pendakian Apuy .. BC nya trnyata udah ada di atas gunung , akses mnuju BC bsa sewa pick up atau pakai sepeda motor bergerigi bagi yg berani .jujur prjalanan nya sangat asyik , menantang Dan mnarik prkebunan sayur, mbentang luas di kanan kiri Jalan . Kamar Mandi BC banyak bersih ada mushola , warung"" .pihak BC welcome banget lah ramah , meski aku pakai Bahasa jawa kromo inggil mereka ttap Aja komunikatif .ranger"" pun bgtu, cuaca di sana sangat dingin tentunya jadi lbih baik persiapan prlengkapan  ,dsini jg tidak ada Sumber mata air.NB yg takut Sama babi lbih baik pilih tmpat camp yg ramai,  , Dan jng lupa trash bag iya . Bawa turun sampah ok.terimakasih 🙏",,positif,kami naik melalui jalur pendakian apuy basecamp nya ternyata sudah ada di atas gunung akses mnuju basecamp bisa sewa pick up atau pakai sepeda motor bergerigi bagi yang berani jujur prjalanan nya sangat asyik menantang dan mnarik prkebunan sayur mbentang luas di kanan kiri jalan kamar mandi basecamp banyak bersih ada mushola warung pihak basecamp welcome banget lah ramah meski aku pakai bahasa jawa kromo inggil mereka tetap saja komunikatif petugas pun begitu cuaca di sana sangat dingin tentunya jadi lebih baik persiapan prlengkapan disini juga tidak ada sumber mata air nb yang takut sama babi lebih baik pilih tmpat camp yang ramai dan jangan lupa trash bag iya bawa turun sampah ok terimakasih,1,1,1,1,1,positif,-,-,-
123,Taman Nasional Gunung Ciremai (Pusat Balai TNGC),Pusat Balai TNGC,5,"Bagus buat muncak, masih alami meski masih ada aja yg buang sampah sembarngan. Mudah2an kedepannya, pendaki lebih sadar diri membawa sampahnya turun lagi👌",,positif,bagus buat muncak masih alami meski masih ada saja yang buang sampah sembarngan mudah-mudahan kedepannya pendaki lebih sadar diri membawa sampahnya turun lagi,0,1,0,0,0,positif,-,-,-
127,Taman Nasional Gunung Ciremai (Pusat Balai TNGC),Pusat Balai TNGC,5,"Kemarin muncak ciremai lewat jalur apuy majalengka, htm 50k mantapp sama rombongan silat dari cirebon, cuaca bagus Alhamdulillah pulang selamat semua...thanks ciremai",,positif,kemarin muncak ciremai lewat jalur apuy majalengka htm 50k mantap sama rombongan silat dari cirebon cuaca bagus alhamdulillah pulang selamat semua thanks ciremai,0,0,0,1,1,positif,-,-,-
128,Taman Nasional Gunung Ciremai (Pusat Balai TNGC),Pusat Balai TNGC,5,"Ciremai via Sadarehe, view indah pake banget, tapi jalur bikin jari2 kaki menangis... Worth it sih... mantap pokoknya",,positif,ciremai via sadarehe view indah pakai banget tapi jalur bikin jari-jari kaki menangis worth itu sih mantap pokoknya,0,0,0,1,0,positif,-,-,-
131,Taman Nasional Gunung Ciremai (Pusat Balai TNGC),Pusat Balai TNGC,4,Mantap tempat yang sangat sejuk dan indah. trak jalur pendakian yang menantang dan udara yang sejuk tapi puas karna disana kita bisa nenangkan pikiran.,,positif,mantap tempat yang sangat sejuk dan indah trak jalur pendakian yang menantang dan udara yang sejuk tapi puas karena disana kita bisa nenangkan pikiran,0,0,0,1,0,positif,-,-,-
134,Taman Nasional Gunung Ciremai (Pusat Balai TNGC),Pusat Balai TNGC,5,"Ini adala gunung yg bener2 indah gunung yg mengajarkan artinya menghemat air, kalina harus coba kesini karena gunung ini menurut saya mengajarkan arti sebuah perjalanan kehidupan ( bkn lebay tapi ini menurut versi saya) 😊😊",,positif,ini adala gunung yang benar-benar indah gunung yang mengajarkan artinya menghemat air kalina harus coba kesini karena gunung ini menurut saya mengajarkan arti sebuah perjalanan kehidupan bukan lebay tapi ini menurut versi saya,1,0,0,0,0,positif,-,-,-
141,Taman Nasional Gunung Ciremai (Pusat Balai TNGC),Pusat Balai TNGC,5,"Sabtu 17-11-18, saya dg 2 tmn saya mnghabiskan liburan d.gunung Ciremai(via Palutungan) untuk Medan pendakian lumayan buat kaki pegel😁.. view d.puncak pun tak mengecewakan (asal cuaca bagus),klo mau naik musim ujan kurng  recomanded psti jalanan licin apalagi pas summit Krn jalur ny adlh jalur air byk pasir+ batu, overall puas😁,",,positif,sabtu 17 11 18 saya dengan 2 teman saya mnghabiskan liburan di gunung ciremai via palutungan untuk medan pendakian lumayan buat kaki pegel view di puncak pun tak mengecewakan asal cuaca bagus kalo mau naik musim ujan kurang recomanded pasti jalanan licin apalagi pas summit karena jalur nya adalah jalur air banyak pasir batu overall puas,1,0,0,1,0,positif,-,-,-
142,Taman Nasional Gunung Ciremai (Pusat Balai TNGC),Pusat Balai TNGC,5,"Untuk menuju puncak ciremai bisa melalui jalur Apuy yg berada di Majalengkau, untuk mencapai basecamp lumayan agak jauh dan harus menggunakan kendaraan umum seperti penyewaan mobil pick up kisaran 50  rb/orang dan kita di basecamp bisa menikmati keindahan air terjun Ciremai",,positif,untuk menuju puncak ciremai bisa melalui jalur apuy yang berada di majalengkau untuk mencapai pos registrasi lumayan agak jauh dan harus menggunakan kendaraan umum seperti penyewaan mobil pick up kisaran 50 ribu orang dan kita di pos registrasi bisa menikmati keindahan air terjun ciremai,1,0,1,1,0,positif,-,-,-
149,Taman Nasional Gunung Ciremai (Pusat Balai TNGC),Pusat Balai TNGC,5,"Menyenangkan, banyak hutan lumut, hati2 kalau camp di pos 5, karena ada babi hutan",,positif,menyenangkan banyak hutan lumut hati-hati kalau camp di pos 5 karena ada babi hutan,0,0,0,0,0,positif,-,-,-
151,Taman Nasional Gunung Ciremai (Pusat Balai TNGC),Pusat Balai TNGC,5,"Lewat jalur Palutungan. Jalur lumayan apalagi pas tanjakan asoy...bene2 Asoy😂. Hati2 tas yg berisi makanan jangan letakkan diluar tenda, bisa diseret bagong a.k babi hutan.",,positif,lewat jalur palutungan jalur lumayan apalagi pas tanjakan asoy bene2 asoy hati-hati tas yang berisi makanan jangan letakkan diluar tenda bisa diseret bagong a ke babi hutan,0,0,0,1,0,positif,-,-,-
153,Taman Nasional Gunung Ciremai (Pusat Balai TNGC),Pusat Balai TNGC,5,"Gunung tertinggi di jawa barat, lewat jalur palutungan trek yg lumayan ber variasi namun panjang.",,positif,gunung tertinggi di jawa barat lewat jalur palutungan trek yang lumayan ber variasi namun panjang,0,0,0,1,0,positif,-,-,-
154,Taman Nasional Gunung Ciremai (Pusat Balai TNGC),Pusat Balai TNGC,5,"Lumayan , trek untuk summit ke puncak nya ..  Sangatlah menantang ..",,positif,lumayan trek untuk summit ke puncak nya sangatlah menantang,0,0,0,1,0,positif,-,-,-
155,Taman Nasional Gunung Ciremai (Pusat Balai TNGC),Pusat Balai TNGC,5,Disini merupakan tempat gunung mendaki untuk menuju gunung ciremai yang masuk melalui jalur apuy yang merupakan pos 1 puncak ciremai memiliki 6 pos dan recomendt banget bagi kalian yang mau mendaki gunung kesini karena merupakan puncak gunung tertinggi di jawa barat,,positif,disini merupakan tempat gunung mendaki untuk menuju gunung ciremai yang masuk melalui jalur apuy yang merupakan pos 1 puncak ciremai memiliki 6 pos dan recomendt banget bagi kalian yang mau mendaki gunung kesini karena merupakan puncak gunung tertinggi di jawa barat,0,0,0,1,0,positif,-,-,-
158,Taman Nasional Gunung Ciremai (Pusat Balai TNGC),Pusat Balai TNGC,5,"Jagalah flora, fauna serta lingkungannya, bagi para pengunjung buanglah sampah pada tempatnya agar alam selalu terjaga tetap seperti ini  Nyaman, banyak satwa yg dapat kita amati dari kejauhan",,positif,jagalah flora fauna serta lingkungannya bagi para pengunjung buanglah sampah pada tempatnya agar alam selalu terjaga tetap seperti ini nyaman banyak satwa yang dapat kita amati dari kejauhan,0,1,0,0,0,positif,-,-,-
159,Taman Nasional Gunung Ciremai (Pusat Balai TNGC),Pusat Balai TNGC,4,Mantap buat yang suka ngecamp.. Ada air terjun pula.. Nyesel kalo gak mandi,,positif,mantap buat yang suka ngecamp ada air terjun pula menyesal kalo enggak mandi,1,0,0,0,0,positif,-,-,-
160,Taman Nasional Gunung Ciremai (Pusat Balai TNGC),Pusat Balai TNGC,5,"Pemandangan bagus, jalur yg melelahkan tp puas",,positif,pemandangan bagus jalur yang melelahkan tapi puas,0,0,0,1,0,positif,-,-,-
161,Taman Nasional Gunung Ciremai (Pusat Balai TNGC),Pusat Balai TNGC,5,jalur Trisakti Saderahe .. jalur yang suka tantangan dalam pendakian .. keren abis pokok nya ..,,positif,jalur trisakti saderahe jalur yang suka tantangan dalam pendakian keren habis pokok nya,0,0,0,1,0,positif,-,-,-
163,Taman Nasional Gunung Ciremai (Pusat Balai TNGC),Pusat Balai TNGC,5,"Via Linggarjati track nya ajib gak salah klo di bilang jalur wali dan penuh dengan cerita , mitos , dan sejarah",,positif,via linggarjati track nya ajib enggak salah kalo di bilang jalur wali dan penuh dengan cerita mitos dan sejarah,0,0,0,1,0,positif,-,-,-
169,Taman Nasional Gunung Ciremai (Pusat Balai TNGC),Pusat Balai TNGC,5,Puncak tertingginya jawa barat. Sebaiknya lebih asik melalui jalur apuy bro,,positif,puncak tertingginya jawa barat sebaiknya lebih asik melalui jalur apuy bro,0,0,0,1,0,positif,-,-,-
171,Taman Nasional Gunung Ciremai (Pusat Balai TNGC),Pusat Balai TNGC,5,Jalur pendakian via Apuy Argapura Majalengka merupakan trek terpendek dari jalur pendakian yang ada. Cuma 8 jam anda bisa sampai di atap Jawa Barat tersebut.,,positif,jalur pendakian via apuy argapura majalengka merupakan trek terpendek dari jalur pendakian yang ada cuma 8 jam anda bisa sampai di atap jawa barat tersebut,0,0,0,1,0,positif,-,-,-
173,Taman Nasional Gunung Ciremai (Pusat Balai TNGC),Pusat Balai TNGC,5,"Meledak pokoknya... 😅 Trek & jalurnya sedap2 gmn gth, heheh",,positif,meledak pokoknya trek jalurnya sedap2 bagaimana gth heheh,0,0,0,1,0,positif,-,-,-
174,Taman Nasional Gunung Ciremai (Pusat Balai TNGC),Pusat Balai TNGC,5,Gunung favourite sebagian para pendaki dengan banyak pilihan jalur pendakian sesuai kemampuan kita. di suguhi pemdandangan nan eksotis dan membuat para pendaki betah berada di sini dan membuat rindu.,,positif,gunung favourite sebagian para pendaki dengan banyak pilihan jalur pendakian sesuai kemampuan kita di suguhi pemdandangan nan eksotis dan membuat para pendaki betah berada di sini dan membuat rindu,0,0,0,1,0,positif,-,-,-
175,Taman Nasional Gunung Ciremai (Pusat Balai TNGC),Pusat Balai TNGC,5,TNGC... adem... bersih..lapor dulu sebelum naik...jgn lupa bawa turun lagi sampah nya....,,positif,tngc adem bersih lapor dulu sebelum naik jangan lupa bawa turun lagi sampah nya,0,1,0,0,0,positif,-,-,-
183,Taman Nasional Gunung Ciremai (Pusat Balai TNGC),Pusat Balai TNGC,5,"Pemandangan sangat indah tiket masuk cukup mahal tapi worth it sih, jalanan menuju ke basecamp sempit dan curam",,positif,pemandangan sangat indah tiket masuk cukup mahal tapi worth itu sih jalanan menuju ke pos registrasi sempit dan curam,0,0,1,1,1,positif,-,-,-
184,Taman Nasional Gunung Ciremai (Pusat Balai TNGC),Pusat Balai TNGC,5,"Jalur pendakian Linggarjati sangat wow, tanpa bonus jek.. bagi yg pemula jgn lewat sini, lebih baik pilih jalur pendakian Palutungan atau Apuy 👍",,positif,jalur pendakian linggarjati sangat wow tanpa bonus jek bagi yang pemula jangan lewat sini lebih baik pilih jalur pendakian palutungan atau apuy,0,0,0,1,0,positif,-,-,-
185,Taman Nasional Gunung Ciremai (Pusat Balai TNGC),Pusat Balai TNGC,5,Summit gunung ciremai 3078 mdpl melalui jalur apuy majalengka.,,positif,summit gunung ciremai 3078 mdpl melalui jalur apuy majalengka,0,0,0,1,0,positif,-,-,-
191,Taman Nasional Gunung Ciremai (Pusat Balai TNGC),Pusat Balai TNGC,5,"Jalur pendakian cukup bervariasi, wajib persiapan fisik baik pendakian tektok maupun yang camp",,positif,jalur pendakian cukup bervariasi wajib persiapan fisik baik pendakian pendakian cepat maupun yang camp,0,0,0,1,0,positif,-,-,-
192,Taman Nasional Gunung Ciremai (Pusat Balai TNGC),Pusat Balai TNGC,5,"Penuh cerita, udah mh di bohongi pas d terminal, dapet bus jelek, d jln malah kelabasan, kudu balik lagi pakai ojek, berhenti di restarea hp ilang, pas mau ke basecamp malah mobil angkotnya ga bisa anter, dgn muka melas ahirnya di anter, smp base dapet sambutan hangat, tidur gratis di rumah warga, kasih slimut hangat, yg laen mh tdur di luar, ini tdur di dalem, emang ya usaha perjuangn tu endingnya ga mngecewakan, berikut momen2nya.",,positif,penuh cerita sudah mah di bohongi pas di terminal dapat bus jelek di jalan malah kelabasan kudu balik lagi pakai ojek berhenti di restarea hp hilang pas mau ke pos registrasi malah mobil angkotnya enggak bisa anter dengan muka melas ahirnya di anter sampai base dapat sambutan hangat tidur gratis di rumah warga kasih slimut hangat yang lain mah tidur di luar ini tidur di dalem memang ya usaha perjuangn itu endingnya enggak mngecewakan berikut momen2nya,0,0,1,1,1,positif,-,-,-
194,Taman Nasional Gunung Ciremai (Pusat Balai TNGC),Pusat Balai TNGC,5,Jalur track via apuy  beberapa waktu silam sebelum pandemi,,positif,jalur track via apuy beberapa waktu silam sebelum pandemi,0,0,0,1,0,positif,-,-,-
201,Taman Nasional Gunung Ciremai (Pusat Balai TNGC),Pusat Balai TNGC,5,"Pertama kali naik gunung, langsung tektok di gunung tertinggi di jabar hahahaha. Seru banget! Bisa tektok ges, kalian pasti kuat. Mulai jam 3 malam dari basecamp, turun sampe di basecamp lagi set 8 malam wkwkwkw. Tapi jujur puncaknya worth it banget sih, walaupun memang perjuangan banget sampe sana. Mau banget naik gunung lainnya!",,positif,pertama kali naik gunung langsung pendakian cepat di gunung tertinggi di jabar hahahaha seru banget bisa pendakian cepat ges kalian pasti kuat mulai jam 3 malam dari pos registrasi turun sampai di pos registrasi lagi set 8 malam wkwkwkw tapi jujur puncaknya worth itu banget sih walaupun memang perjuangan banget sampai sana mau banget naik gunung lainnya,0,0,1,0,0,positif,-,-,-
225,Taman Nasional Gunung Ciremai (Pusat Balai TNGC),Pusat Balai TNGC,5,"The breathtaking view of Mount Ciremai from the Hotel Santika Linggarjati is cool and great. It's never boring to gaze at this mountain, it seems to beckon you to visit. The crisp, fresh morning air creates a sacred and romantic atmosphere.",,positif,the breathtaking view of mount ciremai from the hotel santika linggarjati is cool and great itu si never boring tapi gaze at this mountain itu seems tapi beckon you tapi visit the crisp fresh morning air creates a sacred and romantic atmosphere,1,0,0,0,0,positif,-,-,-
228,Taman Nasional Gunung Ciremai (Pusat Balai TNGC),Pusat Balai TNGC,5,"Sangat indah, aman bagus untuk wisata keluarga, tpi hati2 jalan menuju lokasi berkelok",,positif,sangat indah aman bagus untuk wisata keluarga tapi hati-hati jalan menuju lokasi berkelok,0,0,0,1,0,positif,-,-,-
231,Basecamp Pendakian Jalur Palutungan & Apuy,Jalur Pendakian & Basecamp,1,"Rating basecamp ciremai via apuy: ⭐️ Kita mulai pertama dari akeses jalan yang jelek banget (tidak di rekomendasikan pake motor sampe basecamp) ditambah banyak pungli di sepanjang jalannya, kedua untuk fasilitas seperti tempat istirahat yg terlalu kecil dan kurang nyaman kira kira untuk 10 orang pun kayaknya tidak cukup, yang ketiga km/toilet umum sangat” kotor sekali dan toilet udah banyak yg rusak, yang ke empat untuk pelayanan orang basecamp yg kureng seperti segistrasi buka jam 8 pagi sampe jam 11 doang wkwkwk baru kali ini liat basecamp hanya buka 3 jam doang, pokoknya menurut aku serba aneh lah, dan terakhir untuk biaya simaksi yg cukup mahal dibandingkan dengan basecamp” gunung lain yaitu 125rb perorang itu belum sama parkir, untuk registrasi online sendiri cukup murah yaitu 40rb perorang tetapi pas sampe basecamp di kenakan tambahan biaya lagi wkwkwk (dapet makan tahu,tempe,telor+sertifikat yg tidak di sertai nama dan tidak jelas sertifikat itu untuk apa di bikinnya), menurut saya dengan biaya segitu tingginya tidak pass dengan fasilitas dan pelayanan yg di berikan oleh pihak basecamp. Mungkin hanya sedikit kritik untuk pihak basecamp semoga cepat” di benahi🙏 RATING: -1000",,negatif,rating pos registrasi ciremai via apuy kita mulai pertama dari akeses jalan yang jelek banget tidak di rekomendasikan pakai motor sampai pos registrasi ditambah banyak biaya liar di sepanjang jalannya kedua untuk fasilitas seperti tempat istirahat yang terlalu kecil dan kurang nyaman kira kira untuk 10 orang pun kayaknya tidak cukup yang ketiga kamu toilet umum sangat kotor sekali dan toilet sudah banyak yang rusak yang ke empat untuk pelayanan orang pos registrasi yang kureng seperti segistrasi buka jam 8 pagi sampai jam 11 doang wkwkwk baru kali ini lihat pos registrasi hanya buka 3 jam doang pokoknya menurut aku serba aneh lah dan terakhir untuk biaya izin pendakian registrasi yang cukup mahal dibandingkan dengan pos registrasi gunung lain yaitu 125rb perorang itu belum sama parkir untuk registrasi online sendiri cukup murah yaitu 40rb perorang tetapi pas sampai pos registrasi di kenakan tambahan biaya lagi wkwkwk dapat makan tahu tempe telor sertifikat yang tidak di sertai nama dan tidak jelas sertifikat itu untuk apa di bikinnya menurut saya dengan biaya segitu tingginya tidak pas dengan fasilitas dan pelayanan yang di berikan oleh pihak pos registrasi mungkin hanya sedikit kritik untuk pihak pos registrasi semoga cepat di benahi rating 1000,1,1,1,1,1,positif,"[Toilet Sanitasi]: Jadwal sanitasi toilet basecamp minimum 3 kali sehari dan jaminan ketersediaan air bersih serta sabun cuci tangan. 
[Sampah Kebersihan]: Distribusi kantong sampah wajib terdata saat registrasi simaksi dan pengetatan inspeksi checklist sampah saat checkout. 
[Pelayanan Ranger]: Standarisasi standar operasional prosedur keramahan petugas loket dan customer service WhatsApp basecamp serta penambahan personel saat akhir pekan. 
[Biaya Logistik]: Pemasangan papan informasi resmi rincian tarif tiket, asuransi, tes kesehatan, dan retribusi parkir di gerbang masuk basecamp. 
[Jalur Trek]: Pemasangan pita reflektif fosfor penanda jalur malam dan penggantian tali pengaman webbing yang putus atau lapuk di titik terjal.","[Toilet Sanitasi]: Pipanisasi permanen perbaikan jalur air dari mata air terdekat ke pos sanitasi dan renovasi bilik pintu rusak di Palutungan dan Apuy. 
[Sampah Kebersihan]: Penyediaan titik pengumpulan karung sampah pilah di setiap pos bayangan dan program operasi pembersihan gunung berkala. 
[Pelayanan Ranger]: Peningkatan kapasitas infrastruktur server booking simaksi online bebas down dan pelatihan hospitality bagi volunteer dan ranger pos. 
[Biaya Logistik]: Penertiban dan standarisasi tarif batas atas angkutan transit (truk/mobil bak Sadarehe) dan panduan harga warung logistik pos. 
[Jalur Trek]: Pembuatan undakan kayu atau batu penahan erosi tanah di tanjakan terjal dan peremajaan plang penunjuk kilometer anti-cuaca.","[Toilet Sanitasi]: Pembangunan unit eco-toilet berbasis pengomposan mandiri di pos ketinggian (>2000 mdpl) untuk mencegah pencemaran semak dan sumber air. 
[Sampah Kebersihan]: Implementasi sistem deposit jaminan sampah digital terintegrasi aplikasi simaksi TNGC dan pusat pengolahan sampah lingkar Ciremai. 
[Pelayanan Ranger]: Implementasi smart gate otomatis mandiri berbasis scan barcode terintegrasi e-KTP dan sertifikasi kompetensi ranger pemandu nasional. 
[Biaya Logistik]: Paket ekowisata terpadu (tiket simaksi, tes kesehatan, makan produk UMKM lokal, transportasi) dalam satu platform digital TNGC. 
[Jalur Trek]: Sistem buka-tutup jalur berkala berbasis daya dukung lingkungan untuk pemulihan vegetasi dan penetapan jalur evakuasi helipad darurat."
232,Basecamp Pendakian Jalur Palutungan & Apuy,Jalur Pendakian & Basecamp,1,wc bau banget ... tempat wudhu miring dan ada air menggenang yang sudah lama jamuran .. keran buat wudhu cuman cuman 1 itupun hampir bocor .. tempat singgah istirahat pendaki tdk terurus bngt seperti bangunan yg lama tdk terpakai entah knpa al hasil pendaki lbh baik tdr d homestay yg ada d sekitar bc apuy aja ...  padahal bayar lumayan mahal loh 125rb per orang ..tp fasilitas yg d dapetin kya gtt ... sayang bngt ... ngga rekomendasi bngt ke Ciremai via apuy menurut saya ..,,negatif,wc bau banget tempat wudhu miring dan ada air menggenang yang sudah lama jamuran keran buat wudhu cuman cuman 1 itupun hampir bocor tempat singgah istirahat pendaki tidak terurus banget seperti bangunan yang lama tidak terpakai entah kenapa al hasil pendaki lebih baik tidur di homestay yang ada di sekitar basecamp apuy saja padahal bayar lumayan mahal loh 125rb per orang tapi fasilitas yang di mendapatkan kaya gtt sayang banget enggak rekomendasi banget ke ciremai via apuy menurut saya,1,0,0,0,1,negatif,"[Toilet Sanitasi]: Jadwal sanitasi toilet basecamp minimum 3 kali sehari dan jaminan ketersediaan air bersih serta sabun cuci tangan. 
[Biaya Logistik]: Pemasangan papan informasi resmi rincian tarif tiket, asuransi, tes kesehatan, dan retribusi parkir di gerbang masuk basecamp.","[Toilet Sanitasi]: Pipanisasi permanen perbaikan jalur air dari mata air terdekat ke pos sanitasi dan renovasi bilik pintu rusak di Palutungan dan Apuy. 
[Biaya Logistik]: Penertiban dan standarisasi tarif batas atas angkutan transit (truk/mobil bak Sadarehe) dan panduan harga warung logistik pos.","[Toilet Sanitasi]: Pembangunan unit eco-toilet berbasis pengomposan mandiri di pos ketinggian (>2000 mdpl) untuk mencegah pencemaran semak dan sumber air. 
[Biaya Logistik]: Paket ekowisata terpadu (tiket simaksi, tes kesehatan, makan produk UMKM lokal, transportasi) dalam satu platform digital TNGC."
233,Basecamp Pendakian Jalur Palutungan & Apuy,Jalur Pendakian & Basecamp,1,Banyak warung. Ada pos ranger. Ada gedung breafing. Sayangnya shelter hanya ada di pos 1. Pos 2 -5 gak ada shelter. Padahal pendaki sangat bth uth brteduh jika hujan,,negatif,banyak warung ada pos petugas ada gedung breafing sayangnya shelter hanya ada di pos 1 pos 2 5 enggak ada shelter padahal pendaki sangat bth uth brteduh jika hujan,0,0,1,0,1,negatif,"[Pelayanan Ranger]: Standarisasi standar operasional prosedur keramahan petugas loket dan customer service WhatsApp basecamp serta penambahan personel saat akhir pekan. 
[Biaya Logistik]: Pemasangan papan informasi resmi rincian tarif tiket, asuransi, tes kesehatan, dan retribusi parkir di gerbang masuk basecamp.","[Pelayanan Ranger]: Peningkatan kapasitas infrastruktur server booking simaksi online bebas down dan pelatihan hospitality bagi volunteer dan ranger pos. 
[Biaya Logistik]: Penertiban dan standarisasi tarif batas atas angkutan transit (truk/mobil bak Sadarehe) dan panduan harga warung logistik pos.","[Pelayanan Ranger]: Implementasi smart gate otomatis mandiri berbasis scan barcode terintegrasi e-KTP dan sertifikasi kompetensi ranger pemandu nasional. 
[Biaya Logistik]: Paket ekowisata terpadu (tiket simaksi, tes kesehatan, makan produk UMKM lokal, transportasi) dalam satu platform digital TNGC."
234,Basecamp Pendakian Jalur Palutungan & Apuy,Jalur Pendakian & Basecamp,1,"basecamp tergajelas dateng jam 10 malem di bc gada siapa siapa, pas dichat malah bilang “penjaganya pada dirumah semua” lah terus yang mau mendaki gimana kocak trus disuruh ke pusat informasi aja buat nginep semalem yang katanya ada lampu dan listrik,  ternyata gada wkwkw mati semua. terus uda komplen gada listrik malah bilang “aduh” doang wkwkw gajelass. katanya pendaftaran buka jam 7, ini malah jam 8 wkwkkw mana warung cuma buka 1 lagi fyi: jangan sewa alat di basecamp, mahal doang gear nya seadanya wkwkw kyk ganiat nyewain tapi harganya muahal bgt gajelass gakan lagi ke ciremai lewat apuy kecewa berat  besoknya ditanya sama salah satu pendaki kenapa listrik nya mati. malah jawab “belum dibayar” kocakk simaksi doang mahal bayar listrik buat bc gabisa",,negatif,pos registrasi tergajelas datang jam 10 malam di basecamp enggak ada siapa siapa pas dichat malah bilang penjaganya pada dirumah semua lah terus yang mau mendaki bagaimana kocak terus disuruh ke pusat informasi saja buat nginep semalem yang katanya ada lampu dan listrik ternyata enggak ada wkwkw mati semua terus sudah komplen enggak ada listrik malah bilang aduh doang wkwkw gajelass katanya pendaftaran buka jam 7 ini malah jam 8 wkwkkw mana warung cuma buka 1 lagi fyi jangan sewa alat di pos registrasi mahal doang gear nya seadanya wkwkw kayak ganiat nyewain tapi harganya muahal banget gajelass gakan lagi ke ciremai lewat apuy kecewa berat besoknya ditanya sama salah satu pendaki kenapa listrik nya mati malah jawab belum dibayar kocakk izin pendakian registrasi doang mahal bayar listrik buat basecamp enggak bisa,0,0,1,0,1,negatif,"[Pelayanan Ranger]: Standarisasi standar operasional prosedur keramahan petugas loket dan customer service WhatsApp basecamp serta penambahan personel saat akhir pekan. 
[Biaya Logistik]: Pemasangan papan informasi resmi rincian tarif tiket, asuransi, tes kesehatan, dan retribusi parkir di gerbang masuk basecamp.","[Pelayanan Ranger]: Peningkatan kapasitas infrastruktur server booking simaksi online bebas down dan pelatihan hospitality bagi volunteer dan ranger pos. 
[Biaya Logistik]: Penertiban dan standarisasi tarif batas atas angkutan transit (truk/mobil bak Sadarehe) dan panduan harga warung logistik pos.","[Pelayanan Ranger]: Implementasi smart gate otomatis mandiri berbasis scan barcode terintegrasi e-KTP dan sertifikasi kompetensi ranger pemandu nasional. 
[Biaya Logistik]: Paket ekowisata terpadu (tiket simaksi, tes kesehatan, makan produk UMKM lokal, transportasi) dalam satu platform digital TNGC."
235,Basecamp Pendakian Jalur Palutungan & Apuy,Jalur Pendakian & Basecamp,1,Mahal harga tiketnya 120ribu... Padahal dftr di online jauh lebih murah...,,negatif,mahal harga tiketnya 120ribu padahal dftr di online jauh lebih murah,0,0,0,0,1,negatif,"[Biaya Logistik]: Pemasangan papan informasi resmi rincian tarif tiket, asuransi, tes kesehatan, dan retribusi parkir di gerbang masuk basecamp.",[Biaya Logistik]: Penertiban dan standarisasi tarif batas atas angkutan transit (truk/mobil bak Sadarehe) dan panduan harga warung logistik pos.,"[Biaya Logistik]: Paket ekowisata terpadu (tiket simaksi, tes kesehatan, makan produk UMKM lokal, transportasi) dalam satu platform digital TNGC."
236,Basecamp Pendakian Jalur Palutungan & Apuy,Jalur Pendakian & Basecamp,1,"Gak ramah pos regist wkwkkw,kalo ga di izinin MH gapapa sy MH, cuman gausah nyinyir juga atuh,saya Dateng juga baik baik,legeg",,negatif,enggak ramah pos regist wkwkkw kalo enggak di izinin mah gapapa saya mah cuman enggak usah nyinyir juga atuh saya datang juga baik baik legeg,0,0,1,0,0,negatif,[Pelayanan Ranger]: Standarisasi standar operasional prosedur keramahan petugas loket dan customer service WhatsApp basecamp serta penambahan personel saat akhir pekan.,[Pelayanan Ranger]: Peningkatan kapasitas infrastruktur server booking simaksi online bebas down dan pelatihan hospitality bagi volunteer dan ranger pos.,[Pelayanan Ranger]: Implementasi smart gate otomatis mandiri berbasis scan barcode terintegrasi e-KTP dan sertifikasi kompetensi ranger pemandu nasional.
237,Basecamp Pendakian Jalur Palutungan & Apuy,Jalur Pendakian & Basecamp,1,"penjaga bc nya ga ramah, apalagi yg di pos 5 toxic banget orangnya",,negatif,penjaga basecamp nya enggak ramah apalagi yang di pos 5 toxic banget orangnya,0,0,1,0,0,negatif,[Pelayanan Ranger]: Standarisasi standar operasional prosedur keramahan petugas loket dan customer service WhatsApp basecamp serta penambahan personel saat akhir pekan.,[Pelayanan Ranger]: Peningkatan kapasitas infrastruktur server booking simaksi online bebas down dan pelatihan hospitality bagi volunteer dan ranger pos.,[Pelayanan Ranger]: Implementasi smart gate otomatis mandiri berbasis scan barcode terintegrasi e-KTP dan sertifikasi kompetensi ranger pemandu nasional.
239,Basecamp Pendakian Jalur Palutungan & Apuy,Jalur Pendakian & Basecamp,2,"Teruntuk para pendaki yang ingin ke BC malam hari hati-hati ada oknum karang taruna meminta Pungli Retribusi Jalan, lokasinya setelah pemukiman didekat perkebunan sayur sebelum villa saung apuy, saya salah satu korban bersama teman lainya dimintai 10.000 per/motor dengan tatapan intimidasi dan memaksa, saya ada bukti karcisnya kejadinya di malam jumat tanggal 27 juni 2025. Dan anehnya ketika kami selesai pendakian siang hari dilokasi tersebut tidak ada pungutan liar retrisusi jalan, padahal kalo pagi dan siang itu ramai pendaki bawa motor mereka bisa untung, tapi ini gak ada jelas sekali ini PUNGLI KEPADA PENDAKI MALAM BC APUY SANGAT MERUGIKAN kami bayar mahal 125.000 simaksi dan harus bayar juga Pungli jalan ? memalukan sekali lagi ini mencoreng nama baik BC apuy semoga ditindak lanjuti aksi PUNGLI PREMAN KAMPUNG ! Jalan desa adalah tanggung jawab perangkat desa, ada dana desa untuk jalan apalagi jalan itu hidup sebagai penyambung perekonomian warga berkebun sayur dan ke BC apuy pedagang dan staf BC kenapa harus membebankan kepada pengunjung yg juga berkontribusi menaikan pendapatan warga setempat. Kami bayar tidak gratis dan murah. Tolong berlaku adil",,negatif,teruntuk para pendaki yang ingin ke basecamp malam hari hati hati ada oknum karang taruna meminta biaya liar retribusi jalan lokasinya setelah pemukiman didekat perkebunan sayur sebelum villa saung apuy saya salah satu korban bersama teman lainya dimintai 10 000 per motor dengan tatapan intimidasi dan memaksa saya ada bukti karcisnya kejadinya di malam jumat tanggal 27 juni 2025 dan anehnya ketika kami selesai pendakian siang hari dilokasi tersebut tidak ada pungutan liar retrisusi jalan padahal kalo pagi dan siang itu ramai pendaki bawa motor mereka bisa untung tapi ini enggak ada jelas sekali ini biaya liar kepada pendaki malam basecamp apuy sangat merugikan kami bayar mahal 125 000 izin pendakian registrasi dan harus bayar juga biaya liar jalan memalukan sekali lagi ini mencoreng nama baik basecamp apuy semoga ditindak lanjuti aksi biaya liar preman kampung jalan desa adalah tanggung jawab perangkat desa ada dana desa untuk jalan apalagi jalan itu hidup sebagai penyambung perekonomian warga berkebun sayur dan ke basecamp apuy pedagang dan staf basecamp kenapa harus membebankan kepada pengunjung yang juga berkontribusi menaikan pendapatan warga setempat kami bayar tidak gratis dan murah tolong berlaku adil,0,0,1,1,1,negatif,"[Pelayanan Ranger]: Standarisasi standar operasional prosedur keramahan petugas loket dan customer service WhatsApp basecamp serta penambahan personel saat akhir pekan. 
[Biaya Logistik]: Pemasangan papan informasi resmi rincian tarif tiket, asuransi, tes kesehatan, dan retribusi parkir di gerbang masuk basecamp. 
[Jalur Trek]: Pemasangan pita reflektif fosfor penanda jalur malam dan penggantian tali pengaman webbing yang putus atau lapuk di titik terjal.","[Pelayanan Ranger]: Peningkatan kapasitas infrastruktur server booking simaksi online bebas down dan pelatihan hospitality bagi volunteer dan ranger pos. 
[Biaya Logistik]: Penertiban dan standarisasi tarif batas atas angkutan transit (truk/mobil bak Sadarehe) dan panduan harga warung logistik pos. 
[Jalur Trek]: Pembuatan undakan kayu atau batu penahan erosi tanah di tanjakan terjal dan peremajaan plang penunjuk kilometer anti-cuaca.","[Pelayanan Ranger]: Implementasi smart gate otomatis mandiri berbasis scan barcode terintegrasi e-KTP dan sertifikasi kompetensi ranger pemandu nasional. 
[Biaya Logistik]: Paket ekowisata terpadu (tiket simaksi, tes kesehatan, makan produk UMKM lokal, transportasi) dalam satu platform digital TNGC. 
[Jalur Trek]: Sistem buka-tutup jalur berkala berbasis daya dukung lingkungan untuk pemulihan vegetasi dan penetapan jalur evakuasi helipad darurat."
242,Basecamp Pendakian Jalur Palutungan & Apuy,Jalur Pendakian & Basecamp,3,"Terdapat MCK yang bersih, Warung2 yang menyediakan cemilan dan makanan ringan. Suasanya masih asri. Naik motor bayar tiket parkir 5000.",,netral,terdapat mck yang bersih warung2 yang menyediakan cemilan dan makanan ringan suasanya masih asri naik motor bayar tiket parkir 5000,1,0,0,0,1,netral,-,-,-
243,Basecamp Pendakian Jalur Palutungan & Apuy,Jalur Pendakian & Basecamp,3,"Fasilitas seperti wc, mushola dan parkiran sudah memadai, tapi fasilitas tersebut masih kurang terawat, seperti di dalam wc masih banyak sampah, parkiran juga banyak sampah, dan di mushola sajadahnya kotor padahal mushola diharuskan bersih dan suci agar ibadah kita diterima, mushola kotor karena banyak pendaki yang tidur di mushola, alangkah baiknya para pendaki dilarang tidur di mushola agar mushola tetap bersih, dan alasan para pendaki tidur di mushola sepertinya karena kurangnya fasilitas untuk beristirahat, ada fasilitas istirahat lainnya di bawah pos pendaftaran (bayar parkir) tapi fasilitas itu tidak terawat dengan baik, didalamnya banyak sampah dan lampunya mati, mungkin itu salah satu alasan para pendaki lebih memilih tidur di mushola ketimbang tidur di fasilitas sana, saya harap juga para penjaga pos pendakian via apuy membuat peraturan jam malam, di atas jam 10 agar pendaki bisa beristirahat dengan tenang, soalnya waktu saya beristirahat, sekitar jam 12 malam ranger apuy memutar musik, musiknya dj lagi 😭, melalui pengeras suara(speaker) dan saya dan teman-teman pendaki lain merasa terganggu akan hal tersebut, padahal ranger tersebut melarang para pendaki untuk membawa speaker saat pendakian. Untuk biaya 125k menurut saya, penjaga pos pendakian via apuy masih kurang bisa menjaga dan merawat fasilitas yang ada di pos pendakian. Semoga untuk kedepannya penjaga pos pendakian via apuy bisa merawat dan menjaga kebersihan fasilitas dan area pos dengan baik. Semoga kritik dan saran saya tersampaikan. TERIMAKASIH 🙏",,netral,fasilitas seperti wc mushola dan parkiran sudah memadai tapi fasilitas tersebut masih kurang terawat seperti di dalam wc masih banyak sampah parkiran juga banyak sampah dan di mushola sajadahnya kotor padahal mushola diharuskan bersih dan suci agar ibadah kita diterima mushola kotor karena banyak pendaki yang tidur di mushola alangkah baiknya para pendaki dilarang tidur di mushola agar mushola tetap bersih dan alasan para pendaki tidur di mushola sepertinya karena kurangnya fasilitas untuk beristirahat ada fasilitas istirahat lainnya di bawah pos pendaftaran bayar parkir tapi fasilitas itu tidak terawat dengan baik didalamnya banyak sampah dan lampunya mati mungkin itu salah satu alasan para pendaki lebih memilih tidur di mushola ketimbang tidur di fasilitas sana saya harap juga para penjaga pos pendakian via apuy membuat peraturan jam malam di atas jam 10 agar pendaki bisa beristirahat dengan tenang soalnya waktu saya beristirahat sekitar jam 12 malam petugas apuy memutar musik musiknya dj lagi melalui pengeras suara speaker dan saya dan teman teman pendaki lain merasa terganggu akan hal tersebut padahal petugas tersebut melarang para pendaki untuk membawa speaker saat pendakian untuk biaya 125k menurut saya penjaga pos pendakian via apuy masih kurang bisa menjaga dan merawat fasilitas yang ada di pos pendakian semoga untuk kedepannya penjaga pos pendakian via apuy bisa merawat dan menjaga kebersihan fasilitas dan area pos dengan baik semoga kritik dan saran saya tersampaikan terimakasih,1,1,1,0,1,positif,-,-,-
244,Basecamp Pendakian Jalur Palutungan & Apuy,Jalur Pendakian & Basecamp,3,Ntah kenapa saya mengikuti titik map disini nyasar dan kebablasan.  Jika memutuskan untuk ke apuy tanyakan jalurnya ke pangkalan ojek yang dekat apuy dan parkirkab saja motornya dibawah. Naik ke atas bisa sewa mobil grumpung 25k/orang.,,netral,entah kenapa saya mengikuti titik map disini nyasar dan kebablasan jika memutuskan untuk ke apuy tanyakan jalurnya ke pangkalan ojek yang dekat apuy dan parkirkab saja motornya dibawah naik ke atas bisa sewa mobil grumpung 25k orang,0,0,0,0,1,netral,-,-,-
245,Basecamp Pendakian Jalur Palutungan & Apuy,Jalur Pendakian & Basecamp,3,"Mungkin tambahan aja. Untuk toilet dan musholla kalau rutin dibersihkan dan dirapihkan, kran dan pintu yg rusak dibetulin akan semakin perfect si",,netral,mungkin tambahan saja untuk toilet dan musholla kalau rutin dibersihkan dan dirapihkan kran dan pintu yang rusak dibetulin akan semakin perfect sih,1,0,0,0,0,netral,-,-,-
246,Basecamp Pendakian Jalur Palutungan & Apuy,Jalur Pendakian & Basecamp,3,"Lokasinya jauh dari jalan raya, melewati Medan perkebunan dapat di susuri menggunakan sepeda motor atau mobil pick up. Sebenarnya tempat parkir nya luas, memangkas waktu pendakian Ciremai jauh lebih cepat.  Hanya saja selama covid-19, semua wisata di kabupaten Majalengka ditutup untuk sementara. Untuk kawasan.wisata di kecamatan agrapura sendiri ditutup dari tanggal 23 Desmember 2020 - 8 Januari 2021. Mudahnya bagi yang belum.pernah kesini, bisa mengikuti poin di Google maps. Rekomendasi semoga jalur ke Basecamp yang melalui perbukitan bisa di semen/cor bukannya tanah.",,netral,lokasinya jauh dari jalan raya melewati medan perkebunan dapat di susuri menggunakan sepeda motor atau mobil pick up sebenarnya tempat parkir nya luas memangkas waktu pendakian ciremai jauh lebih cepat hanya saja selama covid 19 semua wisata di kabupaten majalengka ditutup untuk sementara untuk kawasan wisata di kecamatan agrapura sendiri ditutup dari tanggal 23 desmember 2020 8 januari 2021 mudahnya bagi yang belum pernah kesini bisa mengikuti poin di google maps rekomendasi semoga jalur ke pos registrasi yang melalui perbukitan bisa di semen cor bukannya tanah,0,0,1,1,1,netral,-,-,-
247,Basecamp Pendakian Jalur Palutungan & Apuy,Jalur Pendakian & Basecamp,3,Mines Akses jalan sulit. Curam dan bebatuan belum di aspal. Plusnya pendakian tercepat via apuy cocok buat pemula,,netral,mines akses jalan sulit curam dan bebatuan belum di aspal plusnya pendakian tercepat via apuy cocok buat pemula,0,0,0,1,0,netral,-,-,-
252,Basecamp Pendakian Jalur Palutungan & Apuy,Jalur Pendakian & Basecamp,3,Registrasinya mahal fasilitasnya juga kurang layak seperti toilet dll,,netral,registrasinya mahal fasilitasnya juga kurang layak seperti toilet dll,1,0,0,0,1,netral,-,-,-
257,Basecamp Pendakian Jalur Palutungan & Apuy,Jalur Pendakian & Basecamp,4,Gunung diatas 3000mdpl Tektok pertama akuu! Daftar Open trip sendirian di bulan musim hujan. Kena badai di pos 5 menuju puncak wkwk,,positif,gunung diatas 3000mdpl pendakian cepat pertama aku daftar open trip sendirian di bulan musim hujan kena badai di pos 5 menuju puncak wkwk,0,0,0,0,0,positif,-,-,-
258,Basecamp Pendakian Jalur Palutungan & Apuy,Jalur Pendakian & Basecamp,4,Menurut saya tempat singgah pendakinya cukup kotor dan tidak terurus. Dan juga saat saya datang sekitaran jam 5 sore tidak ada satupun orang yang menjaga di BC. (hanya saya berdua bersama teman).Tapi mushola dan toletnya cukup bersih 👍🏼 fyi : warung yang buka saat weekday hanya 2,,positif,menurut saya tempat singgah pendakinya cukup kotor dan tidak terurus dan juga saat saya datang sekitaran jam 5 sore tidak ada satupun orang yang menjaga di basecamp hanya saya berdua bersama teman tapi mushola dan toletnya cukup bersih fyi warung yang buka saat weekday hanya 2,0,1,0,0,1,negatif,-,-,-
259,Basecamp Pendakian Jalur Palutungan & Apuy,Jalur Pendakian & Basecamp,4,"pemandangan sekitarnya indah. Fasilitas lengkap, warung, mushola, Mck, parkir motor. bisa utk singgah & wisata menikmati keindahan lembah.",,positif,pemandangan sekitarnya indah fasilitas lengkap warung mushola mck parkir motor bisa untuk singgah wisata menikmati keindahan lembah,1,0,0,0,1,positif,-,-,-
260,Basecamp Pendakian Jalur Palutungan & Apuy,Jalur Pendakian & Basecamp,4,"Basecamp pendakian gunung ceremai yang terletak di dusun apuy ( jalur apuy )desa argapura kec. Argamukti kab. Majalengka yang menjadi titik awal pendakian. Untuk fasilitas umum seperti toilet, tempat parkir untuk yang membawa kendaraan pribadi ( motor ) mushola, medical room, sudah tersedia dan cukup nyaman, serta warung dan ruangan istirahat untuk pendaki.",,positif,pos registrasi pendakian gunung ceremai yang terletak di dusun apuy jalur apuy desa argapura kec argamukti kab majalengka yang menjadi titik awal pendakian untuk fasilitas umum seperti toilet tempat parkir untuk yang membawa kendaraan pribadi motor mushola medical room sudah tersedia dan cukup nyaman serta warung dan ruangan istirahat untuk pendaki,1,0,1,1,1,positif,-,-,-
261,Basecamp Pendakian Jalur Palutungan & Apuy,Jalur Pendakian & Basecamp,4,pos pendakian BC apuy berada di ketinggian 1400 mdl.. sebenarnya pemandangan di bc apuy juga dah lumayan mantap karna ada sdi ketinggian 1400 mdpl.. di tempat ini juga tersedia shelter warung warung berjejeran toilet mushola.. lengkap kalo ingin sekedar nerkujung ke tmpat ini,,positif,pos pendakian basecamp apuy berada di ketinggian 1400 mdl sebenarnya pemandangan di basecamp apuy juga deh lumayan mantap karena ada sdi ketinggian 1400 mdpl di tempat ini juga tersedia shelter warung warung berjejeran toilet mushola lengkap kalo ingin sekedar nerkujung ke tmpat ini,1,0,0,0,1,positif,-,-,-
262,Basecamp Pendakian Jalur Palutungan & Apuy,Jalur Pendakian & Basecamp,4,"Dari jalan utama majalengka lumayan ke bc lumayan, dr desa terakhir ke bc ada mobil. 125k diborong pickup atau pake motor bc diketinggian 2000 bs buat tidur parkir motor 10k, tiket 50k dikasih makan nasi telor dadar tahu tempe sambal dan kol bilangin jgn banyak dikasih penyedap 5k asuransi 20k kesehatan dibuka jam 7 am  Trak enak dari bc ke puncak, akar kokoh siapkan buat poto sesudah pos 5  sesudah puncak apuy hrs mutar bw ke puncak sejati ciremei 4078 mdpl",,positif,dari jalan utama majalengka lumayan ke basecamp lumayan dari desa terakhir ke basecamp ada mobil 125k diborong pickup atau pakai motor basecamp diketinggian 2000 bisa buat tidur parkir motor 10k tiket 50k dikasih makan nasi telor dadar tahu tempe sambal dan kol bilang jangan banyak dikasih penyedap 5k asuransi 20k kesehatan dibuka jam 7 sama trak enak dari basecamp ke puncak akar kokoh siapkan buat poto sesudah pos 5 sesudah puncak apuy harus mutar bawa ke puncak sejati ciremei 4078 mdpl,0,0,0,1,1,positif,-,-,-
263,Basecamp Pendakian Jalur Palutungan & Apuy,Jalur Pendakian & Basecamp,4,Harga tiket sama fasilitas lumayan lahhh... Buat kantong pengangguran kaya kami....!!!  Sangat di sayangkan Masih ada saja AKAMSI di masuk desa2 Terimakasih.....,,positif,harga tiket sama fasilitas lumayan lah buat kantong pengangguran kayak kami sangat di sayangkan masih ada saja akamsi di masuk desa2 terimakasih,0,0,0,0,1,positif,-,-,-
264,Basecamp Pendakian Jalur Palutungan & Apuy,Jalur Pendakian & Basecamp,4,"Pos pendakian via Apuy disuguhkan dengan pemandangan pertanian masyarakat lokal,udara sejuk nyaman dengan lingkungan yang bersahabat,singgal ditempat mang.tata orangnya super ramah",,positif,pos pendakian via apuy disuguhkan dengan pemandangan pertanian masyarakat lokal udara sejuk nyaman dengan lingkungan yang bersahabat singgal ditempat memang tata orangnya super ramah,0,0,1,0,0,positif,-,-,-
265,Basecamp Pendakian Jalur Palutungan & Apuy,Jalur Pendakian & Basecamp,4,ada 12 warung yg melayani para pendaki sebelum memulai pendakian Toilet banyak dan cukup bersih,,positif,ada 12 warung yang melayani para pendaki sebelum memulai pendakian toilet banyak dan cukup bersih,1,0,0,0,1,positif,-,-,-
268,Basecamp Pendakian Jalur Palutungan & Apuy,Jalur Pendakian & Basecamp,4,Tmpat nya enak. Basecamp dengan warung makan dan warung kopi yg banyak. Untuk ambil pendakian via apuy yaa. Harus menggunakan surat kesehatan di hari pendakian. Selain itu tidak boleh. Semoga di lenggang kan yaa. Salam lestari. 🙏,,positif,tmpat nya enak pos registrasi dengan warung makan dan warung kopi yang banyak untuk ambil pendakian via apuy ya harus menggunakan surat kesehatan di hari pendakian selain itu tidak boleh semoga di lenggang kan ya salam lestari,0,0,1,0,1,positif,-,-,-
269,Basecamp Pendakian Jalur Palutungan & Apuy,Jalur Pendakian & Basecamp,4,"Jalur lebih landai dari palutungan n linggarjati, simaksi 50rb perorang dapat nasi bungkus isi telor, gak ada sungai dijalan n d camp",,positif,jalur lebih landai dari palutungan n linggarjati izin pendakian registrasi 50rb perorang dapat nasi bungkus isi telor enggak ada sungai dijalan n di camp,0,0,1,1,0,positif,-,-,-
272,Basecamp Pendakian Jalur Palutungan & Apuy,Jalur Pendakian & Basecamp,4,"Jalur apuy, perjalan pos pertama dari hascamp berod",,positif,jalur apuy perjalan pos pertama dari hascamp berod,0,0,0,1,0,positif,-,-,-
275,Basecamp Pendakian Jalur Palutungan & Apuy,Jalur Pendakian & Basecamp,4,"Di pos pendakian ini bagus untuk pendaki gunung,  dengan suasana yang nyaman serta warga sekitar pendakian yang ramah,",,positif,di pos pendakian ini bagus untuk pendaki gunung dengan suasana yang nyaman serta warga sekitar pendakian yang ramah,0,0,1,0,0,positif,-,-,-
276,Basecamp Pendakian Jalur Palutungan & Apuy,Jalur Pendakian & Basecamp,4,sempet shock ajh sama jalan dri masuk ke perkampungan desanya ke bc,,positif,sempat shock saja sama jalan dari masuk ke perkampungan desanya ke basecamp,0,0,0,1,0,positif,-,-,-
278,Basecamp Pendakian Jalur Palutungan & Apuy,Jalur Pendakian & Basecamp,4,Trek yg dilalui pos apuy ini lumayan untuk pendaki pemula,,positif,trek yang dilalui pos apuy ini lumayan untuk pendaki pemula,0,0,0,1,0,positif,-,-,-
279,Basecamp Pendakian Jalur Palutungan & Apuy,Jalur Pendakian & Basecamp,4,Pos pendakian gunung ciremai dengan jarak yg cukup pendek Cocok buat pemula,,positif,pos pendakian gunung ciremai dengan jarak yang cukup pendek cocok buat pemula,0,0,0,0,0,positif,-,-,-
282,Basecamp Pendakian Jalur Palutungan & Apuy,Jalur Pendakian & Basecamp,4,Jalur tercepat dan bersahabat.. dpt makan sertifikat pula.. mantap!,,positif,jalur tercepat dan bersahabat dapat makan sertifikat pula mantap,0,0,0,1,0,positif,-,-,-
283,Basecamp Pendakian Jalur Palutungan & Apuy,Jalur Pendakian & Basecamp,4,"Jalur Apuy, Orang nya ramah tamah Disini semua dimulai proses registrasi dan list barang",,positif,jalur apuy orang nya ramah tamah disini semua dimulai proses registrasi dan list barang,0,0,1,1,0,positif,-,-,-
288,Basecamp Pendakian Jalur Palutungan & Apuy,Jalur Pendakian & Basecamp,4,Pos terdekat dengan jalir termudah menuju gunung ciremai.,,positif,pos terdekat dengan jalir termudah menuju gunung ciremai,0,0,0,0,0,positif,-,-,-
289,Basecamp Pendakian Jalur Palutungan & Apuy,Jalur Pendakian & Basecamp,4,"Dingin berkabut, ada toilet",,positif,dingin berkabut ada toilet,1,0,0,0,0,positif,-,-,-
290,Basecamp Pendakian Jalur Palutungan & Apuy,Jalur Pendakian & Basecamp,4,"Basecamp paling indah,view nya kece",,positif,pos registrasi paling indah view nya kece,0,0,1,0,0,positif,-,-,-
295,Basecamp Pendakian Jalur Palutungan & Apuy,Jalur Pendakian & Basecamp,5,"Parkiran luas, fasilitas toilet bersih banyak, mushola bersih, banyak warung. Tapi sayang di jalur pendakian masih banyak sampah. Untuk kawan² pendaki yuk belajar menjaga alam dan peduli terhadap sampah. Saya Mendaki pada bulan Mei 2025",,positif,parkiran luas fasilitas toilet bersih banyak mushola bersih banyak warung tapi sayang di jalur pendakian masih banyak sampah untuk kawan² pendaki yuk belajar menjaga alam dan peduli terhadap sampah saya mendaki pada bulan mei 2025,1,1,0,1,1,positif,-,-,-
296,Basecamp Pendakian Jalur Palutungan & Apuy,Jalur Pendakian & Basecamp,5,"Sebelum masuk ada retribusi 10k Simaksi mahal 100k kesehatan 20k Parkir 5k, baliknya bayar parkir lagi 5k.",,positif,sebelum masuk ada retribusi 10k izin pendakian registrasi mahal 100k kesehatan 20k parkir 5k baliknya bayar parkir lagi 5k,0,0,1,0,1,negatif,-,-,-
298,Basecamp Pendakian Jalur Palutungan & Apuy,Jalur Pendakian & Basecamp,5,"Briefing jam 2am sampai pos 5 jam 8 am, karena badai jadi ga dilanjut sampai puncak huhu Simaksi 125k (regis online 35k + 90  Regis ulang offline) hari libur nasional Pulang dapet sertifikat dan makan gratis nasi sebakul tempe tahu telor sambel ijo + satu gelas air aqua 😋 Terimakasih gunung ciremai",,positif,briefing jam 2am sampai pos 5 jam 8 sama karena badai jadi enggak dilanjut sampai puncak huhu izin pendakian registrasi 125k regis online 35k 90 regis ulang offline hari libur nasional pulang dapat sertifikat dan makan gratis nasi sebakul tempe tahu telor sambel ijo satu gelas air aqua terimakasih gunung ciremai,1,0,1,0,0,positif,-,-,-
299,Basecamp Pendakian Jalur Palutungan & Apuy,Jalur Pendakian & Basecamp,5,"Alhamdulillah atap Jabar berhasil saya daki. Treknya benar-benar menguras tenaga & pikiran wkwk harus kuat & jangan pantang menyerah pokonya. Naik setelah beres lebaran, treknya akar, tanah, batu. Kebetulan waktu itu ramai jga di pendakian karena momentnya bertepatan libur lebaran. Pengalaman yg ga akan pernah dilupakan sih. Alhamdulillahnya cuacanya juga cerah, viewnya indah banget, bisa menikmati keindahan gunung lain ketika di puncak. Ciremai via apuy memang cihuyy hihi.. yg mau ke atap Jabar pokonya hrs persiapkan segalanya jgn sampai ada yg tertinggal, terutama fisik sih hrs benar-benar kuat. Simaksinya agak pricy sih, tapi terbayarkan dg keindahan alamnya.",,positif,alhamdulillah atap jabar berhasil saya daki treknya benar benar menguras tenaga pikiran wkwk harus kuat jangan pantang menyerah pokoknya naik setelah beres lebaran treknya akar tanah batu kebetulan waktu itu ramai juga di pendakian karena momentnya bertepatan libur lebaran pengalaman yang enggak akan pernah dilupakan sih alhamdulillahnya cuacanya juga cerah viewnya indah banget bisa menikmati keindahan gunung lain ketika di puncak ciremai via apuy memang cihuyy hihi yang mau ke atap jabar pokoknya harus persiapkan segalanya jangan sampai ada yang tertinggal terutama fisik sih harus benar benar kuat simaksinya agak pricy sih tapi terbayarkan dengan keindahan alamnya,0,0,0,1,0,positif,-,-,-
300,Basecamp Pendakian Jalur Palutungan & Apuy,Jalur Pendakian & Basecamp,5,"21/09/2025 melakukan pendakian gn ciremai via apuy tektok. Dimulai jam 01.00 naik dr rumah singgah ke basecamp berod dg sewa pickup 50k/org perjalanan sekitar 15menit. Tiba d bc registrasi. Krn sudh booking online 35k/org jd hanya tambah 75k/org tunai d bc utk pendakian tektok. Jam 02.00 dimulai briefing dari ranger apuy. Pendakian dimulai puku 02.22. Sepanjang jalan dari pos 1-5 masih tergolong banyak bonus & landai. Jalanan luas setapak tanah merah, tidak begitu susah. Karena tdk ad sumber air & mushola disarankan bawa air yg berlebih utk jaga2. Shelter hanya ada d pos 1 arban & pos 5 camp area. Sampai puncak pukul 08.55 dan cerah, lautan awan & ramai para pendaki. Disarankan utk latihan fisik yg maksimal terlebih dahulu, krn trek yg akan dilalui dr pos 5 sampai puncak cukup terjal & susah. Utk turun hanya 3jam dg berlari. Sampah masih banyak ditemukan sekitar trek. Smg para pendaki yg berkunjung tetap sadar kawasan & jd pendaki yg bertanggung jawab. Oh iya d basecamp terdapat banyak warung juga jd jgn takut kelaparan atau tdk bsa sarapan sblm pendakian. Mushola pun tersedia. Hanya saja toilet ada 5 yg tdk terdapat air.",,positif,21 09 2025 melakukan pendakian begini ciremai via apuy pendakian cepat dimulai jam 01 00 naik dari rumah singgah ke pos registrasi berod dengan sewa pickup 50k orang perjalanan sekitar 15menit tiba di basecamp registrasi karena sudah booking online 35k orang jadi hanya tambah 75k orang tunai di basecamp untuk pendakian pendakian cepat jam 02 00 dimulai briefing dari petugas apuy pendakian dimulai puku 02 22 sepanjang jalan dari pos 1 5 masih tergolong banyak bonus landai jalanan luas setapak tanah merah tidak begitu susah karena tidak ada sumber air mushola disarankan bawa air yang berlebih untuk jaga2 shelter hanya ada di pos 1 arban pos 5 camp area sampai puncak pukul 08 55 dan cerah lautan awan ramai para pendaki disarankan untuk latihan fisik yang maksimal terlebih dahulu karena trek yang akan dilalui dari pos 5 sampai puncak cukup terjal susah untuk turun hanya 3jam dengan berlari sampah masih banyak ditemukan sekitar trek semoga para pendaki yang berkunjung tetap sadar kawasan jadi pendaki yang bertanggung jawab oh iya di pos registrasi terdapat banyak warung juga jadi jangan takut kelaparan atau tidak bisa sarapan sebelum pendakian mushola pun tersedia hanya saja toilet ada 5 yang tidak terdapat air,1,1,1,1,1,positif,-,-,-
301,Basecamp Pendakian Jalur Palutungan & Apuy,Jalur Pendakian & Basecamp,5,"Jalur yang lumayan menguji kesabaran pendaki pemula seperti aku, meskipun di jalur juga banyak dijumpai pendaki yang tak lagi muda. Jalurnya beragam, ga bosen melaluinya. Sayangnya tidak ada sumber air dan toilet di setiap pos nya, jadi pendaki harus menyediakan persediaan air sesuai kebutuhannya sendiri. Disarankan menggunakan porter, untuk memastikan dapat tempat untuk mendirikan tenda di pos 5, karena di waktu tertentu, jumlah pendaki relatif ramai. Tapi jika tidak tersedia tempat di pos 5, di pos 4 juga banyak tempat yang bisa digunakan untuk mendirikan tenda. Bawa kembali sampahmu turun, karena masih ada saja sampah yg terlihat di sisi jalur..",,positif,jalur yang lumayan menguji kesabaran pendaki pemula seperti aku meskipun di jalur juga banyak dijumpai pendaki yang tak lagi muda jalurnya beragam enggak bosan melaluinya sayangnya tidak ada sumber air dan toilet di setiap pos nya jadi pendaki harus menyediakan persediaan air sesuai kebutuhannya sendiri disarankan menggunakan porter untuk memastikan dapat tempat untuk mendirikan tenda di pos 5 karena di waktu tertentu jumlah pendaki relatif ramai tapi jika tidak tersedia tempat di pos 5 di pos 4 juga banyak tempat yang bisa digunakan untuk mendirikan tenda bawa kembali sampahmu turun karena masih ada saja sampah yang terlihat di sisi jalur,1,1,0,1,1,positif,-,-,-
303,Basecamp Pendakian Jalur Palutungan & Apuy,Jalur Pendakian & Basecamp,5,Trek ramah tapi menyiksa. Hati² bagas pos 4 5bayangan dan pos 5 aga agresif,,positif,trek ramah tapi menyiksa hati² babi hutan pos 4 5bayangan dan pos 5 aga agresif,0,0,1,1,0,positif,-,-,-
304,Basecamp Pendakian Jalur Palutungan & Apuy,Jalur Pendakian & Basecamp,5,"Mendaki via apuy pasti nya lumayan seru.. dari basecamp ke pos satu bisa naik pikup , kalau ga naik pikup lumayan jauh.. jalur via apuy pasti seru selamat mencoba, photo yang saya sematkan ini pendakian sesudah pos 5 terus ada simpang apuy menuju puncak sekitar 1 jam lah sampe",,positif,mendaki via apuy pasti nya lumayan seru dari pos registrasi ke pos satu bisa naik pikup kalau enggak naik pikup lumayan jauh jalur via apuy pasti seru selamat mencoba photo yang saya sematkan ini pendakian sesudah pos 5 terus ada simpang apuy menuju puncak sekitar 1 jam lah sampai,0,0,1,1,0,positif,-,-,-
305,Basecamp Pendakian Jalur Palutungan & Apuy,Jalur Pendakian & Basecamp,5,"18-20 April 2025  Jalannya lebih banyak nanjak. Tanah juga. Jadi kalau hujan, licin bgt. Waktu itu krn sudah mau maghrib dan juga mau turun hujan, jadi kami memutuskan untuk membangun tenda di pos 4 dan melanjutkan perjalanan summit di esok hari nya. Hanya saja, saya tidak ikut summit krn harus menyiapkan makanan. Berdasarkan cerita, rute pos 4 ke 5 agak sulit krn jalanan banyak akarnya dan juga saat itu banyak kabutnya.  Makanan berat yang disediakan di warung hanya lauk telor, tempe,tahu,sambal (hanya beberapa warung) tapi seporsi segitu 17k😭. Waktu itu saya makan di warung nomor 4,nasinya blm full mateng hehe dan tidak dapat sambal. Jadi kurang menikmati.  Brg saya juga ada yg tertinggal di warung, tapi sampai saat ini (sudah sebulan berlalu) blm dikirim juga. Ya mungkin ke tempat ekspedisi nya juga jauh. Maaf merepotkan. (Edit. Akhirnya setelah 2 bulan diterima juga brg yg tertinggal nya. Thanks)  Estimasi perjalanan ciremai via apuy Nanjak  Bc ke pos 1    1.5 jam Pos 1 ke pos 2   2.5 jam Pos 2 ke pos 3    2 jam Pos 3 ke pos 4    1.5 jam  Turun Pos 4 ke pos 3    30 menit Pos 3 ke pos 2    45 menit Pos 2 ke pos 1     1 jam Pos 1 ke bc        1 jam",,positif,18 20 april 2025 jalannya lebih banyak nanjak tanah juga jadi kalau hujan licin banget waktu itu karena sudah mau maghrib dan juga mau turun hujan jadi kami memutuskan untuk membangun tenda di pos 4 dan melanjutkan perjalanan summit di esok hari nya hanya saja saya tidak ikut summit karena harus menyiapkan makanan berdasarkan cerita rute pos 4 ke 5 agak sulit karena jalanan banyak akarnya dan juga saat itu banyak kabutnya makanan berat yang disediakan di warung hanya lauk telor tempe tahu sambal hanya beberapa warung tapi seporsi segitu 17k waktu itu saya makan di warung nomor 4 nasinya belum full mateng hehe dan tidak dapat sambal jadi kurang menikmati bareng saya juga ada yang tertinggal di warung tapi sampai saat ini sudah sebulan berlalu belum dikirim juga ya mungkin ke tempat ekspedisi nya juga jauh maaf merepotkan edit akhirnya setelah 2 bulan diterima juga bareng yang tertinggal nya thanks estimasi perjalanan ciremai via apuy nanjak basecamp ke pos 1 1 5 jam pos 1 ke pos 2 2 5 jam pos 2 ke pos 3 2 jam pos 3 ke pos 4 1 5 jam turun pos 4 ke pos 3 30 menit pos 3 ke pos 2 45 menit pos 2 ke pos 1 1 jam pos 1 ke basecamp 1 jam,0,0,0,1,1,positif,-,-,-
306,Basecamp Pendakian Jalur Palutungan & Apuy,Jalur Pendakian & Basecamp,5,"Jalur yang cukup menyiksa kaki, tapi pengalaman yang baru bisa melewati 8 pos  Rekomended camp di pos 8 karena ke puncak hanya perlu 1.5 jam",,positif,jalur yang cukup menyiksa kaki tapi pengalaman yang baru bisa melewati 8 pos rekomended camp di pos 8 karena ke puncak hanya perlu 1 5 jam,0,0,0,1,0,positif,-,-,-
307,Basecamp Pendakian Jalur Palutungan & Apuy,Jalur Pendakian & Basecamp,5,"mau cerita disini dong, Pendakian ke Gunung Ciremai yg paling gokil dari yg sebelum”nya, Otw dari Jakarta ke Cirebon Majalengka naik motor, sendirian wkwkwk gokil, karena kelelahan diperjalanan, akhirnya pas treking juga lelah, kecapean, start treking jam 3 pagi, sampe puncak jam 8:30. turun jam 10 dari puncak, sampe pos regis jam 12:34 lumayan. ga kapok sih, malah mau lagi, kalo dikasih kesempatan wkwk. sempet kabut tebel pas di pos 5, pesimis bgt ga dapet view, trnyt takdir berkata lain, sampe puncak dikasih view full cerah🤩🤙🏼",,positif,mau cerita disini dong pendakian ke gunung ciremai yang paling gila dari yang sebelum nya otw dari jakarta ke cirebon majalengka naik motor sendirian wkwkwk gila karena kelelahan diperjalanan akhirnya pas treking juga lelah kecapean start treking jam 3 pagi sampai puncak jam 8 30 turun jam 10 dari puncak sampai pos regis jam 12 34 lumayan enggak kapok sih malah mau lagi kalo dikasih kesempatan wkwk sempat kabut tebal pas di pos 5 pesimis banget enggak dapat view trnyt takdir berkata lain sampai puncak dikasih view full cerah,0,0,0,0,0,positif,-,-,-
308,Basecamp Pendakian Jalur Palutungan & Apuy,Jalur Pendakian & Basecamp,5,"Pertamakali mendaki langsung atap jabar, seru banget trek landai diawal hihi, semua orangnya ramah polll dibasecamp, 80rb cek kesehatan sama simaksi parkir 5rb udah free makan ga termasuk minum. Semoga tahun depan bisa main kesini lagii makasi atas pelayanan yang ramah🫶",,positif,pertamakali mendaki langsung atap jabar seru banget trek landai diawal hihi semua orangnya ramah pol dibasecamp 80rb cek kesehatan sama izin pendakian registrasi parkir 5rb sudah free makan enggak termasuk minum semoga tahun depan bisa main kesini lagi terima kasih atas pelayanan yang ramah,0,0,1,1,1,positif,-,-,-
309,Basecamp Pendakian Jalur Palutungan & Apuy,Jalur Pendakian & Basecamp,5,"Basecampnya nyaman banget, ada wc yg dilengkapi dgn shower & toilet duduk/jongkok, mushola, shelter, tempat parkir, dan warung2. Untuk biaya pendaftaran pendakian sebesar 50k + 20k untuk tes kesehatan, untuk parkir bisa di dalam basecamp atau ke warung sebelum gapura pendaftaran, yg warung itu kayanya lebih aman soalnya indoor fan dijaga 24jam sama yg punya warungnya, tarifnya 10k (motor)",,positif,basecampnya nyaman banget ada wc yang dilengkapi dengan shower toilet duduk jongkok mushola shelter tempat parkir dan warung2 untuk biaya pendaftaran pendakian sebesar 50k 20k untuk tes kesehatan untuk parkir bisa di dalam pos registrasi atau ke warung sebelum gapura pendaftaran yang warung itu kayanya lebih aman soalnya indoor fan dijaga 24jam sama yang punya warungnya tarifnya 10k motor,1,0,1,0,1,positif,-,-,-
310,Basecamp Pendakian Jalur Palutungan & Apuy,Jalur Pendakian & Basecamp,5,"mantap memadai untuk pos via apuy, terdapat musholla, kamar mandi cukup, warung makan & ngopi. pendaftaran bisa offline/online. simaksi 75rb per orang dan include voucher makan sekali, nginep, cas an, mandi. disarankan unt sewa pickup dari bawah",,positif,mantap memadai untuk pos via apuy terdapat musholla kamar mandi cukup warung makan ngopi pendaftaran bisa offline online izin pendakian registrasi 75rb per orang dan include voucher makan sekali nginep cas an mandi disarankan unt sewa pickup dari bawah,1,0,1,0,1,positif,-,-,-
311,Basecamp Pendakian Jalur Palutungan & Apuy,Jalur Pendakian & Basecamp,5,"Basecamp pendakian Gn. Ciremai jalur Apuy Argamukti Majalengka  Untuk jalan menuju basecamp bisa pakai motor saja, jalannya beberapa bagian udah beton 2 jalur. Agak ngeri2 kalo pas malem, ujan+berkabut wkwk Parkirannya ada 2, dibawah penitipan(Rp.10.000) dan diatas gratis Ranger nya baik2 semua, kalo kita masih bingung, tanya2 pun informatif banget. Petugas registrasi nya pun sama smpe ngingetin tracking pole ketinggalan.  Tempat istirahat nya lega, ada 2 gedung walaupun gedung yg satunya agak ngeri2. Masjidnya enak poll dan wc nya pun buanyak. Gakkan kekurangan.  Registrasi - 115.000 weekdays dapet voucher makan+sertifikat",,positif,pos registrasi pendakian begini ciremai jalur apuy argamukti majalengka untuk jalan menuju pos registrasi bisa pakai motor saja jalannya beberapa bagian sudah beton 2 jalur agak ngeri-ngeri kalo pas malam ujan berkabut wkwk parkirannya ada 2 dibawah penitipan rp 10 000 dan diatas gratis petugas nya baik-baik semua kalo kita masih bingung tanya-tanya pun informatif banget petugas registrasi nya pun sama sampai mengingatkan tracking pole ketinggalan tempat istirahat nya lega ada 2 gedung walaupun gedung yang satunya agak ngeri-ngeri masjidnya enak poll dan wc nya pun buanyak gakkan kekurangan registrasi 115 000 weekdays dapat voucher makan sertifikat,1,0,1,1,0,positif,-,-,-
312,Basecamp Pendakian Jalur Palutungan & Apuy,Jalur Pendakian & Basecamp,5,"Basecamp sebelum memulai pendakian Gunung Ciremai via Apuy. Untuk mencapai kesini bisa menggunakan sepeda motor atau naik mobil pick up milik warga, dan sangat tidak disarankan membawa kendaraan pribadi karena jalan yang dilalui cukup curam dan bahaya😁  Banyak warung makan di sini, ada juga yang jual souvenir-souvenir pendakian. Tersedia beberapa toilet juga untuk mandi setelah melakukan pendakian.  Overall basecamp ini cukup nyaman dan menyenangkan😁",,positif,pos registrasi sebelum memulai pendakian gunung ciremai via apuy untuk mencapai kesini bisa menggunakan sepeda motor atau naik mobil pick up milik warga dan sangat tidak disarankan membawa kendaraan pribadi karena jalan yang dilalui cukup curam dan bahaya banyak warung makan di sini ada juga yang jual souvenir souvenir pendakian tersedia beberapa toilet juga untuk mandi setelah melakukan pendakian overall pos registrasi ini cukup nyaman dan menyenangkan,1,0,1,1,1,positif,-,-,-
314,Basecamp Pendakian Jalur Palutungan & Apuy,Jalur Pendakian & Basecamp,5,"Nyaman untuk pendakian gunung Ciremai. Biaya 77.5k untuk daftar online, simaksi dan kesehatan. Dapat voucher 1x makan. Dapat sertifikat pendakian Jemputan mobil pickup pp ke balai desa Argamukti, bs hubungi mang Marsa 0857-9741-5004",,positif,nyaman untuk pendakian gunung ciremai biaya 77 5k untuk daftar online izin pendakian registrasi dan kesehatan dapat voucher 1x makan dapat sertifikat pendakian jemputan mobil pickup pp ke balai desa argamukti bisa hubungi memang marsa 0857 9741 5004,0,0,1,0,1,positif,-,-,-
315,Basecamp Pendakian Jalur Palutungan & Apuy,Jalur Pendakian & Basecamp,5,"Basecampnya bersih banget, tertata rapih banyak toilet dan banyak warung untuk trek mantaplah jalur apuy...salam lestari",,positif,basecampnya bersih banget tertata rapi banyak toilet dan banyak warung untuk trek mantaplah jalur apuy salam lestari,1,0,0,1,1,positif,-,-,-
316,Basecamp Pendakian Jalur Palutungan & Apuy,Jalur Pendakian & Basecamp,5,"Kgn ririn, maaf ya ririn aku ngerepotin. Aku seneng bgt jalan jalan sm kamu",,positif,kangen ririn maaf ya ririn aku ngerepotin aku senang banget jalan jalan sama kamu,0,0,0,1,0,positif,-,-,-
318,Basecamp Pendakian Jalur Palutungan & Apuy,Jalur Pendakian & Basecamp,5,"Basecamp pendakian Gunung Ciremai tertinggi (1.400 mdpl) yang terletak di lereng timur Gunung Ciremai, tepatnya di Kab. Majalengka . Kelebihan : - Manajemen Tiket & Service bagus, dapat kupon makan 1x dan sertifikat jika sudah mendaki gunung Ciremai - Jalur tercepat untuk menuju puncak . Kekurangan : - Akses jalan sempit, belum beraspal dan sangat curam. Maka dari itu kita wajib menyewa Mobil bak dari batas pemukiman dan perkebunan",,positif,pos registrasi pendakian gunung ciremai tertinggi 1 400 mdpl yang terletak di lereng timur gunung ciremai tepatnya di kab majalengka kelebihan manajemen tiket service bagus dapat kupon makan 1x dan sertifikat jika sudah mendaki gunung ciremai jalur tercepat untuk menuju puncak kekurangan akses jalan sempit belum beraspal dan sangat curam maka dari itu kita wajib menyewa mobil bak dari batas pemukiman dan perkebunan,0,0,1,1,1,positif,-,-,-
319,Basecamp Pendakian Jalur Palutungan & Apuy,Jalur Pendakian & Basecamp,5,"Base camp awal para pendaki gunung ciremai via apuy. Ada 11 kantin yang terdapat di bagian dalam, dua mushola dibagian selatan dan bagian utara yang masuk setelah pos pendaftaran, pengunjungnya ramai, dikasih sertifikat pendaki. Hanya saja pada saat pagi air yang keluar untuk MCK sangat sedikit. Dan pencahayaan yang masih kurang.",,positif,base camp awal para pendaki gunung ciremai via apuy ada 11 kantin yang terdapat di bagian dalam dua mushola dibagian selatan dan bagian utara yang masuk setelah pos pendaftaran pengunjungnya ramai dikasih sertifikat pendaki hanya saja pada saat pagi air yang keluar untuk mck sangat sedikit dan pencahayaan yang masih kurang,1,0,0,0,0,positif,-,-,-
320,Basecamp Pendakian Jalur Palutungan & Apuy,Jalur Pendakian & Basecamp,5,Pendakian ciremai via apuy memang jalur tercepat dan jalu yg tanjakanya extrem pake banget namun semua itu menjadikan pelajaran bahwa kesuksesan tak semudah membalikan telapak tangan.,,positif,pendakian ciremai via apuy memang jalur tercepat dan jalu yang tanjakanya extrem pakai banget namun semua itu menjadikan pelajaran bahwa kesuksesan tak semudah membalikan telapak tangan,0,0,0,1,0,positif,-,-,-
322,Basecamp Pendakian Jalur Palutungan & Apuy,Jalur Pendakian & Basecamp,5,"Terus semangat, sebagai salah satu upaya filter meminimalisir keadaan yang kurang baik bagi pendaki, yang biasanya jika di paksakan akan banyak merepotkan teman 😅, saudara sesama pendaki, juga ranger. Semoga menjadi sarana pendewasa-an bagi para pendaki, sehingga pendaki juga aware terhadap kondisinya juga efek terhadap teman/ grup dan sekitarnya.",,positif,terus semangat sebagai salah satu upaya filter meminimalisir keadaan yang kurang baik bagi pendaki yang biasanya jika di paksakan akan banyak merepotkan teman saudara sesama pendaki juga petugas semoga menjadi sarana pendewasa an bagi para pendaki sehingga pendaki juga aware terhadap kondisinya juga efek terhadap teman grup dan sekitarnya,0,0,1,0,0,netral,-,-,-
325,Basecamp Pendakian Jalur Palutungan & Apuy,Jalur Pendakian & Basecamp,5,"Basecamp : Menu makanan minuman ready Terdapat aksesoris untuk oleh2🤗 layanan ramah. Fasilitas : Musholla, Kamar Mandi Bersih Tracking : Mantap (Pos 1, 2, 3, 4) Pos 5 (utk ngecamp sebelum summit) Medan Summit : Luar Biasa Puncak : Mempesona",,positif,pos registrasi menu makanan minuman ready terdapat aksesoris untuk oleh2 layanan ramah fasilitas musholla kamar mandi bersih tracking mantap pos 1 2 3 4 pos 5 untuk ngecamp sebelum summit medan summit luar biasa puncak mempesona,1,0,1,0,0,positif,-,-,-
326,Basecamp Pendakian Jalur Palutungan & Apuy,Jalur Pendakian & Basecamp,5,"ada mushola dengan kran air wudhu yang cukup banyak, toilet yang banyak juga, warung menyediakan makanan dan jajanan, warung juga menyediakan accessories pendakian.",,positif,ada mushola dengan kran air wudhu yang cukup banyak toilet yang banyak juga warung menyediakan makanan dan jajanan warung juga menyediakan accessories pendakian,1,0,0,0,1,positif,-,-,-
328,Basecamp Pendakian Jalur Palutungan & Apuy,Jalur Pendakian & Basecamp,5,Jalur barat pendakian Gunung Ciremai. Berada di ketinggian 1.400 mdpl. View menuju basecamp kereeen,,positif,jalur barat pendakian gunung ciremai berada di ketinggian 1 400 mdpl view menuju pos registrasi keren,0,0,1,1,0,positif,-,-,-
329,Basecamp Pendakian Jalur Palutungan & Apuy,Jalur Pendakian & Basecamp,5,"Treknya dari pos 5 menuju puncak asoy pisan euyyy, tapi seru siiih. Dinikmatin aja tiap langkah yang dipijak 😉",,positif,treknya dari pos 5 menuju puncak asoy pisan euyyy tapi seru sih dinikmatin saja tiap langkah yang dipijak,0,0,0,0,0,positif,-,-,-
330,Basecamp Pendakian Jalur Palutungan & Apuy,Jalur Pendakian & Basecamp,5,Jalur pendakian yang cukup menantang walapun hujan tapi tetap semangat.,,positif,jalur pendakian yang cukup menantang walapun hujan tapi tetap semangat,0,0,0,1,0,positif,-,-,-
331,Basecamp Pendakian Jalur Palutungan & Apuy,Jalur Pendakian & Basecamp,5,"Banyak warung tapi agak mahal. Medan menuju pos belum diaspal. Agak berbahaya untuk perjalanan di malam hari. Disini sinyal 3 sama Smartfren masih 4G dan kenceng lho. Pemandangan udah kece parah sih di atas sini. Dingin? Pasti. Hati-hati saat akan berperjalanan keisini. Oh iya, tiket 50K per orang ya.",,positif,banyak warung tapi agak mahal medan menuju pos belum diaspal agak berbahaya untuk perjalanan di malam hari disini sinyal 3 sama smartfren masih 4g dan kencang lho pemandangan sudah kece parah sih di atas sini dingin pasti hati hati saat akan berperjalanan keisini oh iya tiket 50k per orang ya,0,0,0,0,1,positif,-,-,-
333,Basecamp Pendakian Jalur Palutungan & Apuy,Jalur Pendakian & Basecamp,5,"tahun 90an awal..  naik dari apuy.. subuh2.. gak nemu pos pendakian.. entah belum ada.. atau masih tutup.. langsung naik aja.. gak ada bayar apa2.. jaman dulu naik gunung memang buat mendekatkan diri ke alam, bukan untuk update status... oh iya.. dulu lapornya ke 'kuncen' wkwkwk.. itu juga gak saya lakukan.. sekarang sudah ada pos pendakian, jadi yang naik lebih terpantau.. sehingga klo terjadi sesuatu cepat ditanganinya.. walau sekarang harus bayar.. tapi mungkin sepadan bagi yang mampu..",,positif,tahun 90an awal naik dari apuy subuh2 enggak nemu pos pendakian entah belum ada atau masih tutup langsung naik saja enggak ada bayar apa-apa jaman dulu naik gunung memang buat mendekatkan diri ke alam bukan untuk update status oh iya dulu lapornya ke kuncen wkwkwk itu juga enggak saya lakukan sekarang sudah ada pos pendakian jadi yang naik lebih terpantau sehingga kalo terjadi sesuatu cepat ditanganinya walau sekarang harus bayar tapi mungkin sepadan bagi yang mampu,0,0,0,0,0,positif,-,-,-
334,Basecamp Pendakian Jalur Palutungan & Apuy,Jalur Pendakian & Basecamp,5,"Jalur apuy mantab, fasilitasnya cukup banyak mulai dari warung, toilet, musholah pokoknya ramah... Gunung ceremai bikin kangen",,positif,jalur apuy mantab fasilitasnya cukup banyak mulai dari warung toilet musholah pokoknya ramah gunung ceremai bikin kangen,1,0,1,1,1,positif,-,-,-
335,Basecamp Pendakian Jalur Palutungan & Apuy,Jalur Pendakian & Basecamp,5,"Kalo mau nanjak Ciremai mending lewat jalur ini aja, treknya lumayan landai engga terlalu berat, Simaksi 50Rb dapet Makan + Piagam + Asuransi, Saran aja mending bawa motor, jd bisa di simpan di Basecamp parkir cuma 5Rb/Malam, kalo bawa Mobil cuma bisa sampe kantor desa maja, ke Basecampnya naek pickup/kolbak tarifnya 300rb PP....  Keep Safety Your Adventure and Salam Lestari",,positif,kalo mau nanjak ciremai mending lewat jalur ini saja treknya lumayan landai enggak terlalu berat izin pendakian registrasi 50rb dapat makan piagam asuransi saran saja mending bawa motor jadi bisa di simpan di pos registrasi parkir cuma 5rb malam kalo bawa mobil cuma bisa sampai kantor desa maja ke basecampnya naik pickup kolbak tarifnya 300rb pp keep safety your adventure and salam lestari,0,0,1,1,1,positif,-,-,-
338,Basecamp Pendakian Jalur Palutungan & Apuy,Jalur Pendakian & Basecamp,5,"QPos awal pendakian jalur Apuy. Banyak kantin, tempat parkir luas, ada MCK, buat camp juga nyaman asri.",,positif,qpos awal pendakian jalur apuy banyak kantin tempat parkir luas ada mck buat camp juga nyaman asri,1,0,0,1,1,positif,-,-,-
339,Basecamp Pendakian Jalur Palutungan & Apuy,Jalur Pendakian & Basecamp,5,"Saat ulasan ini dibuat, ciremai menjadi gunung yang pertama dan terakhir didaki melalui jalur apuy ini, Alhamdulillah bisa sampai puncak kapan ya bisa naik lagi",,positif,saat ulasan ini dibuat ciremai menjadi gunung yang pertama dan terakhir didaki melalui jalur apuy ini alhamdulillah bisa sampai puncak kapan ya bisa naik lagi,0,0,0,1,0,positif,-,-,-
340,Basecamp Pendakian Jalur Palutungan & Apuy,Jalur Pendakian & Basecamp,5,Mantap... Asik trek nya... 80% tanjakan memang lebih pendek untuk jaraknya 🏁👍⛰️,,positif,mantap asik trek nya 80 tanjakan memang lebih pendek untuk jaraknya,0,0,0,1,0,positif,-,-,-
342,Basecamp Pendakian Jalur Palutungan & Apuy,Jalur Pendakian & Basecamp,5,"Mushola kurang terawat,..tapi yang lainya sudah nikmat...buat yang memanjat",,positif,mushola kurang terawat tapi yang lainya sudah nikmat buat yang memanjat,0,0,0,0,0,positif,-,-,-
343,Basecamp Pendakian Jalur Palutungan & Apuy,Jalur Pendakian & Basecamp,5,Mantaf keren track'y juara cmn di area camp pos 5 harus beres nyimpen logistik sama sampah jngn nyimpen di bawah rawan babi hutan,,positif,mantaf keren track ya juara cuman di area camp pos 5 harus beres menyimpan logistik sama sampah jangan menyimpan di bawah rawan babi hutan,0,1,0,0,0,positif,-,-,-
345,Basecamp Pendakian Jalur Palutungan & Apuy,Jalur Pendakian & Basecamp,5,Pendakian gn ciremai via apuy melewati 6 pos dan di area setiap pos nya sangat luas .. muat untuk 10 tenda lebih.. ada juga bbrp pos bayangan.. di base camp apuy banyak sekali warung makan dengan harga yg terjangkau,,positif,pendakian begini ciremai via apuy melewati 6 pos dan di area setiap pos nya sangat luas muat untuk 10 tenda lebih ada juga beberapa pos bayangan di base camp apuy banyak sekali warung makan dengan harga yang terjangkau,0,0,0,0,1,positif,-,-,-
346,Basecamp Pendakian Jalur Palutungan & Apuy,Jalur Pendakian & Basecamp,5,"Sebelum melakukan pendakian, manfaatkan warung di sekitar Basecamp. Tukarkan kupon makan yang didapat dari pembelian Tiket Masuk Kawasan Rp 50.000, bisa ditukar sebelum pendakian. Bisa juga ditukar setelah turun dari pendakian. Harga 1 porsi jika tidak menggunakan Kupon Rp 15.000",,positif,sebelum melakukan pendakian manfaatkan warung di sekitar pos registrasi tukarkan kupon makan yang didapat dari pembelian tiket masuk kawasan rp 50 000 bisa ditukar sebelum pendakian bisa juga ditukar setelah turun dari pendakian harga 1 porsi jika tidak menggunakan kupon rp 15 000,0,0,1,0,1,positif,-,-,-
347,Basecamp Pendakian Jalur Palutungan & Apuy,Jalur Pendakian & Basecamp,5,"Gagal muncak, tpi basecamp nya jadi penenang karena keren bangeet",,positif,gagal muncak tapi pos registrasi nya jadi penenang karena keren banget,0,0,1,0,0,positif,-,-,-
351,Basecamp Pendakian Jalur Palutungan & Apuy,Jalur Pendakian & Basecamp,5,Kalau mau muncak jangan malam minggu rame. Nikmatnya mendaki kurang. Kalau mau padang temda via apuy di pos 5,,positif,kalau mau muncak jangan malam minggu rame nikmatnya mendaki kurang kalau mau padang temda via apuy di pos 5,0,0,0,0,0,positif,-,-,-
353,Basecamp Pendakian Jalur Palutungan & Apuy,Jalur Pendakian & Basecamp,5,Ini merupakan pos pendaftaran ciremai jalur apuy untuk tiket masuk 50 rb itu juga di kasih vocer makan dan sertifikat pendakian recoment,,positif,ini merupakan pos pendaftaran ciremai jalur apuy untuk tiket masuk 50 ribu itu juga di kasih vocer makan dan sertifikat pendakian recoment,0,0,0,1,1,positif,-,-,-
354,Basecamp Pendakian Jalur Palutungan & Apuy,Jalur Pendakian & Basecamp,5,Parkir luas Medan sedang cukup untuk pemula warga Baik ramah,,positif,parkir luas medan sedang cukup untuk pemula warga baik ramah,0,0,1,0,1,positif,-,-,-
355,Basecamp Pendakian Jalur Palutungan & Apuy,Jalur Pendakian & Basecamp,5,Jalur trek yg sangat pendek & mudah di jangkau,,positif,jalur trek yang sangat pendek mudah di jangkau,0,0,0,1,0,positif,-,-,-
356,Basecamp Pendakian Jalur Palutungan & Apuy,Jalur Pendakian & Basecamp,5,"Lokasinya Nyaman, petugas dan pemilik warung nya baik"". Yang pasti kopinya jadi tambah enak karna liat KAMU...",,positif,lokasinya nyaman petugas dan pemilik warung nya baik yang pasti kopinya jadi tambah enak karena lihat kamu,0,0,1,0,1,positif,-,-,-
358,Basecamp Pendakian Jalur Palutungan & Apuy,Jalur Pendakian & Basecamp,5,"Jalur pendakian yang OK,puas banget nyampe puncak",,positif,jalur pendakian yang ok puas banget sampai puncak,0,0,0,1,0,positif,-,-,-
360,Basecamp Pendakian Jalur Palutungan & Apuy,Jalur Pendakian & Basecamp,5,"Pos Pendakian Puncak Gunung Ciremai Via Apuy paling Cepat sampai Puncak Gunung Ciremai. SALAM ""My Trip"" dari Indramayu 😁",,positif,pos pendakian puncak gunung ciremai via apuy paling cepat sampai puncak gunung ciremai salam my trip dari indramayu,0,0,0,0,0,positif,-,-,-
362,Basecamp Pendakian Jalur Palutungan & Apuy,Jalur Pendakian & Basecamp,5,"Menuju basecamp dari kota majalengka dengan kendaraan sendiri mengikuti panduan google map. Sungguh perjalanan uji nyali dan uji ketrampilan nyopir. Mobil harus benar2 sehat krn jalur sempit sebagian hanya utk satu mobil (termasuk jalan/gang desa) dan menanjak. Kelebihannya pemandangan yg bagus dan melewati wisata baru yaitu panyaweuyan. Ternyata ada jalur lain yg lebih lebar jalannya dan saya pakai utk jalur pulang. Bagi yg akan bawa kendaraan sendiri, perlu meyakinkan diri akan melalui jalur mana, apalagi kalau sdh malam. Mobil tidak bisa sampai basecamp, parkir di desa Argamukti. Ke basecamp bisa pakai motor sendiri atau diantar dg mobil yg banyak tersedia di desa. Basecamp rapi tertata dengan baik termasuk perdes tentang distribusi ekonomi kawasan basecamp",,positif,menuju pos registrasi dari kota majalengka dengan kendaraan sendiri mengikuti panduan google map sungguh perjalanan uji nyali dan uji ketrampilan nyopir mobil harus benar-benar sehat karena jalur sempit sebagian hanya untuk satu mobil termasuk jalan gang desa dan menanjak kelebihannya pemandangan yang bagus dan melewati wisata baru yaitu panyaweuyan ternyata ada jalur lain yang lebih lebar jalannya dan saya pakai untuk jalur pulang bagi yang akan bawa kendaraan sendiri perlu meyakinkan diri akan melalui jalur mana apalagi kalau sudah malam mobil tidak bisa sampai pos registrasi parkir di desa argamukti ke pos registrasi bisa pakai motor sendiri atau diantar dengan mobil yang banyak tersedia di desa pos registrasi rapi tertata dengan baik termasuk perdes tentang distribusi ekonomi kawasan pos registrasi,0,0,1,1,1,positif,-,-,-
364,Basecamp Pendakian Jalur Palutungan & Apuy,Jalur Pendakian & Basecamp,5,"Banyak pemandangan bagus di sepenjang jalur pendakian yang membuat mata menjadi terpesona untuk melihatnya di awali dari hutan di pepihonan yang di tumbuhi lumut, bebatuan bekas letusan sampai hutan mati di jalur pendakian",,positif,banyak pemandangan bagus di sepenjang jalur pendakian yang membuat mata menjadi terpesona untuk melihatnya di awali dari hutan di pepihonan yang di tumbuhi lumut bebatuan bekas letusan sampai hutan mati di jalur pendakian,0,0,0,1,0,positif,-,-,-
365,Basecamp Pendakian Jalur Palutungan & Apuy,Jalur Pendakian & Basecamp,5,Fasilitas lengkap + view milky way malam hari...,,positif,fasilitas lengkap view milky way malam hari,0,0,0,0,0,positif,-,-,-
366,Basecamp Pendakian Jalur Palutungan & Apuy,Jalur Pendakian & Basecamp,5,buat simaksi lumayan mahal tapi include makan sama sertifikat dari pihak bc buat yang tektok pas turun,,positif,buat izin pendakian registrasi lumayan mahal tapi include makan sama sertifikat dari pihak basecamp buat yang pendakian cepat pas turun,0,0,1,0,1,positif,-,-,-
372,Basecamp Pendakian Jalur Palutungan & Apuy,Jalur Pendakian & Basecamp,5,"Pos pendakian Gunung Ciremai jalur Apuy ini adalah pos 4 ketika hendak mendaki ke puncak Gunung Ciremai. Teman-teman bisa menitipkan sepeda motor disini dengan harga 1 malam ± Rp 10.000 di jamin aman. Pos ini adalah titik awal untuk mulai mendaki ke puncak Gunung Ciremai. Ketinggian disini sudah mencapai 1400 MDPL dengan rata-rata suhu 19°C setiap harinya. Curah hujan pun sangat besar di tempat ini, tidak heran kabut pekat menyelimuti dan hawa dingin mulai merasuk ke dalam tubuh. Untuk akses jalan tidak 100 persen bagus, hati-hati saat mencapai pos 4 ini karena jalanan yang terjal dan tebing juga jalan kecil sehingga harus hati-hati untuk melewatinya",,positif,pos pendakian gunung ciremai jalur apuy ini adalah pos 4 ketika hendak mendaki ke puncak gunung ciremai teman teman bisa menitipkan sepeda motor disini dengan harga 1 malam rp 10 000 di jamin aman pos ini adalah titik awal untuk mulai mendaki ke puncak gunung ciremai ketinggian disini sudah mencapai 1400 mdpl dengan rata rata suhu 19 sih setiap harinya curah hujan pun sangat besar di tempat ini tidak heran kabut pekat menyelimuti dan hawa dingin mulai merasuk ke dalam tubuh untuk akses jalan tidak 100 persen bagus hati hati saat mencapai pos 4 ini karena jalanan yang terjal dan tebing juga jalan kecil sehingga harus hati hati untuk melewatinya,0,0,0,1,1,positif,-,-,-
374,Basecamp Pendakian Jalur Palutungan & Apuy,Jalur Pendakian & Basecamp,5,"Tempatnya enak, luas dan lumayan bersih Suasananya syahdu karena ada di atas bukit, tapi jalan menuju basecamp nya bikin senam jantung",,positif,tempatnya enak luas dan lumayan bersih suasananya syahdu karena ada di atas bukit tapi jalan menuju pos registrasi nya bikin senam jantung,0,0,1,1,0,positif,-,-,-
375,Basecamp Pendakian Jalur Palutungan & Apuy,Jalur Pendakian & Basecamp,5,"Pos pendakian yang lumayan lengkap, dimana terdapat mushola, warung tempat makan, toilet umum dan tempat parkir, ada juga tempat beristirahat sebelum memulai mendaki, biaya registrasi 50k, itu termasuk tiket masuk, sertifikat, makan,",,positif,pos pendakian yang lumayan lengkap dimana terdapat mushola warung tempat makan toilet umum dan tempat parkir ada juga tempat beristirahat sebelum memulai mendaki biaya registrasi 50k itu termasuk tiket masuk sertifikat makan,1,0,1,0,1,positif,-,-,-
376,Basecamp Pendakian Jalur Palutungan & Apuy,Jalur Pendakian & Basecamp,5,Gerbang awal pendakian Gunung Ciremai dari Desa Apuy. Disini anda dapat beristirahat di pondok yang telah disediakan untuk pendaki atau mendirikan sendiri tenda anda pada lokasi camping ground yang cukup luas. Terdapat banyak warung yang menyediakan makanan untuk bekal tenaga anda sebelum melakukan pendakian. Juga terdapat toilet dan musholla yang sangat nyaman.,,positif,gerbang awal pendakian gunung ciremai dari desa apuy disini anda dapat beristirahat di pondok yang telah disediakan untuk pendaki atau mendirikan sendiri tenda anda pada lokasi camping ground yang cukup luas terdapat banyak warung yang menyediakan makanan untuk bekal tenaga anda sebelum melakukan pendakian juga terdapat toilet dan musholla yang sangat nyaman,1,0,0,0,1,positif,-,-,-
377,Basecamp Pendakian Jalur Palutungan & Apuy,Jalur Pendakian & Basecamp,5,"Pos pendakian paling tinggi yang pernah saya kunjungi, Warung juga tersedia disini dan untuk ngecamp ceria bareng keluarga juga bisa di pos ini.  Pemandangan dari sini juga sudah bikin klepek-klepek apalagi pas di puncak ya 😁👍",,positif,pos pendakian paling tinggi yang pernah saya kunjungi warung juga tersedia disini dan untuk ngecamp ceria bareng keluarga juga bisa di pos ini pemandangan dari sini juga sudah bikin klepek klepek apalagi pas di puncak ya,0,0,0,0,1,positif,-,-,-
378,Basecamp Pendakian Jalur Palutungan & Apuy,Jalur Pendakian & Basecamp,5,"Bukan hanya wisata alam akan tetapi kemandirian energi listrik yang berpedoman pada energi hijau ada di sini.  Bukan hanya konservasi alam saja akan tetapi di sini juga kita bisa belajar tentang konservasi energi. Kemandirian energi listrik di bc berod merupakan konservasi energi ramah lingkungan dan terbarukan walau masih sederhana dan butuh pengembangan terutama di sistem pembangkit antara lain turbin crossflow yang masih sederhana dan butuh pengembangan, generator yang belum menggunakan setabilizer seperti AVR(automatic voltage regulator) ataupun ELC(electronic load controller). Bagi sahabat yang ingin belajar dan ikut berpartisipasi dalam pengembangan kemandirian energi bisa jadi referensi untuk dikunjungi",,positif,bukan hanya wisata alam akan tetapi kemandirian energi listrik yang berpedoman pada energi hijau ada di sini bukan hanya konservasi alam saja akan tetapi di sini juga kita bisa belajar tentang konservasi energi kemandirian energi listrik di basecamp berod merupakan konservasi energi ramah lingkungan dan terbarukan walau masih sederhana dan butuh pengembangan terutama di sistem pembangkit antara lain turbin crossflow yang masih sederhana dan butuh pengembangan generator yang belum menggunakan setabilizer seperti avr automatic voltage regulator ataupun elc electronic load controller bagi sahabat yang ingin belajar dan ikut berpartisipasi dalam pengembangan kemandirian energi bisa jadi referensi untuk dikunjungi,0,0,1,0,0,positif,-,-,-
380,Basecamp Pendakian Jalur Palutungan & Apuy,Jalur Pendakian & Basecamp,5,"sejuk & nyaman fasilitas warung jajanan, kamar mandi & musholla",,positif,sejuk nyaman fasilitas warung jajanan kamar mandi musholla,1,0,0,0,1,positif,-,-,-
381,Basecamp Pendakian Jalur Palutungan & Apuy,Jalur Pendakian & Basecamp,5,"Bikin nyaman dan betah gan, Apuy, yang merupakan jalur yang paling mudah dan paling singkat walaupun akses menuju basecamp nya lumayan sulit. Sedikit intermesso mengenai Ciremai, lanjut menuju cerita pendakian Gunung Ciremai kali ini.",,positif,bikin nyaman dan betah gan apuy yang merupakan jalur yang paling mudah dan paling singkat walaupun akses menuju pos registrasi nya lumayan sulit sedikit intermesso mengenai ciremai lanjut menuju cerita pendakian gunung ciremai kali ini,0,0,1,1,0,positif,-,-,-
382,Basecamp Pendakian Jalur Palutungan & Apuy,Jalur Pendakian & Basecamp,5,"Pendakian ceremei lewat apuy yang katanya jalur paling melehoy diantara yang lainnya. Kesini diantar via mobil losbak karna mobil kecil kita, kita titipkan di desa dekat masjid.",,positif,pendakian ceremei lewat apuy yang katanya jalur paling melehoy diantara yang lainnya kesini diantar via mobil losbak karena mobil kecil kita kita titipkan di desa dekat masjid,0,0,0,1,0,positif,-,-,-
383,Basecamp Pendakian Jalur Palutungan & Apuy,Jalur Pendakian & Basecamp,5,Basecamp pendakian yang cukup bersih dan nyaman,,positif,pos registrasi pendakian yang cukup bersih dan nyaman,0,0,1,0,0,positif,-,-,-
385,Basecamp Pendakian Jalur Palutungan & Apuy,Jalur Pendakian & Basecamp,5,"Pos Pendakian Gunung Ciremai via Apuy, Buper Berod - Argamukti, majalengka. Fasilitas : - Bumi Perkemahan - Curug Batu Bereum - Jalur Pendakian - Wisata Religi (Napak Tilas Gunung Pucuk) - Warung Makan - Toilet - Mushola - Mandiri Energi (PLTA) - Panorama - Agro Wisata - Flora dan Fauna",,positif,pos pendakian gunung ciremai via apuy buper berod argamukti majalengka fasilitas bumi perkemahan curug batu bereum jalur pendakian wisata religi napak tilas gunung pucuk warung makan toilet mushola mandiri energi plta panorama agro wisata flora dan fauna,1,0,0,1,1,positif,-,-,-
386,Basecamp Pendakian Jalur Palutungan & Apuy,Jalur Pendakian & Basecamp,5,"Lokasi jalur pendakian Gunung Ciremai yang aman dan juga warga nya ramah"" Di tambah ada paket nasi yang bisa di ambil baik sebelum berangkat mau pun setelah turun mendaki",,positif,lokasi jalur pendakian gunung ciremai yang aman dan juga warga nya ramah di tambah ada paket nasi yang bisa di ambil baik sebelum berangkat mau pun setelah turun mendaki,0,0,1,1,0,positif,-,-,-
387,Basecamp Pendakian Jalur Palutungan & Apuy,Jalur Pendakian & Basecamp,5,"Sebuah tempat untuk memperoleh perijinan bagi yang mau melakukan aktivitas hiking atau pendakian ke gunung cereme via jalur apuy, untuk registrasi kita di kenakan biaya sebesar Rp.50000 dari biaya tersebut kita mendapatkan kan simaksi, kupon makan dan yang tak kalah penting setelah melakukan pendakian kita akan mendapatkan piagam penghargaan sebagai bukti telah berpartisipasi dalam kegiatan pendakian gunung ciremai.",,positif,sebuah tempat untuk memperoleh perijinan bagi yang mau melakukan aktivitas hiking atau pendakian ke gunung cereme via jalur apuy untuk registrasi kita di kenakan biaya sebesar rp 50000 dari biaya tersebut kita mendapatkan kan izin pendakian registrasi kupon makan dan yang tak kalah penting setelah melakukan pendakian kita akan mendapatkan piagam penghargaan sebagai bukti telah berpartisipasi dalam kegiatan pendakian gunung ciremai,0,0,1,1,1,positif,-,-,-
388,Basecamp Pendakian Jalur Palutungan & Apuy,Jalur Pendakian & Basecamp,5,"Pokoknya mantap suasananya bisa ngecamp disini juga, tpi jangan lupa bawa jaket n bawa kendaraan nya yg sehat ya hati2 pas mau naek ke pos pendakian nya ya",,positif,pokoknya mantap suasananya bisa ngecamp disini juga tapi jangan lupa bawa jaket n bawa kendaraan nya yang sehat ya hati-hati pas mau naik ke pos pendakian nya ya,0,0,0,0,0,positif,-,-,-
391,Basecamp Pendakian Jalur Palutungan & Apuy,Jalur Pendakian & Basecamp,5,Enak banget sih jalan nya tidak terjal,,positif,enak banget sih jalan nya tidak terjal,0,0,0,1,0,positif,-,-,-
392,Basecamp Pendakian Jalur Palutungan & Apuy,Jalur Pendakian & Basecamp,5,Fasilitas ok Toilet banyak Air melimpah Guest host gratis.. Suhu dingin. 25°,,positif,fasilitas ok toilet banyak air melimpah guest host gratis suhu dingin 25,1,0,0,0,0,positif,-,-,-
394,Basecamp Pendakian Jalur Palutungan & Apuy,Jalur Pendakian & Basecamp,5,"jalur pendakian gunung ciremai atau cireme paling ringan jika dibandingkan dengan jalur lain.meskipun jalur ini terkenal nyaman,santai,enak,tidak bisa dianggap enteng juga.. ingin jelasnya silahkan dicoba.",,positif,jalur pendakian gunung ciremai atau cireme paling ringan jika dibandingkan dengan jalur lain meskipun jalur ini terkenal nyaman santai enak tidak bisa dianggap enteng juga ingin jelasnya silakan dicoba,0,0,0,1,0,positif,-,-,-
395,Basecamp Pendakian Jalur Palutungan & Apuy,Jalur Pendakian & Basecamp,5,Jalur tracking terfavorit di majalengka.,,positif,jalur tracking terfavorit di majalengka,0,0,0,1,0,positif,-,-,-
396,Basecamp Pendakian Jalur Palutungan & Apuy,Jalur Pendakian & Basecamp,5,Pos pendakian ternyaman dari beberapa pos pendakian gn ciremai. Petugas pendakian yang siap siaga. Pelayanan petugas yg ramah. Jalur paling nyaman. #salam lestari,,positif,pos pendakian ternyaman dari beberapa pos pendakian begini ciremai petugas pendakian yang siap siaga pelayanan petugas yang ramah jalur paling nyaman salam lestari,0,0,1,1,0,positif,-,-,-
399,Basecamp Pendakian Jalur Palutungan & Apuy,Jalur Pendakian & Basecamp,5,"Pos pertama Ciremai memiliki perbedaan dgn pos-pos lain yakni pelayanannya lebih ramah disini 😊  #itu menurut saya, tapi kalian harus coba kesini mendakilah",,positif,pos pertama ciremai memiliki perbedaan dengan pos pos lain yakni pelayanannya lebih ramah disini itu menurut saya tapi kalian harus coba kesini mendakilah,0,0,1,0,0,positif,-,-,-
400,Basecamp Pendakian Jalur Palutungan & Apuy,Jalur Pendakian & Basecamp,5,"enak tempatnya, warung bnyak, makan kenyang enak, mck banyak, ada masjid jg, ah pengen lagi kesini",,positif,enak tempatnya warung banyak makan kenyang enak mck banyak ada masjid juga ah pengin lagi kesini,1,0,0,0,1,positif,-,-,-
401,Basecamp Pendakian Jalur Palutungan & Apuy,Jalur Pendakian & Basecamp,5,"Menarik  , jalur menuju basecamp nya menantang, cuma ngga ada sumber air",,positif,menarik jalur menuju pos registrasi nya menantang cuma enggak ada sumber air,1,0,1,1,0,positif,-,-,-
402,Basecamp Pendakian Jalur Palutungan & Apuy,Jalur Pendakian & Basecamp,5,"Bagus, rindang nan nyaman. Banyak tersedia warung untuk beristirahat dan melengkapi logistik ketika mendaki",,positif,bagus rindang nan nyaman banyak tersedia warung untuk beristirahat dan melengkapi logistik ketika mendaki,0,0,0,0,1,positif,-,-,-
403,Basecamp Pendakian Jalur Palutungan & Apuy,Jalur Pendakian & Basecamp,5,Nyaman basecamp nya,,positif,nyaman pos registrasi nya,0,0,1,0,0,positif,-,-,-
405,Basecamp Pendakian Jalur Palutungan & Apuy,Jalur Pendakian & Basecamp,5,"Untuk yang akan mendaki ke Gunung Ciremai (Puncak tertinggi Jawa Barat), saya rekomendasikan untuk lewat jalur Apuy, Majalengka",,positif,untuk yang akan mendaki ke gunung ciremai puncak tertinggi jawa barat saya rekomendasikan untuk lewat jalur apuy majalengka,0,0,0,1,0,positif,-,-,-
407,Basecamp Pendakian Jalur Palutungan & Apuy,Jalur Pendakian & Basecamp,5,Area nyaman bnyak fasilitas.,,positif,area nyaman banyak fasilitas,0,0,0,0,0,positif,-,-,-
408,Basecamp Pendakian Jalur Palutungan & Apuy,Jalur Pendakian & Basecamp,5,"Pos pendakian apuy,, berada di majalengka",,positif,pos pendakian apuy berada di majalengka,0,0,0,0,0,positif,-,-,-
409,Basecamp Pendakian Jalur Palutungan & Apuy,Jalur Pendakian & Basecamp,5,"Atap jawa barat! gokil sih pendakian kali ini seru banget dan banyak cerita, pas kesini lagi debu bangetttt terus trail nya juga lumayan teknikal banyak batu batu pas summit nya dan yang bikin seru tuh dari bc ke pintu rimba naik pick up",,positif,atap jawa barat gila sih pendakian kali ini seru banget dan banyak cerita pas kesini lagi debu banget terus trail nya juga lumayan teknikal banyak batu batu pas summit nya dan yang bikin seru tuh dari basecamp ke pintu rimba naik pick up,0,0,0,1,0,positif,-,-,-
410,Basecamp Pendakian Jalur Palutungan & Apuy,Jalur Pendakian & Basecamp,5,Basecamp yang nyaman.. terimakasih telah mengizinkan saya untuk menggapai Atap Jabar..,,positif,pos registrasi yang nyaman terimakasih telah mengizinkan saya untuk menggapai atap jabar,0,0,1,0,0,positif,-,-,-
412,Basecamp Pendakian Jalur Palutungan & Apuy,Jalur Pendakian & Basecamp,5,GOKIL TREK NYAAAA,,positif,gila trek nya,0,0,0,1,0,positif,-,-,-
413,Basecamp Pendakian Jalur Palutungan & Apuy,Jalur Pendakian & Basecamp,5,"Menurut saya simaksi Gunung Ciremai ini mahal, tapi fasilitas yang disediakan sepadan, di basecamp ini banyak warung, toilet, tempat parkir luas, ada mushola, dan ada juga tempat istirahat yang cukup untuk menampung banyak orang. Pos registrasi buka pukul 01.00 untuk para pendaki yang ingin tektok, namun pendaki dapat mulai perjalanan pukul 02.00 setelah menjalani sesi briefing terlebih dahulu dengan pihak basecamp. Gunung Ciremai via Apuy terdapat 6 pos yang menurut saya dari basecamp sampai pos 5 itu masih cukup mudah untuk didaki, namun dari pos 5 sampai puncak jalannya berubah menjadi cukup menguras tenaga, meskipun begitu jalan menuju puncak disuguhi pemandangan yang cantik, oleh karena itu sebelum mulai mendaki disarankan untuk latihan fisik terlebih dahulu.",,positif,menurut saya izin pendakian registrasi gunung ciremai ini mahal tapi fasilitas yang disediakan sepadan di pos registrasi ini banyak warung toilet tempat parkir luas ada mushola dan ada juga tempat istirahat yang cukup untuk menampung banyak orang pos registrasi buka pukul 01 00 untuk para pendaki yang ingin pendakian cepat namun pendaki dapat mulai perjalanan pukul 02 00 setelah menjalani sesi briefing terlebih dahulu dengan pihak pos registrasi gunung ciremai via apuy terdapat 6 pos yang menurut saya dari pos registrasi sampai pos 5 itu masih cukup mudah untuk didaki namun dari pos 5 sampai puncak jalannya berubah menjadi cukup menguras tenaga meskipun begitu jalan menuju puncak disuguhi pemandangan yang cantik oleh karena itu sebelum mulai mendaki disarankan untuk latihan fisik terlebih dahulu,1,0,1,1,1,positif,-,-,-
421,Basecamp Pendakian Jalur Palutungan & Apuy,Jalur Pendakian & Basecamp,5,Semua berawal dr sini Fasilitas lengkap Mulai dr mck dan warung,,positif,semua berawal dari sini fasilitas lengkap mulai dari mck dan warung,1,0,0,0,1,positif,-,-,-
428,Basecamp Pendakian Jalur Palutungan & Apuy,Jalur Pendakian & Basecamp,5,Jalur ramah,,positif,jalur ramah,0,0,1,1,0,positif,-,-,-
436,Basecamp Pendakian Jalur Linggarjati,Jalur Pendakian & Basecamp,4,Pengalaman pribadi saya sangat menyenangkan memicu adrenalin dan membuat kita semakin semangat untuk sampai puncak karena jalur yang luar biasa. #sobatciremai,,positif,pengalaman pribadi saya sangat menyenangkan memicu adrenalin dan membuat kita semakin semangat untuk sampai puncak karena jalur yang luar biasa sobatciremai,0,0,0,1,0,positif,-,-,-
438,Basecamp Pendakian Jalur Linggarjati,Jalur Pendakian & Basecamp,4,Posisi jalan depan rumah penduduk di daerah sini sdh berada di kemiringan 30-45°,,positif,posisi jalan depan rumah penduduk di daerah sini sudah berada di kemiringan 30 45,0,0,0,1,0,positif,-,-,-
439,Basecamp Pendakian Jalur Linggarjati,Jalur Pendakian & Basecamp,4,"Naik gunung lwt pos linggarjati, jalur nya mantap,,",,positif,naik gunung lewat pos linggarjati jalur nya mantap,0,0,0,1,0,positif,-,-,-
441,Basecamp Pendakian Jalur Linggarjati,Jalur Pendakian & Basecamp,5,Pada hari Minggu 1 Febuari 2025 saya mengunjungi tempat ini untuk Hiking menuju Pos 3 Untuk Tiketnya 20RB free Stiker.,,positif,pada hari minggu 1 febuari 2025 saya mengunjungi tempat ini untuk hiking menuju pos 3 untuk tiketnya 20rb free stiker,0,0,0,0,0,positif,-,-,-
442,Basecamp Pendakian Jalur Linggarjati,Jalur Pendakian & Basecamp,5,"Pelayanannya ramah sekali, Rangernya sangat protektif terhadap para pendaki dan sangat ketat sistem pendakiannya. Dilarang bawa tisue basah, perorang diwajibkan membawa 5L air segala hal yang mengandung sampah wajib hukumnya dibawa turun kembali. Salah satu trek terekstrem di Asia. Memiliki 14 Pos, terdapat 4 Pos Camp Area, 1 Shelter tepatnya di pos 3 Kondang Amis. Vegetasinya masih lebat, edelweis tumbuh suburu diketinggian 3.000mdpl. Jalur ini memiliki 2 puncak, puncak Pangolokan dan Puncak Tertinggi adalah Puncak Sunan Gunung Jati elevasi 3.078mdpl. Ranger memiliki peran penting dalam pendakian dan mereka memiliki tanggungjawab yang bukan main-main, para ranger disini akan menjemput grup pendakian yang sudah 3 hari namun belum juga turun gunung, hal ini dimaksudkan sebagai antisipasi terhadap hal-hal yang tidak diinginkan.",,positif,pelayanannya ramah sekali rangernya sangat protektif terhadap para pendaki dan sangat ketat sistem pendakiannya dilarang bawa tisue basah perorang diwajibkan membawa 5l air segala hal yang mengandung sampah wajib hukumnya dibawa turun kembali salah satu trek terekstrem di asia memiliki 14 pos terdapat 4 pos camp area 1 shelter tepatnya di pos 3 kondang amis vegetasinya masih lebat edelweis tumbuh suburu diketinggian 3 000mdpl jalur ini memiliki 2 puncak puncak pangolokan dan puncak tertinggi adalah puncak sunan gunung jati elevasi 3 078mdpl petugas memiliki peran penting dalam pendakian dan mereka memiliki tanggungjawab yang bukan main main para petugas disini akan menjemput grup pendakian yang sudah 3 hari namun belum juga turun gunung hal ini dimaksudkan sebagai antisipasi terhadap hal hal yang tidak diinginkan,1,1,1,1,0,netral,-,-,-
443,Basecamp Pendakian Jalur Linggarjati,Jalur Pendakian & Basecamp,5,Staff dan rangernya super duper ramah.. Salluuttt banget deh!  Terima kasih atas info dan wejangannya pak Zul...  Tanggal 1 februari 2020 via jalur ini harga tiket 70rb ++ nasi bungkus!  Parkir mobil 25rb sampai puas..,,positif,staff dan rangernya super duper ramah salluuttt banget deh terima kasih atas info dan wejangannya pak zul tanggal 1 februari 2020 via jalur ini harga tiket 70rb nasi bungkus parkir mobil 25rb sampai puas,0,0,1,1,1,positif,-,-,-
444,Basecamp Pendakian Jalur Linggarjati,Jalur Pendakian & Basecamp,5,"Pendakian yang sangat berkesan,kami rombongan dari Batang,Jateng sangat puas dengan trek pendakian ini,perjalanan panjang & cukup menguji kesabaran😁.di sepanjang trek baik di pos resmi maupun pos bayangan terdapat tempat untuk duduk yang cukup untuk team.hanya memang untuk fasilitas basecamp kurang luas ,sehingga ketika kami tiba,harus beristirahat & packing di emperan penginapan depan basecamp .",,positif,pendakian yang sangat berkesan kami rombongan dari batang jateng sangat puas dengan trek pendakian ini perjalanan panjang cukup menguji kesabaran di sepanjang trek baik di pos resmi maupun pos bayangan terdapat tempat untuk duduk yang cukup untuk team hanya memang untuk fasilitas pos registrasi kurang luas sehingga ketika kami tiba harus beristirahat packing di emperan penginapan depan pos registrasi,0,0,1,1,0,positif,-,-,-
445,Basecamp Pendakian Jalur Linggarjati,Jalur Pendakian & Basecamp,5,Pos perijinan pendakian jalur Linggarjati.  Pengurusan simaksi atau Surat Izin Masuk Kawasan Konservasi. Surat izin ini ibarat tiket masuk sebelum melakukan pendakian ke gunung. Gunung ciremai sendiri memiliki ketinggian 3078 meter diatas permukaan air laut.  Salam lestari alamku Bersahabat erat dengan alam.,,positif,pos perijinan pendakian jalur linggarjati pengurusan izin pendakian registrasi atau surat izin masuk kawasan konservasi surat izin ini ibarat tiket masuk sebelum melakukan pendakian ke gunung gunung ciremai sendiri memiliki ketinggian 3078 meter diatas permukaan air laut salam lestari alamku bersahabat erat dengan alam,1,0,1,1,1,positif,-,-,-
446,Basecamp Pendakian Jalur Linggarjati,Jalur Pendakian & Basecamp,5,"Pada hari Minggu 2 Agustus 2020 , pos pendakian belum di buka untuk umum karena masa pandemi covid-19. Belum tahu sampai kapan akan di buka kembali. 😭",,positif,pada hari minggu 2 agustus 2020 pos pendakian belum di buka untuk umum karena masa pandemi covid 19 belum tahu sampai kapan akan di buka kembali,0,0,0,0,0,positif,-,-,-
447,Basecamp Pendakian Jalur Linggarjati,Jalur Pendakian & Basecamp,5,"Pos perizinan masuk kawasan Taman Nasional gunung Ciremai, Via Linggarjati. Bc Deket dengan Jalan Utama Cirebon-Kuningan",,positif,pos perizinan masuk kawasan taman nasional gunung ciremai via linggarjati basecamp dekat dengan jalan utama cirebon kuningan,0,0,0,1,0,positif,-,-,-
449,Basecamp Pendakian Jalur Linggarjati,Jalur Pendakian & Basecamp,5,"Tempatnya nyaman,warga sekitas juga ramah,para ranger yg asik dan welcome",,positif,tempatnya nyaman warga sekitas juga ramah para petugas yang asik dan welcome,0,0,1,0,0,positif,-,-,-
451,Basecamp Pendakian Jalur Linggarjati,Jalur Pendakian & Basecamp,5,"Jalur pendakian yang sangat panjang,. Cocok buat jiwa adventure",,positif,jalur pendakian yang sangat panjang cocok buat jiwa adventure,0,0,0,1,0,positif,-,-,-
452,Basecamp Pendakian Jalur Linggarjati,Jalur Pendakian & Basecamp,5,"Yuk yang mauu naik ke gunung ciremai,bisa banget kak naik jalur pendakian linggarjati nyaa,, jalur nyaa jugaa menantang bgt kak..  Pkoknyaa bakalan seru banget kak diperjalanan.... Abis turun dari pendakian jangan lupa nginep dulu di penginapan pondok family nya kak ada pemandian air panas nya dan harga juga murah kak...",,positif,yuk yang mau naik ke gunung ciremai bisa banget kak naik jalur pendakian linggarjati nya jalur nya juga menantang banget kak pokoknya bakalan seru banget kak diperjalanan habis turun dari pendakian jangan lupa nginep dulu di penginapan pondok family nya kak ada pemandian air panas nya dan harga juga murah kak,1,0,0,1,1,positif,-,-,-
453,Basecamp Pendakian Jalur Linggarjati,Jalur Pendakian & Basecamp,5,Smua'y dapet pokok'y mantaf deh Keren jalur linggajati,,positif,semua ya dapat pokok ya mantaf deh keren jalur linggajati,0,0,0,1,0,positif,-,-,-
454,Basecamp Pendakian Jalur Linggarjati,Jalur Pendakian & Basecamp,5,jalur yang sangat rekomendasi untuk pemula karena sangat bersahabat untuk kaki dan mental,,positif,jalur yang sangat rekomendasi untuk pemula karena sangat bersahabat untuk kaki dan mental,0,0,0,1,0,positif,-,-,-
455,Basecamp Pendakian Jalur Linggarjati,Jalur Pendakian & Basecamp,5,Enak di Cibunar sebenarnya pos nya disini area parkir nya sempit dan kurang nyaman buat istirahat. Atau transit pendaki.,,positif,enak di cibunar sebenarnya pos nya disini area parkir nya sempit dan kurang nyaman buat istirahat atau transit pendaki,0,0,0,0,1,positif,-,-,-
459,Basecamp Pendakian Jalur Linggarjati,Jalur Pendakian & Basecamp,5,pos resmi yg sepi pengunjung ajib buat nenangin diri,,positif,pos resmi yang sepi pengunjung ajib buat nenangin diri,0,0,0,0,0,positif,-,-,-
461,Basecamp Pendakian Jalur Linggarjati,Jalur Pendakian & Basecamp,5,"Jos, jalur nya mantap gak dikasih nafas",,positif,jos jalur nya mantap enggak dikasih nafas,0,0,0,1,0,positif,-,-,-
467,Basecamp Pendakian Jalur Linggarjati,Jalur Pendakian & Basecamp,5,Pos pendaftaran pendakian gunung ciremai,,positif,pos pendaftaran pendakian gunung ciremai,0,0,0,0,0,positif,-,-,-
468,Basecamp Pendakian Jalur Linggarjati,Jalur Pendakian & Basecamp,5,Jalur pendakian terberat Gn. Ciremai.,,positif,jalur pendakian terberat begini ciremai,0,0,0,1,0,positif,-,-,-
478,Basecamp Pendakian Jalur Linggarjati,Jalur Pendakian & Basecamp,5,Jalur terextrim,,positif,jalur terextrim,0,0,0,1,0,positif,-,-,-
479,Basecamp Pendakian Jalur Linggasana,Jalur Pendakian & Basecamp,1,"Jadi kemarin temen saya nanya ke cp nya via WhatsApp buat nanyain tentang jalur Linggasana, tapi jutek banget balesnya. Terus pas ditanya harga tiket nya 75K. Buset, mending pake jalur lain. Ada buktinya kok.",,negatif,jadi kemarin teman saya bertanya ke cp nya via whatsapp buat nanyain tentang jalur linggasana tapi tidak ramah banget balesnya terus pas ditanya harga tiket nya 75k buset mending pakai jalur lain ada buktinya kok,0,0,1,1,1,negatif,"[Pelayanan Ranger]: Standarisasi standar operasional prosedur keramahan petugas loket dan customer service WhatsApp basecamp serta penambahan personel saat akhir pekan. 
[Biaya Logistik]: Pemasangan papan informasi resmi rincian tarif tiket, asuransi, tes kesehatan, dan retribusi parkir di gerbang masuk basecamp. 
[Jalur Trek]: Pemasangan pita reflektif fosfor penanda jalur malam dan penggantian tali pengaman webbing yang putus atau lapuk di titik terjal.","[Pelayanan Ranger]: Peningkatan kapasitas infrastruktur server booking simaksi online bebas down dan pelatihan hospitality bagi volunteer dan ranger pos. 
[Biaya Logistik]: Penertiban dan standarisasi tarif batas atas angkutan transit (truk/mobil bak Sadarehe) dan panduan harga warung logistik pos. 
[Jalur Trek]: Pembuatan undakan kayu atau batu penahan erosi tanah di tanjakan terjal dan peremajaan plang penunjuk kilometer anti-cuaca.","[Pelayanan Ranger]: Implementasi smart gate otomatis mandiri berbasis scan barcode terintegrasi e-KTP dan sertifikasi kompetensi ranger pemandu nasional. 
[Biaya Logistik]: Paket ekowisata terpadu (tiket simaksi, tes kesehatan, makan produk UMKM lokal, transportasi) dalam satu platform digital TNGC. 
[Jalur Trek]: Sistem buka-tutup jalur berkala berbasis daya dukung lingkungan untuk pemulihan vegetasi dan penetapan jalur evakuasi helipad darurat."
480,Basecamp Pendakian Jalur Linggasana,Jalur Pendakian & Basecamp,2,Fasilitas tdk di pelihara dng baik,,negatif,fasilitas tidak di pelihara dengan baik,0,0,0,0,0,negatif,Monitoring berkala kepuasan operasional.,Evaluasi berkala kepuasan pengunjung.,Alokasi anggaran tahunan Balai TNGC.
483,Basecamp Pendakian Jalur Linggasana,Jalur Pendakian & Basecamp,4,Nyobain lari melalui jalur Linggasana menuju pos 3 pendakian Gunung Ciremai. Tracknya lebih enak sih.,,positif,mencoba lari melalui jalur linggasana menuju pos 3 pendakian gunung ciremai tracknya lebih enak sih,0,0,0,1,0,positif,-,-,-
484,Basecamp Pendakian Jalur Linggasana,Jalur Pendakian & Basecamp,4,"Mau lewat sini harus rajin olah raga, dari pos 8 sampe puncak ciremai bisa di tempuh 3,5 jam",,positif,mau lewat sini harus rajin olah raga dari pos 8 sampai puncak ciremai bisa di tempuh 3 5 jam,0,0,0,0,0,positif,-,-,-
485,Basecamp Pendakian Jalur Linggasana,Jalur Pendakian & Basecamp,4,Pos pendaftaran untuk yang ingin mendaki ke gunung Ciremai. Ada banyak toilet yang bersih dan warung makan,,positif,pos pendaftaran untuk yang ingin mendaki ke gunung ciremai ada banyak toilet yang bersih dan warung makan,1,0,0,0,1,positif,-,-,-
487,Basecamp Pendakian Jalur Linggasana,Jalur Pendakian & Basecamp,4,"Pos pendakian menuju puncak Gunung Ceremai dari jalur Linggasana. Sangat layak menjadi tempat transit bagi para pendaki atau untuk umum karena tersedia fasilitas MCK yg bersih, barak untuk tidur (beratap tanpa dinding depan), warung bp. Opik, pos tiket, musholla, camping ground dan spot2 foto dengan view yg indah.  Tempat parkir luas, area bersih dan penjaga2nya ramah serta mau memberikan keterangan yang baik seputar lokasi dan pendakian. Para penjaga juga merangkap ranger, guide atau sebagai tim SAR. Para pengunjung diharapkan mematuhi peraturan yg ditetapkan dan mengikuti arahan para ranger disana serta di pos ini lokasinya sudah bersih dan ada tempat-tempat sampah.  Bagi yang akan Camping atau mendaki tapi kekurangan perlengkapan utama seperti tenda, sleeping bag, matras tidur dll bisa langsung menyewa disini dengan harga yg relatif murah.  Udara disini cukup dingin terutama di musim kemarau, pepohonan berupa hutan heterogen karena ini adalah batas Taman Nasional Gunung Ceremai. Suara berbagai macam satwa dilindungi masih ada, seperti burung, tupai dan  monyet. Jika sedang beruntung di pagi hari di musim tertentu kita akan melihat monyet2 bergerombol di seberang lembah.  Menuju lokasi ini dicapai dari jalan raya Linggardjati, Jika dari arah jalan raya Cirebon - Kuningan, setelah masuk jalan Linggardjati lurus terus sd desa Linggasana lalu jalan ini akan mentok di pos pendaki ini.  Bagi yang berencana membuat kegiatan atau akan melakukan pendakian dengan jalur ini, bisa menghubingi: 1. Bp Taufiq (Opik) WA 0857-2426-7235 2. Bp. Adi Sunadi WA 0896-6456-7541 Beliau2 adalah petugas Ranger resmi disana.",,positif,pos pendakian menuju puncak gunung ceremai dari jalur linggasana sangat layak menjadi tempat transit bagi para pendaki atau untuk umum karena tersedia fasilitas mck yang bersih barak untuk tidur beratap tanpa dinding depan warung bp opik pos tiket musholla camping ground dan spot2 foto dengan view yang indah tempat parkir luas area bersih dan penjaga2nya ramah serta mau memberikan keterangan yang baik seputar lokasi dan pendakian para penjaga juga merangkap petugas guide atau sebagai tim sar para pengunjung diharapkan mematuhi peraturan yang ditetapkan dan mengikuti arahan para petugas disana serta di pos ini lokasinya sudah bersih dan ada tempat tempat sampah bagi yang akan camping atau mendaki tapi kekurangan perlengkapan utama seperti tenda sleeping bag matras tidur dll bisa langsung menyewa disini dengan harga yang relatif murah udara disini cukup dingin terutama di musim kemarau pepohonan berupa hutan heterogen karena ini adalah batas taman nasional gunung ceremai suara berbagai macam satwa dilindungi masih ada seperti burung tupai dan monyet jika sedang beruntung di pagi hari di musim tertentu kita akan melihat monyet2 bergerombol di seberang lembah menuju lokasi ini dicapai dari jalan raya linggardjati jika dari arah jalan raya cirebon kuningan setelah masuk jalan linggardjati lurus terus sd desa linggasana lalu jalan ini akan mentok di pos pendaki ini bagi yang berencana membuat kegiatan atau akan melakukan pendakian dengan jalur ini bisa menghubingi 1 bp taufiq opik wa 0857 2426 7235 2 bp adi sunadi wa 0896 6456 7541 beliau2 adalah petugas petugas resmi disana,1,1,1,1,1,positif,-,-,-
488,Basecamp Pendakian Jalur Linggasana,Jalur Pendakian & Basecamp,4,Jalur yang dilewati cukup berat walau begitu amat menyenangkan.,,positif,jalur yang dilewati cukup berat walau begitu amat menyenangkan,0,0,0,1,0,positif,-,-,-
489,Basecamp Pendakian Jalur Linggasana,Jalur Pendakian & Basecamp,4,Jalur ciremai linggasana trek nya mantap,,positif,jalur ciremai linggasana trek nya mantap,0,0,0,1,0,positif,-,-,-
490,Basecamp Pendakian Jalur Linggasana,Jalur Pendakian & Basecamp,4,Lumayan.. melelahkan karena terdapat jalur baru di via linggarsana,,positif,lumayan melelahkan karena terdapat jalur baru di via linggarsana,0,0,0,1,0,positif,-,-,-
491,Basecamp Pendakian Jalur Linggasana,Jalur Pendakian & Basecamp,4,"Tempat parkir luas, ada warung untuk beristirahat dan ngopi2 santuy & spot foto instagramable",,positif,tempat parkir luas ada warung untuk beristirahat dan ngopi2 santuy spot foto instagramable,0,0,0,0,1,positif,-,-,-
492,Basecamp Pendakian Jalur Linggasana,Jalur Pendakian & Basecamp,4,Tempat bascamp yg sangat bagus rapi dan sarana mck yg lengkap,,positif,tempat bascamp yang sangat bagus rapi dan sarana mck yang lengkap,1,0,0,0,0,positif,-,-,-
493,Basecamp Pendakian Jalur Linggasana,Jalur Pendakian & Basecamp,4,Lumayan bagus palkiran ny luas basecamp ny bersih,,positif,lumayan bagus palkiran nya luas pos registrasi nya bersih,0,0,1,0,0,positif,-,-,-
494,Basecamp Pendakian Jalur Linggasana,Jalur Pendakian & Basecamp,4,Jalur baru tapi seru ada sumber air,,positif,jalur baru tapi seru ada sumber air,1,0,0,1,0,positif,-,-,-
496,Basecamp Pendakian Jalur Linggasana,Jalur Pendakian & Basecamp,4,Membantu dam memberi petunjuk jalur,,positif,membantu dam memberi petunjuk jalur,0,0,0,1,0,positif,-,-,-
499,Basecamp Pendakian Jalur Linggasana,Jalur Pendakian & Basecamp,4,the best bet ni jalur,,positif,the best banget nih jalur,0,0,0,1,0,positif,-,-,-
500,Basecamp Pendakian Jalur Linggasana,Jalur Pendakian & Basecamp,4,Mantap trek ya pedes,,positif,mantap trek ya pedas,0,0,0,1,0,positif,-,-,-
503,Basecamp Pendakian Jalur Linggasana,Jalur Pendakian & Basecamp,5,"Hai teman-teman! 👋 Saya baru aja balik dari petualangan mendaki di Gunung Ciremai via Basecamp Linggasana di Kuningan, Jawa Barat, pada bulan April 2025, dan saya harus bilang kalau ini pengalaman yang super menantang! 🔥  Saya membayar tiket masuk Rp. 50.000 dan cek kesehatan Rp. 20.000, jadi totalnya Rp. 70.000. Saya rasa itu investasi yang worth it untuk pengalaman yang saya dapatkan! 💸 Gunung Ciremai ini memiliki ketinggian 3078 mdpl, dan jalur pendakiannya terdiri dari 12 pos, dengan estimasi waktu 1 jam untuk setiap pos.  Saya harus bilang bahwa jalur pendakian di Gunung Ciremai ini cukup panjang dan naik turun, jadi kurang cocok untuk pemula. Tapi, saya tetap menikmati perjalanan ini dengan suasana yang sepi dan alam yang indah. 🌳  Saya memilih untuk camping di pos 3 dan 8, yang cukup luas dan nyaman. Di pos 3, ada sumber air yang sangat berguna untuk kebutuhan sehari-hari. 🌊  Sayangnya, karena musim hujan, view yang saya dapatkan adalah kabut yang menutupi puncak Gunung Ciremai. Tapi, kabut ini juga memiliki keindahan tersendiri, membuat saya merasa seperti berada di dunia lain! 🌫️  Saya sangat puas dengan pengalaman mendaki di Gunung Ciremai ini! Jika kamu mencari tempat untuk menantang diri sendiri dan menikmati keindahan alam, maka Gunung Ciremai adalah pilihan yang tepat! 🌴👍 Tapi, pastikan kamu sudah siap secara fisik dan mental sebelum mendaki! 💪",,positif,hai teman teman saya baru saja balik dari petualangan mendaki di gunung ciremai via pos registrasi linggasana di kuningan jawa barat pada bulan april 2025 dan saya harus bilang kalau ini pengalaman yang super menantang saya membayar tiket masuk rp 50 000 dan cek kesehatan rp 20 000 jadi totalnya rp 70 000 saya rasa itu investasi yang worth itu untuk pengalaman yang saya dapatkan gunung ciremai ini memiliki ketinggian 3078 mdpl dan jalur pendakiannya terdiri dari 12 pos dengan estimasi waktu 1 jam untuk setiap pos saya harus bilang bahwa jalur pendakian di gunung ciremai ini cukup panjang dan naik turun jadi kurang cocok untuk pemula tapi saya tetap menikmati perjalanan ini dengan suasana yang sepi dan alam yang indah saya memilih untuk camping di pos 3 dan 8 yang cukup luas dan nyaman di pos 3 ada sumber air yang sangat berguna untuk kebutuhan sehari hari sayangnya karena musim hujan view yang saya dapatkan adalah kabut yang menutupi puncak gunung ciremai tapi kabut ini juga memiliki keindahan tersendiri membuat saya merasa seperti berada di dunia lain saya sangat puas dengan pengalaman mendaki di gunung ciremai ini jika kamu mencari tempat untuk menantang diri sendiri dan menikmati keindahan alam maka gunung ciremai adalah pilihan yang tepat tapi pastikan kamu sudah siap secara fisik dan mental sebelum mendaki,1,0,1,1,1,positif,-,-,-
504,Basecamp Pendakian Jalur Linggasana,Jalur Pendakian & Basecamp,5,"G ktemu pendaki lain. Tetep aman, jalur terlihat jelas. Cocok buat latihan fisik.",,positif,enggak ketemu pendaki lain tetap aman jalur terlihat jelas cocok buat latihan fisik,0,0,0,1,0,positif,-,-,-
505,Basecamp Pendakian Jalur Linggasana,Jalur Pendakian & Basecamp,5,"BC cukup lengkap, petugas yang ramah membantu, sarana istirahat dan parkir yang luas, warung makan minum juga siap. Yang bagusnya lagi dibantu 3 anjing guide untuk pendaki. Minus jalur Linggasana yakni rambu/petunjuk arah kurang, petunjuk jarak banyak salah, track yg kurang jelas/bagus untuk ukuran jalur resmi pendakian,,, kurang aman dan membingungkan bagi pendaki pemula atau yang baru melewati jalur ini.",,positif,basecamp cukup lengkap petugas yang ramah membantu sarana istirahat dan parkir yang luas warung makan minum juga siap yang bagusnya lagi dibantu 3 anjing guide untuk pendaki minus jalur linggasana yakni rambu petunjuk arah kurang petunjuk jarak banyak salah track yang kurang jelas bagus untuk ukuran jalur resmi pendakian kurang aman dan membingungkan bagi pendaki pemula atau yang baru melewati jalur ini,0,0,1,1,1,positif,-,-,-
506,Basecamp Pendakian Jalur Linggasana,Jalur Pendakian & Basecamp,5,Pos ini merupakan pos dari jalur baru untuk ke puncak ciremai. Di pos ini ketinggian sudah 600 mpdl. Di pos ini ada tempat istirahat ( kasur yg lumayan luas ) ada toilet dan mushola. Tempat parkir luas. Petugasnya ramah. Mereka info jalur2 pendakian dari linggasana ini. Pendaftaran 50k. Sudah dapat teh manis hangat dan makan sebelum dan sesudah pendakian. Serta dapat sertifikat pendakian setelah kita mendaki. Kalau hari jumat sabtu minggu di pos linggasana ini buka 24 jam. Tapi hari biasa cuma sampai jam 10 malem. Di sini juga ada penyewaan tenda dan perlengkapan camping. Tapi di pastikan dulu ke petugasnya apakah masih tersedia di peak season.,,positif,pos ini merupakan pos dari jalur baru untuk ke puncak ciremai di pos ini ketinggian sudah 600 mpdl di pos ini ada tempat istirahat kasur yang lumayan luas ada toilet dan mushola tempat parkir luas petugasnya ramah mereka info jalur2 pendakian dari linggasana ini pendaftaran 50k sudah dapat teh manis hangat dan makan sebelum dan sesudah pendakian serta dapat sertifikat pendakian setelah kita mendaki kalau hari jumat sabtu minggu di pos linggasana ini buka 24 jam tapi hari biasa cuma sampai jam 10 malam di sini juga ada penyewaan tenda dan perlengkapan camping tapi di pastikan dulu ke petugasnya apakah masih tersedia di peak season,1,0,1,1,1,positif,-,-,-
508,Basecamp Pendakian Jalur Linggasana,Jalur Pendakian & Basecamp,5,Jalur pendakian yang cocok untuk pecinta petualang,,positif,jalur pendakian yang cocok untuk pecinta petualang,0,0,0,1,0,positif,-,-,-
509,Basecamp Pendakian Jalur Linggasana,Jalur Pendakian & Basecamp,5,"Suasana nya enak sekali syahdu buat niis, ramah, area parkiranya sangat luat, terdapat mushola, toilet pria dan wanita, pokoknya recommended buat basecamp linggasana  buat para pendaki yang pengen naik gunung ceremai, vegetasi yang masih rapat, suasananya asri, mata air melimpah.",,positif,suasana nya enak sekali syahdu buat niis ramah area parkiranya sangat luat terdapat mushola toilet pria dan wanita pokoknya recommended buat pos registrasi linggasana buat para pendaki yang pengin naik gunung ceremai vegetasi yang masih rapat suasananya asri mata air melimpah,1,0,1,0,0,positif,-,-,-
510,Basecamp Pendakian Jalur Linggasana,Jalur Pendakian & Basecamp,5,"Pelayana dan fasilitas oke banget,trek nya   recommended  utk haiking /pendaki penikmat sepi .pokok'a treck na Masi virgin dech",,positif,pelayana dan fasilitas oke banget trek nya recommended untuk haiking pendaki penikmat sepi pokok a treck nya masih virgin deh,0,0,0,1,0,positif,-,-,-
511,Basecamp Pendakian Jalur Linggasana,Jalur Pendakian & Basecamp,5,jalur terlalu berkelok2 terlalu lama dan terlalu membosankan dan pegel dan sakit dan nyeri segala macem saya kapok lewat situ mending dari linggajati saja meskipun treknya lurus keatas jug itu lebih menantang,,positif,jalur terlalu berkelok2 terlalu lama dan terlalu membosankan dan pegel dan sakit dan nyeri segala macam saya kapok lewat situ mending dari linggajati saja meskipun treknya lurus keatas jug itu lebih menantang,0,0,0,1,0,positif,-,-,-
512,Basecamp Pendakian Jalur Linggasana,Jalur Pendakian & Basecamp,5,Pos pendakian gunung ciremai tertinggi di jawa barat. Pertama kali saya mendaki . Langsung atap jawa barat. banyak banget kenangan bareng temen temen Gegana😄😄,,positif,pos pendakian gunung ciremai tertinggi di jawa barat pertama kali saya mendaki langsung atap jawa barat banyak banget kenangan bareng teman teman gegana,0,0,0,0,0,positif,-,-,-
514,Basecamp Pendakian Jalur Linggasana,Jalur Pendakian & Basecamp,5,"basecamp nyaman sangat, kang ranger’nya ramah sekali. fasilitas lengkap ada parkir mobil & motor, toilet, warung makan.  Recomended basecamp",,positif,pos registrasi nyaman sangat kang petugas nya ramah sekali fasilitas lengkap ada parkir mobil motor toilet warung makan recomended pos registrasi,1,0,1,0,1,positif,-,-,-
515,Basecamp Pendakian Jalur Linggasana,Jalur Pendakian & Basecamp,5,"Jalur pendakian yang cukup menantang, sejuk, jauh dari hiruk pikuk. Untuk basecamp, fasilitasnya lengkap ada wifi juga. Ada banyak gazebo untuk beristritahat, toilet pria dan wanita, musola, tempat parkir yang luas, warung makan, dekat ke jalan raya.  Mudah di akses 👍",,positif,jalur pendakian yang cukup menantang sejuk jauh dari hiruk pikuk untuk pos registrasi fasilitasnya lengkap ada wifi juga ada banyak gazebo untuk beristritahat toilet pria dan wanita musola tempat parkir yang luas warung makan dekat ke jalan raya mudah di akses,1,0,1,1,1,positif,-,-,-
516,Basecamp Pendakian Jalur Linggasana,Jalur Pendakian & Basecamp,5,"Basecamp pendakian Gunung Ciremai via Linggasana. Sudah terdapat tempat untuk beristirahat walau terbatas, terdapat kamar mandi yang bersih dan tempat parkir yang luas.",,positif,pos registrasi pendakian gunung ciremai via linggasana sudah terdapat tempat untuk beristirahat walau terbatas terdapat kamar mandi yang bersih dan tempat parkir yang luas,1,0,1,0,1,positif,-,-,-
518,Basecamp Pendakian Jalur Linggasana,Jalur Pendakian & Basecamp,5,Trek pendakian masih fresh...banyak sumber air nya juga...selamat mencoba..,,positif,trek pendakian masih fresh banyak sumber air nya juga selamat mencoba,1,0,0,1,0,positif,-,-,-
519,Basecamp Pendakian Jalur Linggasana,Jalur Pendakian & Basecamp,5,"Lumayan fasilitasnya,ga susah buat ke WC umum.",,positif,lumayan fasilitasnya enggak susah buat ke wc umum,1,0,0,0,0,positif,-,-,-
520,Basecamp Pendakian Jalur Linggasana,Jalur Pendakian & Basecamp,5,"Bagi yang kurang suka keramaian, jalur ini cocok",,positif,bagi yang kurang suka keramaian jalur ini cocok,0,0,0,1,0,positif,-,-,-
521,Basecamp Pendakian Jalur Linggasana,Jalur Pendakian & Basecamp,5,"Basecamp Gn. Ciremai via Linggasana, ada bale-bale untuk istirahat, toilet, musholla, dan warung untuk isi perbekalan",,positif,pos registrasi begini ciremai via linggasana ada bale bale untuk istirahat toilet musholla dan warung untuk isi perbekalan,1,0,1,0,1,positif,-,-,-
526,Basecamp Pendakian Jalur Linggasana,Jalur Pendakian & Basecamp,5,"Tempatnya asik, udaranya sejuk,  dan bersih.  Petugasnya ramah,  mushola dan toilet nya bersih serta terawat.  Ini adalah Base pertama sebelum mulai mendaki, dengan ketinggian sekitar 600 MDPL. Setiap pendaki harus daftar disini dgn menunjukkan ktp dan uang pendaftaran sebesar 50rb , jadi lebih baik bawa fotokopi aja dari rumah, lalu isi form pendaftaran. Setiap pendaki diberi jatah 1 kali makan gratis dan teh manis.  Penyewaan peralatan mendaki,  tenda,  dll terdapat dsini. Untuk beristirahat,  banyak terdapat saung atau bale2 untuk rebahan melepas kepenatan. Disini juga bisa minta sertifikat pendakian. Selalu ingat untuk tidak buang sampah sembarangan dan berdoa sebelum mendaki.",,positif,tempatnya asik udaranya sejuk dan bersih petugasnya ramah mushola dan toilet nya bersih serta terawat ini adalah base pertama sebelum mulai mendaki dengan ketinggian sekitar 600 mdpl setiap pendaki harus daftar disini dengan menunjukkan ktp dan uang pendaftaran sebesar 50rb jadi lebih baik bawa fotokopi saja dari rumah lalu isi form pendaftaran setiap pendaki diberi jatah 1 kali makan gratis dan teh manis penyewaan peralatan mendaki tenda dll terdapat disini untuk beristirahat banyak terdapat saung atau bale2 untuk rebahan melepas kepenatan disini juga bisa meminta sertifikat pendakian selalu ingat untuk tidak buang sampah sembarangan dan berdoa sebelum mendaki,1,1,1,0,0,positif,-,-,-
527,Basecamp Pendakian Jalur Linggasana,Jalur Pendakian & Basecamp,5,"Basecamp dengan fasilitas yang cukup nyaman dengan toilet 10 pintu dan mushola, tempat parkir luas terjaga 24 jam",,positif,pos registrasi dengan fasilitas yang cukup nyaman dengan toilet 10 pintu dan mushola tempat parkir luas terjaga 24 jam,1,0,1,0,1,positif,-,-,-
529,Basecamp Pendakian Jalur Linggasana,Jalur Pendakian & Basecamp,5,"Tempatnya luas, pelayanan & fasilitasnya baik, dapet teh manis gratis, plus dapet sertifikat pula. Jalur ini saya rekomendasikan untuk anda, Silakan di coba.",,positif,tempatnya luas pelayanan fasilitasnya baik dapat teh manis gratis plus dapat sertifikat pula jalur ini saya rekomendasikan untuk anda silakan di coba,0,0,0,1,0,positif,-,-,-
530,Basecamp Pendakian Jalur Linggasana,Jalur Pendakian & Basecamp,5,"Parkir luas mck & mushola cukup baik,,",,positif,parkir luas mck mushola cukup baik,1,0,0,0,1,positif,-,-,-
532,Basecamp Pendakian Jalur Linggasana,Jalur Pendakian & Basecamp,5,Cari porter namanya Andi. Rekomendasi untuk menemani naik gunung,,positif,cari porter namanya andi rekomendasi untuk menemani naik gunung,0,0,0,0,1,positif,-,-,-
533,Basecamp Pendakian Jalur Linggasana,Jalur Pendakian & Basecamp,5,"Tempat yang asik untuk camp, outbound dan pos pendakian yang tidak kalah dengan jalur lainnya",,positif,tempat yang asik untuk camp outbound dan pos pendakian yang tidak kalah dengan jalur lainnya,0,0,0,1,0,positif,-,-,-
534,Basecamp Pendakian Jalur Linggasana,Jalur Pendakian & Basecamp,5,Terdapat musholla dan toilet bersih ..penjaga ramah dan keamanan oke..harga terjangkau,,positif,terdapat musholla dan toilet bersih penjaga ramah dan keamanan oke harga terjangkau,1,0,1,0,1,positif,-,-,-
535,Basecamp Pendakian Jalur Linggasana,Jalur Pendakian & Basecamp,5,Pos pendakian jalur selain cibunar/pengganti parkir luas dan aman,,positif,pos pendakian jalur selain cibunar pengganti parkir luas dan aman,0,0,0,1,1,positif,-,-,-
536,Basecamp Pendakian Jalur Linggasana,Jalur Pendakian & Basecamp,5,Pelayanan disini sangat ramah. Rangger nya cepat tanggap. Makanan di warung pun relatif murah,,positif,pelayanan disini sangat ramah rangger nya cepat tanggap makanan di warung pun relatif murah,0,0,1,0,1,positif,-,-,-
537,Basecamp Pendakian Jalur Linggasana,Jalur Pendakian & Basecamp,5,Terdapat mushola. Warung jalan bisa di lalui motor sampai pos linggasana,,positif,terdapat mushola warung jalan bisa di lalui motor sampai pos linggasana,0,0,0,1,1,positif,-,-,-
539,Basecamp Pendakian Jalur Linggasana,Jalur Pendakian & Basecamp,5,Tempat camp sebelum pendakian ke gunung ciremai via jalur linggasana,,positif,tempat camp sebelum pendakian ke gunung ciremai via jalur linggasana,0,0,0,1,0,positif,-,-,-
553,Basecamp Pendakian Jalur Linggasana,Jalur Pendakian & Basecamp,5,"Selain jadi pos pendakian, disini juga bisa didatangi untuk yang tidak ingin mendaki. Disini ada spot foto kekinian dan curug / air terjun. Pihak pengelola pun ramah sekali dengan kami. Menceritakan banyak hal tentang gunung ceremai , khususnya di jalur Linggasana. Di pos ini juga ada warung, mushola, dan toilet. Tempat parkir pun luas, dan ada pondok untuk istirahat.",,positif,selain jadi pos pendakian disini juga bisa didatangi untuk yang tidak ingin mendaki disini ada spot foto kekinian dan curug air terjun pihak pengelola pun ramah sekali dengan kami menceritakan banyak hal tentang gunung ceremai khususnya di jalur linggasana di pos ini juga ada warung mushola dan toilet tempat parkir pun luas dan ada pondok untuk istirahat,1,0,1,1,1,positif,-,-,-
556,Basecamp Pendakian Jalur Linggasana,Jalur Pendakian & Basecamp,5,"Satu kata buat pendakian linggasa. Sumpah horor! Untuk pertama kalinya nyoba jalur linggasa apa dan itu cukup bikin saya bilang ""ga akan mau lewat jalur situ lagi"", tapi ya entah lah kita liat saja berapa tahun ke depan karena mungkin saja jalur ini sudah tidak horor lagi. Oh iya kenapa horor karena jalur yang dibuat baru beberapa bulan ini masih hutan lebat yang membuat kesan org yg lewat jalur sini sdkt horor. So far saya seneng sih bisa dikasih kesempatan untuk naik lewat jalur sini, jadi punya pengalaman sendiri gitu (bisa di ceritain ke temen temen) haha",,positif,satu kata buat pendakian linggasa sumpah horor untuk pertama kalinya mencoba jalur linggasa apa dan itu cukup bikin saya bilang enggak akan mau lewat jalur situ lagi tapi ya entah lah kita lihat saja berapa tahun ke depan karena mungkin saja jalur ini sudah tidak horor lagi oh iya kenapa horor karena jalur yang dibuat baru beberapa bulan ini masih hutan lebat yang membuat kesan orang yang lewat jalur sini sedikit horor sok far saya senang sih bisa dikasih kesempatan untuk naik lewat jalur sini jadi punya pengalaman sendiri begitu bisa di ceritain ke teman teman haha,0,0,0,1,0,positif,-,-,-
559,Basecamp Pendakian Jalur Linggasana,Jalur Pendakian & Basecamp,5,"Jalur pendakian yang pemandangan nya luar biasa indah,tempat yang bersih nyaman dan tenang",,positif,jalur pendakian yang pemandangan nya luar biasa indah tempat yang bersih nyaman dan tenang,0,0,0,1,0,positif,-,-,-
561,Basecamp Pendakian Jalur Linggasana,Jalur Pendakian & Basecamp,5,"Parkir kendaraan luas, toilet bersih, ada musholla, petugasnya ramah",,positif,parkir kendaraan luas toilet bersih ada musholla petugasnya ramah,1,0,1,0,1,positif,-,-,-
562,Basecamp Pendakian Jalur Linggasana,Jalur Pendakian & Basecamp,5,Area parkir dan pos pendaftaran,,positif,area parkir dan pos pendaftaran,0,0,0,0,1,positif,-,-,-
564,Basecamp Pendakian Jalur Linggasana,Jalur Pendakian & Basecamp,5,Jalur baru yg sangat menantang. Tak kalah dengan jalur linggarjati,,positif,jalur baru yang sangat menantang tak kalah dengan jalur linggarjati,0,0,0,1,0,positif,-,-,-
565,Basecamp Pendakian Jalur Linggasana,Jalur Pendakian & Basecamp,5,"Ramah pemilik base camp nya, lokasinya bersih",,positif,ramah pemilik base camp nya lokasinya bersih,0,0,1,0,0,positif,-,-,-
567,Basecamp Pendakian Jalur Linggasana,Jalur Pendakian & Basecamp,5,Mantul euy.. ayo muncak gn ciremai lewat jalur linggasana..,,positif,mantul euy ayo muncak begini ciremai lewat jalur linggasana,0,0,0,1,0,positif,-,-,-
571,Basecamp Pendakian Jalur Linggasana,Jalur Pendakian & Basecamp,5,Jalur pendakian dengan segudang mata air..,,positif,jalur pendakian dengan segudang mata air,1,0,0,1,0,positif,-,-,-
576,Basecamp Pendakian Jalur Linggasana,Jalur Pendakian & Basecamp,5,"Akses mudah, toilet bersih, dan ada musholah",,positif,akses mudah toilet bersih dan ada musholah,1,0,0,0,0,positif,-,-,-
580,Basecamp Pendakian Jalur Linggasana,Jalur Pendakian & Basecamp,5,Jalur nya mantap,,positif,jalur nya mantap,0,0,0,1,0,positif,-,-,-
585,Basecamp Pendakian Jalur Linggasana,Jalur Pendakian & Basecamp,5,Jalur pendakian linggasana - kuningan,,positif,jalur pendakian linggasana kuningan,0,0,0,1,0,positif,-,-,-
587,Basecamp Pendakian Jalur Linggasana,Jalur Pendakian & Basecamp,5,Jalur yg Luar Biasa..,,positif,jalur yang luar biasa,0,0,0,1,0,positif,-,-,-
592,Basecamp Pendakian Jalur Linggasana,Jalur Pendakian & Basecamp,5,Linggasana Basecamp,,positif,linggasana pos registrasi,0,0,1,0,0,positif,-,-,-
594,Basecamp Pendakian Jalur Linggasana,Jalur Pendakian & Basecamp,5,Pos pendakian linggasana,,positif,pos pendakian linggasana,0,0,0,0,0,positif,-,-,-
596,Basecamp Pendakian Jalur Linggasana,Jalur Pendakian & Basecamp,5,Fasilitas kamar mandi/mushola/kantin cukup bersih.. mlh lbh cenderung paling bersih kamar mandinya dari semua BC pendakian Ciremai. tp Herman ko malah sepi yaa..,,positif,fasilitas kamar mandi mushola kantin cukup bersih malah lebih cenderung paling bersih kamar mandinya dari semua basecamp pendakian ciremai tapi herman kok malah sepi ya,1,0,0,0,0,positif,-,-,-
597,Basecamp Pendakian Jalur Linggasana,Jalur Pendakian & Basecamp,5,"Fasilitas yg lengkap untuk pos pendakian dengan jalur terpanjang dan terberat untuk menuju Ciremai Mt. Yg menginginkan jalur lebih landai dan pendek, bisa memilih pos dan jalur pendakian lainya..",,positif,fasilitas yang lengkap untuk pos pendakian dengan jalur terpanjang dan terberat untuk menuju ciremai mt yang menginginkan jalur lebih landai dan pendek bisa memilih pos dan jalur pendakian lainya,0,0,0,1,0,positif,-,-,-
598,Basecamp Pendakian Jalur Linggasana,Jalur Pendakian & Basecamp,5,"Tempatnya adem bersih, warung cuma 1, yg mau sholat ada mushola hmmm",,positif,tempatnya adem bersih warung cuma 1 yang mau sholat ada mushola hmmm,0,0,0,0,1,positif,-,-,-
599,Jalur Pendakian Trisakti Sadarehe,Jalur Pendakian & Basecamp,1,"Kecewa dengan sistem kendaraan angkutan yang harus menunggu seluruh pendaki turun, saya harus menunggu 2 jam lebih dengan kondisi habis kehujanan, kedinginan tanpa minum, rekan cidera karena terjatuh, tetap dipaksa menunggu sampai Maghrib, saya mendaki berdua dengan rekan, rekan dalam keadaan cidera karena terpeleset, kita memaksakan kondisi agar sampai di basecamp pukul 4 sore, tetapi tetap saja kita harus menunggu.",,negatif,kecewa dengan sistem kendaraan angkutan yang harus menunggu seluruh pendaki turun saya harus menunggu 2 jam lebih dengan kondisi habis kehujanan kedinginan tanpa minum rekan cidera karena terjatuh tetap dipaksa menunggu sampai maghrib saya mendaki berdua dengan rekan rekan dalam keadaan cidera karena terpeleset kita memaksakan kondisi agar sampai di pos registrasi pukul 4 sore tetapi tetap saja kita harus menunggu,0,0,1,0,0,negatif,[Pelayanan Ranger]: Standarisasi standar operasional prosedur keramahan petugas loket dan customer service WhatsApp basecamp serta penambahan personel saat akhir pekan.,[Pelayanan Ranger]: Peningkatan kapasitas infrastruktur server booking simaksi online bebas down dan pelatihan hospitality bagi volunteer dan ranger pos.,[Pelayanan Ranger]: Implementasi smart gate otomatis mandiri berbasis scan barcode terintegrasi e-KTP dan sertifikasi kompetensi ranger pemandu nasional.
600,Jalur Pendakian Trisakti Sadarehe,Jalur Pendakian & Basecamp,1,"Simaksi/regist paling mahal. Fasilitas BC ga sesuai harga, kamar mandi sedikit dan airnya tiap mck dimatiin, ga banyak stop kontak, mau istirahat setelag pendakian aja sulit. Kapok hahaha",,negatif,izin pendakian registrasi regist paling mahal fasilitas basecamp enggak sesuai harga kamar mandi sedikit dan airnya tiap mck dimatiin enggak banyak stop kontak mau istirahat setelag pendakian saja sulit kapok hahaha,1,0,1,0,1,negatif,"[Toilet Sanitasi]: Jadwal sanitasi toilet basecamp minimum 3 kali sehari dan jaminan ketersediaan air bersih serta sabun cuci tangan. 
[Pelayanan Ranger]: Standarisasi standar operasional prosedur keramahan petugas loket dan customer service WhatsApp basecamp serta penambahan personel saat akhir pekan. 
[Biaya Logistik]: Pemasangan papan informasi resmi rincian tarif tiket, asuransi, tes kesehatan, dan retribusi parkir di gerbang masuk basecamp.","[Toilet Sanitasi]: Pipanisasi permanen perbaikan jalur air dari mata air terdekat ke pos sanitasi dan renovasi bilik pintu rusak di Palutungan dan Apuy. 
[Pelayanan Ranger]: Peningkatan kapasitas infrastruktur server booking simaksi online bebas down dan pelatihan hospitality bagi volunteer dan ranger pos. 
[Biaya Logistik]: Penertiban dan standarisasi tarif batas atas angkutan transit (truk/mobil bak Sadarehe) dan panduan harga warung logistik pos.","[Toilet Sanitasi]: Pembangunan unit eco-toilet berbasis pengomposan mandiri di pos ketinggian (>2000 mdpl) untuk mencegah pencemaran semak dan sumber air. 
[Pelayanan Ranger]: Implementasi smart gate otomatis mandiri berbasis scan barcode terintegrasi e-KTP dan sertifikasi kompetensi ranger pemandu nasional. 
[Biaya Logistik]: Paket ekowisata terpadu (tiket simaksi, tes kesehatan, makan produk UMKM lokal, transportasi) dalam satu platform digital TNGC."
601,Jalur Pendakian Trisakti Sadarehe,Jalur Pendakian & Basecamp,1,"Kecewa dengan sistem kendaraan angkutan, tidak memperdulikan keadaan pendaki, rekan saya dipaksa menunggu 2 jam lebih dengan keadaan cidera dan basah karena diguyur hujan lebat, dan tanpa diberi minum atau apapun selama menunggu.",,negatif,kecewa dengan sistem kendaraan angkutan tidak memperdulikan keadaan pendaki rekan saya dipaksa menunggu 2 jam lebih dengan keadaan cidera dan basah karena diguyur hujan lebat dan tanpa diberi minum atau apapun selama menunggu,0,0,0,0,0,negatif,Monitoring berkala kepuasan operasional.,Evaluasi berkala kepuasan pengunjung.,Alokasi anggaran tahunan Balai TNGC.
602,Jalur Pendakian Trisakti Sadarehe,Jalur Pendakian & Basecamp,1,Bayar mahal tapi manajemen nya gak becus  #edit saya bayar Rp. 155.000 per orang untuk air di pos 6 tidak ada untuk penjemputan berangkat harus nunggu dari jam 07:30 dan baru berangkat di jam 10:20 nunggu kelompok yang dari KUNINGAN giliran pulang saya ditinggal padahal kelompok SAYA dan yang dari KUNINGAN JARAK WAKTU TIDAK LEBIH DARI 2 JAM,,negatif,bayar mahal tapi manajemen nya enggak becus edit saya bayar rp 155 000 per orang untuk air di pos 6 tidak ada untuk penjemputan berangkat harus menunggu dari jam 07 30 dan baru berangkat di jam 10 20 menunggu kelompok yang dari kuningan giliran pulang saya ditinggal padahal kelompok saya dan yang dari kuningan jarak waktu tidak lebih dari 2 jam,1,0,0,0,1,negatif,"[Toilet Sanitasi]: Jadwal sanitasi toilet basecamp minimum 3 kali sehari dan jaminan ketersediaan air bersih serta sabun cuci tangan. 
[Biaya Logistik]: Pemasangan papan informasi resmi rincian tarif tiket, asuransi, tes kesehatan, dan retribusi parkir di gerbang masuk basecamp.","[Toilet Sanitasi]: Pipanisasi permanen perbaikan jalur air dari mata air terdekat ke pos sanitasi dan renovasi bilik pintu rusak di Palutungan dan Apuy. 
[Biaya Logistik]: Penertiban dan standarisasi tarif batas atas angkutan transit (truk/mobil bak Sadarehe) dan panduan harga warung logistik pos.","[Toilet Sanitasi]: Pembangunan unit eco-toilet berbasis pengomposan mandiri di pos ketinggian (>2000 mdpl) untuk mencegah pencemaran semak dan sumber air. 
[Biaya Logistik]: Paket ekowisata terpadu (tiket simaksi, tes kesehatan, makan produk UMKM lokal, transportasi) dalam satu platform digital TNGC."
603,Jalur Pendakian Trisakti Sadarehe,Jalur Pendakian & Basecamp,1,"pelayanan tidak ramah, simaksi mahal, katanya home stay tapi suruh istirahat di bc. mana ada bascamp bayar",,negatif,pelayanan tidak ramah izin pendakian registrasi mahal katanya home stay tapi suruh istirahat di basecamp mana ada bascamp bayar,0,0,1,0,1,negatif,"[Pelayanan Ranger]: Standarisasi standar operasional prosedur keramahan petugas loket dan customer service WhatsApp basecamp serta penambahan personel saat akhir pekan. 
[Biaya Logistik]: Pemasangan papan informasi resmi rincian tarif tiket, asuransi, tes kesehatan, dan retribusi parkir di gerbang masuk basecamp.","[Pelayanan Ranger]: Peningkatan kapasitas infrastruktur server booking simaksi online bebas down dan pelatihan hospitality bagi volunteer dan ranger pos. 
[Biaya Logistik]: Penertiban dan standarisasi tarif batas atas angkutan transit (truk/mobil bak Sadarehe) dan panduan harga warung logistik pos.","[Pelayanan Ranger]: Implementasi smart gate otomatis mandiri berbasis scan barcode terintegrasi e-KTP dan sertifikasi kompetensi ranger pemandu nasional. 
[Biaya Logistik]: Paket ekowisata terpadu (tiket simaksi, tes kesehatan, makan produk UMKM lokal, transportasi) dalam satu platform digital TNGC."
604,Jalur Pendakian Trisakti Sadarehe,Jalur Pendakian & Basecamp,1,Bayar mahal ternyata manajemennya sangat buruk menurut saya bayar total perorangan 155k ga worit sama pelayanan dan fasilitas mungkin pihak pengelola bisa di perhatikan lebih baik,,negatif,bayar mahal ternyata manajemennya sangat buruk menurut saya bayar total perorangan 155k enggak worit sama pelayanan dan fasilitas mungkin pihak pengelola bisa di perhatikan lebih baik,0,0,0,0,1,negatif,"[Biaya Logistik]: Pemasangan papan informasi resmi rincian tarif tiket, asuransi, tes kesehatan, dan retribusi parkir di gerbang masuk basecamp.",[Biaya Logistik]: Penertiban dan standarisasi tarif batas atas angkutan transit (truk/mobil bak Sadarehe) dan panduan harga warung logistik pos.,"[Biaya Logistik]: Paket ekowisata terpadu (tiket simaksi, tes kesehatan, makan produk UMKM lokal, transportasi) dalam satu platform digital TNGC."
605,Jalur Pendakian Trisakti Sadarehe,Jalur Pendakian & Basecamp,1,"saya temen arza merasa kecewa dengan pelayanannya, dengan harga 100rb menurut saya tidak sepadan dengan pelayanannya, mulai dari uang parkir yang dibilang bilang 10rb kemudian saya ditagih menjadi 30rb, kedua di post 6 tidak ada ranger sehingga saya tidak mendapatkan air, terakhir menurut saya harus diperbaiki lagi sistem penjemputan engkelnya karena saya harus menunggu sambai maghrib jika ingin menuju balai dari basecamp karena harus menunggu semua pendaki turun ( merugikan saya karena saya pikir turun dengan cepat maka akan sampai balai dengan cepat)",,negatif,saya teman arza merasa kecewa dengan pelayanannya dengan harga 100rb menurut saya tidak sepadan dengan pelayanannya mulai dari uang parkir yang dibilang bilang 10rb kemudian saya ditagih menjadi 30rb kedua di post 6 tidak ada petugas sehingga saya tidak mendapatkan air terakhir menurut saya harus diperbaiki lagi sistem penjemputan engkelnya karena saya harus menunggu sambai maghrib jika ingin menuju balai dari pos registrasi karena harus menunggu semua pendaki turun merugikan saya karena saya pikir turun dengan cepat maka akan sampai balai dengan cepat,1,0,1,0,1,negatif,"[Toilet Sanitasi]: Jadwal sanitasi toilet basecamp minimum 3 kali sehari dan jaminan ketersediaan air bersih serta sabun cuci tangan. 
[Pelayanan Ranger]: Standarisasi standar operasional prosedur keramahan petugas loket dan customer service WhatsApp basecamp serta penambahan personel saat akhir pekan. 
[Biaya Logistik]: Pemasangan papan informasi resmi rincian tarif tiket, asuransi, tes kesehatan, dan retribusi parkir di gerbang masuk basecamp.","[Toilet Sanitasi]: Pipanisasi permanen perbaikan jalur air dari mata air terdekat ke pos sanitasi dan renovasi bilik pintu rusak di Palutungan dan Apuy. 
[Pelayanan Ranger]: Peningkatan kapasitas infrastruktur server booking simaksi online bebas down dan pelatihan hospitality bagi volunteer dan ranger pos. 
[Biaya Logistik]: Penertiban dan standarisasi tarif batas atas angkutan transit (truk/mobil bak Sadarehe) dan panduan harga warung logistik pos.","[Toilet Sanitasi]: Pembangunan unit eco-toilet berbasis pengomposan mandiri di pos ketinggian (>2000 mdpl) untuk mencegah pencemaran semak dan sumber air. 
[Pelayanan Ranger]: Implementasi smart gate otomatis mandiri berbasis scan barcode terintegrasi e-KTP dan sertifikasi kompetensi ranger pemandu nasional. 
[Biaya Logistik]: Paket ekowisata terpadu (tiket simaksi, tes kesehatan, makan produk UMKM lokal, transportasi) dalam satu platform digital TNGC."
606,Jalur Pendakian Trisakti Sadarehe,Jalur Pendakian & Basecamp,1,"saya merasa kecewa dengan pelayanannya, dengan harga 100rb menurut saya tidak sepadan dengan pelayanannya, mulai dari uang parkir yang dibilang bilang 10rb kemudian saya ditagih menjadi 30rb, kedua di post 6 tidak ada ranger sehingga saya tidak mendapatkan air, terakhir menurut saya harus diperbaiki lagi sistem penjemputan engkelnya karena saya harus menunggu sambai maghrib jika ingin menuju balai dari basecamp karena harus menunggu semua pendaki turun ( merugikan saya karena saya pikir turun dengan cepat maka akan sampai balai dengan cepat)",,negatif,saya merasa kecewa dengan pelayanannya dengan harga 100rb menurut saya tidak sepadan dengan pelayanannya mulai dari uang parkir yang dibilang bilang 10rb kemudian saya ditagih menjadi 30rb kedua di post 6 tidak ada petugas sehingga saya tidak mendapatkan air terakhir menurut saya harus diperbaiki lagi sistem penjemputan engkelnya karena saya harus menunggu sambai maghrib jika ingin menuju balai dari pos registrasi karena harus menunggu semua pendaki turun merugikan saya karena saya pikir turun dengan cepat maka akan sampai balai dengan cepat,1,0,1,0,1,negatif,"[Toilet Sanitasi]: Jadwal sanitasi toilet basecamp minimum 3 kali sehari dan jaminan ketersediaan air bersih serta sabun cuci tangan. 
[Pelayanan Ranger]: Standarisasi standar operasional prosedur keramahan petugas loket dan customer service WhatsApp basecamp serta penambahan personel saat akhir pekan. 
[Biaya Logistik]: Pemasangan papan informasi resmi rincian tarif tiket, asuransi, tes kesehatan, dan retribusi parkir di gerbang masuk basecamp.","[Toilet Sanitasi]: Pipanisasi permanen perbaikan jalur air dari mata air terdekat ke pos sanitasi dan renovasi bilik pintu rusak di Palutungan dan Apuy. 
[Pelayanan Ranger]: Peningkatan kapasitas infrastruktur server booking simaksi online bebas down dan pelatihan hospitality bagi volunteer dan ranger pos. 
[Biaya Logistik]: Penertiban dan standarisasi tarif batas atas angkutan transit (truk/mobil bak Sadarehe) dan panduan harga warung logistik pos.","[Toilet Sanitasi]: Pembangunan unit eco-toilet berbasis pengomposan mandiri di pos ketinggian (>2000 mdpl) untuk mencegah pencemaran semak dan sumber air. 
[Pelayanan Ranger]: Implementasi smart gate otomatis mandiri berbasis scan barcode terintegrasi e-KTP dan sertifikasi kompetensi ranger pemandu nasional. 
[Biaya Logistik]: Paket ekowisata terpadu (tiket simaksi, tes kesehatan, makan produk UMKM lokal, transportasi) dalam satu platform digital TNGC."
607,Jalur Pendakian Trisakti Sadarehe,Jalur Pendakian & Basecamp,1,Mahal doang tapi fasilitas ga sepadan. Di luar nurul emang.,,negatif,mahal doang tapi fasilitas enggak sepadan di luar nurul memang,0,0,0,0,1,negatif,"[Biaya Logistik]: Pemasangan papan informasi resmi rincian tarif tiket, asuransi, tes kesehatan, dan retribusi parkir di gerbang masuk basecamp.",[Biaya Logistik]: Penertiban dan standarisasi tarif batas atas angkutan transit (truk/mobil bak Sadarehe) dan panduan harga warung logistik pos.,"[Biaya Logistik]: Paket ekowisata terpadu (tiket simaksi, tes kesehatan, makan produk UMKM lokal, transportasi) dalam satu platform digital TNGC."
608,Jalur Pendakian Trisakti Sadarehe,Jalur Pendakian & Basecamp,3,"pendakian ciremai via sadarehe dimulai dari sini. jaraknya sangat jauh -+1 jam dari pos registrasi di desa. dengan jalan yang kondisinya berbatu (belum di aspal). secara adrenalin sih emang menantang dan seru karena kita pakai engkel atau kolbak yang disediakan oleh balai (berbayar), tapi jadinya mau ga mau kita harus pake jasa transport tsb karena kalo bawa kendaraan sendiri pasti ga nyaman. di infokan bahwa bisa ngambil air di sini, kenyataannya nanjak kamis tgl 27 sept disini ga ada air, warung tutup. untung udah beli air dibawah, kebayang kan kalo blm bawa air trus ternyata disini juga ga ada. tapi pas turun jumat sore airnya diisi buat para pendaki yang datang weekend.",,netral,pendakian ciremai via sadarehe dimulai dari sini jaraknya sangat jauh 1 jam dari pos registrasi di desa dengan jalan yang kondisinya berbatu belum di aspal secara adrenalin sih memang menantang dan seru karena kita pakai engkel atau kolbak yang disediakan oleh balai berbayar tapi jadinya mau enggak mau kita harus pakai jasa transport tersebut karena kalo bawa kendaraan sendiri pasti enggak nyaman di infokan bahwa bisa ngambil air di sini kenyataannya nanjak kamis tanggal 27 sept disini enggak ada air warung tutup untung sudah beli air dibawah terbayang kan kalo belum bawa air terus ternyata disini juga enggak ada tapi pas turun jumat sore airnya diisi buat para pendaki yang datang weekend,1,0,1,1,1,netral,-,-,-
610,Jalur Pendakian Trisakti Sadarehe,Jalur Pendakian & Basecamp,3,Pos kecil. Warung cuma ada 1. Ada ranger yang berjaha sepanjang jalur dan di pos ini juga.,,netral,pos kecil warung cuma ada 1 ada petugas yang berjaha sepanjang jalur dan di pos ini juga,0,0,1,1,1,netral,-,-,-
611,Jalur Pendakian Trisakti Sadarehe,Jalur Pendakian & Basecamp,3,"TNG dengan Simaksi termahal se-jawa barat. Titik mata air / jalur air hanya ranger yg tau. Tapi bagi yg paham sih pasti ktemu, karena cukup curam posisi nemu air.",,netral,tng dengan izin pendakian registrasi termahal se jawa barat titik mata air jalur air hanya petugas yang tau tapi bagi yang paham sih pasti ketemu karena cukup curam posisi nemu air,1,0,1,1,0,netral,-,-,-
612,Jalur Pendakian Trisakti Sadarehe,Jalur Pendakian & Basecamp,4,Pos cukup nyaman  Tapi yang aneh adalah di sini signal provider seperti mati dan jadi terpaksa beli vocher wifi  Padahal kalau jalan2 sekitar masjid situ ada signal  Apa ada permainan yak🤔  Tapi pelayanan nya ok untuk pengantaran ke pintu rimba dan jemputannya  Simaksi juga tergolong mahal ketimbang gunung2 lain yang sejenis di sekitar jawa tengah,,positif,pos cukup nyaman tapi yang aneh adalah di sini signal provider seperti mati dan jadi terpaksa beli vocher wifi padahal kalau jalan-jalan sekitar masjid situ ada signal apa ada permainan ya tapi pelayanan nya ok untuk pengantaran ke pintu rimba dan jemputannya izin pendakian registrasi juga tergolong mahal ketimbang gunung2 lain yang sejenis di sekitar jawa tengah,0,0,1,1,1,positif,-,-,-
613,Jalur Pendakian Trisakti Sadarehe,Jalur Pendakian & Basecamp,4,"Akses nya sangat perlu di perbaiki. Karena kalau tidak bisa sepi, dari semua jalur Gunung Ciremai yg jauh dari jalan raya (Apuy dan Palutungan) ini paling jelek akses dari desa ke atas.  Untuk jalur pendakian nya: Lebih cepat ini dari Apuy, mulai nanjak sejak pos 2 dan ada bonus landai nya tidak sebanyak Apuy. Semakin nanjak mirip Linggarjati sejak pos 5-8. Tanjakan nya 11-12 sama Jalur Linggarjati tapi ini lebih panjang karena ada bonus landai dan naik turun punggungan.  Hanya Linggarjati dan Linggasana yang paling dekat jalan raya Provinsi atau Nasional.",,positif,akses nya sangat perlu di perbaiki karena kalau tidak bisa sepi dari semua jalur gunung ciremai yang jauh dari jalan raya apuy dan palutungan ini paling jelek akses dari desa ke atas untuk jalur pendakian nya lebih cepat ini dari apuy mulai nanjak sejak pos 2 dan ada bonus landai nya tidak sebanyak apuy semakin nanjak mirip linggarjati sejak pos 5 8 tanjakan nya 11 12 sama jalur linggarjati tapi ini lebih panjang karena ada bonus landai dan naik turun punggungan hanya linggarjati dan linggasana yang paling dekat jalan raya provinsi atau nasional,0,0,0,1,0,positif,-,-,-
614,Jalur Pendakian Trisakti Sadarehe,Jalur Pendakian & Basecamp,4,"Basecamp yang menyediakan dokter ditempat untuk cek kesehatan sebelum trekking. Informasi disini cukup lengkap, dari pricelist simaksi, porter, jasa dokter ditempat, pemaparan tentang keselamatan dan rute yang jelas.",,positif,pos registrasi yang menyediakan dokter ditempat untuk cek kesehatan sebelum trekking informasi disini cukup lengkap dari pricelist izin pendakian registrasi porter jasa dokter ditempat pemaparan tentang keselamatan dan rute yang jelas,0,0,1,0,1,positif,-,-,-
615,Jalur Pendakian Trisakti Sadarehe,Jalur Pendakian & Basecamp,4,"Tempat ini bisa diakses melalui Desa Payung Kecamatan Rajagaluh Kabupaten Majalengka dengan memakai moda transportasi roda dua (pribadi) atau mobil (yang disediakan pengelola). Apabila memakai motor, pastikan kendaraan dalam kondisi prima  karena jalan yang ditempuh sepanjang 6 kilometer masih rusak di beberapa bagian. Untuk paket pendakian, terdapat dua jenis yaitu paket ekonomi 150k dan bisnis 280k, tinggal dipilih sesuai anggaran.",,positif,tempat ini bisa diakses melalui desa payung kecamatan rajagaluh kabupaten majalengka dengan memakai moda transportasi roda dua pribadi atau mobil yang disediakan pengelola apabila memakai motor pastikan kendaraan dalam kondisi prima karena jalan yang ditempuh sepanjang 6 kilometer masih rusak di beberapa bagian untuk paket pendakian terdapat dua jenis yaitu paket ekonomi 150k dan bisnis 280k tinggal dipilih sesuai anggaran,0,0,0,1,1,positif,-,-,-
616,Jalur Pendakian Trisakti Sadarehe,Jalur Pendakian & Basecamp,4,Hampir sepanjang jalur pendakian didominasi jalur bedebu.. Disaranin bawa masker/buff.. Sepanjang jalur ga ada mata air.. Area camp terbuka kalo cuaca lagi cerah panas di dalem tenda panasnya mantep 😂😂 Di saranin ke sini pas musim panas.. Kalo musim ujan bisa dipastiin licin karna mayoritas jalur debunya lumayan tebel 😂,,positif,hampir sepanjang jalur pendakian didominasi jalur bedebu disaranin bawa masker buff sepanjang jalur enggak ada mata air area camp terbuka kalo cuaca lagi cerah panas di dalem tenda panasnya mantap di menyarankan ke sini pas musim panas kalo musim ujan bisa dipastiin licin karena mayoritas jalur debunya lumayan tebal,1,0,0,1,0,positif,-,-,-
617,Jalur Pendakian Trisakti Sadarehe,Jalur Pendakian & Basecamp,4,Semoga kedepannnya lebih baik lg dari segi fasilitas umumnya,,positif,semoga kedepannnya lebih baik lagi dari segi fasilitas umumnya,0,0,0,0,0,netral,-,-,-
619,Jalur Pendakian Trisakti Sadarehe,Jalur Pendakian & Basecamp,4,Nice basecamp,,positif,nice pos registrasi,0,0,1,0,0,positif,-,-,-
620,Jalur Pendakian Trisakti Sadarehe,Jalur Pendakian & Basecamp,5,"Basecamp ciremai via sadarehe ini sederhana namun nyaman .walaupun rombongan saya sampai sana jam set 3 pagi tapi tetap dilayani dan diizinkan untuk rest selagi menunggu pagi hari untuk registrasi . Oh iya di area sini  tidak ada sinyal internet, jd kalau mau pakai internet pihak BC menyediakan Wifi berbayar seperti membeli voucher internet. Murah kok saya beli untuk 15jam 4ribu rupiah saja.",,positif,pos registrasi ciremai via sadarehe ini sederhana namun nyaman walaupun rombongan saya sampai sana jam set 3 pagi tapi tetap dilayani dan diizinkan untuk rest selagi menunggu pagi hari untuk registrasi oh iya di area sini tidak ada sinyal internet jadi kalau mau pakai internet pihak basecamp menyediakan wifi berbayar seperti membeli voucher internet murah kok saya beli untuk 15jam 4ribu rupiah saja,0,0,1,0,0,positif,-,-,-
621,Jalur Pendakian Trisakti Sadarehe,Jalur Pendakian & Basecamp,5,"Semoga jalan segera di perbaiki, agar kita   mudah ke lokasi base camp nya, dan semoga jalur sadarehe semakin ramai di kunjungi para pendaki amiin 🤲🤲",,positif,semoga jalan segera di perbaiki agar kita mudah ke lokasi base camp nya dan semoga jalur sadarehe semakin ramai di kunjungi para pendaki amin,0,0,0,1,0,positif,-,-,-
622,Jalur Pendakian Trisakti Sadarehe,Jalur Pendakian & Basecamp,5,Tiap Sabtu ramai pengunjung/pendaki. Pemandu sangat penduli. Terutama pak kordinator pak Kadus Badak 2. Tks pak Kadus sudah diajak naik ke base camp,,positif,tiap sabtu ramai pengunjung pendaki pemandu sangat penduli terutama pak kordinator pak kadus badak 2 tks pak kadus sudah diajak naik ke base camp,0,0,0,0,0,positif,-,-,-
623,Jalur Pendakian Trisakti Sadarehe,Jalur Pendakian & Basecamp,5,"Jalur pendakian Gunung Ciremai via Trisakti Sadarehe salah satu trek terindah di gunung Jabar. Begitu sampe di pos 8 Kawah Burung, seketika rasa lelah hilang, pemandangannya indah. 👍👍",,positif,jalur pendakian gunung ciremai via trisakti sadarehe salah satu trek terindah di gunung jabar begitu sampai di pos 8 kawah burung seketika rasa lelah hilang pemandangannya indah,0,0,0,1,0,positif,-,-,-
625,Jalur Pendakian Trisakti Sadarehe,Jalur Pendakian & Basecamp,5,Seru banget jalur baru nya saya mah malah justru menikmati jalur pendakiannya.banyak santai banyak istirahat hehehehe,,positif,seru banget jalur baru nya saya mah malah justru menikmati jalur pendakiannya banyak santai banyak istirahat hehehehe,0,0,0,1,0,positif,-,-,-
626,Jalur Pendakian Trisakti Sadarehe,Jalur Pendakian & Basecamp,5,"Jalur paling nyaman dibandingkan dengan jalur pendakian lainnya, cuma puncaknya agak sempit..",,positif,jalur paling nyaman dibandingkan dengan jalur pendakian lainnya cuma puncaknya agak sempit,0,0,0,1,0,positif,-,-,-
629,Jalur Pendakian Trisakti Sadarehe,Jalur Pendakian & Basecamp,5,"Orang nya ramah di basecamp, fasilitas memadai ya cuma itu jalan menuju BC nya yg masya Allah sampe motor ngebul, untung masih ada sinyal didaerah itu jadi langsung hubungi ranger nya, fast respon terus langsung jemput ke lokasi motor pas sekarat, utk jalur nya full nanjak sampe pos 8 tapi dari BC sampe pos 3 banyak bonus nya",,positif,orang nya ramah di pos registrasi fasilitas memadai ya cuma itu jalan menuju basecamp nya yang masya allah sampai motor ngebul untung masih ada sinyal didaerah itu jadi langsung hubungi petugas nya fast respon terus langsung jemput ke lokasi motor pas sekarat untuk jalur nya full nanjak sampai pos 8 tapi dari basecamp sampai pos 3 banyak bonus nya,0,0,1,1,0,positif,-,-,-
630,Jalur Pendakian Trisakti Sadarehe,Jalur Pendakian & Basecamp,5,Jalur yang unik  menantang dengan sedikit bonusan sepanjang trekk pendakian...butuh semangat dan fisik yang kuat untuk mencapai puncak,,positif,jalur yang unik menantang dengan sedikit bonusan sepanjang trekk pendakian butuh semangat dan fisik yang kuat untuk mencapai puncak,0,0,0,1,0,positif,-,-,-
632,Jalur Pendakian Trisakti Sadarehe,Jalur Pendakian & Basecamp,5,"Ini sudah masuk pintu rimba, mohon kunjungi pos registrasi dulu sebelum kesini.",,positif,ini sudah masuk pintu rimba mohon kunjungi pos registrasi dulu sebelum kesini,0,0,1,0,0,positif,-,-,-
634,Jalur Pendakian Trisakti Sadarehe,Jalur Pendakian & Basecamp,5,gunung ciremai ranger nya bintang lima,,positif,gunung ciremai petugas nya bintang lima,0,0,1,0,0,positif,-,-,-
636,Jalur Pendakian Trisakti Sadarehe,Jalur Pendakian & Basecamp,5,Jalur yg wajib dicoba,,positif,jalur yang wajib dicoba,0,0,0,1,0,positif,-,-,-
642,Jalur Pendakian Trisakti Sadarehe,Jalur Pendakian & Basecamp,5,jalur ke bc jalannya masih kurang enak,,positif,jalur ke basecamp jalannya masih kurang enak,0,0,0,1,0,positif,-,-,-
643,Jalur Pendakian Trisakti Sadarehe,Jalur Pendakian & Basecamp,5,Ibu warung dan penjaganya ramah ramah,,positif,ibu warung dan penjaganya ramah ramah,0,0,1,0,1,positif,-,-,-
651,Curug Putri Palutungan,Wisata Alam & Buper TNGC,1,"Harga Tiket terlalu Mahal Rp.26.000 dengan fasilitas yang biasa saja, Curug juga standar bukan yang wow banget,  Sekelas Tumpak Sewu aja yang udah Go Internasional tiketnya mulai dari 10 Ribu - 20 Ribu,  Curug-Curug di Baturaden Banyumas Jawa Tengah bahkan cuma bayar 5 Ribu sudah bisa menikmati Curug Jernih Kebiruan",,negatif,harga tiket terlalu mahal rp 26 000 dengan fasilitas yang biasa saja curug juga standar bukan yang wow banget sekelas tumpak sewu saja yang sudah go internasional tiketnya mulai dari 10 ribu 20 ribu curug curug di baturaden banyumas jawa tengah bahkan cuma bayar 5 ribu sudah bisa menikmati curug jernih kebiruan,0,0,0,0,1,positif,"[Biaya Logistik]: Pemasangan papan informasi resmi rincian tarif tiket, asuransi, tes kesehatan, dan retribusi parkir di gerbang masuk basecamp.",[Biaya Logistik]: Penertiban dan standarisasi tarif batas atas angkutan transit (truk/mobil bak Sadarehe) dan panduan harga warung logistik pos.,"[Biaya Logistik]: Paket ekowisata terpadu (tiket simaksi, tes kesehatan, makan produk UMKM lokal, transportasi) dalam satu platform digital TNGC."
652,Curug Putri Palutungan,Wisata Alam & Buper TNGC,1,"Minggu, Tgl 25 Agustus 2024  Curugnya Sa'at,  air terjunnya ga deras sama sekali, Pas nyari info Airnya kemanain, katanya di alihkan Ke Sawah 🤣🤣 Kocakk, Udah mah biaya masuknya MAHAL...  Banyak KECEWA !!!  EMANG YG PALING BENER mendingan Kulineran, Ngenyangin lagi 🤣🤣🤣",,negatif,minggu tanggal 25 agustus 2024 curugnya sa at air terjunnya enggak deras sama sekali pas mencari info airnya kemanain katanya di alihkan ke sawah kocakk sudah mah biaya masuknya mahal banyak kecewa memang yang paling benar mendingan kulineran ngenyangin lagi,1,0,0,0,1,negatif,"[Toilet Sanitasi]: Jadwal sanitasi toilet basecamp minimum 3 kali sehari dan jaminan ketersediaan air bersih serta sabun cuci tangan. 
[Biaya Logistik]: Pemasangan papan informasi resmi rincian tarif tiket, asuransi, tes kesehatan, dan retribusi parkir di gerbang masuk basecamp.","[Toilet Sanitasi]: Pipanisasi permanen perbaikan jalur air dari mata air terdekat ke pos sanitasi dan renovasi bilik pintu rusak di Palutungan dan Apuy. 
[Biaya Logistik]: Penertiban dan standarisasi tarif batas atas angkutan transit (truk/mobil bak Sadarehe) dan panduan harga warung logistik pos.","[Toilet Sanitasi]: Pembangunan unit eco-toilet berbasis pengomposan mandiri di pos ketinggian (>2000 mdpl) untuk mencegah pencemaran semak dan sumber air. 
[Biaya Logistik]: Paket ekowisata terpadu (tiket simaksi, tes kesehatan, makan produk UMKM lokal, transportasi) dalam satu platform digital TNGC."
653,Curug Putri Palutungan,Wisata Alam & Buper TNGC,1,Week end HTM muahal berdua sama parkir mtr 50rb cm buat liat curug yg ga bgtu tinggi,,negatif,wig end htm muahal berdua sama parkir mtr 50rb cuma buat lihat curug yang enggak begitu tinggi,0,0,0,0,1,positif,"[Biaya Logistik]: Pemasangan papan informasi resmi rincian tarif tiket, asuransi, tes kesehatan, dan retribusi parkir di gerbang masuk basecamp.",[Biaya Logistik]: Penertiban dan standarisasi tarif batas atas angkutan transit (truk/mobil bak Sadarehe) dan panduan harga warung logistik pos.,"[Biaya Logistik]: Paket ekowisata terpadu (tiket simaksi, tes kesehatan, makan produk UMKM lokal, transportasi) dalam satu platform digital TNGC."
655,Curug Putri Palutungan,Wisata Alam & Buper TNGC,1,"biaya mahal, sampah banget pokok nya udah gitu Curug gajelas pokoknya ga worth it",,negatif,biaya mahal sampah banget pokok nya sudah begitu curug enggak jelas pokoknya enggak worth itu,0,1,0,0,1,negatif,"[Sampah Kebersihan]: Distribusi kantong sampah wajib terdata saat registrasi simaksi dan pengetatan inspeksi checklist sampah saat checkout. 
[Biaya Logistik]: Pemasangan papan informasi resmi rincian tarif tiket, asuransi, tes kesehatan, dan retribusi parkir di gerbang masuk basecamp.","[Sampah Kebersihan]: Penyediaan titik pengumpulan karung sampah pilah di setiap pos bayangan dan program operasi pembersihan gunung berkala. 
[Biaya Logistik]: Penertiban dan standarisasi tarif batas atas angkutan transit (truk/mobil bak Sadarehe) dan panduan harga warung logistik pos.","[Sampah Kebersihan]: Implementasi sistem deposit jaminan sampah digital terintegrasi aplikasi simaksi TNGC dan pusat pengolahan sampah lingkar Ciremai. 
[Biaya Logistik]: Paket ekowisata terpadu (tiket simaksi, tes kesehatan, makan produk UMKM lokal, transportasi) dalam satu platform digital TNGC."
656,Curug Putri Palutungan,Wisata Alam & Buper TNGC,1,"Tiketnya mahal banget, weekend 17.500 per orang.. kalau 2 orang 35.000.. parkir motor 6.000...",,negatif,tiketnya mahal banget weekend 17 500 per orang kalau 2 orang 35 000 parkir motor 6 000,0,0,0,0,1,negatif,"[Biaya Logistik]: Pemasangan papan informasi resmi rincian tarif tiket, asuransi, tes kesehatan, dan retribusi parkir di gerbang masuk basecamp.",[Biaya Logistik]: Penertiban dan standarisasi tarif batas atas angkutan transit (truk/mobil bak Sadarehe) dan panduan harga warung logistik pos.,"[Biaya Logistik]: Paket ekowisata terpadu (tiket simaksi, tes kesehatan, makan produk UMKM lokal, transportasi) dalam satu platform digital TNGC."
657,Curug Putri Palutungan,Wisata Alam & Buper TNGC,1,"jelek, biaya masuk mahal. ga worth it dengan biaya segitu",,negatif,jelek biaya masuk mahal enggak worth itu dengan biaya segitu,0,0,0,0,1,negatif,"[Biaya Logistik]: Pemasangan papan informasi resmi rincian tarif tiket, asuransi, tes kesehatan, dan retribusi parkir di gerbang masuk basecamp.",[Biaya Logistik]: Penertiban dan standarisasi tarif batas atas angkutan transit (truk/mobil bak Sadarehe) dan panduan harga warung logistik pos.,"[Biaya Logistik]: Paket ekowisata terpadu (tiket simaksi, tes kesehatan, makan produk UMKM lokal, transportasi) dalam satu platform digital TNGC."
660,Curug Putri Palutungan,Wisata Alam & Buper TNGC,1,Tiket masuk berapa harga nya kak,,negatif,tiket masuk berapa harga nya kak,0,0,0,0,1,negatif,"[Biaya Logistik]: Pemasangan papan informasi resmi rincian tarif tiket, asuransi, tes kesehatan, dan retribusi parkir di gerbang masuk basecamp.",[Biaya Logistik]: Penertiban dan standarisasi tarif batas atas angkutan transit (truk/mobil bak Sadarehe) dan panduan harga warung logistik pos.,"[Biaya Logistik]: Paket ekowisata terpadu (tiket simaksi, tes kesehatan, makan produk UMKM lokal, transportasi) dalam satu platform digital TNGC."
665,Curug Putri Palutungan,Wisata Alam & Buper TNGC,1,Tidak dibolehkan survey oleh penjaga tiket,,negatif,tidak dibolehkan survey oleh penjaga tiket,0,0,0,0,1,negatif,"[Biaya Logistik]: Pemasangan papan informasi resmi rincian tarif tiket, asuransi, tes kesehatan, dan retribusi parkir di gerbang masuk basecamp.",[Biaya Logistik]: Penertiban dan standarisasi tarif batas atas angkutan transit (truk/mobil bak Sadarehe) dan panduan harga warung logistik pos.,"[Biaya Logistik]: Paket ekowisata terpadu (tiket simaksi, tes kesehatan, makan produk UMKM lokal, transportasi) dalam satu platform digital TNGC."
666,Curug Putri Palutungan,Wisata Alam & Buper TNGC,2,"tiket kemahalan, ga worth it buat sekelas curug, masih banyak curug rekomended yang lebih bagus dan murah dubanding curug putri, tahun 2022 kesini tempatnya masih bagus ada bangku ditengah air nya yang estetik sekarang malah tempatnya kaya ga keurus",,negatif,tiket kemahalan enggak worth itu buat sekelas curug masih banyak curug rekomended yang lebih bagus dan murah dubanding curug putri tahun 2022 kesini tempatnya masih bagus ada bangku ditengah air nya yang estetik sekarang malah tempatnya kayak enggak keurus,1,0,0,0,1,negatif,"[Toilet Sanitasi]: Jadwal sanitasi toilet basecamp minimum 3 kali sehari dan jaminan ketersediaan air bersih serta sabun cuci tangan. 
[Biaya Logistik]: Pemasangan papan informasi resmi rincian tarif tiket, asuransi, tes kesehatan, dan retribusi parkir di gerbang masuk basecamp.","[Toilet Sanitasi]: Pipanisasi permanen perbaikan jalur air dari mata air terdekat ke pos sanitasi dan renovasi bilik pintu rusak di Palutungan dan Apuy. 
[Biaya Logistik]: Penertiban dan standarisasi tarif batas atas angkutan transit (truk/mobil bak Sadarehe) dan panduan harga warung logistik pos.","[Toilet Sanitasi]: Pembangunan unit eco-toilet berbasis pengomposan mandiri di pos ketinggian (>2000 mdpl) untuk mencegah pencemaran semak dan sumber air. 
[Biaya Logistik]: Paket ekowisata terpadu (tiket simaksi, tes kesehatan, makan produk UMKM lokal, transportasi) dalam satu platform digital TNGC."
667,Curug Putri Palutungan,Wisata Alam & Buper TNGC,2,Tukang parkir nya GK bisa d andelin..helem 3hilang semua di tanya malah jawabnya GK ngawasin satu dua motor..,,negatif,tukang parkir nya enggak bisa di andelin helem 3hilang semua di tanya malah jawabnya enggak ngawasin satu dua motor,0,0,0,0,1,negatif,"[Biaya Logistik]: Pemasangan papan informasi resmi rincian tarif tiket, asuransi, tes kesehatan, dan retribusi parkir di gerbang masuk basecamp.",[Biaya Logistik]: Penertiban dan standarisasi tarif batas atas angkutan transit (truk/mobil bak Sadarehe) dan panduan harga warung logistik pos.,"[Biaya Logistik]: Paket ekowisata terpadu (tiket simaksi, tes kesehatan, makan produk UMKM lokal, transportasi) dalam satu platform digital TNGC."
669,Curug Putri Palutungan,Wisata Alam & Buper TNGC,2,BAYAR TIKET LUMAYAN TAPI WC DI AIR TERJUN BODOLLL,,negatif,bayar tiket lumayan tapi wc di air terjun bodolll,1,0,0,0,1,negatif,"[Toilet Sanitasi]: Jadwal sanitasi toilet basecamp minimum 3 kali sehari dan jaminan ketersediaan air bersih serta sabun cuci tangan. 
[Biaya Logistik]: Pemasangan papan informasi resmi rincian tarif tiket, asuransi, tes kesehatan, dan retribusi parkir di gerbang masuk basecamp.","[Toilet Sanitasi]: Pipanisasi permanen perbaikan jalur air dari mata air terdekat ke pos sanitasi dan renovasi bilik pintu rusak di Palutungan dan Apuy. 
[Biaya Logistik]: Penertiban dan standarisasi tarif batas atas angkutan transit (truk/mobil bak Sadarehe) dan panduan harga warung logistik pos.","[Toilet Sanitasi]: Pembangunan unit eco-toilet berbasis pengomposan mandiri di pos ketinggian (>2000 mdpl) untuk mencegah pencemaran semak dan sumber air. 
[Biaya Logistik]: Paket ekowisata terpadu (tiket simaksi, tes kesehatan, makan produk UMKM lokal, transportasi) dalam satu platform digital TNGC."
672,Curug Putri Palutungan,Wisata Alam & Buper TNGC,3,"Air terjunnya biasa aja, aman untuk bawa anak2 karena air terjunnya tidak deras & mengalir di sungai yang dangkal. Dari pakiran menuju air terjun tidak terjalu jauh, tiket masuknya 20rb/orang",,netral,air terjunnya biasa saja aman untuk bawa anak-anak karena air terjunnya tidak deras mengalir di sungai yang dangkal dari pakiran menuju air terjun tidak terjalu jauh tiket masuknya 20rb orang,1,0,0,0,1,netral,-,-,-
673,Curug Putri Palutungan,Wisata Alam & Buper TNGC,3,"Bagus, bersih, tapi banyak banget pungli. Mulai dari masuk kata pihak tiketnya itu pungli jadi bukan dari mereka karena kami datangnya pagi sekali..untung tidak ditagih kembali oleh pihak ticketing. Lalu untuk mobil+5 org sudah bayar 100 rb tp ada juru parkir liar minta 10 rb untuk mobil saat mau keluar. Ya memang ya destinasi gini banyak pungli tapi ayolah benahi bersama warga sekitarnya juga..",,netral,bagus bersih tapi banyak banget biaya liar mulai dari masuk kata pihak tiketnya itu biaya liar jadi bukan dari mereka karena kami datangnya pagi sekali untung tidak ditagih kembali oleh pihak ticketing lalu untuk mobil 5 orang sudah bayar 100 ribu tapi ada juru parkir liar meminta 10 ribu untuk mobil saat mau keluar ya memang ya destinasi begini banyak biaya liar tapi ayolah benahi bersama warga sekitarnya juga,0,0,0,0,1,netral,-,-,-
674,Curug Putri Palutungan,Wisata Alam & Buper TNGC,3,"Pemandangan dan suasana oke. Tapi nggak dikasitau sama petugasnya kalau curugnya lagi kering, bawa rombongan udah bayar tiket semua, rada zonk🙏🙏 sebaiknya lain kali nanya dulu kalau mau ke curug dan liat2 musim.",,netral,pemandangan dan suasana oke tapi enggak dikasitau sama petugasnya kalau curugnya lagi kering bawa rombongan sudah bayar tiket semua rada zonk sebaiknya lain kali bertanya dulu kalau mau ke curug dan lihat-lihat musim,0,0,0,0,1,negatif,-,-,-
675,Curug Putri Palutungan,Wisata Alam & Buper TNGC,3,lumayan mahal tiket nya weekend 50k 2 orang plus parkir,,netral,lumayan mahal tiket nya weekend 50k 2 orang plus parkir,0,0,0,0,1,netral,-,-,-
676,Curug Putri Palutungan,Wisata Alam & Buper TNGC,3,"kami kesini 15 oktober 2023, bayar tiket untuk 7 orang+ mobil (130rb)ternyata hanya di beri 4 tiket+ mobil. saya baliklagi buat komplain. diberi lagi tiket yang setelah dihitung termasuk tiket asuransi 113rb. ya sudahlah. dilokasi curugnya toilet tidak ada kunci dan air. di area perkemahan minim sarana toilet .",,netral,kami kesini 15 oktober 2023 bayar tiket untuk 7 orang mobil 130rb ternyata hanya di beri 4 tiket mobil saya baliklagi buat komplain diberi lagi tiket yang setelah dihitung termasuk tiket asuransi 113rb ya sudahlah dilokasi curugnya toilet tidak ada kunci dan air di area perkemahan minim sarana toilet,1,0,0,0,1,netral,-,-,-
679,Curug Putri Palutungan,Wisata Alam & Buper TNGC,3,"Segini biaya yg harus di bayarkan, 26rb per orang.. lumayan mahal",,netral,segini biaya yang harus di bayarkan 26rb per orang lumayan mahal,0,0,0,0,1,netral,-,-,-
680,Curug Putri Palutungan,Wisata Alam & Buper TNGC,3,"Seru sih tapi bingung sama tiekt masuknya. Berdua + naik motor kan, di kasi harga 41rb. Pdhl ada tulisannya harga yg harus dibayar. Its oke sih tapi agak aneh aja. 9500+9500+5000+5000=41.000???? Mungkin salah itung kali ya, ITS ok kok hehe",,netral,seru sih tapi bingung sama tiekt masuknya berdua naik motor kan di kasih harga 41rb padahal ada tulisannya harga yang harus dibayar its oke sih tapi agak aneh saja 9500 9500 5000 5000 41 000 mungkin salah itung kali ya its ok kok hehe,0,0,0,0,1,netral,-,-,-
682,Curug Putri Palutungan,Wisata Alam & Buper TNGC,3,Kurang adanya perawatan yg baik sehingga jalan ke t4 curug juga perlu di perbaiki lagi,,netral,kurang adanya perawatan yang baik sehingga jalan ke tempat curug juga perlu di perbaiki lagi,0,0,0,1,0,positif,-,-,-
684,Curug Putri Palutungan,Wisata Alam & Buper TNGC,3,Tiket lumayan mahal untuk fasilitas yg kurang terawat.,,netral,tiket lumayan mahal untuk fasilitas yang kurang terawat,0,0,0,0,1,netral,-,-,-
685,Curug Putri Palutungan,Wisata Alam & Buper TNGC,3,Per orang tiket masuknya 15 rb,,netral,per orang tiket masuknya 15 ribu,0,0,0,0,1,netral,-,-,-
693,Curug Putri Palutungan,Wisata Alam & Buper TNGC,3,Tempatnya bagus air terjunnya indah tapi tiketnya mahal,,netral,tempatnya bagus air terjunnya indah tapi tiketnya mahal,1,0,0,0,1,netral,-,-,-
694,Curug Putri Palutungan,Wisata Alam & Buper TNGC,3,"The place was nice and the air have cold breeze, also the place surrounding have pine trees, the waterfall have nice sightseeing too, there's some improper when you wanna try enjoying inside, due of the ticket quiet pricey from you gonna get. 25K IDR per person, i think 10K IDR enough",,netral,the place was nice and the air have cold breeze also the place surrounding have pine trees the waterfall have nice sightseeing too there si some improper when you wanna try enjoying inside due of the ticket quiet pricey from you gonna get 25k idr per person i think 10k idr enough,1,0,0,0,0,netral,-,-,-
696,Curug Putri Palutungan,Wisata Alam & Buper TNGC,4,"Tempatnya sangat bagus, airnya dingin, suasana sejuk. Cocok untuk berlibur bersama keluarga. Sayang sekali tempat sampahnya kurang sehingga banyak sampah yang berceceran. Saran untuk pengelola agar menambah tempat sampah & diberikan pengumuman larangan untuk membuang sampah sembarangan.",,positif,tempatnya sangat bagus airnya dingin suasana sejuk cocok untuk berlibur bersama keluarga sayang sekali tempat sampahnya kurang sehingga banyak sampah yang berceceran saran untuk pengelola agar menambah tempat sampah diberikan pengumuman larangan untuk membuang sampah sembarangan,0,1,0,0,0,positif,-,-,-
697,Curug Putri Palutungan,Wisata Alam & Buper TNGC,4,"Kalo mau suasana asri, mending dateng pas weekday yaa 🌿 Soalnya kalo weekend biasanya rame + agak banyak sampah. Tapi tempatnya oke banget, adem, dingin kaya di AC gitu 🥶 Jadi kalo ga kuat dingin bisa bawa jaket tipis aja. Cocok juga buat remaja jompo yang biasanya betah di kasur 😆✨",,positif,kalo mau suasana asri mending datang pas weekday ya soalnya kalo weekend biasanya rame agak banyak sampah tapi tempatnya oke banget adem dingin kayak di ac begitu jadi kalo enggak kuat dingin bisa bawa jaket tipis saja cocok juga buat remaja jompo yang biasanya betah di kasur,0,1,0,0,0,positif,-,-,-
699,Curug Putri Palutungan,Wisata Alam & Buper TNGC,4,"Curug Putri Palutungan adalah salah satu destinasi wisata alam populer di Kabupaten Kuningan, Jawa Barat. Terletak di kawasan Palutungan, objek wisata ini menyuguhkan keindahan air terjun yang alami dengan suasana sejuk khas pegunungan.  Akses dan Lokasi Curug Putri berada di kawasan wisata Palutungan, sekitar 1 jam perjalanan dari pusat kota Kuningan. Akses jalan menuju lokasi relatif baik, dan tersedia area parkir yang cukup memadai. Dari area parkir, pengunjung perlu berjalan kaki sekitar 10–15 menit melewati jalan setapak yang dikelilingi hutan pinus.  Keindahan Alam Air terjun ini memiliki ketinggian sedang dengan aliran air yang cukup deras, jatuh di antara tebing bebatuan yang dikelilingi oleh pepohonan hijau. Suasana alam yang masih asri membuat Curug Putri sangat cocok untuk melepas penat, berfoto, atau sekadar menikmati udara segar.  Fasilitas Di sekitar kawasan wisata tersedia fasilitas umum seperti toilet, warung makanan, serta tempat duduk atau gazebo untuk beristirahat. Ada pula spot-spot foto yang sengaja dibuat untuk menambah daya tarik bagi pengunjung, terutama wisatawan muda.  Tiket dan Jam Operasional Harga tiket masuk cukup terjangkau, umumnya di bawah Rp20.000 per orang (harga bisa berubah tergantung kebijakan pengelola). Tempat ini buka setiap hari, biasanya dari pagi hingga sore hari.  Kelebihan: Pemandangan alam yang indah dan masih alami. Cocok untuk wisata keluarga maupun solo trip. Lokasi yang relatif mudah dijangkau.  Kekurangan: Jalan setapak bisa licin saat musim hujan. Fasilitas masih sederhana dan bisa lebih ditingkatkan. Bisa ramai saat akhir pekan atau libur panjang.",,positif,curug putri palutungan adalah salah satu destinasi wisata alam populer di kabupaten kuningan jawa barat terletak di kawasan palutungan objek wisata ini menyuguhkan keindahan air terjun yang alami dengan suasana sejuk khas pegunungan akses dan lokasi curug putri berada di kawasan wisata palutungan sekitar 1 jam perjalanan dari pusat kota kuningan akses jalan menuju lokasi relatif baik dan tersedia area parkir yang cukup memadai dari area parkir pengunjung perlu berjalan kaki sekitar 10 15 menit melewati jalan setapak yang dikelilingi hutan pinus keindahan alam air terjun ini memiliki ketinggian sedang dengan aliran air yang cukup deras jatuh di antara tebing bebatuan yang dikelilingi oleh pepohonan hijau suasana alam yang masih asri membuat curug putri sangat cocok untuk melepas penat berfoto atau sekadar menikmati udara segar fasilitas di sekitar kawasan wisata tersedia fasilitas umum seperti toilet warung makanan serta tempat duduk atau gazebo untuk beristirahat ada pula spot spot foto yang sengaja dibuat untuk menambah daya tarik bagi pengunjung terutama wisatawan muda tiket dan jam operasional harga tiket masuk cukup terjangkau umumnya di bawah rp20 000 per orang harga bisa berubah tergantung kebijakan pengelola tempat ini buka setiap hari biasanya dari pagi hingga sore hari kelebihan pemandangan alam yang indah dan masih alami cocok untuk wisata keluarga maupun solo trip lokasi yang relatif mudah dijangkau kekurangan jalan setapak bisa licin saat musim hujan fasilitas masih sederhana dan bisa lebih ditingkatkan bisa ramai saat akhir pekan atau libur panjang,1,0,0,1,1,positif,-,-,-
700,Curug Putri Palutungan,Wisata Alam & Buper TNGC,4,"Persiapkan kesehatan mobil.bila ingin ke curug karena terus menanjak dan jalannya semakin menyempit ke atas jd hrs berhati2.  Tiket masuk hari biasa total 20k/org  (termasuk pelayanan dan asuransi)dan parkir mobil 11k. Mobil.bs masuk ke daerah glamping(perkemahan) dan ke curug. Parkiran teduh karena pepohonannya sangat tinggi2, ada mushola dan toilet. Hati2 bila angjn kencang jangan parkir terlalu dkt dg pepohonan.  Dari parkiran ke curug cukup berjalan kaki melalui tangga  sekitar 5 menit. Curug tdk terlalu tinggi dan air di sekitarnya tidak terlalu dalam, di atas pergelangan kaki. Airnya cukup dingjn. Begitu juga udara di sekitarnya. Lingkungan rindang banyak pepohonan dan bebatuan. Toilet darurat ada di bawah. Sayang sampah menumpuk tdk di ambil.",,positif,persiapkan kesehatan mobil bila ingin ke curug karena terus menanjak dan jalannya semakin menyempit ke atas jadi harus berhati2 tiket masuk hari biasa total 20k orang termasuk pelayanan dan asuransi dan parkir mobil 11k mobil bisa masuk ke daerah glamping perkemahan dan ke curug parkiran teduh karena pepohonannya sangat tinggi2 ada mushola dan toilet hati-hati bila angjn kencang jangan parkir terlalu dkt dengan pepohonan dari parkiran ke curug cukup berjalan kaki melalui tangga sekitar 5 menit curug tidak terlalu tinggi dan air di sekitarnya tidak terlalu dalam di atas pergelangan kaki airnya cukup dingjn begitu juga udara di sekitarnya lingkungan rindang banyak pepohonan dan bebatuan toilet darurat ada di bawah sayang sampah menumpuk tidak di ambil,1,1,0,0,1,positif,-,-,-
701,Curug Putri Palutungan,Wisata Alam & Buper TNGC,4,Curugnya bagus. Aksesnya gampang. Tiket masuk standar. Sayang kebersihan di sekitar curug kurang dijaga.,,positif,curugnya bagus aksesnya gampang tiket masuk standar sayang kebersihan di sekitar curug kurang dijaga,0,1,0,0,1,positif,-,-,-
702,Curug Putri Palutungan,Wisata Alam & Buper TNGC,4,"first time ke situ b aja sih seneng air nya doang wc sama dobeldet sedikit kantin nya sedikit tapi bagus air terjun nya sedikit bening 99% 1% nya ada daun dan lumut"" gitu",,positif,first time ke situ b saja sih senang air nya doang wc sama dobeldet sedikit kantin nya sedikit tapi bagus air terjun nya sedikit bening 99 1 nya ada daun dan lumut begitu,1,0,0,0,0,positif,-,-,-
703,Curug Putri Palutungan,Wisata Alam & Buper TNGC,4,"Ini tiketnya ngga gitu jelas, karena kalo di total ngga sejumlah tiket yg diterima. Masuk ber-3 dengan 2 motor hitungannya aneh bangett. But disini curugnya ngga begitu tinggi, dan air nya super duper dingin. Banyak toilet bersih yang tersedia, terutama di dalem tempat wisatanya yah. Ada mushola juga yang nyaman dan bersih. Selain wisata ke curug, bisa juga ngecamp disini karena vibes nya kaya green grass di Bandung",,positif,ini tiketnya enggak begitu jelas karena kalo di total enggak sejumlah tiket yang diterima masuk ber 3 dengan 2 motor hitungannya aneh banget but disini curugnya enggak begitu tinggi dan air nya super duper dingin banyak toilet bersih yang tersedia terutama di dalem tempat wisatanya ya ada mushola juga yang nyaman dan bersih selain wisata ke curug bisa juga ngecamp disini karena vibes nya kayak green grass di bandung,1,0,0,0,1,positif,-,-,-
704,Curug Putri Palutungan,Wisata Alam & Buper TNGC,4,"Jarak dari tempat parkir ke curug putri cukup dekat, bisa berjalan kaki santai sekitar 10 menit  Terdapat penjaja makanan diseputar tempat parkir dan area campingnya juga lumayan luas dengan pemandangan pohon pinus  Jarak dari kota kuningan jawa barat sekitar 10 km dan jalannya mulus .",,positif,jarak dari tempat parkir ke curug putri cukup dekat bisa berjalan kaki santai sekitar 10 menit terdapat penjaja makanan diseputar tempat parkir dan area campingnya juga lumayan luas dengan pemandangan pohon pinus jarak dari kota kuningan jawa barat sekitar 10 kamu dan jalannya mulus,0,0,0,0,1,positif,-,-,-
705,Curug Putri Palutungan,Wisata Alam & Buper TNGC,4,"Enak buat nge-camp, khususnya yg bawa anak2 sekolah. Cuma jalan d area perkemahan ga rata.",,positif,enak buat nge camp khususnya yang bawa anak-anak sekolah cuma jalan di area perkemahan enggak rata,0,0,0,1,0,positif,-,-,-
709,Curug Putri Palutungan,Wisata Alam & Buper TNGC,4,"Curug Landung yg terletak di desa cisantana Cigugur Kuningan, Curug Landung yg artinya air yg mengalir dari ketinggian, memiliki ketinggian  30 meter, Curug ini tertinggi di kab. Kuningan.  Buka jam 08.00 SD jam 17.00 wib. Jalur menuju Curug Landung sdh bagus, dan kita harus melewati anak tangga yg lumayan bikin badan berkeringat..dan letaknya Deket dengan tempat parkir, untuk spot foto ada, sepeda terbang, balon udara, permadani terbang, untuk fasilitas dicurug Landung antara lain mushola,  area parkir, toilet, warung, gazebo, berdasarkan cerita  curug landung selain menjadi destinasi wisata, air dari Curug landung dipercaya dpt mengobati berbagai penyakit, Wallahu a'lam bish shawab.",,positif,curug landung yang terletak di desa cisantana cigugur kuningan curug landung yang artinya air yang mengalir dari ketinggian memiliki ketinggian 30 meter curug ini tertinggi di kab kuningan buka jam 08 00 sd jam 17 00 wib jalur menuju curug landung sudah bagus dan kita harus melewati anak tangga yang lumayan bikin badan berkeringat dan letaknya dekat dengan tempat parkir untuk spot foto ada sepeda terbang balon udara permadani terbang untuk fasilitas dicurug landung antara lain mushola area parkir toilet warung gazebo berdasarkan cerita curug landung selain menjadi destinasi wisata air dari curug landung dipercaya dapat mengobati berbagai penyakit wallahu a lam bish shawab,1,0,0,1,1,positif,-,-,-
712,Curug Putri Palutungan,Wisata Alam & Buper TNGC,4,Air terjunnya cukup tinggi dan bagus,,positif,air terjunnya cukup tinggi dan bagus,1,0,0,0,0,positif,-,-,-
713,Curug Putri Palutungan,Wisata Alam & Buper TNGC,4,"Tempat nya Indah, Sejuk.. Nyaman.. Dan Asr  Hanya Saja utk Toilet'nya (Ruang Ganti Bilas) ga tersedia air dan bus pesing..",,positif,tempat nya indah sejuk nyaman dan asr hanya saja untuk toilet nya ruang ganti bilas enggak tersedia air dan bus kotor bau,1,1,0,0,0,positif,-,-,-
714,Curug Putri Palutungan,Wisata Alam & Buper TNGC,4,"Restoran Highland, memiliki parkir mobil yg luas, ada tempat bermain anak, makanya tergolong lumayan dengan harga yg cukup terjangkau.. Pemandangan nya bagus..",,positif,restoran highland memiliki parkir mobil yang luas ada tempat bermain anak makanya tergolong lumayan dengan harga yang cukup terjangkau pemandangan nya bagus,0,0,0,0,1,positif,-,-,-
717,Curug Putri Palutungan,Wisata Alam & Buper TNGC,4,Curug yang ramah untuk anak-anak dan ada camping ground juga. Ketersediaan warung makan juga ada. Harga tiket masuk terjangkau.,,positif,curug yang ramah untuk anak anak dan ada camping ground juga ketersediaan warung makan juga ada harga tiket masuk terjangkau,0,0,1,0,1,positif,-,-,-
719,Curug Putri Palutungan,Wisata Alam & Buper TNGC,4,"Klo mau k sini di bulan sekarang lagi adem,sejuk cuacanya tiket masuk Rp 41.000 2 orang udah termasuk sama tiket parkir motor untuk mobil mungkin berbeda",,positif,kalo mau ke sini di bulan sekarang lagi adem sejuk cuacanya tiket masuk rp 41 000 2 orang sudah termasuk sama tiket parkir motor untuk mobil mungkin berbeda,0,0,0,0,1,positif,-,-,-
720,Curug Putri Palutungan,Wisata Alam & Buper TNGC,4,"Saat ke curug Putri pas weekday jadi sepi pengunjung, juga pas musim kemarau/panas jadi air terjun nya kecil. Menuju kelokasi juga tidak terlalu sulit. Semoga saat kesana lagi airnya udah banyak agar bener² liat air terjun",,positif,saat ke curug putri pas weekday jadi sepi pengunjung juga pas musim kemarau panas jadi air terjun nya kecil menuju kelokasi juga tidak terlalu sulit semoga saat kesana lagi airnya sudah banyak agar bener² lihat air terjun,1,0,0,0,0,positif,-,-,-
722,Curug Putri Palutungan,Wisata Alam & Buper TNGC,4,Curug airny adem seger otak fres klu denger gemericik air .... Tiket masuk sm parkir kmrn byr 120 rb untuk 6 orang,,positif,curug airny adem segar otak fres kalau dengar gemericik air tiket masuk sama parkir kemarin byr 120 ribu untuk 6 orang,1,0,0,0,1,positif,-,-,-
724,Curug Putri Palutungan,Wisata Alam & Buper TNGC,4,tempt parkir luas dingin cocok bgt buat ngecamp anak skolah sip lah,,positif,tempat parkir luas dingin cocok banget buat ngecamp anak sekolah sip lah,0,0,0,0,1,positif,-,-,-
727,Curug Putri Palutungan,Wisata Alam & Buper TNGC,4,"Bumi perkemahan Palutungan petunjuk ke daerah ini ada tapi kurang jelas, tempat yg nyaman utk bawa keluarga belajar berkemah, toilet bersih, air melimpah ada Curug Putri yg mudah dijangkau. Kru pengelola komunikatif",,positif,bumi perkemahan palutungan petunjuk ke daerah ini ada tapi kurang jelas tempat yang nyaman untuk bawa keluarga belajar berkemah toilet bersih air melimpah ada curug putri yang mudah dijangkau kru pengelola komunikatif,1,0,0,0,0,positif,-,-,-
729,Curug Putri Palutungan,Wisata Alam & Buper TNGC,4,tempatnya bgs sejuk adem air curugnya waktu kesana kaya es dingin bgt 👍,,positif,tempatnya bagus sejuk adem air curugnya waktu kesana kayak es dingin banget,1,0,0,0,0,positif,-,-,-
736,Curug Putri Palutungan,Wisata Alam & Buper TNGC,4,"Cool air, science view, beautiful, best for healing",,positif,cool air science view beautiful best for healing,1,0,0,0,0,positif,-,-,-
743,Curug Putri Palutungan,Wisata Alam & Buper TNGC,5,"Bagus, airnya dingin segar. Curugnya tidak terlalu tinggi tapi bagus. Lokasinya mudah dijangkau. Tiket masuk 25.000 sudah sekalian parkir (April,2026). Ada wahana lain seperti ATV.    Dari tempat parkir ke lokasi curug tidak jauh, tidak harus naik turun tangga yg banyak. Ada tempat untuk ganti baju juga kalau mau main air. Pas kesini ada jasa fotografer juga, next bisa dicoba kali ya. Di jalan sebelum curug banyak warung, ada penjual jajanan seperti telur gulung dan sempol, cocok untuk ngemil.",,positif,bagus airnya dingin segar curugnya tidak terlalu tinggi tapi bagus lokasinya mudah dijangkau tiket masuk 25 000 sudah sekalian parkir april 2026 ada wahana lain seperti atv dari tempat parkir ke lokasi curug tidak jauh tidak harus naik turun tangga yang banyak ada tempat untuk ganti baju juga kalau mau main air pas kesini ada jasa fotografer juga next bisa dicoba kali ya di jalan sebelum curug banyak warung ada penjual jajanan seperti telur gulung dan sempol cocok untuk ngemil,1,0,0,1,1,positif,-,-,-
744,Curug Putri Palutungan,Wisata Alam & Buper TNGC,5,"Akhirnya berhasil ngajak anak-anak main ke air terjun untuk pertama kalinya, dan pilihan kami jatuh ke Curug Putri Kuningan. Ternyata tempatnya cocok banget untuk keluarga yang bawa anak kecil.  Yang paling saya suka, akses menuju curugnya tidak jauh dari area parkir. Jadi nggak perlu trekking panjang atau jalan kaki yang bikin anak-anak keburu capek. Curugnya memang bukan tipe air terjun yang tinggi dan spektakuler, tapi justru itu yang membuatnya ramah untuk keluarga. Pemandangannya tetap cantik, suasananya asri, dan airnya jernih.  Area bermain airnya juga relatif aman untuk anak-anak karena tidak terlalu dalam. Anak-anak puas banget main air, ciprat-cipratan, dan eksplorasi alam. Kami datang sekitar jam 2 siang dan suasananya tidak terlalu ramai, jadi terasa lebih nyaman dan santai.  Di sekitar area parkir juga banyak warung makan dengan harga yang sangat bersahabat. Senang rasanya menemukan tempat wisata yang makanan dan minumannya masih masuk akal, tidak seperti beberapa tempat wisata lain yang harganya bikin kaget. Ada juga area camping bagi yang ingin menikmati suasana alam lebih lama.  Beberapa hal yang menurut saya perlu diperbaiki adalah fasilitas toiletnya yang masih kurang layak, serta tidak adanya tempat bilas yang dekat dengan area curug. Setelah selesai main air, agak repot kalau mau bersih-bersih.  Meski begitu, pengalaman keseluruhannya menyenangkan. Cocok untuk wisata keluarga, terutama yang ingin mengenalkan anak-anak pada keindahan air terjun tanpa harus melakukan perjalanan yang terlalu berat. Pasti akan kembali lagi kalau sedang berkunjung ke Kuningan.",,positif,akhirnya berhasil mengajak anak anak main ke air terjun untuk pertama kalinya dan pilihan kami jatuh ke curug putri kuningan ternyata tempatnya cocok banget untuk keluarga yang bawa anak kecil yang paling saya suka akses menuju curugnya tidak jauh dari area parkir jadi enggak perlu trekking panjang atau jalan kaki yang bikin anak anak keburu capek curugnya memang bukan tipe air terjun yang tinggi dan spektakuler tapi justru itu yang membuatnya ramah untuk keluarga pemandangannya tetap cantik suasananya asri dan airnya jernih area bermain airnya juga relatif aman untuk anak anak karena tidak terlalu dalam anak anak puas banget main air ciprat cipratan dan eksplorasi alam kami datang sekitar jam 2 siang dan suasananya tidak terlalu ramai jadi terasa lebih nyaman dan santai di sekitar area parkir juga banyak warung makan dengan harga yang sangat bersahabat senang rasanya menemukan tempat wisata yang makanan dan minumannya masih masuk akal tidak seperti beberapa tempat wisata lain yang harganya bikin kaget ada juga area camping bagi yang ingin menikmati suasana alam lebih lama beberapa hal yang menurut saya perlu diperbaiki adalah fasilitas toiletnya yang masih kurang layak serta tidak adanya tempat bilas yang dekat dengan area curug setelah selesai main air agak repot kalau mau bersih bersih meski begitu pengalaman keseluruhannya menyenangkan cocok untuk wisata keluarga terutama yang ingin mengenalkan anak anak pada keindahan air terjun tanpa harus melakukan perjalanan yang terlalu berat pasti akan kembali lagi kalau sedang berkunjung ke kuningan,1,0,1,1,1,positif,-,-,-
745,Curug Putri Palutungan,Wisata Alam & Buper TNGC,5,"Curug Palutungan benar-benar tempat yang asik sekali buat ngumpul bareng teman-teman komunitas motor! Suasananya sangat adem dan tenang, pas banget untuk melepas penat setelah perjalanan riding. Di sini kita bisa duduk santai sambil makan dan ngopi menikmati pemandangan alam yang asri dan udara yang sejuk. Fasilitas yang tersedia juga sudah cukup memadai, mulai dari area parkir hingga tempat istirahatnya. Selain seru untuk nongkrong bareng anak motor, tempat ini juga sangat saya rekomendasikan untuk acara liburan keluarga maupun gathering kantor karena tempatnya luas dan nyaman. Pengalaman yang berkesan dan pasti bakal balik lagi ke sini!",,positif,curug palutungan benar benar tempat yang asik sekali buat ngumpul bareng teman teman komunitas motor suasananya sangat adem dan tenang pas banget untuk melepas penat setelah perjalanan riding di sini kita bisa duduk santai sambil makan dan ngopi menikmati pemandangan alam yang asri dan udara yang sejuk fasilitas yang tersedia juga sudah cukup memadai mulai dari area parkir hingga tempat istirahatnya selain seru untuk nongkrong bareng anak motor tempat ini juga sangat saya rekomendasikan untuk acara liburan keluarga maupun gathering kantor karena tempatnya luas dan nyaman pengalaman yang berkesan dan pasti bakal balik lagi ke sini,0,0,0,0,1,positif,-,-,-
746,Curug Putri Palutungan,Wisata Alam & Buper TNGC,5,"Tempatnya sejuk,kalau malam dingin menusuk🥶 Indah sekali,camping disini seperti tidak mau pulang. Kamar mandi tersedia cukup banyak,tahun depan mau kesini lagiii❤️",,positif,tempatnya sejuk kalau malam dingin menusuk indah sekali camping disini seperti tidak mau pulang kamar mandi tersedia cukup banyak tahun depan mau kesini lagi,1,0,0,0,0,positif,-,-,-
747,Curug Putri Palutungan,Wisata Alam & Buper TNGC,5,"Underrated, Curugnya bagus besar, airnya jernih banget dan yang paling penting KIDS FRIENDLY! Jalan masuknya ga jauh cuma sekitar 100m dari parkiran, naik turunnya tidak terlalu curam dan tidak terlalu ramai. Untuk ganti pakaian dan bilas lebih baik di area parkir dekat mushola. Ada juga jajanan bakso, batagor, dll dekat area parkir.",,positif,underrated curugnya bagus besar airnya jernih banget dan yang paling penting kids friendly jalan masuknya enggak jauh cuma sekitar 100m dari parkiran naik turunnya tidak terlalu curam dan tidak terlalu ramai untuk ganti pakaian dan bilas lebih baik di area parkir dekat mushola ada juga jajanan bakso batagor dll dekat area parkir,0,0,0,1,1,positif,-,-,-
748,Curug Putri Palutungan,Wisata Alam & Buper TNGC,5,"Weekend, dewasa 25rb/org, mobil 11rb. Tempatnya dirawat dan bersih. Ada tempat camping, jalan menuju curug nya 200m dan sudah dibuat area jalan kaki yang rapi.",,positif,weekend dewasa 25rb orang mobil 11rb tempatnya dirawat dan bersih ada tempat camping jalan menuju curug nya 200m dan sudah dibuat area jalan kaki yang rapi,0,0,0,1,0,positif,-,-,-
749,Curug Putri Palutungan,Wisata Alam & Buper TNGC,5,Dateng pas sabtu pagi gak terlalu ramai serasa curug pribadi karena kita masih bisa menikmati dan mondar mandir main air. Happy 🫶🏻🫶🏻🫶🏻,,positif,datang pas sabtu pagi enggak terlalu ramai serasa curug pribadi karena kita masih bisa menikmati dan mondar mandir main air happy,1,0,0,0,0,positif,-,-,-
750,Curug Putri Palutungan,Wisata Alam & Buper TNGC,5,"Curugnya bagus, bersih, indah juga. Akses jalan nya bagus tapi emg berkelok kelok. Pokoknya baguss bangett, banyak warung, terawat harga juga murah. Sukses terus buat semua tempat wisata di Kuningan ❤️❤️",,positif,curugnya bagus bersih indah juga akses jalan nya bagus tapi memang berkelok kelok pokoknya bagus banget banyak warung terawat harga juga murah sukses terus buat semua tempat wisata di kuningan,0,0,0,1,1,positif,-,-,-
751,Curug Putri Palutungan,Wisata Alam & Buper TNGC,5,"Curugnya tidak terlalu tinggi , tetapi bagus , jernih , jalan menuju curugnya tidak terlalu jauh dari parkiran , family friendly , htm nya juga tidak mahal",,positif,curugnya tidak terlalu tinggi tetapi bagus jernih jalan menuju curugnya tidak terlalu jauh dari parkiran family friendly htm nya juga tidak mahal,0,0,0,1,1,positif,-,-,-
753,Curug Putri Palutungan,Wisata Alam & Buper TNGC,5,"Tiket murah. Jalan bagus. Kalo soal pemandangan jgn di ragukan lag. Curug Putri emang bagus pollll. Airnya adem bgt, petugasnya juga rajin bersihin dedaunan yang di curug. Jd ttp estetik saat di foto",,positif,tiket murah jalan bagus kalo soal pemandangan jangan di ragukan lag curug putri memang bagus pol airnya adem banget petugasnya juga rajin bersihin dedaunan yang di curug jadi tetap estetik saat di foto,0,0,0,1,1,positif,-,-,-
754,Curug Putri Palutungan,Wisata Alam & Buper TNGC,5,"Biaya tiket masuk dan parkir di bundle jadi satu. Kalau mau camping beda lagi harganya, ada harga tambahan. Kalo ada niat camping tapi ga ada tenda bisa sewa disitu. Harga start mulai 150ribu sedah dengan tikar 1 buah, dan tenda muat 4 orang. Hati hati naik tangga ke air terjun. Licin banget. Di bawah pas air terjun ada abang2 penjual tahu khas Cirebon terus ada jasa foto cetak. Harga jasa foto cetak start mulai 25rb katanya ketahanan foto bisa sampai 25 tahun.",,positif,biaya tiket masuk dan parkir di bundle jadi satu kalau mau camping beda lagi harganya ada harga tambahan kalo ada niat camping tapi enggak ada tenda bisa sewa disitu harga start mulai 150ribu sedah dengan tikar 1 buah dan tenda muat 4 orang hati hati naik tangga ke air terjun licin banget di bawah pas air terjun ada abang2 penjual tahu khas cirebon terus ada jasa foto cetak harga jasa foto cetak start mulai 25rb katanya ketahanan foto bisa sampai 25 tahun,1,0,0,1,1,positif,-,-,-
755,Curug Putri Palutungan,Wisata Alam & Buper TNGC,5,"Tempat wisata yang sangat menarik. Area bersih dan terawat, fasilitas lengkap. Kamar mandi ada banyak dan bersih dengan air melimpah. Di area lapangan banyak tersedia stop kontak out door yang diamankan dengan kotak sehingga terhindar dari hujan. Area parkir luas, bayar 10 ribu untuk parkir mobil.",,positif,tempat wisata yang sangat menarik area bersih dan terawat fasilitas lengkap kamar mandi ada banyak dan bersih dengan air melimpah di area lapangan banyak tersedia stop kontak out door yang diamankan dengan kotak sehingga terhindar dari hujan area parkir luas bayar 10 ribu untuk parkir mobil,1,0,0,0,1,positif,-,-,-
756,Curug Putri Palutungan,Wisata Alam & Buper TNGC,5,"Pertama kalinya anakku ke alam, tempatnya luas air dingin kabut sepanjang jalan, ini foto dari jam 4-5 sudah gelap sekali, karena jalanan kecil minim penerangan dan berkabut hati2 yg bermobil ya, cocok untuk camp juga",,positif,pertama kalinya anakku ke alam tempatnya luas air dingin kabut sepanjang jalan ini foto dari jam 4 5 sudah gelap sekali karena jalanan kecil minim penerangan dan berkabut hati-hati yang bermobil ya cocok untuk camp juga,1,0,0,1,0,positif,-,-,-
757,Curug Putri Palutungan,Wisata Alam & Buper TNGC,5,"Cocok buat kumpul teman-teman ngecamp bisa sambil main air atau piknik keluarga, tempat ramah anak, kalo ke Curug tetap harus dijagain ya anaknya ☺️‼️ Kalo males bekel juga gapapa, banyak yang jualan, cilor juga banyak 😭👍  Ini serius dingin 😌 kalo ngga main air yaa pake jaketmu itu 🫵",,positif,cocok buat kumpul teman teman ngecamp bisa sambil main air atau piknik keluarga tempat ramah anak kalo ke curug tetap harus dijagain ya anaknya kalo malas bekel juga gapapa banyak yang jualan cilor juga banyak ini serius dingin kalo enggak main air ya pakai jaketmu itu,1,0,1,0,0,positif,-,-,-
759,Curug Putri Palutungan,Wisata Alam & Buper TNGC,5,"Aksesnya mudah, treknya ga jauh dari parkiran utama. Airnya jernih, dingin, tp dangkal, jd aman jg buat anak2 yg mau main air (tp tetap dalam pengawasan orgtua ya!)",,positif,aksesnya mudah treknya enggak jauh dari parkiran utama airnya jernih dingin tapi dangkal jadi aman juga buat anak-anak yang mau main air tapi tetap dalam pengawasan orgtua ya,1,0,0,0,0,positif,-,-,-
760,Curug Putri Palutungan,Wisata Alam & Buper TNGC,5,"Tempat yg ramah buat liburan keluarga, sejuk, bisa buat main air dibawah atau cuma sekedar piknik",,positif,tempat yang ramah buat liburan keluarga sejuk bisa buat main air dibawah atau cuma sekedar piknik,1,0,1,0,0,positif,-,-,-
761,Curug Putri Palutungan,Wisata Alam & Buper TNGC,5,"Dr kota kuningan cm 20 menitan aja. Jalan ke arah wisata curugnya bagus aspal dan cukup 2 mobil. Cuma nanjak terus harus pastikan kondisi mobil sehat. Dan banyak tempat wisata sepanjang jalan ke arah curug. Biaya masuk 20rb saat wiken. Parkir mobil 10rb. Dr parkiran ke curug ga terlalu jauh. Mungkin kurleb 100-150 meter. Anak tangga turun ke curugnya juga ga banyak. Masih puluhan ga samle ratusan. Bisa buat camping juga lumayan rame saat wikend. Dan banyak tukang jajanan. Bisa gelar tiker nimbel dr rumah. Air nya bersih curugnya ga terlalu besar. Sempet liat tulisan ""saat hujan besar dilarang turun ke curug"" Setelah ngelihat lokasinya pas turun tangga ke arah curugnya memang kayanya bahaya sekali ketika tau2 air bah datang untuk berlari menjauhnya itu harus nyebrang jembatan dan area sekita curug sempit. Bisa berpotensi terjebak. Semoga tidak terjadi hal2 yg tidak diinginkan.",,positif,dari kota kuningan cuma 20 menitan saja jalan ke arah wisata curugnya bagus aspal dan cukup 2 mobil cuma nanjak terus harus pastikan kondisi mobil sehat dan banyak tempat wisata sepanjang jalan ke arah curug biaya masuk 20rb saat wiken parkir mobil 10rb dari parkiran ke curug enggak terlalu jauh mungkin kurleb 100 150 meter anak tangga turun ke curugnya juga enggak banyak masih puluhan enggak samle ratusan bisa buat camping juga lumayan rame saat wikend dan banyak tukang jajanan bisa gelar tiker nimbel dari rumah air nya bersih curugnya enggak terlalu besar sempat lihat tulisan saat hujan besar dilarang turun ke curug setelah melihat lokasinya pas turun tangga ke arah curugnya memang kayanya bahaya sekali ketika tau-tau air bah datang untuk berlari menjauhnya itu harus nyebrang jembatan dan area sekita curug sempit bisa berpotensi terjebak semoga tidak terjadi hal-hal yang tidak diinginkan,1,0,0,1,1,positif,-,-,-
762,Curug Putri Palutungan,Wisata Alam & Buper TNGC,5,"Sudah beberapa kali ke sini, dari jaman sekolah, sampai sekarang bawa anak. Area luas, bisa untuk piknik keluarga, camp, barbeque-an, dsb. Fasilitas lengkap, dan yang jadi kelebihannya adalah tidak perlu jalan jauh ke curug.",,positif,sudah beberapa kali ke sini dari jaman sekolah sampai sekarang bawa anak area luas bisa untuk piknik keluarga camp barbeque an dsb fasilitas lengkap dan yang jadi kelebihannya adalah tidak perlu jalan jauh ke curug,0,0,0,1,0,positif,-,-,-
763,Curug Putri Palutungan,Wisata Alam & Buper TNGC,5,"Cantiiikk...tdk terlalu ramai, pdhal ini hari sabtu pukul 10.30. Airnya dingiiin...udaranya sejuk dan bersih...better diberi peringatan spy tdk merokok, jd udaranya tdk tercemar mengingat ini temp wisata keluarga. Toilet jg tersedia sebelum ke titik lokasi air terjun dan bersih. Ada bbrp pedagang juga di dlm lokasi wisata",,positif,cantik tidak terlalu ramai padahal ini hari sabtu pukul 10 30 airnya dingiiin udaranya sejuk dan bersih better diberi peringatan supaya tidak merokok jadi udaranya tidak tercemar mengingat ini temp wisata keluarga toilet juga tersedia sebelum ke titik lokasi air terjun dan bersih ada beberapa pedagang juga di dalam lokasi wisata,1,0,0,0,0,positif,-,-,-
764,Curug Putri Palutungan,Wisata Alam & Buper TNGC,5,"tiket masuk bayar Rp. 25,000 sudah termasuk biaya parkir (motor)  tempat yang sejuk untuk refreshing dan ngadem di tengah panas nya Cirebon...  curug nya cukup tinggi dan air nya dingin banget, akses menuju curug nya juga mudah...  ada banyak warung2 berjualan makanan dan cemilan, dan ada sewa ATV juga...",,positif,tiket masuk bayar rp 25 000 sudah termasuk biaya parkir motor tempat yang sejuk untuk refreshing dan ngadem di tengah panas nya cirebon curug nya cukup tinggi dan air nya dingin banget akses menuju curug nya juga mudah ada banyak warung2 berjualan makanan dan cemilan dan ada sewa atv juga,1,0,0,0,1,positif,-,-,-
768,Curug Putri Palutungan,Wisata Alam & Buper TNGC,5,"tiket masuk hari libur 25k/orang termasuk parkir motor, enakan pagi masih sepi, siang rameeeee... tempatnya sejuk, bisa untuk berkemah, ada mushola, ada kamar bilas.... pengen datang lagi kapan-kapan",,positif,tiket masuk hari libur 25k orang termasuk parkir motor enakan pagi masih sepi siang rameeeee tempatnya sejuk bisa untuk berkemah ada mushola ada kamar bilas pengin datang lagi kapan kapan,0,0,0,0,1,positif,-,-,-
770,Curug Putri Palutungan,Wisata Alam & Buper TNGC,5,"Curug nya asik sih, ga jauh juga dari parkiran. Jalanannya juga tergolong mudah walau ada anak tangganya. Untuk orang tua masih friendly lah. Jauhnya sekitar kurang lebih 100m. Ada kamar bilas di bagian atas saat are hutan atau area kamping. Dibagian bawahpun ada kamar mandi portable kecil 2 ruang, bisa untuk ganti baju juga. Posisinya saat turun nyebrang jembatan di sebelah kanan.  Ada beberapa tmpt spot foto, bagus-bagus kalau tidak ramai. Sampai jam 9 di tempat, masih sepi. Kalau lagi ada rombongan baru deh penuh harus gantian.  Banyak jajanan di area campnya saat siang - istirhat. Ada ATV kecil Rp30rb. Popmie Rp10rb. Jasuke Rp7rb, dll.  Tiket masuknya masih lumayan murah. Perorang Rp17,500 dan parkir kendaraan Rp20rb untuk mobil.",,positif,curug nya asik sih enggak jauh juga dari parkiran jalanannya juga tergolong mudah walau ada anak tangganya untuk orang tua masih friendly lah jauhnya sekitar kurang lebih 100m ada kamar bilas di bagian atas saat are hutan atau area kamping dibagian bawahpun ada kamar mandi portable kecil 2 ruang bisa untuk ganti baju juga posisinya saat turun nyebrang jembatan di sebelah kanan ada beberapa tempat spot foto bagus bagus kalau tidak ramai sampai jam 9 di tempat masih sepi kalau lagi ada rombongan baru deh penuh harus gantian banyak jajanan di area campnya saat siang istirhat ada atv kecil rp30rb popmie rp10rb jasuke rp7rb dll tiket masuknya masih lumayan murah perorang rp17 500 dan parkir kendaraan rp20rb untuk mobil,1,0,0,0,1,positif,-,-,-
771,Curug Putri Palutungan,Wisata Alam & Buper TNGC,5,Buat yg bawa orang tua sebaiknya parkir kendaraan dalam dekat Curug nya... Kalo parkir di depan dekat pujasera pasti orang tua ga kuat jalan...,,positif,buat yang bawa orang tua sebaiknya parkir kendaraan dalam dekat curug nya kalo parkir di depan dekat pujasera pasti orang tua enggak kuat jalan,0,0,0,1,1,positif,-,-,-
773,Curug Putri Palutungan,Wisata Alam & Buper TNGC,5,"Lokasi lumayan bagus Debit air krn sdh musim hujan jd banyak air'a tapi akses menuju lokasi yg sempit jd kalau 2 mobil papasan agak repot Kunjungan pd tgl 26 Desember 2024 dan efek pengunjung membludak pengunjung dr botanika jd macet panjang sehingga jalur dibuat oneway Jalur tembus k puncak dengan lebar jalan yg kecil menurun curam jd hrs hati-hati apa lagi dlm kondisi hujan Yg mau ke area sekitar ini apabila saat libur nasional lbh baik pagi"" Agar tdk kejebak macet dan sulit jg hrs yg handal krn jalur sempit",,positif,lokasi lumayan bagus debit air karena sudah musim hujan jadi banyak air a tapi akses menuju lokasi yang sempit jadi kalau 2 mobil papasan agak repot kunjungan pada tanggal 26 desember 2024 dan efek pengunjung membludak pengunjung dari botanika jadi macet panjang sehingga jalur dibuat oneway jalur tembus ke puncak dengan lebar jalan yang kecil menurun curam jadi harus hati hati apa lagi dalam kondisi hujan yang mau ke area sekitar ini apabila saat libur nasional lebih baik pagi agar tidak kejebak macet dan sulit juga harus yang handal karena jalur sempit,1,0,0,1,0,positif,-,-,-
774,Curug Putri Palutungan,Wisata Alam & Buper TNGC,5,"Buat camping asyik , saat KCI komunitas captiva indonesia wilayah Pantura hut ke 7 ditempat yang sama saat pengukuhannya Toilet bersih, ada listrik disediakan oleh pengelola dan hanya bayar 20 rb setipa orang yang ingin berkemah",,positif,buat camping asyik saat kci komunitas captiva indonesia wilayah pantura hut ke 7 ditempat yang sama saat pengukuhannya toilet bersih ada listrik disediakan oleh pengelola dan hanya bayar 20 ribu setipa orang yang ingin berkemah,1,0,0,0,0,positif,-,-,-
775,Curug Putri Palutungan,Wisata Alam & Buper TNGC,5,"Tempat ini ga banyak perubahan tp tetap berkesan makanya sering kesini, tempat kempingnya nyaman, yang jualan banyak, dan kebersihan terjaga. Recomended c inj",,positif,tempat ini enggak banyak perubahan tapi tetap berkesan makanya sering kesini tempat kempingnya nyaman yang jualan banyak dan kebersihan terjaga recomended sih inj,0,1,0,0,0,positif,-,-,-
776,Curug Putri Palutungan,Wisata Alam & Buper TNGC,5,"Lokasi curugnya tidak jauh dari tempat parkir hanya jalan sekitar 5-10menit dari tempat parkir. Ada tempat camp, mushala,toilet dan jajanan. Cocok untuk keluarga dg udara yg sejuk dg banyak pepohonan.",,positif,lokasi curugnya tidak jauh dari tempat parkir hanya jalan sekitar 5 10menit dari tempat parkir ada tempat camp mushala toilet dan jajanan cocok untuk keluarga dengan udara yang sejuk dengan banyak pepohonan,1,0,0,1,1,positif,-,-,-
777,Curug Putri Palutungan,Wisata Alam & Buper TNGC,5,"Segeeerr banget... dateng pagi2 jadi sepi enak suasananya Jalan dr parkiran mobil lumayan juga, track nya turun naik. Lumayan rempong apalagi kl bawa balita Tapi terbayar puas main air di curug ini",,positif,segeeerr banget datang pagi2 jadi sepi enak suasananya jalan dari parkiran mobil lumayan juga track nya turun naik lumayan repot apalagi kalo bawa balita tapi terbayar puas main air di curug ini,1,0,0,1,0,positif,-,-,-
778,Curug Putri Palutungan,Wisata Alam & Buper TNGC,5,"Nice,.bangun tidur berasa segar banget..mata kita dimanjakan dengan sunrise yang terbit diantara pohon pinus..kids friendly, toilet bersih,air curugnya dingin,ada mushola,ada ATV, keliling pakai ATV anak2 jadi happy..",,positif,nice bangun tidur berasa segar banget mata kita dimanjakan dengan sunrise yang terbit diantara pohon pinus kids friendly toilet bersih air curugnya dingin ada mushola ada atv keliling pakai atv anak-anak jadi happy,1,0,0,0,0,positif,-,-,-
779,Curug Putri Palutungan,Wisata Alam & Buper TNGC,5,"Suasana yg sejuk dan alami Airnya yg jernih Cocok banget buat ngecamp, ada toilet yg sangat terawat dan bersih juga. Kalau mau ngopi ada warung. Akses mudah dijangkau, ada tempat yg cocok utk bermeditasi disana.",,positif,suasana yang sejuk dan alami airnya yang jernih cocok banget buat ngecamp ada toilet yang sangat terawat dan bersih juga kalau mau ngopi ada warung akses mudah dijangkau ada tempat yang cocok untuk bermeditasi disana,1,0,0,0,1,positif,-,-,-
781,Curug Putri Palutungan,Wisata Alam & Buper TNGC,5,"Kesini sekalian camping, sebenernya bagus y apalagi pas sunrice masyaALLAH bagus banget, cuma sayang untuk colokan listrik y sedikit, penerangan lampunya jg kurang.. jd klo mau ngecamp d sana d sarankan bawa lampu tambahan ya & banyak guguk liar y.. selebih y bagus sih, ada banyak toilet y, daan ad mushola y..  satu lagi yg paling penting y, mari belajar untuk selalu MEMBUANG SAMPAH PADA TEMPATNYA ya..",,positif,kesini sekalian camping sebenarnya bagus ya apalagi pas sunrice masyaallah bagus banget cuma sayang untuk colokan listrik ya sedikit penerangan lampunya juga kurang jadi kalo mau ngecamp di sana di sarankan bawa lampu tambahan ya banyak guguk liar ya selebih ya bagus sih ada banyak toilet ya daan ada mushola ya satu lagi yang paling penting ya mari belajar untuk selalu membuang sampah pada tempatnya ya,1,1,0,0,0,positif,-,-,-
782,Curug Putri Palutungan,Wisata Alam & Buper TNGC,5,"Harga tiket sangat terjangkau. - Tiket masuk roda 4 Rp. 11.000 - Tiket masuk dewasa di weekend Rp. 7.500 - Tiket jasa pelayanan Rp. 12.000  Di area depan ada sentral jajanan. Cukup tertata rapih.  Masuk ke area perkemahan, suasananya masih asri, pohon pinus tinggi menjulang. Bersih,, satu kata yg terlintas di awal, sangat sedikit melihat sampah berserakan, mungkin karena banyak disediakan tempat sampah di berbagai titik, dan juga dari kesadaran para pengunjung untuk membuang sampah pada tempatnya.  Fasilitas yang disediakan juga cukup baik. Toilet disediakan di beberapa area. Toilet nya terjaga dan bersih. Ada mushola juga untuk rekan rekan muslim yang hendak melaksanakan ibadah solat.  Curug putrinya pun cukup terjaga dan bersih. Airnya dingin dan bening.  Overall saya pribadi cukup senang trip ke destinasi wisata ini.",,positif,harga tiket sangat terjangkau tiket masuk roda 4 rp 11 000 tiket masuk dewasa di weekend rp 7 500 tiket jasa pelayanan rp 12 000 di area depan ada sentral jajanan cukup tertata rapi masuk ke area perkemahan suasananya masih asri pohon pinus tinggi menjulang bersih satu kata yang terlintas di awal sangat sedikit melihat sampah berserakan mungkin karena banyak disediakan tempat sampah di berbagai titik dan juga dari kesadaran para pengunjung untuk membuang sampah pada tempatnya fasilitas yang disediakan juga cukup baik toilet disediakan di beberapa area toilet nya terjaga dan bersih ada mushola juga untuk rekan rekan muslim yang hendak melaksanakan ibadah solat curug putrinya pun cukup terjaga dan bersih airnya dingin dan bening overall saya pribadi cukup senang trip ke destinasi wisata ini,1,1,0,0,1,positif,-,-,-
783,Curug Putri Palutungan,Wisata Alam & Buper TNGC,5,"Best untuk segi trekking karena tidak jauh, tidak terjal dan tidak curam. air curugnya sangat cetek sekali. hanya semata kaki mungkin, tapu cukup dingin. disini gak bisa adegan mandi2. cuma bisa basahin kaki ajah menurutku.",,positif,best untuk segi trekking karena tidak jauh tidak terjal dan tidak curam air curugnya sangat cetek sekali hanya semata kaki mungkin tapu cukup dingin disini enggak bisa adegan mandi2 cuma bisa basahin kaki saja menurutku,1,0,0,1,0,positif,-,-,-
785,Curug Putri Palutungan,Wisata Alam & Buper TNGC,5,"Tiket masuk weekend 40k 2 org + motor Kalo pagi masih sepi, mulai rame jam 9.  Airnya seger Mayan buat healing",,positif,tiket masuk weekend 40k 2 orang motor kalo pagi masih sepi mulai rame jam 9 airnya segar lumayan buat healing,0,0,0,0,1,positif,-,-,-
788,Curug Putri Palutungan,Wisata Alam & Buper TNGC,5,"Lebih ke bumi perkemahan ya.. Curug nya harus jalan dulu, kl bawa anak² siap²in baju ganti ya.. Abis main air, bisa ngopi² di warung² dei tempat parkir.",,positif,lebih ke bumi perkemahan ya curug nya harus jalan dulu kalo bawa anak² siap²in baju ganti ya habis main air bisa ngopi² di warung² dei tempat parkir,1,0,0,1,1,positif,-,-,-
789,Curug Putri Palutungan,Wisata Alam & Buper TNGC,5,"Satu kata: mantabbbs  Tambahan: Jika Anda dan atau keluarga mencari lokasi wisata, kemping, penginapan, dan hiburan lainnya, silakan berkunjung ke objek wisata ini. Lokasinya berada di kaki gunung ciremai, gunung tertinggi di Jawa Barat. Sepanjang jalan menuju lokasi, Anda takkan melihat apapun, kecuali keindahan, keindahan, dan keindahan.  Jadikan lokasi ini sebagai lokasi wajib dalam agenda liburan rutin untuk menghilangkan penat, khususnya untuk Anda yang berada di wilayah Jabar dan sekitarnya.",,positif,satu kata mantabbbs tambahan jika anda dan atau keluarga mencari lokasi wisata kemping penginapan dan hiburan lainnya silakan berkunjung ke objek wisata ini lokasinya berada di kaki gunung ciremai gunung tertinggi di jawa barat sepanjang jalan menuju lokasi anda takkan melihat apapun kecuali keindahan keindahan dan keindahan jadikan lokasi ini sebagai lokasi wajib dalam agenda liburan rutin untuk menghilangkan penat khususnya untuk anda yang berada di wilayah jabar dan sekitarnya,0,0,0,1,0,positif,-,-,-
790,Curug Putri Palutungan,Wisata Alam & Buper TNGC,5,Jarak dari gerbang menuju air terjunnya sekitar 100 meter dengan menuruni anak tangga. Suasana sejuk segar langsung terasa saat sampai di tujuan seiring dengan suara gemericik air terjun yang bikin tenang. cucok lah buat yang mah healing. Tapi harap perhatikan juga nih kalau mau balik ke atasnya karena harus menaiki anak tangga yang cukup curam. Jadi siapkan fisik yang prima yah karena bakalan ngos ngosan.,,positif,jarak dari gerbang menuju air terjunnya sekitar 100 meter dengan menuruni anak tangga suasana sejuk segar langsung terasa saat sampai di tujuan seiring dengan suara gemericik air terjun yang bikin tenang cocok lah buat yang mah healing tapi harap perhatikan juga nih kalau mau balik ke atasnya karena harus menaiki anak tangga yang cukup curam jadi siapkan fisik yang prima ya karena bakalan ngos ngosan,1,0,0,1,0,positif,-,-,-
792,Curug Putri Palutungan,Wisata Alam & Buper TNGC,5,Daya Tarik Curug Putri Palutungan · 1. Panorama Air Terjun dan Hutan Hijau Asri · 2. Bermain di Air yang Sangat Jernih 3. Bersantai di Hammock. 4. Berkemah di Tempat yang Telah Disediakan,,positif,daya tarik curug putri palutungan 1 panorama air terjun dan hutan hijau asri 2 bermain di air yang sangat jernih 3 bersantai di hammock 4 berkemah di tempat yang telah disediakan,1,0,0,0,0,positif,-,-,-
794,Curug Putri Palutungan,Wisata Alam & Buper TNGC,5,Jalan menuju Curug mulus 👍 Masuk area curug bayar 25rb/orang Dari parkiran jalan ga jauh2 amat….  Daerah curug cukup terawat rapi 👍  Visit di sore hari Ga terlalu rame Enak buat foto2  Airnya ademmmmmm 👌,,positif,jalan menuju curug mulus masuk area curug bayar 25rb orang dari parkiran jalan enggak jauh2 amat daerah curug cukup terawat rapi visit di sore hari enggak terlalu rame enak buat foto-foto airnya ademmmmmm,0,0,0,1,0,positif,-,-,-
795,Curug Putri Palutungan,Wisata Alam & Buper TNGC,5,"Tempat wisata di daerah kuningan yang terdiri dari beberapa objek. Seperti buper, air terjun, tempat selvi, dan view keindahan alam. Dengan udara yang sejuk  nuansa alam pegunungan keindahan yang alami.",,positif,tempat wisata di daerah kuningan yang terdiri dari beberapa objek seperti buper air terjun tempat selvi dan view keindahan alam dengan udara yang sejuk nuansa alam pegunungan keindahan yang alami,1,0,0,0,0,positif,-,-,-
796,Curug Putri Palutungan,Wisata Alam & Buper TNGC,5,"Tempat nya Asri ...tuk Tiket masuk harga terjangkau ....sdh termasuk kendaraan... Pokoknya Rekomen Dach tuk Liburan Klg, Camping dan Refreshing .....",,positif,tempat nya asri untuk tiket masuk harga terjangkau sudah termasuk kendaraan pokoknya rekomen dach untuk liburan keluarga camping dan refreshing,0,0,0,0,1,positif,-,-,-
797,Curug Putri Palutungan,Wisata Alam & Buper TNGC,5,Menikmati air terjun kaki gunung ciremai,,positif,menikmati air terjun kaki gunung ciremai,1,0,0,0,0,positif,-,-,-
798,Curug Putri Palutungan,Wisata Alam & Buper TNGC,5,"Tmptnya sgt  sejuk, bgs, pemandangannya  bgs, main air d curug .., seneng bgt, kpn2 k sini lg",,positif,tmptnya sangat sejuk bagus pemandangannya bagus main air di curug senang banget kapan-kapan ke sini lagi,1,0,0,0,0,positif,-,-,-
800,Curug Putri Palutungan,Wisata Alam & Buper TNGC,5,"tempat ini cukup memuaskan walau ada beberapa yang kurang terawat, tapi dengan harga tiket 20 rbu dan parkir 5 rbu cukup memuaskan dengan adanya sepot foto yg banyak dan air terjun yg masih terawat, dan untuk harga makanan yg di jual di warung deket curug pun gak teralu mahal.",,positif,tempat ini cukup memuaskan walau ada beberapa yang kurang terawat tapi dengan harga tiket 20 rbu dan parkir 5 rbu cukup memuaskan dengan adanya sepot foto yang banyak dan air terjun yang masih terawat dan untuk harga makanan yang di jual di warung dekat curug pun enggak teralu mahal,1,0,0,0,1,positif,-,-,-
802,Curug Putri Palutungan,Wisata Alam & Buper TNGC,5,"Curugnya agak turun ke bawah, untuk lansia agak susah. Musim kemarau airnya sedikit, baiknya kesini pas hujan. Di atas ada camp area yg bisa digunakan untuk piknik. Ada juga motor avp sewaan, per lap 30K. 4 orang dewasa, 1 mobil 80Kan.",,positif,curugnya agak turun ke bawah untuk lansia agak susah musim kemarau airnya sedikit baiknya kesini pas hujan di atas ada camp area yang bisa digunakan untuk piknik ada juga motor avp sewaan per lap 30k 4 orang dewasa 1 mobil 80kan,0,0,0,0,0,positif,-,-,-
803,Curug Putri Palutungan,Wisata Alam & Buper TNGC,5,"Harga murah dan nyaman, banyak pohon pinus semakin hawanya adem banget...cocok utk camping",,positif,harga murah dan nyaman banyak pohon pinus semakin hawanya adem banget cocok untuk camping,0,0,0,0,1,positif,-,-,-
804,Curug Putri Palutungan,Wisata Alam & Buper TNGC,5,"Minggu lalu ksana jalannya bagus,, di parkiran banyak warung2 makan.. Tiket masuk 20rb per org dewasa, anak2 free + mobil 10rb.. Air terjun nya bagus ga terlalu dalam.. Seru buat berenang anak2, di dalam jg ada penyewaan ATV sekali puteran 30rb.. tracknya seru, menantang, wajib coba deh..",,positif,minggu lalu ksana jalannya bagus di parkiran banyak warung2 makan tiket masuk 20rb per orang dewasa anak-anak free mobil 10rb air terjun nya bagus enggak terlalu dalam seru buat berenang anak-anak di dalam juga ada penyewaan atv sekali puteran 30rb tracknya seru menantang wajib coba deh,1,0,0,0,1,positif,-,-,-
805,Curug Putri Palutungan,Wisata Alam & Buper TNGC,5,"Rekomen banget kesini, dingin, sejuk, masih asri, air terjunya juga bagus & ga jauh dari parkiran.",,positif,rekomen banget kesini dingin sejuk masih asri air terjunya juga bagus enggak jauh dari parkiran,1,0,0,0,0,positif,-,-,-
806,Curug Putri Palutungan,Wisata Alam & Buper TNGC,5,"Jalan ke curug nya dekat dari tempat parkir, walaupun harus naik dan turun aksesnya oke hanya agak licin jadi harus berhati-hati. Airnya bening bersih dingin",,positif,jalan ke curug nya dekat dari tempat parkir walaupun harus naik dan turun aksesnya oke hanya agak licin jadi harus berhati hati airnya bening bersih dingin,0,0,0,1,1,positif,-,-,-
807,Curug Putri Palutungan,Wisata Alam & Buper TNGC,5,Tempatnya mah bagus  Di tiket udah termasuk parkir tapi tetep aja pas pulang bayar parkir hehee,,positif,tempatnya mah bagus di tiket sudah termasuk parkir tapi tetap saja pas pulang bayar parkir hehee,0,0,0,0,1,negatif,-,-,-
810,Curug Putri Palutungan,Wisata Alam & Buper TNGC,5,"Tempat kemping dari semenjak masih di SMK, kenangan masa masa pendidikan Pecinta Alam, kini sudah banyak berubah, area makin luas, fasilitas bertambah, sarana prasana makin lengkap, kemping menyenangkan disini, aman dan nyaman, air terjun yang indah airnya sejuk dan bening, sangat asik buat healing",,positif,tempat kemping dari semenjak masih di smk kenangan masa masa pendidikan pecinta alam kini sudah banyak berubah area makin luas fasilitas bertambah sarana prasana makin lengkap kemping menyenangkan disini aman dan nyaman air terjun yang indah airnya sejuk dan bening sangat asik buat healing,1,0,0,0,0,positif,-,-,-
811,Curug Putri Palutungan,Wisata Alam & Buper TNGC,5,"Salah satu air terjun terindah yang pernah saya kunjungi, panorama alamnya pun masih asri , udaranya sejuk adem, cocok untuk melepas penat kehidupan di kota , ada tempat buat camping juga , tersedia toilet umum dan saung / mushola untuk beribadah , semoga tetap terjaga alamnya ,",,positif,salah satu air terjun terindah yang pernah saya kunjungi panorama alamnya pun masih asri udaranya sejuk adem cocok untuk melepas penat kehidupan di kota ada tempat buat camping juga tersedia toilet umum dan saung mushola untuk beribadah semoga tetap terjaga alamnya,1,0,0,0,0,positif,-,-,-
812,Curug Putri Palutungan,Wisata Alam & Buper TNGC,5,"Bagus tempatnya, bisa buat main air anak2. Bersih, cuaca dingin",,positif,bagus tempatnya bisa buat main air anak-anak bersih cuaca dingin,1,0,0,0,0,positif,-,-,-
814,Curug Putri Palutungan,Wisata Alam & Buper TNGC,5,"Curug adalah air terjun Sumber air yang juga tempat wisata indah ini,luar biasa Alamnya yang tenang meneduhkan hati Cocok untuk Jiwa - jiwa yang suka panas hati Haha",,positif,curug adalah air terjun sumber air yang juga tempat wisata indah ini luar biasa alamnya yang tenang meneduhkan hati cocok untuk jiwa jiwa yang suka panas hati haha,1,0,0,0,0,positif,-,-,-
815,Curug Putri Palutungan,Wisata Alam & Buper TNGC,5,Mantep bgt bagus cmn tiket nya lumayan ya skrng banyak biaya lain²,,positif,mantap banget bagus cuman tiket nya lumayan ya sekarang banyak biaya lain²,0,0,0,0,1,positif,-,-,-
817,Curug Putri Palutungan,Wisata Alam & Buper TNGC,5,"Lokasi mudah ditemukan, area parkiran luas bisa untuk banyak mobil dan motor, ada loket masuk dan banyak warung di dekat area parkiran, area wisata sangat luas, banyak spot foto ada pepohonan ada juga air terjun, ada toilet dan mushola, bisa untuk kegiatan bersantai, keluarga, ataupun outbound berkelompok, yukk mampiiirrr...",,positif,lokasi mudah ditemukan area parkiran luas bisa untuk banyak mobil dan motor ada loket masuk dan banyak warung di dekat area parkiran area wisata sangat luas banyak spot foto ada pepohonan ada juga air terjun ada toilet dan mushola bisa untuk kegiatan bersantai keluarga ataupun outbound berkelompok yuk mampiiirrr,1,0,1,0,1,positif,-,-,-
819,Curug Putri Palutungan,Wisata Alam & Buper TNGC,5,Tempat Ngademmmmm...  sekarang udah lebih terawat 👍👍 lebih bersih dan lebih rame 👍. Tiket masuk klo weekend lebih mahal guys... Jadi jangan kaget ya,,positif,tempat ngademmmmm sekarang sudah lebih terawat lebih bersih dan lebih rame tiket masuk kalo weekend lebih mahal guys jadi jangan kaget ya,0,0,0,0,1,positif,-,-,-
820,Curug Putri Palutungan,Wisata Alam & Buper TNGC,5,Tempat nya sejuk dan nyaman apalagi yg butuh healing dengan pemandangan yg bagus dan yg suka suara air  tempat ini cocok bgt,,positif,tempat nya sejuk dan nyaman apalagi yang butuh healing dengan pemandangan yang bagus dan yang suka suara air tempat ini cocok banget,1,0,0,0,0,positif,-,-,-
821,Curug Putri Palutungan,Wisata Alam & Buper TNGC,5,"Tempatnya lumayan bersih, airnya dingin banget, saran aja kalo mau kesini mendingan pagi-pagi banget, udh diatas jam 9 pasti rame pengunjung, jd ga leluasa buat main air dan foto-foto.",,positif,tempatnya lumayan bersih airnya dingin banget saran saja kalo mau kesini mendingan pagi pagi banget sudah diatas jam 9 pasti rame pengunjung jadi enggak leluasa buat main air dan foto foto,1,0,0,0,0,positif,-,-,-
824,Curug Putri Palutungan,Wisata Alam & Buper TNGC,5,"Tempat camping dikaki gunung ciremai, ada air terjun. Masih asri, sejuk msh banyak pohon² pinus",,positif,tempat camping dikaki gunung ciremai ada air terjun masih asri sejuk masih banyak pohon² pinus,1,0,0,0,0,positif,-,-,-
826,Curug Putri Palutungan,Wisata Alam & Buper TNGC,5,Cocok buat healing nih.... Ada air terjun... Luas juga  tempatnya...  Banyak peralatan camp juga...,,positif,cocok buat healing nih ada air terjun luas juga tempatnya banyak peralatan camp juga,1,0,0,0,0,positif,-,-,-
827,Curug Putri Palutungan,Wisata Alam & Buper TNGC,5,"Air terjun yang dekat dengan parkiran, hanya ditemuh dengan jalan kaki sekitar 200m",,positif,air terjun yang dekat dengan parkiran hanya ditemuh dengan jalan kaki sekitar 200m,1,0,0,1,0,positif,-,-,-
828,Curug Putri Palutungan,Wisata Alam & Buper TNGC,5,Tempat nya bagus Sayang pengelolaan nya kurang maksimal Banyak fasilitas yang kurang terawat,,positif,tempat nya bagus sayang pengelolaan nya kurang maksimal banyak fasilitas yang kurang terawat,0,0,0,0,0,netral,-,-,-
829,Curug Putri Palutungan,Wisata Alam & Buper TNGC,5,"MasyaAllah Tempat nya Bagus masih Asri, air terjunya bagus aman buat anak2 juga, airnya dingin sekali. Bisa buat kemah juga. Klo ke kuningan wajib mampir kesini.",,positif,masyaallah tempat nya bagus masih asri air terjunya bagus aman buat anak-anak juga airnya dingin sekali bisa buat kemah juga kalo ke kuningan wajib mampir kesini,1,0,0,0,0,positif,-,-,-
830,Curug Putri Palutungan,Wisata Alam & Buper TNGC,5,"Curugnya ramah anak.. ngga dalem..  HTM / Des 23 40k,untuk 1 motor 2 orang,1 motor 1 orang 25k.",,positif,curugnya ramah anak enggak dalem htm des 23 40k untuk 1 motor 2 orang 1 motor 1 orang 25k,0,0,1,0,1,positif,-,-,-
833,Curug Putri Palutungan,Wisata Alam & Buper TNGC,5,"Curug nya lumayan bagus, tempatnya juga asri, untuk buper palutungan nya pas buat camp dan healing, Lahan untuk camp atau mendirikan tenda nya sangat luas dan kita bisa memarkirkan kendaraan kita di sebelah tenda. Sumber air nya juga melimpah walaupun musim kemarau",,positif,curug nya lumayan bagus tempatnya juga asri untuk buper palutungan nya pas buat camp dan healing lahan untuk camp atau mendirikan tenda nya sangat luas dan kita bisa memarkirkan kendaraan kita di sebelah tenda sumber air nya juga melimpah walaupun musim kemarau,1,0,0,0,0,positif,-,-,-
834,Curug Putri Palutungan,Wisata Alam & Buper TNGC,5,tempat ramah untuk anak toilet bersih untuk yang mau nginap siapin tenda yang dobel trus selimut jaket jangan lupa kalau sudah larut malam dini hari dingin nya pool.. kalau musim hujan disaranin bikin tenda di bawah gajebo aula,,positif,tempat ramah untuk anak toilet bersih untuk yang mau nginap siapin tenda yang dobel terus selimut jaket jangan lupa kalau sudah larut malam dini hari dingin nya pool kalau musim hujan disaranin bikin tenda di bawah gajebo aula,1,0,1,0,0,positif,-,-,-
837,Curug Putri Palutungan,Wisata Alam & Buper TNGC,5,"Aksesnya mudah cuma 5 menit dari parkiran. Topografi urugnya landai, cocok buat bocil2, ada bumi perkemahan yang mau camp.",,positif,aksesnya mudah cuma 5 menit dari parkiran topografi urugnya landai cocok buat bocil2 ada bumi perkemahan yang mau camp,0,0,0,0,0,positif,-,-,-
838,Curug Putri Palutungan,Wisata Alam & Buper TNGC,4,"T4 sama suasananya lumayan nyaman, apresiasi sama satpam nya ramah,, kalo boleh masukan ke pihak hotel kalo yg cuma pesen room doang tanpa sarapan alangkah baiknya tetap ditawarkan untuk sarapan terpisah dengan basa basi dr resepsionis ke tamu serta menjelaskan harga dan menu yg ada, mungkin ada sebagian yg ga PD untuk sarapan krn malu dan takut kemahalan padahal harganya mungkin msh masuk akal dan terjangkau",,positif,tempat sama suasananya lumayan nyaman apresiasi sama satpam nya ramah kalo boleh masukan ke pihak hotel kalo yang cuma pesan room doang tanpa sarapan alangkah baiknya tetap ditawarkan untuk sarapan terpisah dengan basa basi dari resepsionis ke tamu serta menjelaskan harga dan menu yang ada mungkin ada sebagian yang enggak pada untuk sarapan karena malu dan takut kemahalan padahal harganya mungkin masih masuk akal dan terjangkau,0,0,1,0,1,positif,-,-,-
839,Curug Putri Palutungan,Wisata Alam & Buper TNGC,5,"Air terjun yang relatif mudah dijangkau, bahkan untuk anak-anak tidak kesulitan untuk menuju lokasi, terdapat lokasi perkemahan juga, tiket masuk murah, kebersihan terjaga, pertahankan",,positif,air terjun yang relatif mudah dijangkau bahkan untuk anak anak tidak kesulitan untuk menuju lokasi terdapat lokasi perkemahan juga tiket masuk murah kebersihan terjaga pertahankan,1,1,0,0,1,positif,-,-,-
840,Curug Putri Palutungan,Wisata Alam & Buper TNGC,5,"Bersih, tidak jauh treking dari tempat parkir, pemandangan nya indah dan sejuk,  airnya dingin sekaliii...mantap.., ada musholla dan toilet disekitar, kapan kapan mau kesini lagi, kerennn..., semoga selalu terjaga kebersihan dan kenyamanannya..",,positif,bersih tidak jauh treking dari tempat parkir pemandangan nya indah dan sejuk airnya dingin sekaliii mantap ada musholla dan toilet disekitar kapan kapan mau kesini lagi keren semoga selalu terjaga kebersihan dan kenyamanannya,1,1,0,0,1,positif,-,-,-
841,Curug Putri Palutungan,Wisata Alam & Buper TNGC,5,oke banget jalur mudah di lalui harga oke,,positif,oke banget jalur mudah di lalui harga oke,0,0,0,1,1,positif,-,-,-
843,Curug Putri Palutungan,Wisata Alam & Buper TNGC,5,"Tempatnya sangat sejuk , penandangan bagus, rasa lelah diperjalanan terbayar dengan sejuknya air terjun",,positif,tempatnya sangat sejuk penandangan bagus rasa lelah diperjalanan terbayar dengan sejuknya air terjun,1,0,0,0,0,positif,-,-,-
847,Curug Putri Palutungan,Wisata Alam & Buper TNGC,5,Asri dan sejuk. Cocok untuk liburan keluarga. Jalan kaki tidak terlalu jauh dan cukup aman.,,positif,asri dan sejuk cocok untuk liburan keluarga jalan kaki tidak terlalu jauh dan cukup aman,0,0,0,1,0,positif,-,-,-
848,Curug Putri Palutungan,Wisata Alam & Buper TNGC,5,Bagus tempatnya. Tiket masuk naik motor bareng boncengan=Rp 41.000:termasuk parkir motor.,,positif,bagus tempatnya tiket masuk naik motor bareng boncengan rp 41 000 termasuk parkir motor,0,0,0,0,1,positif,-,-,-
852,Curug Putri Palutungan,Wisata Alam & Buper TNGC,5,"Hutan kuningan yang alami, udara sejuk dan air curug yang dingin.",,positif,hutan kuningan yang alami udara sejuk dan air curug yang dingin,1,0,0,0,0,positif,-,-,-
854,Curug Putri Palutungan,Wisata Alam & Buper TNGC,5,Sejuk Tiket masuk 1 mobil 41rb,,positif,sejuk tiket masuk 1 mobil 41rb,0,0,0,0,1,positif,-,-,-
857,Curug Putri Palutungan,Wisata Alam & Buper TNGC,5,"Camping asyik bareng teman, keluarga .... Tempat luas, mobil bisa masuk, fasilitas lengkap htm terjangkau",,positif,camping asyik bareng teman keluarga tempat luas mobil bisa masuk fasilitas lengkap htm terjangkau,0,0,0,0,1,positif,-,-,-
870,Curug Putri Palutungan,Wisata Alam & Buper TNGC,5,"Akses cukup mudah, debit air terjun kecil ketika kemarau. Ketinggian juga tidak terlalu tinggi",,positif,akses cukup mudah debit air terjun kecil ketika kemarau ketinggian juga tidak terlalu tinggi,1,0,0,0,0,positif,-,-,-
871,Curug Putri Palutungan,Wisata Alam & Buper TNGC,5,"Tiket masuk buat hari weekend 25k 1 orang sudah termasuk parkir, udara mantap sejuk dingin diusahakan agak pagi biar gk terlalu rame, tempat bagus, bersih, nyaman untuk air terjunnya bagus cantik dangkal juga",,positif,tiket masuk buat hari weekend 25k 1 orang sudah termasuk parkir udara mantap sejuk dingin diusahakan agak pagi biar enggak terlalu rame tempat bagus bersih nyaman untuk air terjunnya bagus cantik dangkal juga,1,0,0,0,1,positif,-,-,-
872,Curug Putri Palutungan,Wisata Alam & Buper TNGC,5,"Curug indah dan sejuk, jalan dekat dari parkiran",,positif,curug indah dan sejuk jalan dekat dari parkiran,0,0,0,1,0,positif,-,-,-
875,Curug Putri Palutungan,Wisata Alam & Buper TNGC,5,Alhdulillah menikmati indahnya alam semesta penhijauan serta air terjun yg sangat indah dan sejuknya udara asri  yg jauh dari folusi udara🍀🌹🌼💐 Terimakasih curug putri kuningan semoga selalu rame pengunjuknya💚,,positif,alhdulillah menikmati indahnya alam semesta penhijauan serta air terjun yang sangat indah dan sejuknya udara asri yang jauh dari folusi udara terimakasih curug putri kuningan semoga selalu rame pengunjuknya,1,0,0,0,0,positif,-,-,-
883,Curug Putri Palutungan,Wisata Alam & Buper TNGC,5,"good waterfall for refreshing , air nya sejuuuk pisan",,positif,good waterfall for refreshing air nya sejuuuk pisan,1,0,0,0,0,positif,-,-,-
887,Curug Putri Palutungan,Wisata Alam & Buper TNGC,5,Air nya tiris pisan 🥶🥶,,positif,air nya dingin pisan,1,0,0,0,0,positif,-,-,-
893,Lembah Cilengkrang,Wisata Alam & Pemandian TNGC,1,Disini tertera pungutan/tiket masuk nya hari kerja 10 ribu pas dateng ke sana jadi 20 ribu 1 kali lipat di pungli nya wkwkk Gimana mau maju dimana2 pungliin. Padahal beberapa bulan sebelumnya datng di weekend tiketnya 15 ribu. Sesuai sama aturan pemerintah ini. Pas dateng lagi malah kena pungli,,negatif,disini tertera pungutan tiket masuk nya hari kerja 10 ribu pas datang ke sana jadi 20 ribu 1 kali lipat di biaya liar nya wkwkk bagaimana mau maju dimana2 pungliin padahal beberapa bulan sebelumnya datng di weekend tiketnya 15 ribu sesuai sama aturan pemerintah ini pas datang lagi malah kena biaya liar,0,0,0,0,1,negatif,"[Biaya Logistik]: Pemasangan papan informasi resmi rincian tarif tiket, asuransi, tes kesehatan, dan retribusi parkir di gerbang masuk basecamp.",[Biaya Logistik]: Penertiban dan standarisasi tarif batas atas angkutan transit (truk/mobil bak Sadarehe) dan panduan harga warung logistik pos.,"[Biaya Logistik]: Paket ekowisata terpadu (tiket simaksi, tes kesehatan, makan produk UMKM lokal, transportasi) dalam satu platform digital TNGC."
895,Lembah Cilengkrang,Wisata Alam & Pemandian TNGC,1,"Bayar Parkir inap buat yang ngecampnya gak NgOtakkkkkkk...... 1 motor 15K🥵, cuman mintain duitnya aja, jagain kagak, pas malem ngecek parkiran gak ada yg jagain. Apa kontribusi nya?  Destinasi wisata Hancur karena oknum.",,negatif,bayar parkir inap buat yang ngecampnya enggak ngotakkkkkkk 1 motor 15k cuman mintain duitnya saja menjaga kagak pas malam mengecek parkiran enggak ada yang menjaga apa kontribusi nya destinasi wisata hancur karena oknum,0,0,0,0,1,negatif,"[Biaya Logistik]: Pemasangan papan informasi resmi rincian tarif tiket, asuransi, tes kesehatan, dan retribusi parkir di gerbang masuk basecamp.",[Biaya Logistik]: Penertiban dan standarisasi tarif batas atas angkutan transit (truk/mobil bak Sadarehe) dan panduan harga warung logistik pos.,"[Biaya Logistik]: Paket ekowisata terpadu (tiket simaksi, tes kesehatan, makan produk UMKM lokal, transportasi) dalam satu platform digital TNGC."
896,Lembah Cilengkrang,Wisata Alam & Pemandian TNGC,1,"beberapa bulan lalu kesana. menurut saya lebih di tingkat kan lagi fasilitas seperti pagar pembatas antara jurang karena sangat berbahaya. tong sampah di setiap beberapa tempat, serta tempat duduk di area kolam curug kurang memadai, lalu toilet atau ruang ganti yg bersih soalnya pas saya kesana kumuh sekali serta banyak bau tidak sedap.",,negatif,beberapa bulan lalu kesana menurut saya lebih di tingkat kan lagi fasilitas seperti pagar pembatas antara jurang karena sangat berbahaya tong sampah di setiap beberapa tempat serta tempat duduk di area kolam curug kurang memadai lalu toilet atau ruang ganti yang bersih soalnya pas saya kesana kumuh sekali serta banyak bau tidak sedap,1,1,0,0,0,negatif,"[Toilet Sanitasi]: Jadwal sanitasi toilet basecamp minimum 3 kali sehari dan jaminan ketersediaan air bersih serta sabun cuci tangan. 
[Sampah Kebersihan]: Distribusi kantong sampah wajib terdata saat registrasi simaksi dan pengetatan inspeksi checklist sampah saat checkout.","[Toilet Sanitasi]: Pipanisasi permanen perbaikan jalur air dari mata air terdekat ke pos sanitasi dan renovasi bilik pintu rusak di Palutungan dan Apuy. 
[Sampah Kebersihan]: Penyediaan titik pengumpulan karung sampah pilah di setiap pos bayangan dan program operasi pembersihan gunung berkala.","[Toilet Sanitasi]: Pembangunan unit eco-toilet berbasis pengomposan mandiri di pos ketinggian (>2000 mdpl) untuk mencegah pencemaran semak dan sumber air. 
[Sampah Kebersihan]: Implementasi sistem deposit jaminan sampah digital terintegrasi aplikasi simaksi TNGC dan pusat pengolahan sampah lingkar Ciremai."
897,Lembah Cilengkrang,Wisata Alam & Pemandian TNGC,1,"Ngga espek ngecamp disitu motor ngga dijaga parkir ngga masuk akal,tolong parkir yang wajar aja htm masuk aja udah gede ditambah parkir mahal tau cukup sekali aja maaf mengecewakan wisata yang lain aja deh lain kali.",,negatif,enggak espek ngecamp disitu motor enggak dijaga parkir enggak masuk akal tolong parkir yang wajar saja htm masuk saja sudah gede ditambah parkir mahal tau cukup sekali saja maaf mengecewakan wisata yang lain saja deh lain kali,0,0,0,0,1,negatif,"[Biaya Logistik]: Pemasangan papan informasi resmi rincian tarif tiket, asuransi, tes kesehatan, dan retribusi parkir di gerbang masuk basecamp.",[Biaya Logistik]: Penertiban dan standarisasi tarif batas atas angkutan transit (truk/mobil bak Sadarehe) dan panduan harga warung logistik pos.,"[Biaya Logistik]: Paket ekowisata terpadu (tiket simaksi, tes kesehatan, makan produk UMKM lokal, transportasi) dalam satu platform digital TNGC."
898,Lembah Cilengkrang,Wisata Alam & Pemandian TNGC,1,"Tiket parkir motor buat camping mahal banget sampe 15k, terus juga engga di jaga sama petugasnya",,negatif,tiket parkir motor buat camping mahal banget sampai 15k terus juga enggak di jaga sama petugasnya,0,0,0,0,1,negatif,"[Biaya Logistik]: Pemasangan papan informasi resmi rincian tarif tiket, asuransi, tes kesehatan, dan retribusi parkir di gerbang masuk basecamp.",[Biaya Logistik]: Penertiban dan standarisasi tarif batas atas angkutan transit (truk/mobil bak Sadarehe) dan panduan harga warung logistik pos.,"[Biaya Logistik]: Paket ekowisata terpadu (tiket simaksi, tes kesehatan, makan produk UMKM lokal, transportasi) dalam satu platform digital TNGC."
901,Lembah Cilengkrang,Wisata Alam & Pemandian TNGC,1,"Enak rendem air angetnya,,,tpi syng prkiran mtr smpe lokasi jauh bgt",,negatif,enak rendem air angetnya tapi sayang prkiran mtr sampai lokasi jauh banget,1,0,0,0,0,positif,[Toilet Sanitasi]: Jadwal sanitasi toilet basecamp minimum 3 kali sehari dan jaminan ketersediaan air bersih serta sabun cuci tangan.,[Toilet Sanitasi]: Pipanisasi permanen perbaikan jalur air dari mata air terdekat ke pos sanitasi dan renovasi bilik pintu rusak di Palutungan dan Apuy.,[Toilet Sanitasi]: Pembangunan unit eco-toilet berbasis pengomposan mandiri di pos ketinggian (>2000 mdpl) untuk mencegah pencemaran semak dan sumber air.
902,Lembah Cilengkrang,Wisata Alam & Pemandian TNGC,1,Parkir motor mahal bgt 15k sendiri,,negatif,parkir motor mahal banget 15k sendiri,0,0,0,0,1,negatif,"[Biaya Logistik]: Pemasangan papan informasi resmi rincian tarif tiket, asuransi, tes kesehatan, dan retribusi parkir di gerbang masuk basecamp.",[Biaya Logistik]: Penertiban dan standarisasi tarif batas atas angkutan transit (truk/mobil bak Sadarehe) dan panduan harga warung logistik pos.,"[Biaya Logistik]: Paket ekowisata terpadu (tiket simaksi, tes kesehatan, makan produk UMKM lokal, transportasi) dalam satu platform digital TNGC."
904,Lembah Cilengkrang,Wisata Alam & Pemandian TNGC,1,"Yang paling utama adalah kebersihan WC, tolong ditingkatkan secepatnya",,negatif,yang paling utama adalah kebersihan wc tolong ditingkatkan secepatnya,1,1,0,0,0,negatif,"[Toilet Sanitasi]: Jadwal sanitasi toilet basecamp minimum 3 kali sehari dan jaminan ketersediaan air bersih serta sabun cuci tangan. 
[Sampah Kebersihan]: Distribusi kantong sampah wajib terdata saat registrasi simaksi dan pengetatan inspeksi checklist sampah saat checkout.","[Toilet Sanitasi]: Pipanisasi permanen perbaikan jalur air dari mata air terdekat ke pos sanitasi dan renovasi bilik pintu rusak di Palutungan dan Apuy. 
[Sampah Kebersihan]: Penyediaan titik pengumpulan karung sampah pilah di setiap pos bayangan dan program operasi pembersihan gunung berkala.","[Toilet Sanitasi]: Pembangunan unit eco-toilet berbasis pengomposan mandiri di pos ketinggian (>2000 mdpl) untuk mencegah pencemaran semak dan sumber air. 
[Sampah Kebersihan]: Implementasi sistem deposit jaminan sampah digital terintegrasi aplikasi simaksi TNGC dan pusat pengolahan sampah lingkar Ciremai."
905,Lembah Cilengkrang,Wisata Alam & Pemandian TNGC,1,Harga parkir yang tidak masuk akal 👎🏽,,negatif,harga parkir yang tidak masuk akal,0,0,0,0,1,negatif,"[Biaya Logistik]: Pemasangan papan informasi resmi rincian tarif tiket, asuransi, tes kesehatan, dan retribusi parkir di gerbang masuk basecamp.",[Biaya Logistik]: Penertiban dan standarisasi tarif batas atas angkutan transit (truk/mobil bak Sadarehe) dan panduan harga warung logistik pos.,"[Biaya Logistik]: Paket ekowisata terpadu (tiket simaksi, tes kesehatan, makan produk UMKM lokal, transportasi) dalam satu platform digital TNGC."
907,Lembah Cilengkrang,Wisata Alam & Pemandian TNGC,2,"Pertama kali ke lembah cilengkrang Kecewa banget parkir disitu helm jatoh sampe pada lecet percuma bayar parkir tapi barang pengunjung tidak dijaga🤦🏻‍♂️🤦🏻‍♂️ Untuk tempat wisata nya sih bagus tapi agak terganggu ditempat ganti baju yang dibagian atas,gelap pengap gada penerangan dan ga semua ruang ganti ada airnya + bauu pesing banget. Mohon di perbaiki lagi. 🙏🏻",,negatif,pertama kali ke lembah cilengkrang kecewa banget parkir disitu helm jatuh sampai pada lecet percuma bayar parkir tapi barang pengunjung tidak dijaga untuk tempat wisata nya sih bagus tapi agak terganggu ditempat ganti baju yang dibagian atas gelap pengap enggak ada penerangan dan enggak semua ruang ganti ada airnya bauu kotor bau banget mohon di perbaiki lagi,0,1,0,0,1,negatif,"[Sampah Kebersihan]: Distribusi kantong sampah wajib terdata saat registrasi simaksi dan pengetatan inspeksi checklist sampah saat checkout. 
[Biaya Logistik]: Pemasangan papan informasi resmi rincian tarif tiket, asuransi, tes kesehatan, dan retribusi parkir di gerbang masuk basecamp.","[Sampah Kebersihan]: Penyediaan titik pengumpulan karung sampah pilah di setiap pos bayangan dan program operasi pembersihan gunung berkala. 
[Biaya Logistik]: Penertiban dan standarisasi tarif batas atas angkutan transit (truk/mobil bak Sadarehe) dan panduan harga warung logistik pos.","[Sampah Kebersihan]: Implementasi sistem deposit jaminan sampah digital terintegrasi aplikasi simaksi TNGC dan pusat pengolahan sampah lingkar Ciremai. 
[Biaya Logistik]: Paket ekowisata terpadu (tiket simaksi, tes kesehatan, makan produk UMKM lokal, transportasi) dalam satu platform digital TNGC."
908,Lembah Cilengkrang,Wisata Alam & Pemandian TNGC,2,Bau Pesing WC nya+kolam nya keruh banyak lumut nya yah harus nya bersihin lah kalau waktu di tutup tuh biar nyaman,,negatif,bau kotor bau wc nya kolam nya keruh banyak lumut nya ya harus nya bersihin lah kalau waktu di tutup tuh biar nyaman,1,1,0,0,0,negatif,"[Toilet Sanitasi]: Jadwal sanitasi toilet basecamp minimum 3 kali sehari dan jaminan ketersediaan air bersih serta sabun cuci tangan. 
[Sampah Kebersihan]: Distribusi kantong sampah wajib terdata saat registrasi simaksi dan pengetatan inspeksi checklist sampah saat checkout.","[Toilet Sanitasi]: Pipanisasi permanen perbaikan jalur air dari mata air terdekat ke pos sanitasi dan renovasi bilik pintu rusak di Palutungan dan Apuy. 
[Sampah Kebersihan]: Penyediaan titik pengumpulan karung sampah pilah di setiap pos bayangan dan program operasi pembersihan gunung berkala.","[Toilet Sanitasi]: Pembangunan unit eco-toilet berbasis pengomposan mandiri di pos ketinggian (>2000 mdpl) untuk mencegah pencemaran semak dan sumber air. 
[Sampah Kebersihan]: Implementasi sistem deposit jaminan sampah digital terintegrasi aplikasi simaksi TNGC dan pusat pengolahan sampah lingkar Ciremai."
910,Lembah Cilengkrang,Wisata Alam & Pemandian TNGC,2,"Tempat nya masih asri nyaman buat jalan kaki, parkirnya aja kemahalan 10rb",,negatif,tempat nya masih asri nyaman buat jalan kaki parkirnya saja kemahalan 10rb,0,0,0,1,0,negatif,[Jalur Trek]: Pemasangan pita reflektif fosfor penanda jalur malam dan penggantian tali pengaman webbing yang putus atau lapuk di titik terjal.,[Jalur Trek]: Pembuatan undakan kayu atau batu penahan erosi tanah di tanjakan terjal dan peremajaan plang penunjuk kilometer anti-cuaca.,[Jalur Trek]: Sistem buka-tutup jalur berkala berbasis daya dukung lingkungan untuk pemulihan vegetasi dan penetapan jalur evakuasi helipad darurat.
912,Lembah Cilengkrang,Wisata Alam & Pemandian TNGC,3,"Pertama kali kesini, dari awal sudah ditarik parkir dibayar di depan untuk Mobil 10 rbu.  Untuk jalur lumayan landai namun di spot tertentu banyak batu batu yang membuat menjadi licin.  Setelah jalan 30 menit ternyata diatas kolam yg disediakan cenderung tidak terawat dan kotor. Sebenarnya bagus tempatnya cuma kurang terawat aja, jadi kurang worth it dengan jalanya.",,netral,pertama kali kesini dari awal sudah ditarik parkir dibayar di depan untuk mobil 10 rbu untuk jalur lumayan landai namun di spot tertentu banyak batu batu yang membuat menjadi licin setelah jalan 30 menit ternyata diatas kolam yang disediakan cenderung tidak terawat dan kotor sebenarnya bagus tempatnya cuma kurang terawat saja jadi kurang worth itu dengan jalanya,0,1,0,1,1,netral,-,-,-
913,Lembah Cilengkrang,Wisata Alam & Pemandian TNGC,3,"Tempatnya lumayanan bagus, aksen jalannya udah enak aspal, cuma perlu tenaga lebih untuk ke air terjun sama air panasnya",,netral,tempatnya lumayanan bagus aksen jalannya sudah enak aspal cuma perlu tenaga lebih untuk ke air terjun sama air panasnya,1,0,0,0,0,positif,-,-,-
914,Lembah Cilengkrang,Wisata Alam & Pemandian TNGC,3,"kurang nya petugas kebersihan lingkungan,  minim ruang ganti pakaian dan ruang bilas.",,netral,kurang nya petugas kebersihan lingkungan minim ruang ganti pakaian dan ruang bilas,0,1,1,0,0,negatif,-,-,-
916,Lembah Cilengkrang,Wisata Alam & Pemandian TNGC,3,"disini itu asri banget geng, inget jngan tinggalin sampah jadilah wisatawan yang bijak  dari parkiran masuk sampe tiket itu lumayan geng -+ 1kg dan dari situ ga kita udah bisa nikmatin alam yang masih asri tapi tetep harus hati* so masih banyak jurang, jauh memang tapi bakalan terbayar saat sampai disport wisatanya geng. dari cuma parkir 5000/motor dan tiket masuk yang cuma 10000 dihari biasa dan 12000 dihari libur itu udah cukup geng puas deh",,netral,disini itu asri banget geng ingat jangan tinggalkan sampah jadilah wisatawan yang bijak dari parkiran masuk sampai tiket itu lumayan geng 1kg dan dari situ enggak kita sudah bisa menikmati alam yang masih asri tapi tetap harus hati sok masih banyak jurang jauh memang tapi bakalan terbayar saat sampai disport wisatanya geng dari cuma parkir 5000 motor dan tiket masuk yang cuma 10000 dihari biasa dan 12000 dihari libur itu sudah cukup geng puas deh,0,1,0,0,1,netral,-,-,-
917,Lembah Cilengkrang,Wisata Alam & Pemandian TNGC,3,"untuk mendapatkan pemandian air panas dilokasi ini melewati jalanan yang terjal. Semua terbayar jika sudah berendam dikolam air panas, hanya saja fasilitasnya tolong diperbaiki mengingat lokasinya yang cukup jauh dari pemukiman warga",,netral,untuk mendapatkan pemandian air panas dilokasi ini melewati jalanan yang terjal semua terbayar jika sudah berendam dikolam air panas hanya saja fasilitasnya tolong diperbaiki mengingat lokasinya yang cukup jauh dari pemukiman warga,1,0,0,0,0,positif,-,-,-
918,Lembah Cilengkrang,Wisata Alam & Pemandian TNGC,3,"Parkir motor mahal, 1 motor 15k",,netral,parkir motor mahal 1 motor 15k,0,0,0,0,1,negatif,-,-,-
919,Lembah Cilengkrang,Wisata Alam & Pemandian TNGC,3,Tempat sangat jauh dan juga harus berjalan kaki tapi sangat nyaman untuk yg suka berendam air panas,,netral,tempat sangat jauh dan juga harus berjalan kaki tapi sangat nyaman untuk yang suka berendam air panas,1,0,0,0,0,netral,-,-,-
920,Lembah Cilengkrang,Wisata Alam & Pemandian TNGC,3,Air terjun tidak ada kolam yang luas untuk berenang,,netral,air terjun tidak ada kolam yang luas untuk berenang,1,0,0,0,0,netral,-,-,-
923,Lembah Cilengkrang,Wisata Alam & Pemandian TNGC,3,Tempat jauh jalan kaki sekitar 2.4 km Dari tmpt parkir,,netral,tempat jauh jalan kaki sekitar 2 4 kamu dari tempat parkir,0,0,0,1,1,positif,-,-,-
924,Lembah Cilengkrang,Wisata Alam & Pemandian TNGC,3,Perjalannya tidak bisa diakses oleh kendaraan jd harus jalan kaki 2 km lebih,,netral,perjalannya tidak bisa diakses oleh kendaraan jadi harus jalan kaki 2 kamu lebih,0,0,0,1,0,netral,-,-,-
927,Lembah Cilengkrang,Wisata Alam & Pemandian TNGC,3,Kurangnya fasilitas istirahat dan ibadah,,netral,kurangnya fasilitas istirahat dan ibadah,0,0,0,0,0,netral,-,-,-
933,Lembah Cilengkrang,Wisata Alam & Pemandian TNGC,3,Toilet krg bersih,,netral,toilet krg bersih,1,0,0,0,0,positif,-,-,-
935,Lembah Cilengkrang,Wisata Alam & Pemandian TNGC,3,Jalan sangat menantang,,netral,jalan sangat menantang,0,0,0,1,0,netral,-,-,-
937,Lembah Cilengkrang,Wisata Alam & Pemandian TNGC,3,"Tiket seringkali tidak dikasih semestinya misalnya 5 orang hanya dikasih 2, tapi tempatnya sangat nyaman dan asri",,netral,tiket seringkali tidak dikasih semestinya misalnya 5 orang hanya dikasih 2 tapi tempatnya sangat nyaman dan asri,0,0,0,0,1,netral,-,-,-
939,Lembah Cilengkrang,Wisata Alam & Pemandian TNGC,4,"Track hiking yang cukup aman dilakukan bersama anak dengan pemandangan yang mengagumkan dan juga suasa hutan yang masih asri, air sungai mengalir dengan jernih so anak happy bermain air di sungai nmun tetap dengan pendampingan dan pengawasan orang tua. Disamping itu banyak yang melakukan hiking demi sebuah konten sosmed.",,positif,track hiking yang cukup aman dilakukan bersama anak dengan pemandangan yang mengagumkan dan juga suasa hutan yang masih asri air sungai mengalir dengan jernih sok anak happy bermain air di sungai nmun tetap dengan pendampingan dan pengawasan orang tua disamping itu banyak yang melakukan hiking demi sebuah konten sosmed,1,0,0,0,0,positif,-,-,-
940,Lembah Cilengkrang,Wisata Alam & Pemandian TNGC,4,"Goks! Jalannyaaa kadang landai, kadang naik turun. Diujung wisata nya ada air terjun, sama pemandian air hangat. Cocok buat piknik sm keluarga, atau sekedar melepas penat dr kerjaan kesini bareng pasangan ato temen. Harga masuknya 25k/orang pas weekend yaaa.. Ada kamar bilas, dan toilet. Dibeberapa titik ada warung.  Boleh kesini, krn parkiran luas, banyak pengunjung, tp inget yaa, jgn buang sampah sembarang.  Enjoy guys!",,positif,goks jalannyaaa kadang landai kadang naik turun diujung wisata nya ada air terjun sama pemandian air hangat cocok buat piknik sama keluarga atau sekedar melepas penat dari pekerjaan kesini bareng pasangan atau teman harga masuknya 25k orang pas weekend ya ada kamar bilas dan toilet dibeberapa titik ada warung boleh kesini karena parkiran luas banyak pengunjung tapi ingat ya jangan buang sampah sembarang enjoy guys,1,1,0,0,1,positif,-,-,-
941,Lembah Cilengkrang,Wisata Alam & Pemandian TNGC,4,"Treking menuju air terjun lumayan jauh kurang lebih 45 menit, terdapat beberapa kolam air panas untuk berendam, tiket masuknya 25rb/orang, parkir motor 5rb. Fasilitas toilet tolong diperbaiki, ini dikawasan yang airnya melimpah tapi kamar mandinya gak ada air, udah gitu gelap gak ada lampunya.",,positif,treking menuju air terjun lumayan jauh kurang lebih 45 menit terdapat beberapa kolam air panas untuk berendam tiket masuknya 25rb orang parkir motor 5rb fasilitas toilet tolong diperbaiki ini dikawasan yang airnya melimpah tapi kamar mandinya enggak ada air sudah begitu gelap enggak ada lampunya,1,0,0,0,1,positif,-,-,-
942,Lembah Cilengkrang,Wisata Alam & Pemandian TNGC,4,"Jalur jalan dari tempat parkir roda 4 & 2 ke curug cilengkrang & kolam air panas lumayan baik. Pemandangan & udara sepanjang jalur jalan 👍.  Hanya ada beberapa titik yg lumayan berbatu & agak licin. Fasilitas kolam air panas, toilet & tempat istirahat perlu peningkatan. Plus tempat sampah yg memadai, utamanya plastik bekas air minum.",,positif,jalur jalan dari tempat parkir roda 4 2 ke curug cilengkrang kolam air panas lumayan baik pemandangan udara sepanjang jalur jalan hanya ada beberapa titik yang lumayan berbatu agak licin fasilitas kolam air panas toilet tempat istirahat perlu peningkatan plus tempat sampah yang memadai utamanya plastik bekas air minum,1,1,0,1,1,positif,-,-,-
943,Lembah Cilengkrang,Wisata Alam & Pemandian TNGC,4,"3 kali berkunjung kesini, sampai yang terakhir masih oke,. tempatnya sejuk, ada mata air panas langsung yang mengalir juga air terjun.  yg perlu di perhatikan yaitu kebersihan sampah nya, tolong pastikan dan di berikan himbauan untuk pengunjung membawa sampah nya kembali ke pos pintu masuk dan pintu masuk di sediakan tempat sampah yang besar.. mungkin bulan depan saya akan kesini lagi,.semoga permasalahan kebersihan sudah membaik dan tertangani.",,positif,3 kali berkunjung kesini sampai yang terakhir masih oke tempatnya sejuk ada mata air panas langsung yang mengalir juga air terjun yang perlu di perhatikan yaitu kebersihan sampah nya tolong pastikan dan di berikan himbauan untuk pengunjung membawa sampah nya kembali ke pos pintu masuk dan pintu masuk di sediakan tempat sampah yang besar mungkin bulan depan saya akan kesini lagi semoga permasalahan kebersihan sudah membaik dan tertangani,1,1,0,0,0,positif,-,-,-
944,Lembah Cilengkrang,Wisata Alam & Pemandian TNGC,4,"viewnya cakep, tapi untuk HTM lumayan menurutku. selain itu juga untuk foto² didekat curug mengantri karena dibatasi dan harus bergantian. selebihnya bagusss treknya juga ramah buat pemula",,positif,viewnya cakep tapi untuk htm lumayan menurutku selain itu juga untuk foto² didekat curug mengantri karena dibatasi dan harus bergantian selebihnya bagus treknya juga ramah buat pemula,0,0,1,0,1,positif,-,-,-
945,Lembah Cilengkrang,Wisata Alam & Pemandian TNGC,4,"Seru, keren pemandangan, cuma tiketnya naik terus semoga fasilitas nya jg ikut d perbaiki terutama tebing yg kena longsor.",,positif,seru keren pemandangan cuma tiketnya naik terus semoga fasilitas nya juga ikut di perbaiki terutama tebing yang kena longsor,0,0,0,0,0,positif,-,-,-
946,Lembah Cilengkrang,Wisata Alam & Pemandian TNGC,4,"Bagi yg suka wisata alam, hiking, di puncak ada air terjun yg jernih bngt dan ada sumber air panas juga... Msh banyak monyet yg bergelantungan ...",,positif,bagi yang suka wisata alam hiking di puncak ada air terjun yang jernih banget dan ada sumber air panas juga masih banyak monyet yang bergelantungan,1,0,0,0,0,positif,-,-,-
947,Lembah Cilengkrang,Wisata Alam & Pemandian TNGC,4,Cukup jauh sekitar 35 menit jalan..  tapi terbayar dengan air panas alaminya.. hati2 untuk yqng ingin berkunjung dibeberapa titik ada longsoran,,positif,cukup jauh sekitar 35 menit jalan tapi terbayar dengan air panas alaminya hati-hati untuk yqng ingin berkunjung dibeberapa titik ada longsoran,1,0,0,1,0,positif,-,-,-
948,Lembah Cilengkrang,Wisata Alam & Pemandian TNGC,4,"Perjalanan luar biasa indahnyaaaa 💛💛 Silahkan dipersiapkan fisiknya, karena perjalanan menuju curug sifatnya hiking.. Gunakan alas kaki yg nyaman (dianjurkan sepatu hiking / sandal gunung), dan air mineral yg cukup. Perjalanan dari gapura lembah Cilengkrang, kurang lebih 1 jam.  Lelahnya perjalanan, akan terbayar dengan indahnya pemandangan insyaa Alloh.  Jangan lupa dzikrulloh (agar lisan tetap terjaga) Maasyaa Alloh, Tabaarokalloh ♡  *notes: ruang ganti dan kamar mandinya, belum sebersih tempat wisata pada umumnya. Semoga segera dilayakkan..  #Haturnuhun #Kuningan",,positif,perjalanan luar biasa indahnyaaaa silakan dipersiapkan fisiknya karena perjalanan menuju curug sifatnya hiking gunakan alas kaki yang nyaman dianjurkan sepatu hiking sandal gunung dan air mineral yang cukup perjalanan dari gapura lembah cilengkrang kurang lebih 1 jam lelahnya perjalanan akan terbayar dengan indahnya pemandangan insyaa allah jangan lupa dzikrulloh agar lisan tetap terjaga maasyaa allah tabaarokalloh notes ruang ganti dan kamar mandinya belum sebersih tempat wisata pada umumnya semoga segera dilayakkan haturnuhun kuningan,1,0,0,0,0,positif,-,-,-
949,Lembah Cilengkrang,Wisata Alam & Pemandian TNGC,4,"Cocok untuk tempat rekreasi dengan keluarga, teman dan rekan². Untuk tiket cukup murah dengan harga kisaran 15 ribu untuk hari biasa dan 17 ribu untuk weekend dan hari libur. Ada beberapa kolam air panas yang bisa di gunakan dan ada Curug air dingin. Namun sayangnya untuk pengelolaan sampah masih kurang baik karena disekitar kolam terdapat tempat sampah yang kurang terurus oleh pengelola.",,positif,cocok untuk tempat rekreasi dengan keluarga teman dan rekan² untuk tiket cukup murah dengan harga kisaran 15 ribu untuk hari biasa dan 17 ribu untuk weekend dan hari libur ada beberapa kolam air panas yang bisa di gunakan dan ada curug air dingin namun sayangnya untuk pengelolaan sampah masih kurang baik karena disekitar kolam terdapat tempat sampah yang kurang terurus oleh pengelola,1,1,0,0,1,positif,-,-,-
950,Lembah Cilengkrang,Wisata Alam & Pemandian TNGC,4,"Bersih, nggak ada pungli. Wisata sehat ini, badan harus fit karena jalan lumayan jauh. Sekitar 2 km perjalanan ke lokasi dan 2 km balik ke parkiran. Total sekitar 4 km bolak balik. Ada Masjid di bawah, warung juga ada beberapa. Datang pas weekend jadi lumayan rame dan menyenangkan. Kalau pas weekdays mungkin lebih baik rombongan. Kalau buat solo travelling pas weekdays mungkin agak ngeri-ngeri sedap. Di atas juga ada warung. Bisa rehat sambil liat lutung bergelantungan.",,positif,bersih enggak ada biaya liar wisata sehat ini badan harus fit karena jalan lumayan jauh sekitar 2 kamu perjalanan ke lokasi dan 2 kamu balik ke parkiran total sekitar 4 kamu bolak balik ada masjid di bawah warung juga ada beberapa datang pas weekend jadi lumayan rame dan menyenangkan kalau pas weekdays mungkin lebih baik rombongan kalau buat solo travelling pas weekdays mungkin agak ngeri ngeri sedap di atas juga ada warung bisa rehat sambil lihat lutung bergelantungan,0,0,0,1,1,positif,-,-,-
951,Lembah Cilengkrang,Wisata Alam & Pemandian TNGC,4,"Salah satu destinasi wisata di daerah kuningan. Terdapat kolam (sumber) air panas. Bisa berendam. Untuk sampai kolam air panas dan air terjun, perlu berjalan (hiking) sekitar 30-60 menit melewati hutan dan sungai. Cukup menyenangkan jika menyukai wisata petualangan, adventure, alam dan pendakian. Tiket masuk 15.000 kalo tidak salah (april 2023). Terdapat toilet, kamar mandi, mushola. Parkiran cukup luas. Akses cukup mudah dan bagus. Hanya perlu hati-hati bagi pemgendara motor matic saat turun (pulang).",,positif,salah satu destinasi wisata di daerah kuningan terdapat kolam sumber air panas bisa berendam untuk sampai kolam air panas dan air terjun perlu berjalan hiking sekitar 30 60 menit melewati hutan dan sungai cukup menyenangkan jika menyukai wisata petualangan adventure alam dan pendakian tiket masuk 15 000 kalo tidak salah april 2023 terdapat toilet kamar mandi mushola parkiran cukup luas akses cukup mudah dan bagus hanya perlu hati hati bagi pemgendara motor matic saat turun pulang,1,0,0,0,1,positif,-,-,-
952,Lembah Cilengkrang,Wisata Alam & Pemandian TNGC,4,"Tempat yang pasti asri, buat nyampe curugnya kalo ga salah lbh dari 3km jalan kaki dengan trek yang lumayan menguras tenaga, jalanan licin kalo lagi musim ujan, dihimbau bawa perbekalan yang cukup karena warungnya sedikit, ada titik poin buat istirahat di tengah ada saung/musholah yang disampingnya ada kolam air panas bisa buat berendam kaki lanjut jalan baru ketemu curug yang lumayan tinggi, biasanya ada bapak2 yang jadi guide nganter pengunjung yang gak biasa ngedaki jadi gaperlu khawatir nyasar. Jalan masuk ga terlalu jauh dari jalan raya kuningan. Nice view",,positif,tempat yang pasti asri buat sampai curugnya kalo enggak salah lebih dari 3km jalan kaki dengan trek yang lumayan menguras tenaga jalanan licin kalo lagi musim ujan dihimbau bawa perbekalan yang cukup karena warungnya sedikit ada titik poin buat istirahat di tengah ada saung musholah yang disampingnya ada kolam air panas bisa buat berendam kaki lanjut jalan baru ketemu curug yang lumayan tinggi biasanya ada bapak2 yang jadi guide nganter pengunjung yang enggak biasa ngedaki jadi gaperlu khawatir nyasar jalan masuk enggak terlalu jauh dari jalan raya kuningan nice view,1,0,0,1,0,positif,-,-,-
953,Lembah Cilengkrang,Wisata Alam & Pemandian TNGC,4,"Cocok untuk yang gemar berolahraga jalan dan mendaki, karena jarak dari gerbang ke curug lumayan jauh. Pengunjung bisa menikmati keindahan alam, curug sabuk, air yang jernih, dan juga pemandian air panas.  ig : ali.san_id",,positif,cocok untuk yang gemar berolahraga jalan dan mendaki karena jarak dari gerbang ke curug lumayan jauh pengunjung bisa menikmati keindahan alam curug sabuk air yang jernih dan juga pemandian air panas ig ali san_id,1,0,0,1,0,positif,-,-,-
955,Lembah Cilengkrang,Wisata Alam & Pemandian TNGC,4,"Tempat hiking yang cukup baik, perjalannya menyenangkan sekali, sangat sejuk dan alami. Hanya saja pembayaran masuk tempat wisata tidak bisa pakai qris, padahal ada barcode-nya, dengan alasan qris tsb di daftarkan atas nama pribadi  sehingga takut jadi temuan (????), alasan lainnya kalau pake qris jadi tidak bisa diberikan tiket fisik (also questionable??), ketika kami bayar cash tetap tidak diberikan tiket anyway haha. Pemerintah dinas pariwisata setempat harusnya bisa di edukasi lagi pelaku wisatanya. Karna potensi wisatanya sangat bagus.",,positif,tempat hiking yang cukup baik perjalannya menyenangkan sekali sangat sejuk dan alami hanya saja pembayaran masuk tempat wisata tidak bisa pakai qris padahal ada barcode nya dengan alasan qris tersebut di daftarkan atas nama pribadi sehingga takut jadi temuan alasan lainnya kalau pakai qris jadi tidak bisa diberikan tiket fisik also questionable ketika kami bayar cash tetap tidak diberikan tiket anyway haha pemerintah dinas pariwisata setempat harusnya bisa di edukasi lagi pelaku wisatanya karena potensi wisatanya sangat bagus,0,0,0,0,1,positif,-,-,-
958,Lembah Cilengkrang,Wisata Alam & Pemandian TNGC,4,"Suasana masih asri dan sejuk, lokasi curug sangat jauh dari parkiran jalan kaki kira kira 1km untuk sampai di gebang pembelian tiket setelah itu jalan lagi menyusuri bukit yang jalan ada yg berbatu kira kira hampir 1km lebih baru sampai di curug",,positif,suasana masih asri dan sejuk lokasi curug sangat jauh dari parkiran jalan kaki kira kira 1km untuk sampai di gebang pembelian tiket setelah itu jalan lagi menyusuri bukit yang jalan ada yang berbatu kira kira hampir 1km lebih baru sampai di curug,0,0,0,1,1,positif,-,-,-
959,Lembah Cilengkrang,Wisata Alam & Pemandian TNGC,4,"Anda akan merasakan pengalaman yg baru,rasa lelah selama perjalanan menuju ke lokasi akan terbayar lunas dengan keindahan alam yg disertai merdunya suara burung berkicau dan kejutan yg akan anda dapatkan setelah sampai diair terjun serta kolam air panasnya.",,positif,anda akan merasakan pengalaman yang baru rasa lelah selama perjalanan menuju ke lokasi akan terbayar lunas dengan keindahan alam yang disertai merdunya suara burung berkicau dan kejutan yang akan anda dapatkan setelah sampai diair terjun serta kolam air panasnya,1,0,0,0,0,positif,-,-,-
960,Lembah Cilengkrang,Wisata Alam & Pemandian TNGC,4,Jalur cukup landai. Durasi 30-60menit. Trdapat fasilitas tempat istirahat dan toilet di jalur hikking.,,positif,jalur cukup landai durasi 30 60menit trdapat fasilitas tempat istirahat dan toilet di jalur hikking,1,0,0,1,0,positif,-,-,-
961,Lembah Cilengkrang,Wisata Alam & Pemandian TNGC,4,"Bagi anda pecinta alam, tempat ini wajib anda kunjungi. Tempatnya masih asri krna blm banyak perbaikan yg dilakukan. Akses jalan seru dan menantang dg diiringi aliran sungai jernih. Terdapat 2 air terjun dan sumber air panas. Dijamin akan membayar semua kelelahan anda. Perjalanan dr tempat parkir menuju lokasi air terjun cukup jauh. Pastikan anda membawa bekal cukup agar tdk dehidrasi atau kelelahan.",,positif,bagi anda pecinta alam tempat ini wajib anda kunjungi tempatnya masih asri karena belum banyak perbaikan yang dilakukan akses jalan seru dan menantang dengan diiringi aliran sungai jernih terdapat 2 air terjun dan sumber air panas dijamin akan membayar semua kelelahan anda perjalanan dari tempat parkir menuju lokasi air terjun cukup jauh pastikan anda membawa bekal cukup agar tidak dehidrasi atau kelelahan,1,0,0,1,1,positif,-,-,-
962,Lembah Cilengkrang,Wisata Alam & Pemandian TNGC,4,"tiket masuk weekday 20k+parkir 5k, sejuk bgt seru akan tetapi toilet sangat tidak nyaman kotor dan bau tidak ada air juga untuk bilas/bersih2. tolong diperbaiki lagi kebersihan nya agar yg berkunjung nyaman dan tidak repot saat ingin ganti pakaian ketika sudah berendam",,positif,tiket masuk weekday 20k parkir 5k sejuk banget seru akan tetapi toilet sangat tidak nyaman kotor dan bau tidak ada air juga untuk bilas bersih2 tolong diperbaiki lagi kebersihan nya agar yang berkunjung nyaman dan tidak repot saat ingin ganti pakaian ketika sudah berendam,1,1,0,0,1,negatif,-,-,-
963,Lembah Cilengkrang,Wisata Alam & Pemandian TNGC,4,"Wisatanya bagus, cuman perlu di perbarui lagi agar lebih menarik, jalan kaki +- 1jam dari parkiran motor. Tiket weekday 15ribu, weekend 17,5k parkir 5ribu",,positif,wisatanya bagus cuman perlu di perbarui lagi agar lebih menarik jalan kaki 1jam dari parkiran motor tiket weekday 15ribu weekend 17 5k parkir 5ribu,0,0,0,1,1,positif,-,-,-
964,Lembah Cilengkrang,Wisata Alam & Pemandian TNGC,4,"Salah satu objek wisata di kuningan yang masih alami, ada kolam pemandian air panas, air terjun/curug, spot foto yg oke, sayang trek lumayan terjal, kasihan buat Anak2 atau orang tua, Mudah2an bisa dikelola dengan lebih baik",,positif,salah satu objek wisata di kuningan yang masih alami ada kolam pemandian air panas air terjun curug spot foto yang oke sayang trek lumayan terjal kasihan buat anak-anak atau orang tua mudah-mudahan bisa dikelola dengan lebih baik,1,0,0,1,0,positif,-,-,-
966,Lembah Cilengkrang,Wisata Alam & Pemandian TNGC,4,"Wisata alam di lembah gunung ciremai, yang berlokasi di desa pejambon kuningan. Terdapat air terjun dan pemandian air panas.",,positif,wisata alam di lembah gunung ciremai yang berlokasi di desa pejambon kuningan terdapat air terjun dan pemandian air panas,1,0,0,0,0,positif,-,-,-
967,Lembah Cilengkrang,Wisata Alam & Pemandian TNGC,4,"Pemandian air panas alami, tempat masih asri dan masih banyak orang hutan jawa.",,positif,pemandian air panas alami tempat masih asri dan masih banyak orang hutan jawa,1,0,0,0,0,positif,-,-,-
969,Lembah Cilengkrang,Wisata Alam & Pemandian TNGC,4,Wisata alam yg benar masih alami..untuk menuju ke curug perlu berjalan sekitar 1 km dari gapura curug..suasana yang masih asri dan sepi membuat kenyamanan yg sangat nikmat..mendengarkan suara air terjuan sambil berendam di kolam air anget tepat di depan curug sangat membuat rileks sekali..semoga tetap terjaga keasriannya..,,positif,wisata alam yang benar masih alami untuk menuju ke curug perlu berjalan sekitar 1 kamu dari gapura curug suasana yang masih asri dan sepi membuat kenyamanan yang sangat nikmat mendengarkan suara air terjuan sambil berendam di kolam air anget tepat di depan curug sangat membuat rileks sekali semoga tetap terjaga keasriannya,1,0,0,0,0,positif,-,-,-
971,Lembah Cilengkrang,Wisata Alam & Pemandian TNGC,4,"Tempatnya bagus ,Sayang jalan setapak nya masih licin..dan belum tertata rapi..",,positif,tempatnya bagus sayang jalan setapak nya masih licin dan belum tertata rapi,0,0,0,1,0,positif,-,-,-
972,Lembah Cilengkrang,Wisata Alam & Pemandian TNGC,4,"Tempatnya sejuk. Bagi yang mau ke sini, siapkan stamina yang baik. Karena dari tempat parkiran menuju air terjun, jalan kaki lumayan jauh. Tapi enak sih udaranya masih segar dan diiringi suara hewan khas hutan. Pemandangan juga cantik. Air sungainya jernih. Ada beberapa kolam air panas juga. Kantin, Mushola dan toilet tersedia di beberapa titik. Tiket hari biasa 15k, hari libur 17,5k",,positif,tempatnya sejuk bagi yang mau ke sini siapkan stamina yang baik karena dari tempat parkiran menuju air terjun jalan kaki lumayan jauh tapi enak sih udaranya masih segar dan diiringi suara hewan khas hutan pemandangan juga cantik air sungainya jernih ada beberapa kolam air panas juga kantin mushola dan toilet tersedia di beberapa titik tiket hari biasa 15k hari libur 17 5k,1,0,0,1,1,positif,-,-,-
974,Lembah Cilengkrang,Wisata Alam & Pemandian TNGC,4,Nih sy bagikan .jln kaki -+3km.perjalanan luaaarr biasa pemandangan super. Yg cinta alam jgn lewatkan asli indah.sy bawa anak brngkt 1.5jm pulang 1jm. Ada 2 tempat tp usahakan sampai air terjun ada 2 rendaman air panas alami bwa baju ganti. Nah sepanjang perjalanan aman super di awasi petugas taman nasional nya setiap brp ratus meter. Kolam panas alami dengan pemandangan gila air terjun dan tebing.kalo kesini jgn lewat jm 2 terlalu singkat buat menikmati alam nya usahakn seblm jam2,,positif,nih saya bagikan jalan kaki 3km perjalanan luaaarr biasa pemandangan super yang cinta alam jangan lewatkan asli indah saya bawa anak brngkt 1 5jm pulang 1jm ada 2 tempat tapi usahakan sampai air terjun ada 2 rendaman air panas alami bwa baju ganti nah sepanjang perjalanan aman super di awasi petugas taman nasional nya setiap berapa ratus meter kolam panas alami dengan pemandangan gila air terjun dan tebing kalo kesini jangan lewat jm 2 terlalu singkat buat menikmati alam nya usahakn seblm jam2,1,0,1,1,0,positif,-,-,-
976,Lembah Cilengkrang,Wisata Alam & Pemandian TNGC,4,"tempat berendam air hangat dan bisa pindah ke aliran air dingin dengan cepat, tempatnya tapi jauh dari parkiran, dari oarkiran sekitar satu jam jalan kaki, tapi disepanjang jalan bisa menikmati pemadangan, hati2 bila di musim hujan, suka ada longsor",,positif,tempat berendam air hangat dan bisa pindah ke aliran air dingin dengan cepat tempatnya tapi jauh dari parkiran dari oarkiran sekitar satu jam jalan kaki tapi disepanjang jalan bisa menikmati pemadangan hati-hati bila di musim hujan suka ada longsor,1,0,0,1,0,positif,-,-,-
982,Lembah Cilengkrang,Wisata Alam & Pemandian TNGC,5,"Lembah cilengkrang, sebuah lembah yang ada di kramat mulya kuningan. Lokasi sebelum gapura selamat datang kuningan. Jalannya menanjak jadi hati2 untuk yang tidak terbiasa menyetir kendaraan di tanjakan. Lokasi parkir luas bs motor dan mobil. April 2026 harga tiket untuk tracking 20rb/org di bayar di loket pertengahan jalan saat tracking. Parkir kendaraan 10rb/mobil dibayar sblm naik. Dari parkiran akan menaiki bbrp anak tangga, namun selanjutnya jalanan landai dan mudah diakses untuk semua usia. Lokasinya bersih dan cukup aman nyaman untuk dijadikan jalur hiking tipis2. Fasilitas lengkap dari mushola , toilet, ada warung juga di pintu masuk dan tengah hutannya jari kalo lapar atau haus bisa mampir sambil istirahat. Terdapat air panas alami yg jg sdh ada kolamnya , tp digunakan beramai ramai dan untuk air hangat ini cocok buat pagi atau sore hari jika udara dingin. Ada air terjun yang cukup tinggi dan airnya deras, indah diliat dan airnya sangat sejuk karena berasal dari mata air gunung ciremai. Terdapat lapangan rumput dekat air terjun untuk space camping. Aliran sungai kecil, gemericik air, udara segar, suara burung dan hewan kecil lainnya benar2 merilekskan pikiran. Tenang dan asri. Jika tidak berkemah dan hanya hiking sebaiknya turun sebelum kabut atau hujan (jika dtg musim hujan) Perjalanan sepanjang 2,5km dan ditempuh sekitar 45menit. Gunakan sepatu running, atau sandal gunung yang nyaman dan aman.",,positif,lembah cilengkrang sebuah lembah yang ada di kramat mulya kuningan lokasi sebelum gapura selamat datang kuningan jalannya menanjak jadi hati-hati untuk yang tidak terbiasa menyetir kendaraan di tanjakan lokasi parkir luas bisa motor dan mobil april 2026 harga tiket untuk tracking 20rb orang di bayar di loket pertengahan jalan saat tracking parkir kendaraan 10rb mobil dibayar sebelum naik dari parkiran akan menaiki beberapa anak tangga namun selanjutnya jalanan landai dan mudah diakses untuk semua usia lokasinya bersih dan cukup aman nyaman untuk dijadikan jalur hiking tipis2 fasilitas lengkap dari mushola toilet ada warung juga di pintu masuk dan tengah hutannya jari kalo lapar atau haus bisa mampir sambil istirahat terdapat air panas alami yang juga sudah ada kolamnya tapi digunakan beramai ramai dan untuk air hangat ini cocok buat pagi atau sore hari jika udara dingin ada air terjun yang cukup tinggi dan airnya deras indah dilihat dan airnya sangat sejuk karena berasal dari mata air gunung ciremai terdapat lapangan rumput dekat air terjun untuk space camping aliran sungai kecil gemericik air udara segar suara burung dan hewan kecil lainnya benar-benar merilekskan pikiran tenang dan asri jika tidak berkemah dan hanya hiking sebaiknya turun sebelum kabut atau hujan jika datang musim hujan perjalanan sepanjang 2 5km dan ditempuh sekitar 45menit gunakan sepatu running atau sandal gunung yang nyaman dan aman,1,0,1,1,1,positif,-,-,-
983,Lembah Cilengkrang,Wisata Alam & Pemandian TNGC,5,"Menuju kesini jalannya lumayan menantang, naik turun curam, belok belok jalan kecil. Pastikan kendaraan sehat yaaa... Jalur trekking aman bgt buat anak, mostly landai, adem krn vegetasi hutan yg rapat. Pilihan kolam banyakk ada air panas & dingin. Jd meskipun rame masih nyaman bgt. Warung ada beberapa di tengah jalan, tapi Di area curug/kolam gak ada warung yaa, jadi klo mau mandi mandi sambil makan, mending bawa bekel.  Overall seruuu bgttt...Pengalaman yg Sangat menyenangkan🤍",,positif,menuju kesini jalannya lumayan menantang naik turun curam belok belok jalan kecil pastikan kendaraan sehat ya jalur trekking aman banget buat anak mostly landai adem karena vegetasi hutan yang rapat pilihan kolam banyakk ada air panas dingin jadi meskipun rame masih nyaman banget warung ada beberapa di tengah jalan tapi di area curug kolam enggak ada warung ya jadi kalo mau mandi mandi sambil makan mending bawa bekel overall seru banget pengalaman yang sangat menyenangkan,1,0,0,1,1,positif,-,-,-
984,Lembah Cilengkrang,Wisata Alam & Pemandian TNGC,5,"Berangkat dari Cirebon Timur cuma bermodalkan Google Maps dan niat healing tipis-tipis 🤍✨ perjalanan ternyata nggak sesantai itu… banyak tanjakan, jadi wajib banget pakai motor yang proper & kuat nanjak biar tetap aman dan nggak drama di jalan.  Sampai di parkiran, bayar 5k/motor, terus lanjut jalan kaki menuju tiket masuk. Tracking awal sekitar ±15 menit, diawali tangga semen dulu baru lanjut ke jalan tanah yang udah mulai rimbun sama pepohonan 🌿 jujur, bahkan sebelum sampai tiket masuk aja udah cantik banget vibes-nya.  Pas sampai tiket masuk, tiketnya 20k/orang. Setelah itu lanjut lagi perjalanan… dan buat kamu yang jarang olahraga alias kaum rebahan tenang, masih worth it kok🫶 jalan santai aja, nikmatin tiap langkah.  Tracking ke air terjunnya mulai terasa “real struggle” 😭 karena nanjak terus, jalurnya banyak batu dan akar menjalar, jadi harus ekstra hati-hati tiap langkah. Tapi kalau capek, banyak batu besar yang bisa jadi tempat istirahat sebentar. Kita sendiri butuh sekitar ±1 jam sampai atas, karena banyak duduk dan santai juga. Apalagi di camping ground sebelum air terjun kami minum dan ngobrol-ngobrol dulu sekalian atur nafas  FYI, sebelum sampai camping ground cuma ada 1 warung (literally satu-satunya 🥲), jadi wajib bawa bekal makanan & minuman kalau mau lama di atas dekat air terjun, karena di sana nggak ada yang jualan sama sekali.  Dan begitu sampai… semuanya kebayar 💙 Pemandangannya cantik banget, air terjunnya adem, suasananya tenang. Kita sempat foto-foto di depan air terjun (walaupun harus antri gantian, tapi ada aa yang bantu ngatur kok 🙌). Di atas juga ada kamar mandi dan beberapa saung buat duduk, tapi ya… siapa cepat dia dapat 😆  Kita habisin waktu sekitar 1,5 jam buat berendam air panas, foto-foto, dan sekadar nikmatin suasana. Sampai akhirnya rintik hujan mulai turun, dan kita mutusin buat balik.  Perjalanan turun jauh lebih cepat, cuma ±40 menit sampai parkiran karena turunan jadi nggak terlalu capek. Yang paling nguras tenaga justru tangga-tangga sebelum camping ground tadi 😵‍💫  Tapi overall… ini tipe perjalanan yang capeknya dapet, senengnya juga dapet. Worth it banget buat kamu yang lagi butuh rehat sejenak dari riuhnya hari 🌿✨",,positif,berangkat dari cirebon timur cuma bermodalkan google maps dan niat healing tipis tipis perjalanan ternyata enggak sesantai itu banyak tanjakan jadi wajib banget pakai motor yang proper kuat nanjak biar tetap aman dan enggak drama di jalan sampai di parkiran bayar 5k motor terus lanjut jalan kaki menuju tiket masuk tracking awal sekitar 15 menit diawali tangga semen dulu baru lanjut ke jalan tanah yang sudah mulai rimbun sama pepohonan jujur bahkan sebelum sampai tiket masuk saja sudah cantik banget vibes nya pas sampai tiket masuk tiketnya 20k orang setelah itu lanjut lagi perjalanan dan buat kamu yang jarang olahraga alias kaum rebahan tenang masih worth itu kok jalan santai saja menikmati tiap langkah tracking ke air terjunnya mulai terasa real struggle karena nanjak terus jalurnya banyak batu dan akar menjalar jadi harus ekstra hati hati tiap langkah tapi kalau capek banyak batu besar yang bisa jadi tempat istirahat sebentar kita sendiri butuh sekitar 1 jam sampai atas karena banyak duduk dan santai juga apalagi di camping ground sebelum air terjun kami minum dan mengobrol mengobrol dulu sekalian atur nafas fyi sebelum sampai camping ground cuma ada 1 warung literally satu satunya jadi wajib bawa bekal makanan minuman kalau mau lama di atas dekat air terjun karena di sana enggak ada yang jualan sama sekali dan begitu sampai semuanya kebayar pemandangannya cantik banget air terjunnya adem suasananya tenang kita sempat foto foto di depan air terjun walaupun harus antri gantian tapi ada aa yang bantu mengatur kok di atas juga ada kamar mandi dan beberapa saung buat duduk tapi ya siapa cepat dia dapat kita habisin waktu sekitar 1 5 jam buat berendam air panas foto foto dan sekadar menikmati suasana sampai akhirnya rintik hujan mulai turun dan kita memutuskan buat balik perjalanan turun jauh lebih cepat cuma 40 menit sampai parkiran karena turunan jadi enggak terlalu capek yang paling nguras tenaga justru tangga tangga sebelum camping ground tadi tapi overall ini tipe perjalanan yang capeknya dapat senengnya juga dapat worth itu banget buat kamu yang lagi butuh rehat sejenak dari riuhnya hari,1,0,0,1,1,positif,-,-,-
985,Lembah Cilengkrang,Wisata Alam & Pemandian TNGC,5,"Kalau kamu suka wisata alam yang masih asri, Lembah Cilengkrang wajib masuk wishlist! Terletak di kaki Gunung Ciremai, tempat ini menawarkan pengalaman trekking menyusuri hutan yang sejuk, sungai jernih, curug yang indah, hingga pemandian air panas alami yang bikin badan rileks setelah berjalan kaki. ✨ Keunggulan: ✅ Udara sejuk dan menyegarkan ✅ Pemandangan alam masih alami ✅ Ada curug dan pemandian air panas belerang ✅ Cocok untuk healing, camping, dan berburu foto ✅ Banyak spot menarik sepanjang jalur trekking ⚠️ Perlu diperhatikan: • Trekking sekitar 30–60 menit menuju lokasi utama • Beberapa jalur cukup menanjak • Kurang cocok untuk yang ingin wisata santai tanpa jalan kaki",,positif,kalau kamu suka wisata alam yang masih asri lembah cilengkrang wajib masuk wishlist terletak di kaki gunung ciremai tempat ini menawarkan pengalaman trekking menyusuri hutan yang sejuk sungai jernih curug yang indah hingga pemandian air panas alami yang bikin badan rileks setelah berjalan kaki keunggulan udara sejuk dan menyegarkan pemandangan alam masih alami ada curug dan pemandian air panas belerang cocok untuk healing camping dan berburu foto banyak spot menarik sepanjang jalur trekking perlu diperhatikan trekking sekitar 30 60 menit menuju lokasi utama beberapa jalur cukup menanjak kurang cocok untuk yang ingin wisata santai tanpa jalan kaki,1,0,0,1,0,positif,-,-,-
986,Lembah Cilengkrang,Wisata Alam & Pemandian TNGC,5,"Tempatnya ada perubahan perubahan akses ke lokasi curug nya, Jalan nya sdh di cor pas mau masuknya. Beberapa jembatan aksss ke curug sudah di cor Juga. Lumayan melatih lutut anak anak remaja dewasa lansia bisa ke sana, boleh juga tuh bawa pakean ganti soalnya bisa rendam air hangat di dekat curug nya. Rekomended pisan...... Ayo jelajah lagi yg ada di kuningan. Parkir nya 5000 Masuknya hari minggu 25.000",,positif,tempatnya ada perubahan perubahan akses ke lokasi curug nya jalan nya sudah di cor pas mau masuknya beberapa jembatan aksss ke curug sudah di cor juga lumayan melatih lutut anak anak remaja dewasa lansia bisa ke sana boleh juga tuh bawa pakean ganti soalnya bisa rendam air hangat di dekat curug nya rekomended pisan ayo jelajah lagi yang ada di kuningan parkir nya 5000 masuknya hari minggu 25 000,1,0,0,1,1,positif,-,-,-
988,Lembah Cilengkrang,Wisata Alam & Pemandian TNGC,5,Htm 25.000 Parkir mobil 10.000 Treking dari parkiran sampai ke air terjun kurang lebih 45 menit s/d 1 jam. Jalurnya aman.,,positif,htm 25 000 parkir mobil 10 000 treking dari parkiran sampai ke air terjun kurang lebih 45 menit si di 1 jam jalurnya aman,1,0,0,0,1,positif,-,-,-
989,Lembah Cilengkrang,Wisata Alam & Pemandian TNGC,5,"Jalur hiking nya pemula friendly gak ada tanjakan penuh drama…, namun berhati-hati tetap diperlukan.  Parkir motor 5000, tiket masuk 20.000 hari biasa dan 25.000 utk weekend & libur nasional.  Kondisi jalan setapak, tanah rata, tanah penuh akar pohon dan bebatuan. Ada beberapa bagian jalan yang sudah dicor semen.",,positif,jalur hiking nya pemula friendly enggak ada tanjakan penuh drama namun berhati hati tetap diperlukan parkir motor 5000 tiket masuk 20 000 hari biasa dan 25 000 untuk weekend libur nasional kondisi jalan setapak tanah rata tanah penuh akar pohon dan bebatuan ada beberapa bagian jalan yang sudah dicor semen,0,0,0,1,1,positif,-,-,-
990,Lembah Cilengkrang,Wisata Alam & Pemandian TNGC,5,"recharge energy🍃Tracking santai view maksimal!! puas bgt dengan view nya, tiap sudut banyak spot viral, ada air terjun dan pemandian air panas juga, pokoknya recommend!! w/sabill🫶🏻",,positif,recharge energy tracking santai view maksimal puas banget dengan view nya tiap sudut banyak spot viral ada air terjun dan pemandian air panas juga pokoknya recommend gue sabill,1,0,0,0,0,positif,-,-,-
991,Lembah Cilengkrang,Wisata Alam & Pemandian TNGC,5,"Dari tempat parkir ke sini, kurang lebih sekitar 1 jam. Kalo jalannya cepet & ngga banyak foto-foto bisa nyampe kurang dari sejam. Jaraknya sekitar 2,5km. Trek cukup landai, ada beberapa tanjakan & turunan yang ngga terlalu curam. Udara di sini seger, meskipun siang ngga kerasa panas. Ada musholla dan toilet yang airnya bersih. Jangan lupa bawa bekel kalo ke sini pas weekday. Di dalem ngga ada yang jual makanan. Biaya masuk 20k untuk weekday.",,positif,dari tempat parkir ke sini kurang lebih sekitar 1 jam kalo jalannya cepat enggak banyak foto foto bisa sampai kurang dari sejam jaraknya sekitar 2 5km trek cukup landai ada beberapa tanjakan turunan yang enggak terlalu curam udara di sini segar meskipun siang enggak kerasa panas ada musholla dan toilet yang airnya bersih jangan lupa bawa bekel kalo ke sini pas weekday di dalem enggak ada yang jual makanan biaya masuk 20k untuk weekday,1,0,0,1,1,positif,-,-,-
992,Lembah Cilengkrang,Wisata Alam & Pemandian TNGC,5,"Tempat hiking yg bagus, krn terhampar pemandangan cantik, bagi yg pemula belajar jalan dulu klo mau kesini yaa, lumayanlah 2kgan jalannya, tapi nanti kaki yg pegal bisa di manjakan dengan view yg indah curug yg cantik bisa main2 di situ, juga kaki dan badan g pegal bisa rendam air hangat disitu, jngn khawatir di tengah perjalanan ada warung juga siapa tau mau makan pop mie hangat2 bisa jajan dulu di situ gaes",,positif,tempat hiking yang bagus karena terhampar pemandangan cantik bagi yang pemula belajar jalan dulu kalo mau kesini ya lumayanlah 2kgan jalannya tapi nanti kaki yang pegal bisa di manjakan dengan view yang indah curug yang cantik bisa main-main di situ juga kaki dan badan enggak pegal bisa rendam air hangat disitu jangan khawatir di tengah perjalanan ada warung juga siapa tau mau makan pop mie hangat2 bisa jajan dulu di situ gaes,1,0,0,1,1,positif,-,-,-
993,Lembah Cilengkrang,Wisata Alam & Pemandian TNGC,5,"Hiking ceria di Kaki Gunung Ciremai, suasana yang menenangkan, sepanjang jalan disuguhin pemandangan hijau2 yang menyegarkan dan suara air yang mengalir. Rekomen banget buat para pemula, paling seru ketika turun kabut dan hujan aah menambah suasana tambah syahdu",,positif,hiking ceria di kaki gunung ciremai suasana yang menenangkan sepanjang jalan disuguhin pemandangan hijau2 yang menyegarkan dan suara air yang mengalir rekomen banget buat para pemula paling seru ketika turun kabut dan hujan aah menambah suasana tambah syahdu,1,0,0,1,0,positif,-,-,-
995,Lembah Cilengkrang,Wisata Alam & Pemandian TNGC,5,"Seru banget trekking kesini, luckly pas naik bisa liat elang jawa lagi terbang besar bgt, effort ke curug nya lumayan bgt, dan enak bisa ngerasain berendem di tengah hutan. Pas turun suprise bgt ketemu king cobra item bgt dan besarrr, panik sedikit tp ga ngaruh karna cobra nya baik lgsg melipir buru buru kebawah jurang, jd kita bisa lanjut turun walau masi degdegan hahaha. trs pas mau ke pinus liat segerombolan lutung. Happy bgt guyss kesiniii, next time mau trekking lg gakan kapok, karna sesrru itu. Petugas nya juga ramah ramah masyaAllah, sehat sehat selalu bapa² petugas ammmin🌻🌻",,positif,seru banget trekking kesini luckly pas naik bisa lihat elang jawa lagi terbang besar banget effort ke curug nya lumayan banget dan enak bisa merasai berendem di tengah hutan pas turun suprise banget ketemu king cobra item banget dan besarrr panik sedikit tapi enggak ngaruh karena cobra nya baik langsung melipir buru buru kebawah jurang jadi kita bisa lanjut turun walau masih degdegan hahaha terus pas mau ke pinus lihat segerombolan lutung happy banget guyss kesini next time mau trekking lagi gakan kapok karena sesrru itu petugas nya juga ramah ramah masyaallah sehat sehat selalu bapa² petugas ammmin,0,0,1,0,0,positif,-,-,-
996,Lembah Cilengkrang,Wisata Alam & Pemandian TNGC,5,"Tempatnya nyaman,sejuk,ada kolam air panas serta aliran sungai kecil yang dingin.",,positif,tempatnya nyaman sejuk ada kolam air panas serta aliran sungai kecil yang dingin,1,0,0,0,0,positif,-,-,-
997,Lembah Cilengkrang,Wisata Alam & Pemandian TNGC,5,"Trekking ringan yg nyaman ,tiket masuk murah dan tidak ada pungli ,berangkat pagi masih rada sepi siang dikit mulai ramai",,positif,trekking ringan yang nyaman tiket masuk murah dan tidak ada biaya liar berangkat pagi masih rada sepi siang dikit mulai ramai,0,0,0,0,1,positif,-,-,-
998,Lembah Cilengkrang,Wisata Alam & Pemandian TNGC,5,"hiking tipis tipis, jalur trackingnya cukup landai, asri enak banget buat healing, sukak karena cukup banyak toilet tapi semoga bisa diperbaiki fasilitas toiletnya karena kurang terawat dan minim penerangan, ada pemandian air panasnya juga, ngga takut buat kelaparan juga karena ada warung di tengah tengah track, pokoknya sangat menarik dan bisa masuk list tempat liburan",,positif,hiking tipis tipis jalur trackingnya cukup landai asri enak banget buat healing suka karena cukup banyak toilet tapi semoga bisa diperbaiki fasilitas toiletnya karena kurang terawat dan minim penerangan ada pemandian air panasnya juga enggak takut buat kelaparan juga karena ada warung di tengah tengah track pokoknya sangat menarik dan bisa masuk list tempat liburan,1,0,0,1,1,positif,-,-,-
999,Lembah Cilengkrang,Wisata Alam & Pemandian TNGC,5,"Seger bgt udara nya🍃healing terbaik melihat keindahan Alam yg masyaAllah bgt,sepanjang jalan adem sejuk bgt dengerin suara air terjun✨",,positif,segar banget udara nya healing terbaik melihat keindahan alam yang masyaallah banget sepanjang jalan adem sejuk banget mendengarkan suara air terjun,1,0,0,1,0,positif,-,-,-
1001,Lembah Cilengkrang,Wisata Alam & Pemandian TNGC,5,"TOP BGT, membuat kaum mageran bergerak kepo buat sampai ke ujung tujuannya. Kaki rileks banget jadinya setelah ketemu aliran air dingin dan berendam di air panasnya.  Lebih dipastikan lagi saat melakukan pembayaran, tiket yang di dapat totalnya sesuai ga dengan jumlah yang dibayar.",,positif,top banget membuat kaum mageran bergerak kepo buat sampai ke ujung tujuannya kaki rileks banget jadinya setelah ketemu aliran air dingin dan berendam di air panasnya lebih dipastikan lagi saat melakukan pembayaran tiket yang di dapat totalnya sesuai enggak dengan jumlah yang dibayar,1,0,0,0,1,positif,-,-,-
1002,Lembah Cilengkrang,Wisata Alam & Pemandian TNGC,5,"MasyaAllah indahnya wisata alam lembah cikengkrang...😍 Bisa mandi air panas alami fasilitas lengkap tempat parkir,warung2, mushola, toilet . Dan bisa ngopi2 di atas gunung.. Wah mantap lah.. 👍👍",,positif,masyaallah indahnya wisata alam lembah cikengkrang bisa mandi air panas alami fasilitas lengkap tempat parkir warung2 mushola toilet dan bisa ngopi2 di atas gunung wah mantap lah,1,0,0,0,1,positif,-,-,-
1003,Lembah Cilengkrang,Wisata Alam & Pemandian TNGC,5,"kids friendly 4+ yaa, karna jalur treking nya landai dan sangat mudah diakses utk anak² 4 tahun ke atas dgn pengawasan orang dewasa di jalur treking juga banyak kupu² yg bakal nemenin kita kalau beruntung bisa ketemu satwa liar seperti monyet, owa², elang",,positif,kids friendly 4 ya karena jalur treking nya landai dan sangat mudah diakses untuk anak² 4 tahun ke atas dengan pengawasan orang dewasa di jalur treking juga banyak kupu² yang bakal nemenin kita kalau beruntung bisa ketemu satwa liar seperti monyet owa² elang,0,0,0,1,0,positif,-,-,-
1004,Lembah Cilengkrang,Wisata Alam & Pemandian TNGC,5,"Lembah Cilengkrang vibes-nya adem dan masih alami banget 🌿 Trekking seru, view hutan cakep, air terjunnya jernih. Cocok buat healing tipis-tipis dari rutinitas. Fasilitas oke, pengelola ramah. Datang pagi biar lebih chill, jangan lupa pakai sepatu nyaman yaa, karena jalurnya licin.",,positif,lembah cilengkrang vibes nya adem dan masih alami banget trekking seru view hutan cakep air terjunnya jernih cocok buat healing tipis tipis dari rutinitas fasilitas oke pengelola ramah datang pagi biar lebih chill jangan lupa pakai sepatu nyaman ya karena jalurnya licin,1,0,1,1,0,positif,-,-,-
1005,Lembah Cilengkrang,Wisata Alam & Pemandian TNGC,5,"Cape, tapi terbalaskan dengan mandi air panas dan sungai yg dingin, suasana nan damai sejuk, indah.",,positif,capek tapi terbalaskan dengan mandi air panas dan sungai yang dingin suasana nan damai sejuk indah,1,0,0,0,0,positif,-,-,-
1006,Lembah Cilengkrang,Wisata Alam & Pemandian TNGC,5,Jalan kaki kurang lebih 1jam dari parkiran dengan kondisi nyantai dan ada bocil. Track masih ke bilang aman buat pemula.,,positif,jalan kaki kurang lebih 1jam dari parkiran dengan kondisi nyantai dan ada bocil track masih ke bilang aman buat pemula,0,0,0,1,0,positif,-,-,-
1008,Lembah Cilengkrang,Wisata Alam & Pemandian TNGC,5,"Perjalanan kurleb 45menit dgn dsuguhi pemandangan yg indah,klo beruntung bs liat elang jawa, HTM weekday 20rbu, weekend 25rbu, pas nympe dpt view air terjun dan kolam pemandian air panas",,positif,perjalanan kurleb 45menit dengan dsuguhi pemandangan yang indah kalo beruntung bisa lihat elang jawa htm weekday 20rbu weekend 25rbu pas nympe dapat view air terjun dan kolam pemandian air panas,1,0,0,0,1,positif,-,-,-
1009,Lembah Cilengkrang,Wisata Alam & Pemandian TNGC,5,"Seru banget tempatnya sejuk asri, ada kolam air panasnya, perjalanan menyenangkan, petunjuk arah jelas, banyak warung pulak, dan ada jual kopi",,positif,seru banget tempatnya sejuk asri ada kolam air panasnya perjalanan menyenangkan petunjuk arah jelas banyak warung pula dan ada jual kopi,1,0,0,0,1,positif,-,-,-
1010,Lembah Cilengkrang,Wisata Alam & Pemandian TNGC,5,"Asri banget,, selama perjalanan sekitar 45 menitan tidak terasa,, adem dimata bisa menghirup udara segar kaki gunung ciremai,, sampe dipemandian pun rasa lelah terobati dengan berendam di pemandian air panas alaminya",,positif,asri banget selama perjalanan sekitar 45 menitan tidak terasa adem dimata bisa menghirup udara segar kaki gunung ciremai sampai dipemandian pun rasa lelah terobati dengan berendam di pemandian air panas alaminya,1,0,0,0,0,positif,-,-,-
1011,Lembah Cilengkrang,Wisata Alam & Pemandian TNGC,5,"Kedua kali, tapi yang kali ini sama keluargaaa Disarankan dateng pas weekday soalnya ga yang terlalu rame banget jadi bisa enjoy🤩🫶🏻 Tiket masuk pas weekday 20k/orang, kalo weekend 25k/orang",,positif,kedua kali tapi yang kali ini sama keluargaaa disarankan datang pas weekday soalnya enggak yang terlalu rame banget jadi bisa enjoy tiket masuk pas weekday 20k orang kalo weekend 25k orang,0,0,0,0,1,positif,-,-,-
1012,Lembah Cilengkrang,Wisata Alam & Pemandian TNGC,5,"pemandangan yg sangat amat bagus agak sejuk jg krn berada di bawah kaki gunung ciremai, tempatnya cocok banget buat hiking pemula seperti aku, perjalanan dr tempat masuk untuk sampai ke air terjun nya dlm waktu 40 menit an. cukup cape dan melelahkan dengan medan jalan yg naik turun tetapi semua rasa cape terbalaskan dngn view yg sangat bagus. di jalan jg ada pos peristirahatan pengunjung bisa menjadikannya tempat ideal untk berwisata alam dan kegiatan outdoor, pengunjung jg bisa melakukan aktivitas trekking dan berkemah. bagus pol pemandangan nya secandu itu cilengkrang🫰🫰",,positif,pemandangan yang sangat amat bagus agak sejuk juga karena berada di bawah kaki gunung ciremai tempatnya cocok banget buat hiking pemula seperti aku perjalanan dari tempat masuk untuk sampai ke air terjun nya dalam waktu 40 menit an cukup capek dan melelahkan dengan medan jalan yang naik turun tetapi semua rasa capek terbalaskan dngn view yang sangat bagus di jalan juga ada pos peristirahatan pengunjung bisa menjadikannya tempat ideal untuk berwisata alam dan kegiatan outdoor pengunjung juga bisa melakukan aktivitas trekking dan berkemah bagus pol pemandangan nya secandu itu cilengkrang,1,0,0,1,0,positif,-,-,-
1014,Lembah Cilengkrang,Wisata Alam & Pemandian TNGC,5,"Terakhir kesini kelas 6 SD, 2010. Kesini lagi setelah sekian lama, lumayan banyak perubahan. Jalan sudah baik dan mudah untuk dilewati, di beberapa spot juga sudah disediakan pendopo² untuk istirahat, jembatan untuk penyebrangan, dan terlihat sedang ada renovasi lagi disekitar sungai. . Minusnya MCK kurang memadai, air bersihnya gak ada padahal air mengalir deras kenapa gak disalurkan ke MCKnya, kan gak mungkin kalo kita buang air kecil/besar di aliran sungai, semoga ada perbaikan . Overall worth it banget untuk refreshing yang gak terlalu capek, jalannya landai, naik di beberapa rute saja.  Next kesini lagi, soalnya kemarin gak sempet mandi²an",,positif,terakhir kesini kelas 6 sd 2010 kesini lagi setelah sekian lama lumayan banyak perubahan jalan sudah baik dan mudah untuk dilewati di beberapa spot juga sudah disediakan pendopo² untuk istirahat jembatan untuk penyebrangan dan terlihat sedang ada renovasi lagi disekitar sungai minusnya mck kurang memadai air bersihnya enggak ada padahal air mengalir deras kenapa enggak disalurkan ke mcknya kan enggak mungkin kalo kita buang air kecil besar di aliran sungai semoga ada perbaikan overall worth itu banget untuk refreshing yang enggak terlalu capek jalannya landai naik di beberapa rute saja next kesini lagi soalnya kemarin enggak sempat mandi²an,1,0,0,1,0,positif,-,-,-
1015,Lembah Cilengkrang,Wisata Alam & Pemandian TNGC,5,"tempatnya bersih, warungnya juga lengkap, dan juga trek nya cocok buat pemula",,positif,tempatnya bersih warungnya juga lengkap dan juga trek nya cocok buat pemula,0,0,0,1,0,positif,-,-,-
1016,Lembah Cilengkrang,Wisata Alam & Pemandian TNGC,5,Treking menuju air terjun lumayan yaa kadang landai kadang nanjak. Sepanjang perjalanan bener bener disuguhkan dengan pemandangan yg luar biasa indah.,,positif,treking menuju air terjun lumayan ya kadang landai kadang nanjak sepanjang perjalanan benar benar disuguhkan dengan pemandangan yang luar biasa indah,1,0,0,0,0,positif,-,-,-
1017,Lembah Cilengkrang,Wisata Alam & Pemandian TNGC,5,"Pemandangannya bagus, udara disekitar lokasi sangat sejuk, masih asri sekali. Jalan dari parkiran motor menuju curug kurang lebih sekitar 40 menit, trek nya mungkin bagi pemula cukup melelahkan. Ada pemandian air panas jg di dekat curug cilengkrang ini. Tiket masuk per orang 17.500, parkir 5.000 untuk 1 motor",,positif,pemandangannya bagus udara disekitar lokasi sangat sejuk masih asri sekali jalan dari parkiran motor menuju curug kurang lebih sekitar 40 menit trek nya mungkin bagi pemula cukup melelahkan ada pemandian air panas juga di dekat curug cilengkrang ini tiket masuk per orang 17 500 parkir 5 000 untuk 1 motor,1,0,0,1,1,positif,-,-,-
1018,Lembah Cilengkrang,Wisata Alam & Pemandian TNGC,5,"Worth it bngt buat healing kesini, Air terjun, pemandian air panas, dan olahraga treaking jadi satu. Mau ngecamp juga bisa.  Biaya per orang 25 Parkir 5 Ngecamp jadi 30 (Untuk harga saat ini, mungkin suatu saat bisa berubah)  Plus 1. Ada WC di beberapa titik 2. Parkiran luas 3. Pemandangan sebelum lokasi bagus 4. Ada warung di beberapa titik 5. Cukup bersih karna ada petugasnya yg selalu standby sampe jam 5 sore  Minus 1. Di dalem kamar mandi gada lampu 2. Jalan ke lokasinya aspal, tapi agak curam, hati²",,positif,worth itu banget buat healing kesini air terjun pemandian air panas dan olahraga treaking jadi satu mau ngecamp juga bisa biaya per orang 25 parkir 5 ngecamp jadi 30 untuk harga saat ini mungkin suatu saat bisa berubah plus 1 ada wc di beberapa titik 2 parkiran luas 3 pemandangan sebelum lokasi bagus 4 ada warung di beberapa titik 5 cukup bersih karena ada petugasnya yang selalu standby sampai jam 5 sore minus 1 di dalem kamar mandi enggak ada lampu 2 jalan ke lokasinya aspal tapi agak curam hati²,1,0,0,1,1,positif,-,-,-
1020,Lembah Cilengkrang,Wisata Alam & Pemandian TNGC,5,"Tempatnya masih asri, sejuk dan tenang. Kanan-kiri sepanjang jalan diisi berbagai macam jenis tanaman, masih sangat alami. Meski harus jalan jauh, naik turun dan sebagainya, semua terbayar begitu sampai. Airnya terasa menyegarkan. Pemandian air panas(yang benar-benar panas) langsung dari sumbernya. Sebelum curug juga ada tempat luas untuk camping. Tempat yang sempurna untung healing 🍃",,positif,tempatnya masih asri sejuk dan tenang kanan kiri sepanjang jalan diisi berbagai macam jenis tanaman masih sangat alami meski harus jalan jauh naik turun dan sebagainya semua terbayar begitu sampai airnya terasa menyegarkan pemandian air panas yang benar benar panas langsung dari sumbernya sebelum curug juga ada tempat luas untuk camping tempat yang sempurna untung healing,1,0,0,1,0,positif,-,-,-
1021,Lembah Cilengkrang,Wisata Alam & Pemandian TNGC,5,"Pertama kali tracking disana jalan cukup nanjak perlu skil berkendara kesana kalo bawa roda 4 bisa ada 2 tempat prkiran, saya parkir dibawah yang di pesantren. Lanjut jalan kaki menuju air terjun. Dan pemandian air hangat sekitar 1 jam karena rombongan dan ada anak kecil 4th dan 2th disuguhi pemandangan kaki gunung ciremai yang masih asri dan suara perikanan air didalam perjalanan . Semoga ada kesempatan jlan2 lagi kesana.",,positif,pertama kali tracking disana jalan cukup nanjak perlu skil berkendara kesana kalo bawa roda 4 bisa ada 2 tempat prkiran saya parkir dibawah yang di pesantren lanjut jalan kaki menuju air terjun dan pemandian air hangat sekitar 1 jam karena rombongan dan ada anak kecil 4th dan 2th disuguhi pemandangan kaki gunung ciremai yang masih asri dan suara perikanan air didalam perjalanan semoga ada kesempatan jlan2 lagi kesana,1,0,0,1,1,positif,-,-,-
1022,Lembah Cilengkrang,Wisata Alam & Pemandian TNGC,5,"Ini hidden gem nya Kuningan bangett, sekilas wisata ini mirip seperti Guci (Tegal), ada pemandian air hangatnya, ada air terjun, ada juga sungai-sungai dari air terjun yang bisa untuk dinikmati jika tidak kuat mandi air hangat.  Objek wisata ini sebenarnya banyak orang tau tapi nggak semua orang mau ke sana. Alasannya masuk akal sih memang.  1. Untuk sampai ke titik curug & pemandian air panasnya butuh jalan kaki menanjak khas mendaki gunung sejauh kurang lebih 1,5 Km.  2. Tempatnya yang sedikit nyempil dan menanjak curam, untuk itu beberapa orang mungkin akan kesulitan dgn kendaraan motornya untuk naik ke area parkir.  Saran anda jika ingin ke Cilengkrang, maka persiapkan: 1. Fisik yg prima 2. Lebih baik jangan bawa orang lanjut usia (tidak disarankan) 3. Bawa jas hujan 4. Pakai sepatu atau sandal gunung 5. Jika anda bawa motor, berhati-hati saat jalan menanjak (disarankan dituntun) 6. Siapkan uang 15k (weekday) atau 17,5k (weekends) per orang untuk tiket masuk 7. Siapkan uang 5 ribu untuk parkir per motor.  Tolong perhatikan poin-poin tsb, agar perjalanan anda selamat dan aman sampai kembali ke rumah. Selamat berlibur!  Kritik dan daran untuk pengelola wisata : 1. Tolong WC atau tempat berganti pakaian diberi penerangan 2. Tolong jaga kebersihan WC, saat kesana saya perhatikan WC nya bau pesing sekali padahal air melimpah. 3. Tolong diberi denah singkat di pintu masuk Wisata agar pengunjung bisa memperkirakan pendakiannya & memutuskan untuk lanjut perjalanan atau putar balik (demi keselamatan).",,positif,ini hidden gem nya kuningan banget sekilas wisata ini mirip seperti guci tegal ada pemandian air hangatnya ada air terjun ada juga sungai sungai dari air terjun yang bisa untuk dinikmati jika tidak kuat mandi air hangat objek wisata ini sebenarnya banyak orang tau tapi enggak semua orang mau ke sana alasannya masuk akal sih memang 1 untuk sampai ke titik curug pemandian air panasnya butuh jalan kaki menanjak khas mendaki gunung sejauh kurang lebih 1 5 kamu 2 tempatnya yang sedikit nyempil dan menanjak curam untuk itu beberapa orang mungkin akan kesulitan dengan kendaraan motornya untuk naik ke area parkir saran anda jika ingin ke cilengkrang maka persiapkan 1 fisik yang prima 2 lebih baik jangan bawa orang lanjut usia tidak disarankan 3 bawa jas hujan 4 pakai sepatu atau sandal gunung 5 jika anda bawa motor berhati hati saat jalan menanjak disarankan dituntun 6 siapkan uang 15k weekday atau 17 5k weekends per orang untuk tiket masuk 7 siapkan uang 5 ribu untuk parkir per motor tolong perhatikan poin poin tersebut agar perjalanan anda selamat dan aman sampai kembali ke rumah selamat berlibur kritik dan daran untuk pengelola wisata 1 tolong wc atau tempat berganti pakaian diberi penerangan 2 tolong jaga kebersihan wc saat kesana saya perhatikan wc nya bau kotor bau sekali padahal air melimpah 3 tolong diberi denah singkat di pintu masuk wisata agar pengunjung bisa memperkirakan pendakiannya memutuskan untuk lanjut perjalanan atau putar balik demi keselamatan,1,1,0,1,1,positif,-,-,-
1024,Lembah Cilengkrang,Wisata Alam & Pemandian TNGC,5,"Suasananya adem, sejuk, air nya jernih, cocok banget buat healing with bestie or family atau sendiri jg oke banget recommended",,positif,suasananya adem sejuk air nya jernih cocok banget buat healing with bestie orang family atau sendiri juga oke banget recommended,1,0,0,0,0,positif,-,-,-
1025,Lembah Cilengkrang,Wisata Alam & Pemandian TNGC,5,"Tempatnya bagus, bersih, bisa camp, hiking, dan berendam air panas.",,positif,tempatnya bagus bersih bisa camp hiking dan berendam air panas,1,0,0,0,0,positif,-,-,-
1026,Lembah Cilengkrang,Wisata Alam & Pemandian TNGC,5,"Kesan saya pada saat datang pertama kali, jalannya nanjak sekali. Jalurnya juga naik-turun, terdapat view yang indah dan cocok buat foto-foto pada saat perjalan menuju Curug nya. Terdapat warung juga di tengah-tengah perjalan bagi yang sudah merasa lelah, dan boleh bawa makanan sendiri. Pesan saya, bawa sampah kembali dan jangan buang sembarangan.",,positif,kesan saya pada saat datang pertama kali jalannya nanjak sekali jalurnya juga naik turun terdapat view yang indah dan cocok buat foto foto pada saat perjalan menuju curug nya terdapat warung juga di tengah tengah perjalan bagi yang sudah merasa lelah dan boleh bawa makanan sendiri pesan saya bawa sampah kembali dan jangan buang sembarangan,0,1,0,0,1,positif,-,-,-
1027,Lembah Cilengkrang,Wisata Alam & Pemandian TNGC,5,Tracknya bersahabat untuk pemula cuma butuh sedikit perawatan aja di beberapa spot khususnya toilet. Sekarang udah ada mushola di spot camp.,,positif,tracknya bersahabat untuk pemula cuma butuh sedikit perawatan saja di beberapa spot khususnya toilet sekarang sudah ada mushola di spot camp,1,0,0,0,0,positif,-,-,-
1028,Lembah Cilengkrang,Wisata Alam & Pemandian TNGC,5,"Pertama ke sini tahun 2022. Tapi Engga sampai ke pemandian air panasnya. datang ke sana sudah agak sore, jadi cuma 100 meter aja dari pintu masuk. tapi alhamdulillah dapet view yang bagus. untuk mencapai tempat pemandian air panasnya, jalannya lumayan sempit, kiri tebing, kanan jurang. jadi perlu extra hati hati. Deket parkiran mobil ada musholla nya.",,positif,pertama ke sini tahun 2022 tapi enggak sampai ke pemandian air panasnya datang ke sana sudah agak sore jadi cuma 100 meter saja dari pintu masuk tapi alhamdulillah dapat view yang bagus untuk mencapai tempat pemandian air panasnya jalannya lumayan sempit kiri tebing kanan jurang jadi perlu extra hati hati dekat parkiran mobil ada musholla nya,1,0,0,0,0,positif,-,-,-
1029,Lembah Cilengkrang,Wisata Alam & Pemandian TNGC,5,"Trek nya landai, kid-friendly, 45 menitan bisa sampe ke curug kalo ga banyak berhenti. Ada pemandian air hangat, mushola, ada joglo juga buat istirahat dan makan.",,positif,trek nya landai kid friendly 45 menitan bisa sampai ke curug kalo enggak banyak berhenti ada pemandian air hangat mushola ada joglo juga buat istirahat dan makan,1,0,0,1,0,positif,-,-,-
1030,Lembah Cilengkrang,Wisata Alam & Pemandian TNGC,5,"Sudah tiga kali ke Lembah Cilengkrang, kunjungan ketiga lewat jalur Bumi Seni Tarikolot langsung ke pos tiket, memang lebih cepat namun perlu hati-hati karena trek yang cukup terjal.",,positif,sudah tiga kali ke lembah cilengkrang kunjungan ketiga lewat jalur bumi seni tarikolot langsung ke pos tiket memang lebih cepat namun perlu hati hati karena trek yang cukup terjal,0,0,0,1,1,positif,-,-,-
1031,Lembah Cilengkrang,Wisata Alam & Pemandian TNGC,5,"Trek nya lumayan melatih otot kaki, tapi terbayarkan sama pemandangannya yg masih alami. Cocok kalau sama keluarga atau pasangan. Menariknya pas nyampe curug ada 2 mata air, yg dingin dan yg panas. Pokoknya lelah di perjalanan badan langsung rileks lagi. Harga tiketnya juga terjangkau. rekomended!",,positif,trek nya lumayan melatih otot kaki tapi terbayarkan sama pemandangannya yang masih alami cocok kalau sama keluarga atau pasangan menariknya pas sampai curug ada 2 mata air yang dingin dan yang panas pokoknya lelah di perjalanan badan langsung rileks lagi harga tiketnya juga terjangkau rekomended,1,0,0,1,1,positif,-,-,-
1033,Lembah Cilengkrang,Wisata Alam & Pemandian TNGC,5,"Jalan dari tempat parkir sampai ke curugnya memang agak jauh memakan waktu sekitar 30 menit , tapi semua terbayarkan dengan adanya air terjun yang indah dan kolam air panas yang buat badan rileks. Ditempat ini juga tersedia tempat untuk camping dan tersedian juga ruang ganti/toilet dan mushola. Untuk harga tiket, 10rb untuk senin - jum'at Rp. 12.500 untuk hari sabtu-minggu dan hari libur. Untuk camping dekenakan biaya 15 rb/ orang. Untuk parkir motor 5rb. Dan bila beruntung pengunjung bisa melihat kawanan lutung. Highly recommended",,positif,jalan dari tempat parkir sampai ke curugnya memang agak jauh memakan waktu sekitar 30 menit tapi semua terbayarkan dengan adanya air terjun yang indah dan kolam air panas yang buat badan rileks ditempat ini juga tersedia tempat untuk camping dan tersedian juga ruang ganti toilet dan mushola untuk harga tiket 10rb untuk senin jum at rp 12 500 untuk hari sabtu minggu dan hari libur untuk camping dekenakan biaya 15 ribu orang untuk parkir motor 5rb dan bila beruntung pengunjung bisa melihat kawanan lutung highly recommended,1,0,0,1,1,positif,-,-,-
1034,Lembah Cilengkrang,Wisata Alam & Pemandian TNGC,5,"cakeup banget seriously.. tracking butuh waktu kurang lebih 1 jam buat sampai ke air terjun udah lama banget engga hiking jadi lumayan ngos2an karena ada jalan yang menanjak tapi terbayarkan dengan pemandanganya, ada air hangatnya juga setelah capek jalan bisa berendam kaki / badan dengan air hangat disitu",,positif,cakeup banget seriously tracking butuh waktu kurang lebih 1 jam buat sampai ke air terjun sudah lama banget enggak hiking jadi lumayan ngos2an karena ada jalan yang menanjak tapi terbayarkan dengan pemandanganya ada air hangatnya juga setelah capek jalan bisa berendam kaki badan dengan air hangat disitu,1,0,0,1,0,positif,-,-,-
1035,Lembah Cilengkrang,Wisata Alam & Pemandian TNGC,5,"Destinasi yang tepat bagi yang menyukai hiking dan camping. Dengan jarak tempuh dari parkir kendaraan smpai ke air panas alami atau ke curug sekitar 45 menit.  Untuk camping dikenakan 20rb/org. Lokasi camping deket dengan aliran air sungai, syahdu banget. Pagi pagi masih nemuin bajing, kera hitam dan aneka burung, masih sangat asri.  Alhamdulillah sekarang lebih lengkap dengan adanya gazebo berukuran besar.  Udah beberapa kali ke sini, tp gak bosen2",,positif,destinasi yang tepat bagi yang menyukai hiking dan camping dengan jarak tempuh dari parkir kendaraan sampai ke air panas alami atau ke curug sekitar 45 menit untuk camping dikenakan 20rb orang lokasi camping dekat dengan aliran air sungai syahdu banget pagi pagi masih menemukan bajing kera hitam dan aneka burung masih sangat asri alhamdulillah sekarang lebih lengkap dengan adanya gazebo berukuran besar sudah beberapa kali ke sini tapi enggak bosan-bosan,1,0,0,0,1,positif,-,-,-
1036,Lembah Cilengkrang,Wisata Alam & Pemandian TNGC,5,"Tempat favorit. Lembah Cilengkrang dimana air panas dan air dingin berdekatan. Lembah yg tenang. Fasilitas umum seperti toilet dan musholah lengkap. Jalan dr parkiran sekitar 2km. Tapi indah pemandangan membuat perjalanan menjadi menyenangkan. Tiket masuk 15rb, bila mau kemping bayar 20rb/orang.",,positif,tempat favorit lembah cilengkrang dimana air panas dan air dingin berdekatan lembah yang tenang fasilitas umum seperti toilet dan musholah lengkap jalan dari parkiran sekitar 2km tapi indah pemandangan membuat perjalanan menjadi menyenangkan tiket masuk 15rb bila mau kemping bayar 20rb orang,1,0,0,1,1,positif,-,-,-
1037,Lembah Cilengkrang,Wisata Alam & Pemandian TNGC,5,"Rute nya mudah dilalui...harga makanan terjangkau, dan tdk perlu repot bawa bekal. Ini khusus perjalanan akhir pekan. Warung ada 2, di area parkir 1. Di dalam setelah pos tiket 1",,positif,rute nya mudah dilalui harga makanan terjangkau dan tidak perlu repot bawa bekal ini khusus perjalanan akhir pekan warung ada 2 di area parkir 1 di dalam setelah pos tiket 1,0,0,0,0,1,positif,-,-,-
1038,Lembah Cilengkrang,Wisata Alam & Pemandian TNGC,5,"Pengalaman yg sangat memuaskan menghapus rasa penasaran di balas dengan keindahan curug lembah cilengkrang , meskipun jalanan naik turun di bebatuan, tanah dan anak tangga.. untuk yg suka berpetualang ke hutan tempat ini reccomend bgt guys !! sarana ada WC juga di dekat curugnya !! Ada pemandian air panas langsung dari gunung .. !!!!",,positif,pengalaman yang sangat memuaskan menghapus rasa penasaran di balas dengan keindahan curug lembah cilengkrang meskipun jalanan naik turun di bebatuan tanah dan anak tangga untuk yang suka berpetualang ke hutan tempat ini reccomend banget guys sarana ada wc juga di dekat curugnya ada pemandian air panas langsung dari gunung,1,0,0,0,0,positif,-,-,-
1040,Lembah Cilengkrang,Wisata Alam & Pemandian TNGC,5,"Wisata alam yang masih asri, air terjun dan kolam air panas yang berdampingan. Untuk sampai ke air terjun memerlukan tenaga ekstra bagi yang tidak terbiasa naik gunung. Siapkan tenaga ekstra untuk berjalan dengan trek naik turun dan berbatu yang cukup jauh. Tetapi perjalanan yang melelahkan akan terbayar saat melihat aliran sungai yang indah dan masih alami, apalagi saat sampai ke air terjun dan kolam air panas.",,positif,wisata alam yang masih asri air terjun dan kolam air panas yang berdampingan untuk sampai ke air terjun memerlukan tenaga ekstra bagi yang tidak terbiasa naik gunung siapkan tenaga ekstra untuk berjalan dengan trek naik turun dan berbatu yang cukup jauh tetapi perjalanan yang melelahkan akan terbayar saat melihat aliran sungai yang indah dan masih alami apalagi saat sampai ke air terjun dan kolam air panas,1,0,0,1,0,positif,-,-,-
1041,Lembah Cilengkrang,Wisata Alam & Pemandian TNGC,5,Cocok banget buat pencinta alam main ke sini buat liat air terjun dan pemandian air pana yang super deres banget traking dari parkiran menuju air terjun lumayan jauh sekitar 15menitan tapi seru sih bisa liat pemandangan hutan sama kabut,,positif,cocok banget buat pencinta alam main ke sini buat lihat air terjun dan pemandian air pana yang super deres banget traking dari parkiran menuju air terjun lumayan jauh sekitar 15menitan tapi seru sih bisa lihat pemandangan hutan sama kabut,1,0,0,0,0,positif,-,-,-
1042,Lembah Cilengkrang,Wisata Alam & Pemandian TNGC,5,"Ke prank google map sampai ke Tenjo laut... Balik lagi.. Ahirnya kita tdk memakai goggle map, nanya ke org diarahkan ke pasar kramatmulya, sudah ketemu jalur Lembah cilengkrang eeeh ada orang hajatan.. Nanya lagi diarahkan lwt jalaksana.. Alhamdulillah jad terlaksana juga ke cilengkrang.. Sayang kita tdk ada persiapan baju basahan,jadih tdk bisa main air😀 Sarannya google map nya pakai balai desa Pejambon baru nanti dari situ Lembah cilengkrang... Insya Allah aman..",,positif,ke prank google map sampai ke tenjo laut balik lagi ahirnya kita tidak memakai goggle map bertanya ke orang diarahkan ke pasar kramatmulya sudah ketemu jalur lembah cilengkrang eeeh ada orang hajatan bertanya lagi diarahkan lewat jalaksana alhamdulillah jad terlaksana juga ke cilengkrang sayang kita tidak ada persiapan baju basahan jadih tidak bisa main air sarannya google map nya pakai balai desa pejambon baru nanti dari situ lembah cilengkrang insya allah aman,1,0,0,1,0,positif,-,-,-
1043,Lembah Cilengkrang,Wisata Alam & Pemandian TNGC,5,Jalur trekking yang aman buat pemula seperti saya dan view alam yang menyejukkan mata serta air terjun yang indah dan menyegarkan. Mungkin jika ada mini zoo akan lebih bagus dan menarik wisatawan,,positif,jalur trekking yang aman buat pemula seperti saya dan view alam yang menyejukkan mata serta air terjun yang indah dan menyegarkan mungkin jika ada mini zoo akan lebih bagus dan menarik wisatawan,1,0,0,1,0,positif,-,-,-
1044,Lembah Cilengkrang,Wisata Alam & Pemandian TNGC,5,"Tempatnya enak banget buat hiking pemula seperti saya, estimasi perjalanan dari tempat masuk sampai ke curug sekitar 30-40 menitan, akses jalan sudah lumayan bagus, ada pos peristirahatan, wc, dan warung juga di dalam, warungnya lumayan lengkap dan harganya masih terjangkau. Viewnya masih asri, misalkan gak kuat jalan sampe curug di perjalanan juga banyak spot foto yang cakep. Jalan ke atas curugnya lumayan licin jadi harus hati-hati, dan ada kolam pemandian air panasnya juga, bisa buat berendam.",,positif,tempatnya enak banget buat hiking pemula seperti saya estimasi perjalanan dari tempat masuk sampai ke curug sekitar 30 40 menitan akses jalan sudah lumayan bagus ada pos peristirahatan wc dan warung juga di dalam warungnya lumayan lengkap dan harganya masih terjangkau viewnya masih asri misalkan enggak kuat jalan sampai curug di perjalanan juga banyak spot foto yang cakep jalan ke atas curugnya lumayan licin jadi harus hati hati dan ada kolam pemandian air panasnya juga bisa buat berendam,1,0,0,1,1,positif,-,-,-
1046,Lembah Cilengkrang,Wisata Alam & Pemandian TNGC,5,"Begitu kita kesana beberapa tahun yang lalu,, lelah terbayarkan sudah. Spot air panas dan air dingin sangat membuat badan relax. Coba yang belum kesana.. pasti nagih 😁",,positif,begitu kita kesana beberapa tahun yang lalu lelah terbayarkan sudah spot air panas dan air dingin sangat membuat badan relax coba yang belum kesana pasti nagih,1,0,0,0,0,positif,-,-,-
1047,Lembah Cilengkrang,Wisata Alam & Pemandian TNGC,5,"Buat menuju curug nya itu emang butuh effort untuk trackingnya ya guys, sekitar 45 menit-1jam tergantung dari cepet/lambatnya kalian jalannya haha, tp worth it kok. Kalian bisa berendam juga di kolam air panasnya disitu. Ada sekitar 3 kolam air panas nya untuk berendam. Nice place to enjoy the nature",,positif,buat menuju curug nya itu memang butuh effort untuk trackingnya ya guys sekitar 45 menit 1jam tergantung dari cepat lambatnya kalian jalannya haha tapi worth itu kok kalian bisa berendam juga di kolam air panasnya disitu ada sekitar 3 kolam air panas nya untuk berendam nice place tapi enjoy the nature,1,0,0,0,0,positif,-,-,-
1048,Lembah Cilengkrang,Wisata Alam & Pemandian TNGC,5,"Rekomendasi tempat healing dikuningan nih, wisata alam asri dengan terlebih dahulu treking santai sekitar 40-1 jam dan lelah akan terbayar lunas dengan berendam menikmati air panas alami. So tipe wisata ini sangat bagus banget buat dikunjungi bareng keluarga bestie atau teman kalian",,positif,rekomendasi tempat healing dikuningan nih wisata alam asri dengan terlebih dahulu treking santai sekitar 40 1 jam dan lelah akan terbayar lunas dengan berendam menikmati air panas alami sok tipe wisata ini sangat bagus banget buat dikunjungi bareng keluarga bestie atau teman kalian,1,0,0,0,0,positif,-,-,-
1049,Lembah Cilengkrang,Wisata Alam & Pemandian TNGC,5,"Desa Pajambon, Kecamatan Kramatmulya, Kabupaten Kuningan, ternyata punya potensi wisata menajkjubkan di tengah hutan. Berada di kaki Gunung Ciremai sebelah timur, ada obyek wisata bernama Lembah Cilengkrang.  Di sana, tersaji keindahan alam luar biasa. Rasanya asri dengan udara alami. Cocok untuk melupakan sejenak aktivitas sehari-hari yang sibuk. Tapi, kalau mau ke sana, butuh perjuangan loh!  Lokasinya berada sekitar tujuh kilometer dari Jalan Raya Kuningan-Cirebon. Ada dua titik henti untuk menuju Lembah Cilengkrang. Perjalanannya ditempuh lima kilometer terlebih dahulu untuk mencapai Desa Pajambon. Bisa dengan kendaraan roda dua maupun roda empat.  Eits, itu belum sampai. Dua kilometer lagi harus ditempuh dengan berjalan kaki. Nah, satu kilometer awal dari jalan kaki, baru sampai di pintu masuk loket pembayaran. Tidak mahal kok, biaya masuknya cuma Rp12.500 per orang. Itu sudah termasuk asuransi.  Tak jauh dari loket pembayaran, ada kebun tanaman khas Kuningan. Kebun ini sengaja dibuat petugas pengelola wisata. Selain sebagai bentuk pelestarian alam, juga sering digunakan sebagai bahan penelitian para ilmuan dalam mencari keanekaragaman hayati Gunung Ciremai. Dengan begitu, para ilmuan tak perlu jauh-jauh ke hutan Gunung Ciremai untuk melakukan penelitian.  Selepas dari pintu masuk dari Desa Pajambon, perjalanan berlanjut untuk menyelesaikan satu kilometer berikutnya. Rutenya cukup terjal dan jauh. Dengan medan yang menanjak dan menurun, rasa lelah tak terasa. Soalnya, pemandangan indah kaki Gunung Ciremai dan sejumlah aliran sungai jernih menjadikan perjalanan terasa lebih ringan serta menyenangkan.  “Banyak mahasiswa dari IPB, Trisakti, dan kampus ternama, sengaja datang ke sini untuk meneliti satwa liar serta tumbuhan Gunung Ciremai. Mulai dari kupu-kupu, aneka burung, surili, hingga elang Jawa. Tak sedikit yang meminta saya untuk menemani melakukan penelitian ke tengah hutan hingga bermalam selama beberapa hari,” ungkap Ahmad, petugas jaga obyek wisata Lembah Cilengkrang.  Setelah berjalan hampir 2,5 kilometer dengan medan yang cukup terjal, rasa lelah dan penat langsung terobati. Setibanya di objek wisata Curug Sabuk, pengunjung bisa merasakan sejuknya air pegunungan yang jatuh dari ketinggian hampir 25 meter.  Air Terjun Sabuk deburannya dahsyat. Jika berteriak, mungkin tak terdengar dari radius lima meter. Di bawah air terjun yang dingin, ada kolam pemandian air panas. Tempat tersebut sengaja dibuat agar pengunjung merasa rileks berendam air panas sambil mendengarkan deburan air serta indahnya pemandangan air terjun. Konon, air panas di sana berkhasiat menyembuhkan berbagai penyakit berat seperti stroke, asam urat dan lainnya.  Tak jauh dari Curug Sabuk, juga terdapat curug lain yang lebih eksotis dengan ketinggian mencapai 80 meter bernama Curug Sawer. Namun sayang, cuaca ekstrim akhir-akhir ini dengan curah hujan tinggi, menyebabkan tanah longsor yang menutup akses jalan menuju Curug Sawer. Sehingga untuk sementara waktu tidak dapat dikunjungi wisatawan.  Di lokasi Lembah Cilengkrang juga terdapat musala dan toilet. Rasanya, lokasi ini cocok untuk berswafoto. Tak jarang ketika banyak pengunjung, di setiap sudut Lembah Cilengkrang dipenuhi orang membawa kamera, baik dari smartphone maupun DSLR",,positif,desa pajambon kecamatan kramatmulya kabupaten kuningan ternyata punya potensi wisata menajkjubkan di tengah hutan berada di kaki gunung ciremai sebelah timur ada obyek wisata bernama lembah cilengkrang di sana tersaji keindahan alam luar biasa rasanya asri dengan udara alami cocok untuk melupakan sejenak aktivitas sehari hari yang sibuk tapi kalau mau ke sana butuh perjuangan loh lokasinya berada sekitar tujuh kilometer dari jalan raya kuningan cirebon ada dua titik henti untuk menuju lembah cilengkrang perjalanannya ditempuh lima kilometer terlebih dahulu untuk mencapai desa pajambon bisa dengan kendaraan roda dua maupun roda empat eits itu belum sampai dua kilometer lagi harus ditempuh dengan berjalan kaki nah satu kilometer awal dari jalan kaki baru sampai di pintu masuk loket pembayaran tidak mahal kok biaya masuknya cuma rp12 500 per orang itu sudah termasuk asuransi tak jauh dari loket pembayaran ada kebun tanaman khas kuningan kebun ini sengaja dibuat petugas pengelola wisata selain sebagai bentuk pelestarian alam juga sering digunakan sebagai bahan penelitian para ilmuan dalam mencari keanekaragaman hayati gunung ciremai dengan begitu para ilmuan tak perlu jauh jauh ke hutan gunung ciremai untuk melakukan penelitian selepas dari pintu masuk dari desa pajambon perjalanan berlanjut untuk menyelesaikan satu kilometer berikutnya rutenya cukup terjal dan jauh dengan medan yang menanjak dan menurun rasa lelah tak terasa soalnya pemandangan indah kaki gunung ciremai dan sejumlah aliran sungai jernih menjadikan perjalanan terasa lebih ringan serta menyenangkan banyak mahasiswa dari ipb trisakti dan kampus ternama sengaja datang ke sini untuk meneliti satwa liar serta tumbuhan gunung ciremai mulai dari kupu kupu aneka burung surili hingga elang jawa tak sedikit yang meminta saya untuk menemani melakukan penelitian ke tengah hutan hingga bermalam selama beberapa hari ungkap ahmad petugas jaga obyek wisata lembah cilengkrang setelah berjalan hampir 2 5 kilometer dengan medan yang cukup terjal rasa lelah dan penat langsung terobati setibanya di objek wisata curug sabuk pengunjung bisa merasakan sejuknya air pegunungan yang jatuh dari ketinggian hampir 25 meter air terjun sabuk deburannya dahsyat jika berteriak mungkin tak terdengar dari radius lima meter di bawah air terjun yang dingin ada kolam pemandian air panas tempat tersebut sengaja dibuat agar pengunjung merasa rileks berendam air panas sambil mendengarkan deburan air serta indahnya pemandangan air terjun konon air panas di sana berkhasiat menyembuhkan berbagai penyakit berat seperti stroke asam urat dan lainnya tak jauh dari curug sabuk juga terdapat curug lain yang lebih eksotis dengan ketinggian mencapai 80 meter bernama curug sawer namun sayang cuaca ekstrim akhir akhir ini dengan curah hujan tinggi menyebabkan tanah longsor yang menutup akses jalan menuju curug sawer sehingga untuk sementara waktu tidak dapat dikunjungi wisatawan di lokasi lembah cilengkrang juga terdapat musala dan toilet rasanya lokasi ini cocok untuk berswafoto tak jarang ketika banyak pengunjung di setiap sudut lembah cilengkrang dipenuhi orang membawa kamera baik dari smartphone maupun dslr,1,0,1,1,1,positif,-,-,-
1050,Lembah Cilengkrang,Wisata Alam & Pemandian TNGC,5,"Temaptnya bagus ,pemandangannya keren bgt, air terjunya lumayan tinggi. airnya jernih bgt. Disana jg ad tmpat bumi perkemahan. Ad toko/warung untk perlengkapan jajanan. Jd ng usah hawatir kekurangan makanan. Ad toilet jg. Yg baling beseller ad air panas belerangnya . Asli buat kamu yg mw berendem tmpatnya sangat cocok dan lengkap.",,positif,temaptnya bagus pemandangannya keren banget air terjunya lumayan tinggi airnya jernih banget disana juga ada tmpat bumi perkemahan ada toko warung untuk perlengkapan jajanan jadi ng usah hawatir kekurangan makanan ada toilet juga yang baling beseller ada air panas belerangnya asli buat kamu yang mau berendem tmpatnya sangat cocok dan lengkap,1,0,0,0,1,positif,-,-,-
1051,Lembah Cilengkrang,Wisata Alam & Pemandian TNGC,5,"Tempat ini menyuguhkan keindahan alam yang samgat luat biasa, dari pemandangan lembah yang sangat memukau mata, keasrian lokasi yang masih terjaga dan jika beruntung anda bisa bertemu hewan-hewan lokal di sana... Sungguh menyejukan mata...  Selain pemandangan lembah, di sini juga terdapat curug (air terjun) sabuk dengan tinggi +- 20 m dan juga sumber air panas... Cocok sekali untuk relaksasi.. Dan di sini pula anda bisa berkemah.  Untuk fasikitas cukup memadai dari muali WC, Mushollah, dll.. Biaya masuk sebesar Rp. 12.500,- (harga sewaktu2 bisa berubah)  Dan yg penting untuk ke lokasi siapkan tenaga saja karena jarak dari tempat parkir ke lokasi wisata cukup jauh +- 2 km...",,positif,tempat ini menyuguhkan keindahan alam yang samgat luat biasa dari pemandangan lembah yang sangat memukau mata keasrian lokasi yang masih terjaga dan jika beruntung anda bisa bertemu hewan hewan lokal di sana sungguh menyejukan mata selain pemandangan lembah di sini juga terdapat curug air terjun sabuk dengan tinggi 20 sama dan juga sumber air panas cocok sekali untuk relaksasi dan di sini pula anda bisa berkemah untuk fasikitas cukup memadai dari muali wc mushollah dll biaya masuk sebesar rp 12 500 harga sewaktu2 bisa berubah dan yang penting untuk ke lokasi siapkan tenaga saja karena jarak dari tempat parkir ke lokasi wisata cukup jauh 2 kamu,1,0,0,0,1,positif,-,-,-
1053,Lembah Cilengkrang,Wisata Alam & Pemandian TNGC,5,"Wisata hiking dengan view sekitar lembah gunung ciremai. Perjalanan dimulai dr desa pajambon lalu jalan kaki menuju lokasi tiket sekitar kurang lebih 1km setelah itu lanjut kurang lebih 1,5km kita akan sampai lokasi air panas dan curug cilengkrang. Untuk tiket hari libur 17.500 perorang dan untuk tiket hari biasa 15.00 perorang, biaya parkir mobil 10.000 dan motor 5.000.",,positif,wisata hiking dengan view sekitar lembah gunung ciremai perjalanan dimulai dari desa pajambon lalu jalan kaki menuju lokasi tiket sekitar kurang lebih 1km setelah itu lanjut kurang lebih 1 5km kita akan sampai lokasi air panas dan curug cilengkrang untuk tiket hari libur 17 500 perorang dan untuk tiket hari biasa 15 00 perorang biaya parkir mobil 10 000 dan motor 5 000,1,0,0,1,1,positif,-,-,-
1054,Lembah Cilengkrang,Wisata Alam & Pemandian TNGC,5,"untuk yg cari ketenangan yuup disini tempatnya tiket masuk 15k/orang parkir 5k dari parkiran menuju ke curug -+1 jam jalan kaki ada kolam renang air panas/hangat, wc, mushola, dan tempat camp pemandangannya baguss bgtttt biarpun cape jalan kaki😁",,positif,untuk yang cari ketenangan yuup disini tempatnya tiket masuk 15k orang parkir 5k dari parkiran menuju ke curug 1 jam jalan kaki ada kolam renang air panas hangat wc mushola dan tempat camp pemandangannya bagus banget biarpun capek jalan kaki,1,0,0,1,1,positif,-,-,-
1055,Lembah Cilengkrang,Wisata Alam & Pemandian TNGC,5,"Tempat yang natural, terdapat air terjun dan sungai gunung yang alami dan fresh. Selain itu terdapat Hot Spring (Pemandian Air Panas) yang letak nya berdekatan dengan sungai dan air terjun. Disamping spot wisata air terjun dan pemandian air panas, di Cilengkrang juga masih banyak terdapat habitat Fauna yang jika beruntung kita bisa menemukan/menjumpainya, seperti: Elang Jawa, Sekelompok Monyet dll.",,positif,tempat yang natural terdapat air terjun dan sungai gunung yang alami dan fresh selain itu terdapat hot spring pemandian air panas yang letak nya berdekatan dengan sungai dan air terjun disamping spot wisata air terjun dan pemandian air panas di cilengkrang juga masih banyak terdapat habitat fauna yang jika beruntung kita bisa menemukan menjumpainya seperti elang jawa sekelompok monyet dll,1,0,0,0,0,positif,-,-,-
1058,Lembah Cilengkrang,Wisata Alam & Pemandian TNGC,5,"Hiking k lembah Cilengkrang bener² seru, tetap jaga kelestarian alam dan kebersihan'a ya guys biar tetep asri dan bersih setiap perjalanan'a, bapak² di setiap pos nya juga baik dan ramah²",,positif,hiking ke lembah cilengkrang bener² seru tetap jaga kelestarian alam dan kebersihan a ya guys biar tetap asri dan bersih setiap perjalanan a bapak² di setiap pos nya juga baik dan ramah²,0,1,0,0,0,positif,-,-,-
1059,Lembah Cilengkrang,Wisata Alam & Pemandian TNGC,5,"Baru kali ini nemuin tempat wisata air terjun air nya hot and cold. Seperti dispenser saja 😂😂. Mantaplah. Cocok buat latihan fisik dari parkiran sampe lokasi cukup jauh, kisaran 2.2km",,positif,baru kali ini menemukan tempat wisata air terjun air nya hot and cold seperti dispenser saja mantaplah cocok buat latihan fisik dari parkiran sampai lokasi cukup jauh kisaran 2 2km,1,0,0,0,0,positif,-,-,-
1064,Lembah Cilengkrang,Wisata Alam & Pemandian TNGC,5,"Tempat pemandian air panas dan perkemahan yang sangat bagus kita di suguhkan pemandangan yang amat indah serta saat menuju ke tempat prmandian air panas kita perlu berjalan cukup jauh, daerah yang masih asri indah dan bersih sangat nyaman dipandang oleh mata",,positif,tempat pemandian air panas dan perkemahan yang sangat bagus kita di suguhkan pemandangan yang amat indah serta saat menuju ke tempat prmandian air panas kita perlu berjalan cukup jauh daerah yang masih asri indah dan bersih sangat nyaman dipandang oleh mata,1,0,0,0,0,positif,-,-,-
1066,Lembah Cilengkrang,Wisata Alam & Pemandian TNGC,5,Bisa dicapai dengan motor walaupun cukup tinggi tanjakan jalannya. Sampai di sana masih harus berjalan sekitar 2km lewati lembah gunung Ciremai yg indah pemandangannya baru sampai ke Curug Cilengkrang dan bisa berendam air panas alam. Rekomendasi buat rekreasi keluarga.,,positif,bisa dicapai dengan motor walaupun cukup tinggi tanjakan jalannya sampai di sana masih harus berjalan sekitar 2km lewati lembah gunung ciremai yang indah pemandangannya baru sampai ke curug cilengkrang dan bisa berendam air panas alam rekomendasi buat rekreasi keluarga,1,0,0,1,0,positif,-,-,-
1067,Lembah Cilengkrang,Wisata Alam & Pemandian TNGC,5,"Tempat parkir ke loker tiket lumayan jauh. Dari loker tiket ke air terjun dan kolam air panasnya lumayan juga. Di sepanjang jalan kita akan di sungguhi oleh pemandangan yang indah. Tersedia warung, kamar mandi, surau dan tempat duduk.",,positif,tempat parkir ke loker tiket lumayan jauh dari loker tiket ke air terjun dan kolam air panasnya lumayan juga di sepanjang jalan kita akan di sungguhi oleh pemandangan yang indah tersedia warung kamar mandi surau dan tempat duduk,1,0,0,1,1,positif,-,-,-
1068,Lembah Cilengkrang,Wisata Alam & Pemandian TNGC,5,"Lembah Cilengkrang ini merupakan salah satu destinasi wisata di Kuningan (Jawa Barat) yang berada di kaki gunung Ciremai yang merupakan wilayah Taman Nasional Gunung Ciremai dengan daya tarik utamanya adalah air panas alami, sepanjang perjalanan dari area parkir ke lokasi wisata sangat alami karena merupakan area hutan, sepanjang perjalanan akan melihat beragam pemandangan dan ketika sudah dekat dengan lokasi air panas maka kita akan melewati sungai dengan air yang sangat jernih dan segar. Ada 3 lokasi kolam pemandian air panas, 1 dibawah dan 2 lagi berada diatas dekat air terjun pas pertemuan 2 alur sungai.",,positif,lembah cilengkrang ini merupakan salah satu destinasi wisata di kuningan jawa barat yang berada di kaki gunung ciremai yang merupakan wilayah taman nasional gunung ciremai dengan daya tarik utamanya adalah air panas alami sepanjang perjalanan dari area parkir ke lokasi wisata sangat alami karena merupakan area hutan sepanjang perjalanan akan melihat beragam pemandangan dan ketika sudah dekat dengan lokasi air panas maka kita akan melewati sungai dengan air yang sangat jernih dan segar ada 3 lokasi kolam pemandian air panas 1 dibawah dan 2 lagi berada diatas dekat air terjun pas pertemuan 2 alur sungai,1,0,0,0,1,positif,-,-,-
1069,Lembah Cilengkrang,Wisata Alam & Pemandian TNGC,5,"Sangat alami, suara gemericik sungai, tapi bawa power bank dan lampu soalnya ga ada listrik.",,positif,sangat alami suara gemericik sungai tapi bawa power bank dan lampu soalnya enggak ada listrik,0,0,0,0,0,positif,-,-,-
1071,Lembah Cilengkrang,Wisata Alam & Pemandian TNGC,5,"Masih asri,  cocok buat yang mau nyoba tracking dengan wktu tempuh sekitar 40menitan. Alamnya  masih asri. Curug+Kolam air panas",,positif,masih asri cocok buat yang mau mencoba tracking dengan waktu tempuh sekitar 40menitan alamnya masih asri curug kolam air panas,1,0,0,0,0,positif,-,-,-
1072,Lembah Cilengkrang,Wisata Alam & Pemandian TNGC,5,Cocok buat yg lagi nyari trekking santai. Ada curug dan kolam air panasnya juga,,positif,cocok buat yang lagi mencari trekking santai ada curug dan kolam air panasnya juga,1,0,0,0,0,positif,-,-,-
1073,Lembah Cilengkrang,Wisata Alam & Pemandian TNGC,5,"Jalan setapak menuju sehat jasmani dan rohani ,menyerap dan metantu pengetahuan sifat gotong royong, intinya madep mantep tanpa keragu raguan Top deh buat Lembah Cilengkrang, matur nuwun 🙏🙏🙏🙏",,positif,jalan setapak menuju sehat jasmani dan rohani menyerap dan metantu pengetahuan sifat gotong royong intinya madep mantap tanpa keragu raguan top deh buat lembah cilengkrang matur nuwun,0,0,0,1,0,positif,-,-,-
1074,Lembah Cilengkrang,Wisata Alam & Pemandian TNGC,5,"Mantap banget disini air panasnya, Hot spring alami yg panas ya di cilengkrang disana terdapat 5 kolam air panas dan yg paling panas adalah kolam yg paling dekat dengan air terjun, air terjunnya pun sangat jernih airnya mantaps pokoknya Untuk jalan menuju lembahnya masih tanah jalan setapak, tidak di pavling blok, jdi lumayan jauuh bnget dri parkiran ke lembahnya,... Rekomendasi bgt bagi yg suka hiking dan sport outdoor nih",,positif,mantap banget disini air panasnya hot spring alami yang panas ya di cilengkrang disana terdapat 5 kolam air panas dan yang paling panas adalah kolam yang paling dekat dengan air terjun air terjunnya pun sangat jernih airnya mantaps pokoknya untuk jalan menuju lembahnya masih tanah jalan setapak tidak di pavling blok jadi lumayan jauuh banget dari parkiran ke lembahnya rekomendasi banget bagi yang suka hiking dan sport outdoor nih,1,0,0,1,0,positif,-,-,-
1075,Lembah Cilengkrang,Wisata Alam & Pemandian TNGC,5,"Lembah Cilengkrang...tempat wisata yang benar-benar asri, top bangeut bagi yang suka hiking...dan jalur yang menantang untuk yg suka goes...yang unik dari tempat ini adalah adanya sumber air dingin dari air terjun berdekatan dengan sumber air panas yang sudah di buat kolam untuk tmp berendam...sudah cape-cape goes dan jalan..lgs hilang ketika jebur ke kolam air hangat..bilas lagi dgn air dingin..seger gaes..di sini ada pula yg jual kopi macam di cafe"" gitu, fasilitas lumayan lengkap, ada mck, warung, mushola, tp mck yg dekat loket karcis harus segera di renof, coz kayu atap y dah lapuk, wc y mampet, semoga fasilitas mck dan mushola lebih di rawat lagi, kebersihan OK, ga da sampah plastik, yuuk kita jaga alam ini, jangan buang sampah sembarangan ya gaes",,positif,lembah cilengkrang tempat wisata yang benar benar asri top bangeut bagi yang suka hiking dan jalur yang menantang untuk yang suka goes yang unik dari tempat ini adalah adanya sumber air dingin dari air terjun berdekatan dengan sumber air panas yang sudah di buat kolam untuk tmp berendam sudah capek capek goes dan jalan langsung hilang ketika jebur ke kolam air hangat bilas lagi dengan air dingin segar gaes di sini ada pula yang jual kopi macam di cafe begitu fasilitas lumayan lengkap ada mck warung mushola tapi mck yang dekat loket karcis harus segera di renof coz kayu atap ya deh lapuk wc ya mampet semoga fasilitas mck dan mushola lebih di rawat lagi kebersihan ok enggak dah sampah plastik yuk kita jaga alam ini jangan buang sampah sembarangan ya gaes,1,1,1,1,1,positif,-,-,-
1076,Lembah Cilengkrang,Wisata Alam & Pemandian TNGC,5,"Salah satu wisata alam di Kabupaten Kuningan yang menakjubkan. Menggabungkan semua pengalaman, hiking, menikmati pemandangan, udara yang sejuk, air terjun, sungai dan air panas alami. Kebersihan di hampir seluruh lokasi juga terjaga dengan baik.",,positif,salah satu wisata alam di kabupaten kuningan yang menakjubkan menggabungkan semua pengalaman hiking menikmati pemandangan udara yang sejuk air terjun sungai dan air panas alami kebersihan di hampir seluruh lokasi juga terjaga dengan baik,1,1,0,0,0,positif,-,-,-
1077,Lembah Cilengkrang,Wisata Alam & Pemandian TNGC,5,"Wisata alam yang menarik, ada air terjun dan sumber air panas nya",,positif,wisata alam yang menarik ada air terjun dan sumber air panas nya,1,0,0,0,0,positif,-,-,-
1078,Lembah Cilengkrang,Wisata Alam & Pemandian TNGC,5,Tempatnya bagus Harga tiket: Rp. 5000 untuk motor Dan itu harus jalan kaki lagi sejauh 2km Htm: Rp. 12500 Di bawah air terjunnya ada pemandian air hangat,,positif,tempatnya bagus harga tiket rp 5000 untuk motor dan itu harus jalan kaki lagi sejauh 2km htm rp 12500 di bawah air terjunnya ada pemandian air hangat,1,0,0,1,1,positif,-,-,-
1079,Lembah Cilengkrang,Wisata Alam & Pemandian TNGC,5,"Lokasi tracking yg favorit, lokasi di kaki gunung ciremai dengan udara yg sejuk dan bersih, melewati hutan pinus dan sungai yg jernih, air terjun dan kolam rendam air panas alami langsung dari mata airnya",,positif,lokasi tracking yang favorit lokasi di kaki gunung ciremai dengan udara yang sejuk dan bersih melewati hutan pinus dan sungai yang jernih air terjun dan kolam rendam air panas alami langsung dari mata airnya,1,0,0,0,0,positif,-,-,-
1080,Lembah Cilengkrang,Wisata Alam & Pemandian TNGC,5,"Tempat Wisata Pegunungan yg eksotik, air jernih mengalir, suara kicau burung merdu bersautan, wisata air terjun dan air panas yg cocok buat keluarga",,positif,tempat wisata pegunungan yang eksotik air jernih mengalir suara kicau burung merdu bersautan wisata air terjun dan air panas yang cocok buat keluarga,1,0,0,0,0,positif,-,-,-
1081,Lembah Cilengkrang,Wisata Alam & Pemandian TNGC,5,"Lembah ini memberikan pemandangan yang menyegarkan mata dengan pemandangannya yang indah. Selain pemandangan yang indah, tempat ini juga terdapat pemandian air panas dan ini cocok untuk merehatkan diri sejenak dari keramaian kota",,positif,lembah ini memberikan pemandangan yang menyegarkan mata dengan pemandangannya yang indah selain pemandangan yang indah tempat ini juga terdapat pemandian air panas dan ini cocok untuk merehatkan diri sejenak dari keramaian kota,1,0,0,0,0,positif,-,-,-
1082,Lembah Cilengkrang,Wisata Alam & Pemandian TNGC,5,Trek landai tidak terlalu menanjak. Suasana alam sangat asri dan sejuk,,positif,trek landai tidak terlalu menanjak suasana alam sangat asri dan sejuk,0,0,0,1,0,positif,-,-,-
1083,Lembah Cilengkrang,Wisata Alam & Pemandian TNGC,5,Salah satu tempat rekomendasi buat healing  di kuningan karena tempat nya masih sangat asri dan terjaga. Airnya bersih tersedia pemandian air panas dan air biasa dengan pemandangan alam yang sangat memanjakan mata. Harga tiket masuk 15k dengan parkir motor 5k jadi total 20k,,positif,salah satu tempat rekomendasi buat healing di kuningan karena tempat nya masih sangat asri dan terjaga airnya bersih tersedia pemandian air panas dan air biasa dengan pemandangan alam yang sangat memanjakan mata harga tiket masuk 15k dengan parkir motor 5k jadi total 20k,1,0,0,0,1,positif,-,-,-
1084,Lembah Cilengkrang,Wisata Alam & Pemandian TNGC,5,"Hot spring ada 3 kolam di ujung 1 d bupernya, bayar 15k, parkir 5k motor, perjalanan dari parkir kurleb 30mnit olahraga, yg mw kesini enaknya pagi"" Jam 8 masih sepi, tenang",,positif,hot spring ada 3 kolam di ujung 1 di bupernya bayar 15k parkir 5k motor perjalanan dari parkir kurleb 30mnit olahraga yang mau kesini enaknya pagi jam 8 masih sepi tenang,0,0,0,0,1,positif,-,-,-
1085,Lembah Cilengkrang,Wisata Alam & Pemandian TNGC,5,Tempat yang sejuk rekomendasi buat yang cari ketenangan ... Ada pemandian air panas .. curug +spot spot foto yang disediakan htm 15:00 tempatnya masih terjaga bersih dari sampah..,,positif,tempat yang sejuk rekomendasi buat yang cari ketenangan ada pemandian air panas curug spot spot foto yang disediakan htm 15 00 tempatnya masih terjaga bersih dari sampah,1,1,0,0,1,positif,-,-,-
1087,Lembah Cilengkrang,Wisata Alam & Pemandian TNGC,5,"Kuningan, Indonesia – Ausgust 15, 2021:  Tempatnya adem nyaman, ada air terjun, lapang perkemahan, air panas dan satwa endemik serta hutan yang masih asri. Fasilitas seperti masjid dan kamar mandi cukup bersih dan memadai. Tempat sampah mudah ditemukan. Tempat wisata yang terawat. in Cilengkrang Valley, Kuningan, West Java  Province, Indonesia Ausgust 15, 2021",,positif,kuningan indonesia ausgust 15 2021 tempatnya adem nyaman ada air terjun lapang perkemahan air panas dan satwa endemik serta hutan yang masih asri fasilitas seperti masjid dan kamar mandi cukup bersih dan memadai tempat sampah mudah ditemukan tempat wisata yang terawat ini cilengkrang valley kuningan west java province indonesia ausgust 15 2021,1,1,0,0,0,positif,-,-,-
1088,Lembah Cilengkrang,Wisata Alam & Pemandian TNGC,5,"Cocok buat yang ingin olahraga, trekking. Jalan nya tidak terlalu curam. Tiket masuk Rp. 15.000 per orang. Di dekat air terjun ada kolam air panas.",,positif,cocok buat yang ingin olahraga trekking jalan nya tidak terlalu curam tiket masuk rp 15 000 per orang di dekat air terjun ada kolam air panas,1,0,0,1,1,positif,-,-,-
1089,Lembah Cilengkrang,Wisata Alam & Pemandian TNGC,5,"Trek pendek: 2,4 km. Elevasinya normal, ada tanjak dan turunnya. Pembuangan sampahnya juga tertata.  Kolam rendam air panas ada dua lokasi: lokasi 1, di Camping Ground. Ada 1 doang, tapi karena lokasinya lapang dan langsung kena matahari, lebih sedikit yang berendam. Lokasi 2, di dekat air terjun. Ada 3 kolam. Yang ini lebih ramai. Kolamnya enak semua.  Pas buat beginner. Banyak orang tua (40-50an) yang ""piknik"", jadi cukup accessible.",,positif,trek pendek 2 4 kamu elevasinya normal ada tanjak dan turunnya pembuangan sampahnya juga tertata kolam rendam air panas ada dua lokasi lokasi 1 di camping ground ada 1 doang tapi karena lokasinya lapang dan langsung kena matahari lebih sedikit yang berendam lokasi 2 di dekat air terjun ada 3 kolam yang ini lebih ramai kolamnya enak semua pas buat beginner banyak orang tua 40 50an yang piknik jadi cukup accessible,1,0,0,1,0,positif,-,-,-
1090,Lembah Cilengkrang,Wisata Alam & Pemandian TNGC,5,Tracking lumayan jauh dari parkiran motor untuk menuju waterfall ato spring water ny membutuhkan waktu sekitar 1 jm an dgn jalan kaki Tp sepanjang perjalanan banyak pohon dn buah suasananya msih asri bgt,,positif,tracking lumayan jauh dari parkiran motor untuk menuju waterfall atau spring water nya membutuhkan waktu sekitar 1 jm an dengan jalan kaki tapi sepanjang perjalanan banyak pohon dan buah suasananya masih asri banget,0,0,0,1,0,positif,-,-,-
1091,Lembah Cilengkrang,Wisata Alam & Pemandian TNGC,5,"Curug yang tersembunyi di lembah gunung ciremai, ada kolam air panas nya cuma lumayan perjalanan nya",,positif,curug yang tersembunyi di lembah gunung ciremai ada kolam air panas nya cuma lumayan perjalanan nya,1,0,0,0,0,positif,-,-,-
1092,Lembah Cilengkrang,Wisata Alam & Pemandian TNGC,5,"Tempat nya enak... sangat asri, cocok buat Main sama keluarga atau  Pacar,Camp juga bisa, Fasilitas bagus, ada Kebun jambu yg bisa ambil sendiri "" Berbayar ya""  Saran kalau kesana mending jangan berdua,minimal 4 orang, +1 Tukang Parkirnya Ramah,Jujur,Santun, Ada Monyet,Ada lutung,Ada 1 lagi tapi lupa namanya,. Jam 5 udah close, Jam 3 kemarin udah sepi,Karena hari kerja, Paling enak juga,Sambil liat pemandangan Ada Suara Mengaji, Rekomendasi Pokonya.. Penjual juga ada, Harga Tiket worth it, Makanan Ya standar Kaya tempat Rekreasi Biasa..",,positif,tempat nya enak sangat asri cocok buat main sama keluarga atau pacar camp juga bisa fasilitas bagus ada kebun jambu yang bisa ambil sendiri berbayar ya saran kalau kesana mending jangan berdua minimal 4 orang 1 tukang parkirnya ramah jujur santun ada monyet ada lutung ada 1 lagi tapi lupa namanya jam 5 sudah close jam 3 kemarin sudah sepi karena hari kerja paling enak juga sambil lihat pemandangan ada suara mengaji rekomendasi pokoknya penjual juga ada harga tiket worth itu makanan ya standar kayak tempat rekreasi biasa,0,0,1,0,1,positif,-,-,-
1093,Lembah Cilengkrang,Wisata Alam & Pemandian TNGC,5,Suasana alamnya masih alami cocok untuk yang suka olahraga hiking ada kolam air belerang langsung dari Gunung Ciremai pokoknya bikin pengen balik lagi dah,,positif,suasana alamnya masih alami cocok untuk yang suka olahraga hiking ada kolam air belerang langsung dari gunung ciremai pokoknya bikin pengin balik lagi deh,1,0,0,0,0,positif,-,-,-
1094,Lembah Cilengkrang,Wisata Alam & Pemandian TNGC,5,"Sebaik nya jika teman-teman ingin berkunjung ke lembah cilengkrang, mempersiapkan fisik yang prima, Karena perjalanan dari area parkir menuju Air terjun dan kolam air panas menempuh jarak sekitar 3KM, dengan medan yang cukup menguras tenaga naik dan turun.",,positif,sebaik nya jika teman teman ingin berkunjung ke lembah cilengkrang mempersiapkan fisik yang prima karena perjalanan dari area parkir menuju air terjun dan kolam air panas menempuh jarak sekitar 3km dengan medan yang cukup menguras tenaga naik dan turun,1,0,0,0,1,positif,-,-,-
1095,Lembah Cilengkrang,Wisata Alam & Pemandian TNGC,5,Best place to visit I guess. Why? Karena di sini kita diharuskan trekking sepanjang kurang lebih 2 KM sebelum sampai ke air terjun maupun pemandian air panasnya. Double sehat! 😎,,positif,best place tapi visit i guess why karena di sini kita diharuskan trekking sepanjang kurang lebih 2 kamu sebelum sampai ke air terjun maupun pemandian air panasnya double sehat,1,0,0,0,0,positif,-,-,-
1096,Lembah Cilengkrang,Wisata Alam & Pemandian TNGC,5,"Sangat alami dan melelahkan untuk menuju ke Curugnya,air hangatnya bisa mengobati rasa capek. HTM hari libur per orang 17500 parkir roda dua 5000",,positif,sangat alami dan melelahkan untuk menuju ke curugnya air hangatnya bisa mengobati rasa capek htm hari libur per orang 17500 parkir roda dua 5000,1,0,0,0,1,positif,-,-,-
1098,Lembah Cilengkrang,Wisata Alam & Pemandian TNGC,5,"Tempat nya bagus banget, tapi harus jalan terlebih dahulu lumayan lama, biaya masuk murah, ada pemandian air panas gratis, bagus lah pokonya",,positif,tempat nya bagus banget tapi harus jalan terlebih dahulu lumayan lama biaya masuk murah ada pemandian air panas gratis bagus lah pokoknya,1,0,0,1,1,positif,-,-,-
1099,Lembah Cilengkrang,Wisata Alam & Pemandian TNGC,5,"Cocok banget buat yang mau main sekaligus olahraga. Bisa hiking sekalian nikmatin pemandangan alam. Walaupun jalan di tengah hutan, tapi jalannya cukup terawat dan banyak petugas yang jaga. Setelah capek jalan jauh bisa nikmatin air terjun dan kolam air panas disana.",,positif,cocok banget buat yang mau main sekaligus olahraga bisa hiking sekalian menikmati pemandangan alam walaupun jalan di tengah hutan tapi jalannya cukup terawat dan banyak petugas yang jaga setelah capek jalan jauh bisa menikmati air terjun dan kolam air panas disana,1,0,1,1,0,positif,-,-,-
1100,Lembah Cilengkrang,Wisata Alam & Pemandian TNGC,5,"Salah satu destinasi yang recomend buat kalian para traveler yang ingin santai dengan berendem dengan air panas bisa karena ada sumber air panasnya,Cocok lah tempatnya mantap.",,positif,salah satu destinasi yang recomend buat kalian para traveler yang ingin santai dengan berendem dengan air panas bisa karena ada sumber air panasnya cocok lah tempatnya mantap,1,0,0,0,0,positif,-,-,-
1101,Lembah Cilengkrang,Wisata Alam & Pemandian TNGC,5,"Wisata alam yg menyuguhkan sejuknya udara pegunungan, masih ada satwa liar, air terjun, dan sumber mata air panas alami... track aman untuk anak, walo perjuangan menyemangati mereka untuk sampai kesana...",,positif,wisata alam yang menyuguhkan sejuknya udara pegunungan masih ada satwa liar air terjun dan sumber mata air panas alami track aman untuk anak walo perjuangan menyemangati mereka untuk sampai kesana,1,0,0,0,0,positif,-,-,-
1103,Lembah Cilengkrang,Wisata Alam & Pemandian TNGC,5,"Waterfallnya bagus, ada permandian air panasnya",,positif,waterfallnya bagus ada permandian air panasnya,1,0,0,0,0,positif,-,-,-
1105,Lembah Cilengkrang,Wisata Alam & Pemandian TNGC,5,Trekking santai dan sejuk. Ada kolam air panas.,,positif,trekking santai dan sejuk ada kolam air panas,1,0,0,0,0,positif,-,-,-
1108,Lembah Cilengkrang,Wisata Alam & Pemandian TNGC,5,"Jalur hiking cocok untuk pemula, tanjakan dan turunannya masih relatif aman. Vegetasi cukup rapat, ruang terbuka hijau, terdapat curug di akhir jalur yang memanjakan mata dan kolam air hangat.  HTM hari biasa 20K HTM hari libur 25K  Tidak disarankan untuk lansia yang tidak terbiasa trekking karna banyak jalur bebatuan dan di area curug sangat licin.",,positif,jalur hiking cocok untuk pemula tanjakan dan turunannya masih relatif aman vegetasi cukup rapat ruang terbuka hijau terdapat curug di akhir jalur yang memanjakan mata dan kolam air hangat htm hari biasa 20k htm hari libur 25k tidak disarankan untuk lansia yang tidak terbiasa trekking karena banyak jalur bebatuan dan di area curug sangat licin,1,0,0,1,1,positif,-,-,-
1109,Lembah Cilengkrang,Wisata Alam & Pemandian TNGC,5,"Camping disini cocok untuk yg suka petualangan, karena disini bener-bener lembah, jauh dari keramaian, lokasinya harus jalan kaki dulu 45 menit dari pos parkiran.  Fasilitas camping sudah ada WC + KM, Mushola, gazebo/saung, dekat dengan sungai mata air asli, ada pemandian air panas, tapi tidak ada listrik.  Bisa untuk yg hiking pulang pergi. Saran untuk yang mau kesini pastikan rem motor mobil dalam kondisi fit, karena jalan menuju lokasi nanjak dan berkelok.",,positif,camping disini cocok untuk yang suka petualangan karena disini benar benar lembah jauh dari keramaian lokasinya harus jalan kaki dulu 45 menit dari pos parkiran fasilitas camping sudah ada wc kamu mushola gazebo saung dekat dengan sungai mata air asli ada pemandian air panas tapi tidak ada listrik bisa untuk yang hiking pulang pergi saran untuk yang mau kesini pastikan rem motor mobil dalam kondisi fit karena jalan menuju lokasi nanjak dan berkelok,1,0,0,1,0,positif,-,-,-
1110,Lembah Cilengkrang,Wisata Alam & Pemandian TNGC,5,Untuk akses jalan menuju curug nya harap diperbaiki lagi,,positif,untuk akses jalan menuju curug nya harap diperbaiki lagi,0,0,0,1,0,positif,-,-,-
1111,Lembah Cilengkrang,Wisata Alam & Pemandian TNGC,5,"HTM 💸 Rp20.000 weekday 💸 Rp25.000 weekend  adem bgt, full pohon rimbun. ada sungai, kolam pemandian air panas, dan air terjun juga. ada toilet di awal, pertengahan, sampai dekat air terjun juga.",,positif,htm rp20 000 weekday rp25 000 weekend adem banget full pohon rimbun ada sungai kolam pemandian air panas dan air terjun juga ada toilet di awal pertengahan sampai dekat air terjun juga,1,0,0,0,1,positif,-,-,-
1114,Lembah Cilengkrang,Wisata Alam & Pemandian TNGC,5,Trekking gak jauh estimasi 45-60 Menit. Sampe tujuan ada air terjun dan air panas,,positif,trekking enggak jauh estimasi 45 60 menit sampai tujuan ada air terjun dan air panas,1,0,0,0,0,positif,-,-,-
1116,Lembah Cilengkrang,Wisata Alam & Pemandian TNGC,5,"Lembah Cilengkrang menjadi salah satu tempat yang menarik untuk dikunjungi, terutama bagi yang suka trekking dan menikmati suasana alam. Saya berkunjung ke sini pada September 2022 dan saat itu kondisi track sudah lumayan bagus untuk dilalui. Jarak perjalanan pulang-pergi kurang lebih sekitar 6 km, jadi cukup menguras tenaga, tetapi sepadan dengan pemandangan dan pengalaman yang didapat selama perjalanan.  Hal yang menurut saya cukup unik dari Lembah Cilengkrang adalah adanya dua jenis daya tarik air, yaitu mata air panas yang mengandung belerang dan air terjun dengan air yang lebih biasa. Jadi, selain bisa menikmati suasana hutan dan trekking, pengunjung juga bisa merasakan pengalaman berendam atau menikmati sumber air panas sekaligus melihat air terjun.  Suasana sepanjang perjalanan cukup asri dan cocok untuk yang ingin sejenak menjauh dari keramaian kota. Trekking menuju lokasi juga menjadi bagian yang menyenangkan karena perjalanan tidak hanya berfokus pada tujuan, tetapi juga menikmati suasana alam di sepanjang jalur.  Di area pintu masuk juga terdapat warung, sehingga cukup membantu pengunjung yang ingin membeli makanan atau minuman sebelum atau setelah trekking. Lumayan banget untuk mengisi tenaga setelah menempuh perjalanan sekitar 6 km PP. 😄  Secara keseluruhan, Lembah Cilengkrang cocok untuk yang ingin mencari suasana alam, trekking ringan hingga menengah, dan menikmati keunikan sumber air panas serta air terjun dalam satu kawasan. Kalau berkunjung, sebaiknya siapkan fisik dan gunakan alas kaki yang nyaman karena akan cukup banyak berjalan.",,positif,lembah cilengkrang menjadi salah satu tempat yang menarik untuk dikunjungi terutama bagi yang suka trekking dan menikmati suasana alam saya berkunjung ke sini pada september 2022 dan saat itu kondisi track sudah lumayan bagus untuk dilalui jarak perjalanan pulang pergi kurang lebih sekitar 6 kamu jadi cukup menguras tenaga tetapi sepadan dengan pemandangan dan pengalaman yang didapat selama perjalanan hal yang menurut saya cukup unik dari lembah cilengkrang adalah adanya dua jenis daya tarik air yaitu mata air panas yang mengandung belerang dan air terjun dengan air yang lebih biasa jadi selain bisa menikmati suasana hutan dan trekking pengunjung juga bisa merasakan pengalaman berendam atau menikmati sumber air panas sekaligus melihat air terjun suasana sepanjang perjalanan cukup asri dan cocok untuk yang ingin sejenak menjauh dari keramaian kota trekking menuju lokasi juga menjadi bagian yang menyenangkan karena perjalanan tidak hanya berfokus pada tujuan tetapi juga menikmati suasana alam di sepanjang jalur di area pintu masuk juga terdapat warung sehingga cukup membantu pengunjung yang ingin membeli makanan atau minuman sebelum atau setelah trekking lumayan banget untuk mengisi tenaga setelah menempuh perjalanan sekitar 6 kamu pp secara keseluruhan lembah cilengkrang cocok untuk yang ingin mencari suasana alam trekking ringan hingga menengah dan menikmati keunikan sumber air panas serta air terjun dalam satu kawasan kalau berkunjung sebaiknya siapkan fisik dan gunakan alas kaki yang nyaman karena akan cukup banyak berjalan,1,0,0,1,1,positif,-,-,-
1119,Lembah Cilengkrang,Wisata Alam & Pemandian TNGC,5,ga bosen bosennya kesini teruss mana tiap kesini uah selalu upgrade ada aja yang baru dirawatt bangett plus enaknya ada mushola dan ga khawatir kehabisan air karena mengalir,,positif,enggak bosan bosennya kesini terus mana tiap kesini uah selalu upgrade ada saja yang baru dirawatt banget plus enaknya ada mushola dan enggak khawatir kehabisan air karena mengalir,1,0,0,0,0,positif,-,-,-
1123,Lembah Cilengkrang,Wisata Alam & Pemandian TNGC,5,pekerjaan rapih cepat dan harga bersahabat🤝,,positif,pekerjaan rapi cepat dan harga bersahabat,0,0,0,0,1,positif,-,-,-
1124,Lembah Cilengkrang,Wisata Alam & Pemandian TNGC,4,"suasana alam yang asri, indah, dan sejuk, jalur asik untuk tracking. ditemani suasana dan pemandangan alam yang indah di setiap track. tersedia camping ground, mushola, gazebo, kolam air panas, toilet. ditambah suasana segar alamai dengan adanya air terjun.",,positif,suasana alam yang asri indah dan sejuk jalur asik untuk tracking ditemani suasana dan pemandangan alam yang indah di setiap track tersedia camping ground mushola gazebo kolam air panas toilet ditambah suasana segar alamai dengan adanya air terjun,1,0,0,1,0,positif,-,-,-
1129,Lembah Cilengkrang,Wisata Alam & Pemandian TNGC,5,"Bagus, bersih, jalan nya tertata dan lebar",,positif,bagus bersih jalan nya tertata dan lebar,0,0,0,1,0,positif,-,-,-
1131,Lembah Cilengkrang,Wisata Alam & Pemandian TNGC,5,"Ga pernah bosan ke lembah cilengkrang karena viewnya bagus, ada air terjun dan sungai dengan air yang jernih, ada kolam air panasnya juga. Treknya landai dan family friendly.",,positif,enggak pernah bosan ke lembah cilengkrang karena viewnya bagus ada air terjun dan sungai dengan air yang jernih ada kolam air panasnya juga treknya landai dan family friendly,1,0,0,0,0,positif,-,-,-
1139,Lembah Cilengkrang,Wisata Alam & Pemandian TNGC,5,Air panas,,positif,air panas,1,0,0,0,0,positif,-,-,-
1143,Bumi Perkemahan Tenjo Laut,Bumi Perkemahan TNGC,1,Tolong buat aturan maksimal jam 22.00.sound system dilarang . Pgn syahdu tapi malah banyak yg brisik karaokean. Faislitas toilet jg di rawat jgn kumuh biar pengunjung nyaman,,negatif,tolong buat aturan maksimal jam 22 00 sound system dilarang pengin syahdu tapi malah banyak yang brisik karaokean faislitas toilet juga di rawat jangan kumuh biar pengunjung nyaman,1,0,0,0,0,negatif,[Toilet Sanitasi]: Jadwal sanitasi toilet basecamp minimum 3 kali sehari dan jaminan ketersediaan air bersih serta sabun cuci tangan.,[Toilet Sanitasi]: Pipanisasi permanen perbaikan jalur air dari mata air terdekat ke pos sanitasi dan renovasi bilik pintu rusak di Palutungan dan Apuy.,[Toilet Sanitasi]: Pembangunan unit eco-toilet berbasis pengomposan mandiri di pos ketinggian (>2000 mdpl) untuk mencegah pencemaran semak dan sumber air.
1144,Bumi Perkemahan Tenjo Laut,Bumi Perkemahan TNGC,1,"Sebenarnya pengelolanya baik2,ramah2.tapi pengunjung yg nge camp pada bawa speaker yg bunyinya keras,nyetel musik super kenceng smp tengah mlm kaya hajatan...sangat mengganggu..harusnya suasana alam tenang ya,ntahlah.semoga kedepanya pengunjung seperti ini bisa lebih ditertibkan,karena dunia bukan milik mereka sdri.",,negatif,sebenarnya pengelolanya baik-baik ramah2 tapi pengunjung yang nge camp pada bawa speaker yang bunyinya keras nyetel musik super kencang sampai tengah malam kayak hajatan sangat mengganggu harusnya suasana alam tenang ya ntahlah semoga kedepanya pengunjung seperti ini bisa lebih ditertibkan karena dunia bukan milik mereka sendiri,0,0,0,0,0,negatif,Monitoring berkala kepuasan operasional.,Evaluasi berkala kepuasan pengunjung.,Alokasi anggaran tahunan Balai TNGC.
1149,Bumi Perkemahan Tenjo Laut,Bumi Perkemahan TNGC,2,"Mau ke cafe nya bayar dulu tiket masuk 20k + 5k motor, pas sampe zonk😩",,negatif,mau ke cafe nya bayar dulu tiket masuk 20k 5k motor pas sampai zonk,0,0,0,0,1,negatif,"[Biaya Logistik]: Pemasangan papan informasi resmi rincian tarif tiket, asuransi, tes kesehatan, dan retribusi parkir di gerbang masuk basecamp.",[Biaya Logistik]: Penertiban dan standarisasi tarif batas atas angkutan transit (truk/mobil bak Sadarehe) dan panduan harga warung logistik pos.,"[Biaya Logistik]: Paket ekowisata terpadu (tiket simaksi, tes kesehatan, makan produk UMKM lokal, transportasi) dalam satu platform digital TNGC."
1150,Bumi Perkemahan Tenjo Laut,Bumi Perkemahan TNGC,2,"Menginap di glamping disini sewa tenda paramount dg rate 400 - 500 per tenda.  Mendapat  air panas dalam termos, pinjaman gelas,  api unggun kecil, dan sarapan nasi goreng.  Secara umum, tenda bersih, ada lampu, dan colokan listrik. Di dalam tenda, ada dua kasur busa, berikut bantal, dan selimut (tipis). Diluar tenda disediakan meja kecil dan kursi yg dibuat dari kayu pallet, tapi sebagian kondisi sdh mulai lapuk. Dini hari cukup dingin. Sebaiknya bawa sleeping bag, supaya enak tidur.  Kamar mandi, bagi yg menyewa tenda, terpisah dari yg gak sewa tenda. Kamar mandinya tentu saja komunal, kira2 ada 4 unit. Jadi ya bergantian saja dg pengunjung/penyewa lain.. Kamar mandi dari bangunan kayu, ada toilet duduk, dan water heater. Cukup bersih, tapi ukuran per bilik tdk terlalu besar.. Water heaternya tdk saya coba. Bagi yg bawa tenda sendiri alias tdk sewa tenda, sepertinya toiletnya terpisah. Saya tdk tau kondisinya spt apa. Sumber air melimpah dan jernih dr mata air sekitar. Airnya tentu saja dingin. Tapi masih oke buat mandi asal gak kelamaan.  Kebetulan pada saat yg sama, sedang ada rombongan sebuah perusahaan. Jadi suasana sangat ramai. Musik non stop hingga jam 2 pagi. Jam 6 pagi lanjut musik lagi. Musiknya juga disetel oleh pihak pengelola glamping. Mungkin bagian dari kebiasaan di glamping ini. Jadi entah apa di tempat lain juga sama. Pokoke dimari yaa musik non setop.  Suasana sekitar hanya hutan pinus, lahan kebun warga. Kalau malam yaa bisa kelihatan sedikit lampu2 kota.  Oh iya. Masuk lokasi perkemahan ini ada biaya per orang dan biaya parkir kendaraan. Plus tetap memberi uang parkir ke tukang parkirnya.",,negatif,menginap di glamping disini sewa tenda paramount dengan rate 400 500 per tenda mendapat air panas dalam termos pinjaman gelas api unggun kecil dan sarapan nasi goreng secara umum tenda bersih ada lampu dan colokan listrik di dalam tenda ada dua kasur busa berikut bantal dan selimut tipis diluar tenda disediakan meja kecil dan kursi yang dibuat dari kayu pallet tapi sebagian kondisi sudah mulai lapuk dini hari cukup dingin sebaiknya bawa sleeping bag supaya enak tidur kamar mandi bagi yang menyewa tenda terpisah dari yang enggak sewa tenda kamar mandinya tentu saja komunal kira-kira ada 4 unit jadi ya bergantian saja dengan pengunjung penyewa lain kamar mandi dari bangunan kayu ada toilet duduk dan water heater cukup bersih tapi ukuran per bilik tidak terlalu besar water heaternya tidak saya coba bagi yang bawa tenda sendiri alias tidak sewa tenda sepertinya toiletnya terpisah saya tidak tau kondisinya seperti apa sumber air melimpah dan jernih dari mata air sekitar airnya tentu saja dingin tapi masih oke buat mandi asal enggak kelamaan kebetulan pada saat yang sama sedang ada rombongan sebuah perusahaan jadi suasana sangat ramai musik non stop hingga jam 2 pagi jam 6 pagi lanjut musik lagi musiknya juga disetel oleh pihak pengelola glamping mungkin bagian dari kebiasaan di glamping ini jadi entah apa di tempat lain juga sama pokoke dimari ya musik non setop suasana sekitar hanya hutan pinus lahan kebun warga kalau malam ya bisa kelihatan sedikit lampu2 kota oh iya masuk lokasi perkemahan ini ada biaya per orang dan biaya parkir kendaraan plus tetap memberi uang parkir ke tukang parkirnya,1,0,0,0,1,negatif,"[Toilet Sanitasi]: Jadwal sanitasi toilet basecamp minimum 3 kali sehari dan jaminan ketersediaan air bersih serta sabun cuci tangan. 
[Biaya Logistik]: Pemasangan papan informasi resmi rincian tarif tiket, asuransi, tes kesehatan, dan retribusi parkir di gerbang masuk basecamp.","[Toilet Sanitasi]: Pipanisasi permanen perbaikan jalur air dari mata air terdekat ke pos sanitasi dan renovasi bilik pintu rusak di Palutungan dan Apuy. 
[Biaya Logistik]: Penertiban dan standarisasi tarif batas atas angkutan transit (truk/mobil bak Sadarehe) dan panduan harga warung logistik pos.","[Toilet Sanitasi]: Pembangunan unit eco-toilet berbasis pengomposan mandiri di pos ketinggian (>2000 mdpl) untuk mencegah pencemaran semak dan sumber air. 
[Biaya Logistik]: Paket ekowisata terpadu (tiket simaksi, tes kesehatan, makan produk UMKM lokal, transportasi) dalam satu platform digital TNGC."
1151,Bumi Perkemahan Tenjo Laut,Bumi Perkemahan TNGC,3,Tempat wisata camping dekat Cigugur Kuningan. Areanya lumayan luas. Di kawasan hutan pinus. Panoramanya bagus. Kita dapat melihat sunrise.  Ada fasilitas listrik. Hanya fasilitas wc dekat tempat kami camping tidak bersih.,,netral,tempat wisata camping dekat cigugur kuningan areanya lumayan luas di kawasan hutan pinus panoramanya bagus kita dapat melihat sunrise ada fasilitas listrik hanya fasilitas wc dekat tempat kami camping tidak bersih,1,0,0,0,0,positif,-,-,-
1154,Bumi Perkemahan Tenjo Laut,Bumi Perkemahan TNGC,3,Fasilitas toilet kurang terawat dengan baik dan kurang bersih.  Dr sekian banyak jumlah toilet 40% ga bs di gunakan karena pintu rusak. Mohon agar dibenahi untuk kenyamanan pengunjung.terutama yg camping,,netral,fasilitas toilet kurang terawat dengan baik dan kurang bersih dari sekian banyak jumlah toilet 40 enggak bisa di gunakan karena pintu rusak mohon agar dibenahi untuk kenyamanan pengunjung terutama yang camping,1,0,0,0,0,netral,-,-,-
1157,Bumi Perkemahan Tenjo Laut,Bumi Perkemahan TNGC,3,Fasilitas umum nya bisa di lengkapi lebih baik lagi,,netral,fasilitas umum nya bisa di lengkapi lebih baik lagi,0,0,0,0,0,netral,-,-,-
1159,Bumi Perkemahan Tenjo Laut,Bumi Perkemahan TNGC,3,Tempat camp yg lumayan indah juga,,netral,tempat camp yang lumayan indah juga,0,0,0,0,0,netral,-,-,-
1160,Bumi Perkemahan Tenjo Laut,Bumi Perkemahan TNGC,3,Tiket masuk nya berapa yah??,,netral,tiket masuk nya berapa ya,0,0,0,0,1,netral,-,-,-
1164,Bumi Perkemahan Tenjo Laut,Bumi Perkemahan TNGC,4,"Kemping dengan vibes konser atau vibes hajatan, tenjo laut tempatnya. Info yang saya dapat dari cemper lain, pengelola disini tidak menerapkan aturan soal musik. Jadilah campers pada bawa sound system gede. Abis magrib konser dimulai, suara musik membahana memenuhi hutan pinus yg sejatinya sunyi sepi dan syahdu. Lagu Sunda, pop sampai dangdut ada... Tarik maaang... Sudah ada camper yg menegur tapi mereka ga peduli. Karena harusnya memang  pengelola yg menerapkan aturan batasan suara dan jam musik seperti di camping ground lain. Jam berapa konsernya berakhir? Jam 10? Tidaak. Jam 12?? Masih lanjut dong... Hampir jam 2 dini hari barulah mereka berhenti. Warrrr byasah!!!  Sebenernya tempatnya enak. Banyak spot poto ala puncak.  Harga campervan 150rb/mobil ditambah tiket masuk 20rb/orang. Ada warung di dalam area kemping. Mushola dan toilet tersedia. Glamping tenda dan kabin ada beberapa, cocok untuk yang belum punya balita, karena areanya terasering.",,positif,kemping dengan vibes konser atau vibes hajatan tenjo laut tempatnya info yang saya dapat dari cemper lain pengelola disini tidak menerapkan aturan soal musik jadilah campers pada bawa sound system gede habis magrib konser dimulai suara musik membahana memenuhi hutan pinus yang sejatinya sunyi sepi dan syahdu lagu sunda pop sampai dangdut ada tarik maaang sudah ada camper yang menegur tapi mereka enggak peduli karena harusnya memang pengelola yang menerapkan aturan batasan suara dan jam musik seperti di camping ground lain jam berapa konsernya berakhir jam 10 tidaak jam 12 masih lanjut dong hampir jam 2 dini hari barulah mereka berhenti warrrr byasah sebenarnya tempatnya enak banyak spot poto ala puncak harga campervan 150rb mobil ditambah tiket masuk 20rb orang ada warung di dalam area kemping mushola dan toilet tersedia glamping tenda dan kabin ada beberapa cocok untuk yang belum punya balita karena areanya terasering,1,0,0,0,1,positif,-,-,-
1165,Bumi Perkemahan Tenjo Laut,Bumi Perkemahan TNGC,4,"Berada di ketinggian 1100 an mdpl, Dan dikelilingi hutan pinus yang rapat dan besar2, merupakan tempat yang bagus untuk sarang demit,,,,,eits hilangkan stigma itu utk jaman sekarang,,,jaman sekarang kalau mau healing ya gini, ngecamp di tempat yg tinggi utk bsa menjauh dr hingar bingar perkotaan. Viewnya lampu2 kota jika malam dan waduk darma jika siang. suhu malam kira2 18-15 derajat, tapi ketika masuk tenda hangat dan nyaman,,,jangan lupa pastikan tenda sebelah tidak ada yg ngorok jika tidak ingin bernasib seperti saya,,,,susah tidur 😵‍💫 parkir luas, toilet banyak, mushola ada, air duingin, sayangnya kalau angin kenceng debunya banyak,,,,",,positif,berada di ketinggian 1100 an mdpl dan dikelilingi hutan pinus yang rapat dan besar2 merupakan tempat yang bagus untuk sarang demit eits hilangkan stigma itu untuk jaman sekarang jaman sekarang kalau mau healing ya begini ngecamp di tempat yang tinggi untuk bisa menjauh dari hingar bingar perkotaan viewnya lampu2 kota jika malam dan waduk darma jika siang suhu malam kira-kira 18 15 derajat tapi ketika masuk tenda hangat dan nyaman jangan lupa pastikan tenda sebelah tidak ada yang ngorok jika tidak ingin bernasib seperti saya susah tidur parkir luas toilet banyak mushola ada air duingin sayangnya kalau angin kencang debunya banyak,1,0,0,0,1,positif,-,-,-
1166,Bumi Perkemahan Tenjo Laut,Bumi Perkemahan TNGC,4,"Alternatif tmp kemping di kaki gunung ciremai dgn view terbaik. Bisa buka tenda dekat mobil atau rooftop tent. 1. MCK tersedia cukup banyak dengan air berlimpah, tapi kurang terjaga kebersihannya 2. Udara ga terlalu dingin 3. Keamanan terjamin 4. Ada warung jual makanan 5. Bisa sewa tenda ataupun glamping",,positif,alternatif tmp kemping di kaki gunung ciremai dengan view terbaik bisa buka tenda dekat mobil atau rooftop tent 1 mck tersedia cukup banyak dengan air berlimpah tapi kurang terjaga kebersihannya 2 udara enggak terlalu dingin 3 keamanan terjamin 4 ada warung jual makanan 5 bisa sewa tenda ataupun glamping,1,0,0,0,1,positif,-,-,-
1168,Bumi Perkemahan Tenjo Laut,Bumi Perkemahan TNGC,4,"Tempat kemping yg cukup nyaman, tempatnya luas, ada glamping jg. Bisa memilih tempat kemping di sekitar hutan pinus atau dengan pemandangan gunung. Lumayan sejuk di siang hari karena banyak pohon pinus. Disarankan perbekalan mencukupi karena hanya ada 1 warung yg buka untuk saat ini, itupun kurang lengkap. Toilet memadai hanya kurang terawat.",,positif,tempat kemping yang cukup nyaman tempatnya luas ada glamping juga bisa memilih tempat kemping di sekitar hutan pinus atau dengan pemandangan gunung lumayan sejuk di siang hari karena banyak pohon pinus disarankan perbekalan mencukupi karena hanya ada 1 warung yang buka untuk saat ini itupun kurang lengkap toilet memadai hanya kurang terawat,1,0,0,0,1,positif,-,-,-
1169,Bumi Perkemahan Tenjo Laut,Bumi Perkemahan TNGC,4,"tempatnya bagus, view nya bagus best bgt deh bisa liat waduk darma. saya nginep di paramount glamping, tendanya bagus lumayan, pelayanannya juga bagus. tapi tolong dong wc nya dibenerin lagi:( air anget nya ga anget jadi tetep aja dingin gitu. lampu di wc nya tolong ganti yang lebih terang. terus juga karna dibuat dari kayu gitu, jadi banyak banget serangga gitu ya, jujur saya ngeri banget kalo harus ke wc. di jalan setapaknya juga gaada lampu jadi gelap, harus hati hati.",,positif,tempatnya bagus view nya bagus best banget deh bisa lihat waduk darma saya nginep di paramount glamping tendanya bagus lumayan pelayanannya juga bagus tapi tolong dong wc nya dibenerin lagi air anget nya enggak anget jadi tetap saja dingin begitu lampu di wc nya tolong ganti yang lebih terang terus juga karena dibuat dari kayu begitu jadi banyak banget serangga begitu ya jujur saya ngeri banget kalo harus ke wc di jalan setapaknya juga enggak ada lampu jadi gelap harus hati hati,1,0,0,1,0,negatif,-,-,-
1170,Bumi Perkemahan Tenjo Laut,Bumi Perkemahan TNGC,4,"Tempat yang cocok untuk self healing tapi kalo lagi hari² biasa yak, kalo weekend seperti biasa lumayan rame cocok untuk mengobrol dan menambah teman. Fasilitas ibadah sudah bagus, wc juga sudah bagus tetapi sebagian wc pintunya ada yang tidak bisa di kunci.",,positif,tempat yang cocok untuk self healing tapi kalo lagi hari² biasa ya kalo weekend seperti biasa lumayan rame cocok untuk mengobrol dan menambah teman fasilitas ibadah sudah bagus wc juga sudah bagus tetapi sebagian wc pintunya ada yang tidak bisa di kunci,1,0,0,0,0,positif,-,-,-
1171,Bumi Perkemahan Tenjo Laut,Bumi Perkemahan TNGC,4,"Lebih ke tempat ng-camp sih.. Tempat luas, udara sejuk. View kewren",,positif,lebih ke tempat ng camp sih tempat luas udara sejuk view kewren,0,0,0,0,0,positif,-,-,-
1173,Bumi Perkemahan Tenjo Laut,Bumi Perkemahan TNGC,4,"Jalannya masih licin ketika hujan, tapi area wisatanya sudah dirapihkan dan menjadi tempat wisata yang menarik untuk melihat kota kuningan dan waduk darma dari ketinggian.",,positif,jalannya masih licin ketika hujan tapi area wisatanya sudah dirapihkan dan menjadi tempat wisata yang menarik untuk melihat kota kuningan dan waduk darma dari ketinggian,0,0,0,1,0,positif,-,-,-
1174,Bumi Perkemahan Tenjo Laut,Bumi Perkemahan TNGC,4,"Ketika pertama kali kesini mungkin agak bingung, petunjuk jalan kesini jarang, lalu pos pendaftaran atau loket karcis nya kecil dan di jaga hanya 1 orang pada waktu itu, di dekat loket ada jalan bercabang, jika kita tidak bertanya kita tidak tahu arah ke tenjo laut kemana. Jadi bagi yg pertama kesini pelan pelan aja bawa motor atau mobil nya, biar gak nyasar..",,positif,ketika pertama kali kesini mungkin agak bingung petunjuk jalan kesini jarang lalu pos pendaftaran atau loket karcis nya kecil dan di jaga hanya 1 orang pada waktu itu di dekat loket ada jalan bercabang jika kita tidak bertanya kita tidak tahu arah ke tenjo laut kemana jadi bagi yang pertama kesini pelan pelan saja bawa motor atau mobil nya biar enggak nyasar,0,0,1,1,0,positif,-,-,-
1176,Bumi Perkemahan Tenjo Laut,Bumi Perkemahan TNGC,4,Tenjolaut asri sejuk ramah mushola bersih mck bnyk,,positif,tenjolaut asri sejuk ramah mushola bersih mck banyak,1,0,1,0,0,positif,-,-,-
1182,Bumi Perkemahan Tenjo Laut,Bumi Perkemahan TNGC,4,"Terakhir kesini masih alami, belum ada tempat wisata nya. Hanya rumah sakit BNN yg memang halamannya dibuka untuk umum. Semua masih asri, hijau, sepi. Sekarang tempat2 tersebut sudah dibuka untuk komersil, dibangun ini itu. Semoga tidak merusak hijaunya dan air nya",,positif,terakhir kesini masih alami belum ada tempat wisata nya hanya rumah sakit bnn yang memang halamannya dibuka untuk umum semua masih asri hijau sepi sekarang tempat-tempat tersebut sudah dibuka untuk komersil dibangun ini itu semoga tidak merusak hijaunya dan air nya,1,0,0,0,0,positif,-,-,-
1183,Bumi Perkemahan Tenjo Laut,Bumi Perkemahan TNGC,4,"Tempatnya nyaman, sejuk banget, cocok buat santai bareng keluarga/teman/pacar/gebetan, cocok juga buat hunting foto.. karena spot fotonya lumayan banyak + seru Pengelolaannya belum bisa dibilang bagus, masih banyak spot blm jadi... masih banyak tempat2 foto (dengan ketinggian yg cukup berbahaya) kurang pengawasan + keselamatan sangat tidak terjamin (bisa ditambahkan tenaga dengan merekrut warga setempat untuk membantu/memberitahu petunjuk2 disetiap spot foto) Serta petunjuk2 arah yang masih sangat kurang + untuk jalan khusus motor mungkin bisa diperbaiki, karena sangat berbatu + tidak ada pagar pembatas jalan overall sih BAGUS ... Fyi i've been there twice and I'm still fall'in love with this place ❤",,positif,tempatnya nyaman sejuk banget cocok buat santai bareng keluarga teman pacar gebetan cocok juga buat hunting foto karena spot fotonya lumayan banyak seru pengelolaannya belum bisa dibilang bagus masih banyak spot belum jadi masih banyak tempat-tempat foto dengan ketinggian yang cukup berbahaya kurang pengawasan keselamatan sangat tidak terjamin bisa ditambahkan tenaga dengan merekrut warga setempat untuk membantu memberitahu petunjuk2 disetiap spot foto serta petunjuk2 arah yang masih sangat kurang untuk jalan khusus motor mungkin bisa diperbaiki karena sangat berbatu tidak ada pagar pembatas jalan overall sih bagus fyi i ve been there twice and i sama still fall ini love with this place,0,0,0,1,0,positif,-,-,-
1184,Bumi Perkemahan Tenjo Laut,Bumi Perkemahan TNGC,4,"Wisata alam tersembunyi, banyak spot selfie/wefie, sayangnya akses jalan menuju tempat ini sempit dan belum tertata dengan rapih",,positif,wisata alam tersembunyi banyak spot selfie wefie sayangnya akses jalan menuju tempat ini sempit dan belum tertata dengan rapi,0,0,0,1,0,positif,-,-,-
1185,Bumi Perkemahan Tenjo Laut,Bumi Perkemahan TNGC,4,Mantap ada masjidnya ada listrik juga,,positif,mantap ada masjidnya ada listrik juga,0,0,0,0,0,positif,-,-,-
1186,Bumi Perkemahan Tenjo Laut,Bumi Perkemahan TNGC,4,"Asiik nuat ngecamp bersama keluarha, fasilitas toilet n mushola aman..",,positif,asiik nuat ngecamp bersama keluarha fasilitas toilet n mushola aman,1,0,0,0,0,positif,-,-,-
1190,Bumi Perkemahan Tenjo Laut,Bumi Perkemahan TNGC,4,"Overall fasilitas nya udh bagus, cuman kmren water heater nya ga nyala",,positif,overall fasilitas nya sudah bagus cuman kemarin water heater nya enggak nyala,0,0,0,0,0,positif,-,-,-
1191,Bumi Perkemahan Tenjo Laut,Bumi Perkemahan TNGC,4,"Tempatnya bagus,sejuk.pemandangan nya indah bngt.tp jalan nya msh sangat rusak...agak ngeri.",,positif,tempatnya bagus sejuk pemandangan nya indah banget tapi jalan nya masih sangat rusak agak ngeri,0,0,0,1,0,positif,-,-,-
1200,Bumi Perkemahan Tenjo Laut,Bumi Perkemahan TNGC,4,"Clambing ,berkemah,dg fasilitas yang memadai",,positif,clambing berkemah dengan fasilitas yang memadai,0,0,0,0,0,positif,-,-,-
1204,Bumi Perkemahan Tenjo Laut,Bumi Perkemahan TNGC,5,"Tempat camping yang nyaman. Sangat cocok camping bersama keluarga karna bisa parkir mobil samping tenda, penerangan area cukup, bayak colokan listrik, toilet banyak, area cukup luas. Viewnya pun bagus",,positif,tempat camping yang nyaman sangat cocok camping bersama keluarga karena bisa parkir mobil samping tenda penerangan area cukup bayak colokan listrik toilet banyak area cukup luas viewnya pun bagus,1,0,0,0,1,positif,-,-,-
1205,Bumi Perkemahan Tenjo Laut,Bumi Perkemahan TNGC,5,"view nya mantep apalagi pas lg turun kabut, bikin ketagihan camping disini. fasilitas memadai👍",,positif,view nya mantap apalagi pas lagi turun kabut bikin ketagihan camping disini fasilitas memadai,0,0,0,0,0,positif,-,-,-
1206,Bumi Perkemahan Tenjo Laut,Bumi Perkemahan TNGC,5,"Tempat yang sangat recommended buat yang cuma mau cari udara sejuk dan suasana tenang. Meskipun tidak berkemah, duduk-duduk santai di sini sambil ngopi sudah terasa sangat nyaman karena udaranya adem banget. Banyak gazebo untuk berteduh kalau tiba-tiba hujan, jadi tetap aman buat bersantai. Harganya juga sangat ramah di kantong, mulai dari tiket masuk sampai harga makanan/minuman di sini terjangkau buat anak muda.",,positif,tempat yang sangat recommended buat yang cuma mau cari udara sejuk dan suasana tenang meskipun tidak berkemah duduk duduk santai di sini sambil ngopi sudah terasa sangat nyaman karena udaranya adem banget banyak gazebo untuk berteduh kalau tiba tiba hujan jadi tetap aman buat bersantai harganya juga sangat ramah di kantong mulai dari tiket masuk sampai harga makanan minuman di sini terjangkau buat anak muda,0,0,1,0,1,positif,-,-,-
1207,Bumi Perkemahan Tenjo Laut,Bumi Perkemahan TNGC,5,"Overall bagus disini, terawat dan adem. Tiket masuk juga masih relatif murah. Tinggal nyobain untuk camping disini. Insya Allah next.",,positif,overall bagus disini terawat dan adem tiket masuk juga masih relatif murah tinggal mencoba untuk camping disini insya allah next,0,0,0,0,1,positif,-,-,-
1209,Bumi Perkemahan Tenjo Laut,Bumi Perkemahan TNGC,5,"Tempat yang sejuk, nyaman, cocok untuk tamasya baik bersama pasangan, keluarga, maupun rekan. HTM terjangkau, parkir mobil dan motor luas. Campground tersebar di beberapa tempat, sehingga kita bebas memilih tempat camp yang cocok.",,positif,tempat yang sejuk nyaman cocok untuk tamasya baik bersama pasangan keluarga maupun rekan htm terjangkau parkir mobil dan motor luas campground tersebar di beberapa tempat sehingga kita bebas memilih tempat camp yang cocok,0,0,0,0,1,positif,-,-,-
1210,Bumi Perkemahan Tenjo Laut,Bumi Perkemahan TNGC,5,"Wisata camping yang unik dan bagus viewnya dikuningan, karena bisa langsung melihat waduk, tempatny jg enak lbh sepi dri yg lain jd bisa leluasa. Kamar mandiny deket dan bnyk. Ada warung jg pinusny jg lumayan rapet jd betah smpe siangan nikmatin udara segarnya",,positif,wisata camping yang unik dan bagus viewnya dikuningan karena bisa langsung melihat waduk tempatny juga enak lebih sepi dari yang lain jadi bisa leluasa kamar mandiny dekat dan banyak ada warung juga pinusny juga lumayan rapet jadi betah sampai siangan menikmati udara segarnya,0,0,0,0,1,positif,-,-,-
1211,Bumi Perkemahan Tenjo Laut,Bumi Perkemahan TNGC,5,"Pengalaman kemping yg menyenangkan, suasana yg adem disiang dan sore hari dengan pemandangan yang Indah, malamnya dingin brrrr..... toilet cukup bersih dan nyaman untuk toilet di bumper. Untung juga g ada angin besar yg kalo sampai ada, g akan mungkin bs diluar tenda di malam haru, saking dinginnya. Kemping disini, jd bikin nagih. Next time go to Tenjo laut again...",,positif,pengalaman kemping yang menyenangkan suasana yang adem disiang dan sore hari dengan pemandangan yang indah malamnya dingin brrrr toilet cukup bersih dan nyaman untuk toilet di bumper untung juga enggak ada angin besar yang kalo sampai ada enggak akan mungkin bisa diluar tenda di malam harus saking dinginnya kemping disini jadi bikin nagih next time go tapi tenjo laut again,1,0,0,0,0,positif,-,-,-
1212,Bumi Perkemahan Tenjo Laut,Bumi Perkemahan TNGC,5,"Tempat camp menarik di daerah Kuningan view bagus perbukitan ada juga area pinus, ada yg glamping ada juga yg umum utk biaya camp cukup murah per orang dewasa 20 ribu parkir 5 ribu, mck air berlimpah cukup baik, tempat parkir ke tempat camp dekat utk suhu sejuk",,positif,tempat camp menarik di daerah kuningan view bagus perbukitan ada juga area pinus ada yang glamping ada juga yang umum untuk biaya camp cukup murah per orang dewasa 20 ribu parkir 5 ribu mck air berlimpah cukup baik tempat parkir ke tempat camp dekat untuk suhu sejuk,1,0,0,0,1,positif,-,-,-
1213,Bumi Perkemahan Tenjo Laut,Bumi Perkemahan TNGC,5,"Tempat yg nyaman ngecamp brsma klrga / shbat, parkiran sangat luas, mobil bisa masuk smp k tmpat pndirian tenda, ada juga tenda yg dsewakan. HTM nya 20/ org. Jgn lupa siapkan bekal baju/jaket/selimut yg tebal krn udaranya benar2 dingin, kabutnya sngt tebal namun ttp tidak mengurangi keseruan berkemah disini. Ada mushola dan toilet jg, cuma warung wktu saya ksna ada 1 tp tutup, jd  harap siapkn perbekalan yg memadai. Jangan lupa tetap jaga kebersihan ya, jgn smp meninggalkan sampah disana.",,positif,tempat yang nyaman ngecamp bersama keluarga sahabat parkiran sangat luas mobil bisa masuk sampai ke tmpat pndirian tenda ada juga tenda yang dsewakan htm nya 20 orang jangan lupa siapkan bekal baju jaket selimut yang tebal karena udaranya benar-benar dingin kabutnya sangat tebal namun tetap tidak mengurangi keseruan berkemah disini ada mushola dan toilet juga cuma warung waktu saya ksna ada 1 tapi tutup jadi harap siapkn perbekalan yang memadai jangan lupa tetap jaga kebersihan ya jangan sampai meninggalkan sampah disana,1,1,0,0,1,positif,-,-,-
1214,Bumi Perkemahan Tenjo Laut,Bumi Perkemahan TNGC,5,"Akses jalan menuju lokasi luas, parkir mobil/motor luas, tempat camping banyak pilihan bisa diatas, dekat lembah atau dihutan pinus, kamar mandi kurang terawat, air dikamar mandi berlimpah, ada warung 24jam bisa pesan minuman dll. Bisa untuk wisata keluarga bawa makanan dari rumah gelar tikar sampe sore, ada joglo juga bisa buat neduh saat hujan.",,positif,akses jalan menuju lokasi luas parkir mobil motor luas tempat camping banyak pilihan bisa diatas dekat lembah atau dihutan pinus kamar mandi kurang terawat air dikamar mandi berlimpah ada warung 24jam bisa pesan minuman dll bisa untuk wisata keluarga bawa makanan dari rumah gelar tikar sampai sore ada joglo juga bisa buat neduh saat hujan,1,0,0,1,1,positif,-,-,-
1215,Bumi Perkemahan Tenjo Laut,Bumi Perkemahan TNGC,5,"Jalanannya masih bisa dilewati mobil kecil, tanjakan tdk terlalu curam dan cukup baik kondisi jalanannya. Harga sewa cabin agak mahal tp sprei bed cover dan gordynnya wangi. Ga kapok ksna..",,positif,jalanannya masih bisa dilewati mobil kecil tanjakan tidak terlalu curam dan cukup baik kondisi jalanannya harga sewa cabin agak mahal tapi sprei bed cover dan gordynnya wangi enggak kapok ksna,0,0,0,1,1,positif,-,-,-
1217,Bumi Perkemahan Tenjo Laut,Bumi Perkemahan TNGC,5,"Cocok banget buat camping, pemandangan bagus apalagi pas malem, udara sejuk, dan kerasa dinginnya pas malem. Toilet aman, ada mushola juga.",,positif,cocok banget buat camping pemandangan bagus apalagi pas malam udara sejuk dan kerasa dinginnya pas malam toilet aman ada mushola juga,1,0,0,0,0,positif,-,-,-
1219,Bumi Perkemahan Tenjo Laut,Bumi Perkemahan TNGC,5,Jagoan HTM camping 20 per orang tempat mantap toilet bersih mushola bersih pelayanan top pengurusnya BAPAK2 pakai peci masyaAlloh baik murah senyum listrik full siang malam,,positif,jagoan htm camping 20 per orang tempat mantap toilet bersih mushola bersih pelayanan top pengurusnya bapak2 pakai peci masyaalloh baik murah senyum listrik full siang malam,1,0,0,0,1,positif,-,-,-
1220,Bumi Perkemahan Tenjo Laut,Bumi Perkemahan TNGC,5,"HTM murah, air jernih dingin, sejuk banget plis pliss, cocok banget buat healing sama siapapun cuss kesinii jos",,positif,htm murah air jernih dingin sejuk banget plis pliss cocok banget buat healing sama siapapun cuss kesini jos,1,0,0,0,1,positif,-,-,-
1222,Bumi Perkemahan Tenjo Laut,Bumi Perkemahan TNGC,5,"Tempat Camping yang recommended banget. Tapi sayang waktu itu bertepatan dengan kabut yang tebal, jadi pemandangan kota Kuningan gk kelihatan. Tempat untuk mendirikan tenda banyak. Listrik ada, toilet ada, warung ada, tempat parkir ada, mushola ada, lengkap pokoknya. Terbayarkan dengan trek jalan yang lumayan nanjak. Namun jangan takut, jalannya sudah teraspal dengan baik dan rata 👍👍. Diusahakan membawa perlengkapan yang hangat, karena hawa nya lumayan dingin 🥶",,positif,tempat camping yang recommended banget tapi sayang waktu itu bertepatan dengan kabut yang tebal jadi pemandangan kota kuningan enggak kelihatan tempat untuk mendirikan tenda banyak listrik ada toilet ada warung ada tempat parkir ada mushola ada lengkap pokoknya terbayarkan dengan trek jalan yang lumayan nanjak namun jangan takut jalannya sudah teraspal dengan baik dan rata diusahakan membawa perlengkapan yang hangat karena hawa nya lumayan dingin,1,0,0,1,1,positif,-,-,-
1223,Bumi Perkemahan Tenjo Laut,Bumi Perkemahan TNGC,5,"Satu lagi tempat yang asuk buat kemping di Kiningan nih, tenjolaut menyuguhkan suasana yang berbeda, jalan menuju buper indah berjalan di tengah hutan apalagi jika disertai kabut dapet banget mystical moment nya",,positif,satu lagi tempat yang asuk buat kemping di kiningan nih tenjolaut menyuguhkan suasana yang berbeda jalan menuju buper indah berjalan di tengah hutan apalagi jika disertai kabut dapat banget mystical moment nya,0,0,0,1,0,positif,-,-,-
1224,Bumi Perkemahan Tenjo Laut,Bumi Perkemahan TNGC,5,"Akses menuju tempat ini terasa rimbun,..untuk jalan ya seadanya tapi masih bisa dilalui mobil.. usahakan datang atau pergi jangan saat hujan karena jalanan akan cukup becek bahkan bisa merepotkan..untuk parkir cukup luas..  Terlepas dari semua kesulitan anda akan menemukan salah satu tempat terbaik dikuningan jawa barat...view disini luar biasa,pemandangan gunung dan waduk..terasa berada dikaki langit.. selain bisa glamping disini anda juga bisa membawa tenda sendiri...  Untuk tenda glamping disini muat hingga 6 atau 8 orang kalau penghuninya kecil semua ... sungguh nyaman,kasur empuk,selimut dan bantal ada..listrik dan lampu penerangan..lengkap juga fasilitas air panas untuk anda mandi atau hanya mencuci muka atau kaki anda...  Khusus glamping pada pagi hari anda akan disediakan sarapan bersama sama dengan pengunjung lainnya ..  Saran kami untuk anda jika kesini datanglah dengan bahagia ajak kerabat keluarga atau kolega anda...nikmatilah kebersamaan dengan mereka dan jangan lupa untuk mengambil gambar dengan berbagai macam gaya...  Dan jangan datang sendiri karena jika sendiri maka tenda itu akan terasa sangat besar... Dan jangan lupa bawalah jaket,kami rasa tempat ini dingin...  Bukan intervensi Ini OPINI Kami . . . .",,positif,akses menuju tempat ini terasa rimbun untuk jalan ya seadanya tapi masih bisa dilalui mobil usahakan datang atau pergi jangan saat hujan karena jalanan akan cukup berlumpur bahkan bisa merepotkan untuk parkir cukup luas terlepas dari semua kesulitan anda akan menemukan salah satu tempat terbaik dikuningan jawa barat view disini luar biasa pemandangan gunung dan waduk terasa berada dikaki langit selain bisa glamping disini anda juga bisa membawa tenda sendiri untuk tenda glamping disini muat hingga 6 atau 8 orang kalau penghuninya kecil semua sungguh nyaman kasur empuk selimut dan bantal ada listrik dan lampu penerangan lengkap juga fasilitas air panas untuk anda mandi atau hanya mencuci muka atau kaki anda khusus glamping pada pagi hari anda akan disediakan sarapan bersama sama dengan pengunjung lainnya saran kami untuk anda jika kesini datanglah dengan bahagia ajak kerabat keluarga atau kolega anda nikmatilah kebersamaan dengan mereka dan jangan lupa untuk mengambil gambar dengan berbagai macam gaya dan jangan datang sendiri karena jika sendiri maka tenda itu akan terasa sangat besar dan jangan lupa bawalah jaket kami rasa tempat ini dingin bukan intervensi ini opini kami,1,0,0,1,1,positif,-,-,-
1225,Bumi Perkemahan Tenjo Laut,Bumi Perkemahan TNGC,5,"Perdana ngecamp di kota kelahiran 🥰, Bagus view dan fasilitas rekomend banget dan harganya murah👍 Semoga dipertahankan pelayanan dan fasilitas nya dan bisa terus di tingkatkan",,positif,perdana ngecamp di kota kelahiran bagus view dan fasilitas rekomend banget dan harganya murah semoga dipertahankan pelayanan dan fasilitas nya dan bisa terus di tingkatkan,0,0,0,0,0,positif,-,-,-
1226,Bumi Perkemahan Tenjo Laut,Bumi Perkemahan TNGC,5,"Camping di sini, viewnya amazing:  hamparan kota Kuningan dan waduk darma. Petugas ramah dan membantu sekali. HTM 20k / orang, parkir mobil 10k. suhu sejuk, cenderung dingin Krn angin semilir. Recommended buat camping keluarga.",,positif,camping di sini viewnya amazing hamparan kota kuningan dan waduk darma petugas ramah dan membantu sekali htm 20k orang parkir mobil 10k suhu sejuk cenderung dingin karena angin semilir recommended buat camping keluarga,0,0,1,0,1,positif,-,-,-
1227,Bumi Perkemahan Tenjo Laut,Bumi Perkemahan TNGC,5,Tempatnya Luas - Dingin ( Lebih baik pakai jaket ) Kita bahas fasilitas dlu ya Mushola ✔️ Warung ✔️ Toilet ✔️ Banyak spot foto jangan khawatir Dateng kesini itu karena ingin melihat pemandangan dari Tenjo bagaimana dan ternyata memang benar benar indah melihat dari atas Tenjo ini Menurut saya ini Tenjo laut recommended banget buat kalangan anak muda dan yang mau camp juga bisa Dan saya ingatkan jangan buang sampah sembarangan ya #Palutungan #TenjoLaut #Kuningan,,positif,tempatnya luas dingin lebih baik pakai jaket kita bahas fasilitas dulu ya mushola warung toilet banyak spot foto jangan khawatir datang kesini itu karena ingin melihat pemandangan dari tenjo bagaimana dan ternyata memang benar benar indah melihat dari atas tenjo ini menurut saya ini tenjo laut recommended banget buat kalangan anak muda dan yang mau camp juga bisa dan saya ingatkan jangan buang sampah sembarangan ya palutungan tenjolaut kuningan,1,1,0,0,1,positif,-,-,-
1228,Bumi Perkemahan Tenjo Laut,Bumi Perkemahan TNGC,5,Nge camp di sini selain sejuk hutan pinus nilai plusnya kita bisa parkir kendaraan di samping tenda kita.. Kendaraan tak perlu jauh jauh.. Ketika pindah dapur dan pindah kamar tak perlu jauh jauh pindahnya.,,positif,nge camp di sini selain sejuk hutan pinus nilai plusnya kita bisa parkir kendaraan di samping tenda kita kendaraan tak perlu jauh jauh ketika pindah dapur dan pindah kamar tak perlu jauh jauh pindahnya,0,0,0,0,1,positif,-,-,-
1229,Bumi Perkemahan Tenjo Laut,Bumi Perkemahan TNGC,5,"Mantap buat camping keluarga. Udara dingin berkabut. Parkiran bisa dekat lokasi tenda. Masjid bagus,  sarana WC cukup bagus.",,positif,mantap buat camping keluarga udara dingin berkabut parkiran bisa dekat lokasi tenda masjid bagus sarana wc cukup bagus,1,0,0,0,0,positif,-,-,-
1230,Bumi Perkemahan Tenjo Laut,Bumi Perkemahan TNGC,5,Tempat enak buat camping cuacanya dingin banget di bulan juli🥶🥶  Buat yg gak punya tenda biasa sewa semalam 600 ribu plus makan fasilitas lainnya👍🏻,,positif,tempat enak buat camping cuacanya dingin banget di bulan juli buat yang enggak punya tenda biasa sewa semalam 600 ribu plus makan fasilitas lainnya,0,0,0,0,0,positif,-,-,-
1232,Bumi Perkemahan Tenjo Laut,Bumi Perkemahan TNGC,5,"Namanya tenjo laut (bhs sunda),di indonesiakan ,tenjo=lihat,laut=laut,sebenarnya yg kita lihat bukan laut,tetapi waduk darma dari kejauhan (ketinggian bukit),cocok buat org2 yg ingin santai sambil ngopi2 dan nikmati hawa pegunungan,udara segar,akses jalan menuju lokasi tidak terlalu lebar,jd jika kita berpapasan dgn mobil g berlawanan atah,salah 1 mbl harus ngalah.untuk jalan mulus.Sayangnya tidak sempat mendokumentasikan pemandangan sekitar,krn keburu hujan 😃😃",,positif,namanya tenjo laut bahasa sunda di indonesiakan tenjo lihat laut laut sebenarnya yang kita lihat bukan laut tetapi waduk darma dari kejauhan ketinggian bukit cocok buat orang-orang yang ingin santai sambil ngopi2 dan nikmati hawa pegunungan udara segar akses jalan menuju lokasi tidak terlalu lebar jadi jika kita berpapasan dengan mobil enggak berlawanan atah salah 1 mbl harus mengalah untuk jalan mulus sayangnya tidak sempat mendokumentasikan pemandangan sekitar karena keburu hujan,0,0,0,1,0,positif,-,-,-
1234,Bumi Perkemahan Tenjo Laut,Bumi Perkemahan TNGC,5,"Tempat nge camp favorit sama keluarga ini mah.. Masuknya juga murah bangeet, tempatnya luas.. Klo malem dingiin banget, mushola, toilet bersih..",,positif,tempat nge camp favorit sama keluarga ini mah masuknya juga murah banget tempatnya luas kalo malam dingiin banget mushola toilet bersih,1,0,0,0,0,positif,-,-,-
1235,Bumi Perkemahan Tenjo Laut,Bumi Perkemahan TNGC,5,Tempat ngecamp bersama keluarga. Pesan tenda h-3 jika weekend. Hawa dingin pegunungan bawa jaket. Kamar mandi bersih ada hot water juga. Disediakan kayu bakar utk api unggun. View kota kuningan dan waduk darma terlihat di cakrawala. Pelayanan oke..ramah...jd nice weekend with family.,,positif,tempat ngecamp bersama keluarga pesan tenda h 3 jika weekend hawa dingin pegunungan bawa jaket kamar mandi bersih ada hot water juga disediakan kayu bakar untuk api unggun view kota kuningan dan waduk darma terlihat di cakrawala pelayanan oke ramah jadi nice weekend with family,1,0,1,0,0,positif,-,-,-
1236,Bumi Perkemahan Tenjo Laut,Bumi Perkemahan TNGC,5,"Camping ground yang bagus, fasilitas mandi cuci dan buang air nya lebih dari cukup, pelayanan baik, lokasi bagus dengan bentang pemandangan yang sangat bagus, glamping disini sangat direkomendasikan ... cekidot",,positif,camping ground yang bagus fasilitas mandi cuci dan buang air nya lebih dari cukup pelayanan baik lokasi bagus dengan bentang pemandangan yang sangat bagus glamping disini sangat direkomendasikan cekidot,1,0,0,0,0,positif,-,-,-
1237,Bumi Perkemahan Tenjo Laut,Bumi Perkemahan TNGC,5,Demi apapuunn keren bgt viewnyaaaa 😍😍😍💕💕💕 Semoga bs balik lg dengan kondisi toilet yg lebih baik lagii (bnyk lintah 🫠),,positif,demi apapuunn keren banget viewnyaaaa semoga bisa balik lagi dengan kondisi toilet yang lebih baik lagi banyak lintah,1,0,0,0,0,positif,-,-,-
1238,Bumi Perkemahan Tenjo Laut,Bumi Perkemahan TNGC,5,"Salah satu wisata pegunungan di kabupaten Kuningan yang wajib dikunjungi, jangan lupa untuk bawa air mineral dan cemilan karena pas Jumat kami kesana warungnya tutup.",,positif,salah satu wisata pegunungan di kabupaten kuningan yang wajib dikunjungi jangan lupa untuk bawa air mineral dan cemilan karena pas jumat kami kesana warungnya tutup,1,0,0,0,0,positif,-,-,-
1240,Bumi Perkemahan Tenjo Laut,Bumi Perkemahan TNGC,5,"Jauh jauh dari Jakarta terbayar dengan view yang bagus, camping bersama keluarga di tenjo laut nyaman. Tiket camping murah 20rb perorang dan balita tidak dikenakan tiket.",,positif,jauh jauh dari jakarta terbayar dengan view yang bagus camping bersama keluarga di tenjo laut nyaman tiket camping murah 20rb perorang dan balita tidak dikenakan tiket,0,0,0,0,1,positif,-,-,-
1244,Bumi Perkemahan Tenjo Laut,Bumi Perkemahan TNGC,5,"Datang untuk camp yang ke 4x nya  Mulai betah disini kayaknya deh, akses toilet mudah, musholla bersih",,positif,datang untuk camp yang ke 4x nya mulai betah disini kayaknya deh akses toilet mudah musholla bersih,1,0,0,0,0,positif,-,-,-
1246,Bumi Perkemahan Tenjo Laut,Bumi Perkemahan TNGC,5,Seru untuk camp bersama keluarga,,positif,seru untuk camp bersama keluarga,0,0,0,0,0,positif,-,-,-
1247,Bumi Perkemahan Tenjo Laut,Bumi Perkemahan TNGC,5,Area Camp luas dan toliet ada.  Adem dan sejuk itu yg kami cari.,,positif,area camp luas dan toliet ada adem dan sejuk itu yang kami cari,0,0,0,0,0,positif,-,-,-
1249,Bumi Perkemahan Tenjo Laut,Bumi Perkemahan TNGC,5,"Tempatnya sejuk nyaman dan terdapat tenda penyewaan bagi yg ingin mengenal... enak sekali udara dan tempat yang bersih. Toilet dan musholanya juga ada,sejukkkkk sekali pas untuk acara keluarga dan kantor juga pribadi juga bisa",,positif,tempatnya sejuk nyaman dan terdapat tenda penyewaan bagi yang ingin mengenal enak sekali udara dan tempat yang bersih toilet dan musholanya juga ada sejukkkkk sekali pas untuk acara keluarga dan kantor juga pribadi juga bisa,1,0,0,0,0,positif,-,-,-
1253,Bumi Perkemahan Tenjo Laut,Bumi Perkemahan TNGC,5,"Akses jalannya sudah bagus, tapi dengan jalan yang kecil, masih ada beberapa spot foto belum rampung,  tempat nyaman dengan udara yang sejuk,  cocok untuk wisata.",,positif,akses jalannya sudah bagus tapi dengan jalan yang kecil masih ada beberapa spot foto belum rampung tempat nyaman dengan udara yang sejuk cocok untuk wisata,0,0,0,1,0,positif,-,-,-
1254,Bumi Perkemahan Tenjo Laut,Bumi Perkemahan TNGC,5,"Tenjo Laut ini berlokasi di Dusun Palutungan, Desa Cisantana, Kecamatan Cigugur. Tempatnya cukup sejuk,bersih,segar. Selain itu tempat ini cocok banget untuk pergi berlibur,berkemah bersama keluarga,teman ataupun sahabat. Pemandangan disini juga sangat bagus banget,menyajikan pemandangan kota Kuningan,lereng gunung Ciremai,dll. Untuk harga tiketnya lumayan terjangkau kurang dari 20k,pokoknya seru banget....",,positif,tenjo laut ini berlokasi di dusun palutungan desa cisantana kecamatan cigugur tempatnya cukup sejuk bersih segar selain itu tempat ini cocok banget untuk pergi berlibur berkemah bersama keluarga teman ataupun sahabat pemandangan disini juga sangat bagus banget menyajikan pemandangan kota kuningan lereng gunung ciremai dll untuk harga tiketnya lumayan terjangkau kurang dari 20k pokoknya seru banget,0,0,0,0,1,positif,-,-,-
1255,Bumi Perkemahan Tenjo Laut,Bumi Perkemahan TNGC,5,"Bumi perkemahan yg tdk terlalu luas. Fasilitas lumayan: toilet, musholla, warung, parkir, obyek instagrammable",,positif,bumi perkemahan yang tidak terlalu luas fasilitas lumayan toilet musholla warung parkir obyek instagrammable,1,0,0,0,1,positif,-,-,-
1256,Bumi Perkemahan Tenjo Laut,Bumi Perkemahan TNGC,5,"Ke cafe yg ad disini, nyaman, udara segar bnyak pilihan makanan dan minuman dengan harga standar",,positif,ke cafe yang ada disini nyaman udara segar banyak pilihan makanan dan minuman dengan harga standar,0,0,0,0,1,positif,-,-,-
1259,Bumi Perkemahan Tenjo Laut,Bumi Perkemahan TNGC,5,"Fasilitas lengkapp spot foto banyak, warung ada, mantapp dah",,positif,fasilitas lengkap spot foto banyak warung ada mantap deh,0,0,0,0,1,positif,-,-,-
1261,Bumi Perkemahan Tenjo Laut,Bumi Perkemahan TNGC,5,Tempat nya asik banget buat acara2 camp bareng temen2.. Kabut nya juga oke banget😍 bikin betah😍,,positif,tempat nya asik banget buat acara2 camp bareng teman-teman kabut nya juga oke banget bikin betah,0,0,0,0,0,positif,-,-,-
1262,Bumi Perkemahan Tenjo Laut,Bumi Perkemahan TNGC,5,"Sangat asyik jika camp di bawah,cuman syng skrng ada cafe lokasi di bawah jd tempat camp ground atau buat campervan terbatas..gk kaya dulu Tenjo laut nya.. Karena sy camp di Tenjo laut dulu paling sering camp..mau weekdays atau weekend sampai pengelola dulu pada tau sama sy😁saking sering nya camp di Tenjo laut",,positif,sangat asyik jika camp di bawah cuman sayang sekarang ada cafe lokasi di bawah jadi tempat camp ground atau buat campervan terbatas enggak kayak dulu tenjo laut nya karena saya camp di tenjo laut dulu paling sering camp mau weekdays atau weekend sampai pengelola dulu pada tau sama saya saking sering nya camp di tenjo laut,0,0,0,0,0,positif,-,-,-
1266,Bumi Perkemahan Tenjo Laut,Bumi Perkemahan TNGC,5,Bagus buat camp apalagi ada city lights tapi menurut aku jangan di area atas knp? Dingin bgt weh,,positif,bagus buat camp apalagi ada city lights tapi menurut aku jangan di area atas kenapa dingin banget weh,0,0,0,0,0,positif,-,-,-
1271,Bumi Perkemahan Tenjo Laut,Bumi Perkemahan TNGC,5,Tempat yg cocok buat camp,,positif,tempat yang cocok buat camp,0,0,0,0,0,positif,-,-,-
1273,Bumi Perkemahan Tenjo Laut,Bumi Perkemahan TNGC,5,"Nggak mau pulang kalau berada disini,hawanya sejuk tempatnya bagur, bersih tiket masuknya murah.",,positif,enggak mau pulang kalau berada disini hawanya sejuk tempatnya bagur bersih tiket masuknya murah,0,0,0,0,1,positif,-,-,-
1275,Bumi Perkemahan Tenjo Laut,Bumi Perkemahan TNGC,5,1 jalur dengan ipukan  . . .di daerah kuningan palutungan yes . . . . Banyak kafe juga di mari  . . .,,positif,1 jalur dengan ipukan di daerah kuningan palutungan yes banyak kafe juga di mari,0,0,0,1,0,positif,-,-,-
1282,Bumi Perkemahan Tenjo Laut,Bumi Perkemahan TNGC,5,"Sejauh ini tempat glamping paling ok walaupun tempatnya relatif sederhana. Tenda bersih, harga bersahabat, toilet bersih. Yang pasti pelayanannya yang sangat baik. Barang-barang bisa minta dibawakan. Makan malam bisa pesan dengan harga yang tidak terlalu mahal.",,positif,sejauh ini tempat glamping paling ok walaupun tempatnya relatif sederhana tenda bersih harga bersahabat toilet bersih yang pasti pelayanannya yang sangat baik barang barang bisa meminta dibawakan makan malam bisa pesan dengan harga yang tidak terlalu mahal,1,0,0,0,1,positif,-,-,-
1283,Bumi Perkemahan Tenjo Laut,Bumi Perkemahan TNGC,5,Suasana pas untuk camp bersama keluarga..,,positif,suasana pas untuk camp bersama keluarga,0,0,0,0,0,positif,-,-,-
1284,Bumi Perkemahan Tenjo Laut,Bumi Perkemahan TNGC,5,Tempat Camp yang nyaman. Ada colokan. 😁,,positif,tempat camp yang nyaman ada colokan,0,0,0,0,0,positif,-,-,-
1288,Bumi Perkemahan Tenjo Laut,Bumi Perkemahan TNGC,5,Hanya enak buat camp si kalo menurut saya,,positif,hanya enak buat camp sih kalo menurut saya,0,0,0,0,0,positif,-,-,-
1289,Bumi Perkemahan Tenjo Laut,Bumi Perkemahan TNGC,5,"OW tenjolaut memang luar biasa, view-nya indah sejauh mata memandang, pasititas penerangan, listrik, WC, cukup menunjang. Tiket juga Murmer. Khusus untuk listrik pertahankan,jangan seperti di tempat sebelah minta listrik kena 50K. Padahal cum buat 1 lampu saja dan itu termasuk pasilitas yg emang harus disediakan.",,positif,ow tenjolaut memang luar biasa view nya indah sejauh mata memandang pasititas penerangan listrik wc cukup menunjang tiket juga murah meriah khusus untuk listrik pertahankan jangan seperti di tempat sebelah meminta listrik kena 50k padahal cum buat 1 lampu saja dan itu termasuk pasilitas yang memang harus disediakan,1,0,0,0,1,positif,-,-,-
1296,Bumi Perkemahan Tenjo Laut,Bumi Perkemahan TNGC,5,"Asli nyaman,sejuk,mbetai nggak mau beranjak kalau sudah di tempat ini.Tanda masuk dua orang plus parkir motor 45000.",,positif,asli nyaman sejuk mbetai enggak mau beranjak kalau sudah di tempat ini tanda masuk dua orang plus parkir motor 45000,0,0,0,0,1,positif,-,-,-
1298,Bumi Perkemahan Tenjo Laut,Bumi Perkemahan TNGC,5,Tiket masuknya murah meriah. Viewnya bagus. Suasananya alami dan asri. Bikin betah.,,positif,tiket masuknya murah meriah viewnya bagus suasananya alami dan asri bikin betah,0,0,0,0,1,positif,-,-,-
1300,Bumi Perkemahan Tenjo Laut,Bumi Perkemahan TNGC,5,"Lokasinya masih sangat asri karena berada di tengah-tengah pohon pinus, ada beberapa spot foto selfie buat yang instagramable, ada saung, ada musholla, tempat wudhu, mck, kantin/ warung.",,positif,lokasinya masih sangat asri karena berada di tengah tengah pohon pinus ada beberapa spot foto selfie buat yang instagramable ada saung ada musholla tempat wudhu mck kantin warung,1,0,0,0,1,positif,-,-,-
1302,Bumi Perkemahan Tenjo Laut,Bumi Perkemahan TNGC,5,Tempat camp yg mantap,,positif,tempat camp yang mantap,0,0,0,0,0,positif,-,-,-
1308,Bumi Perkemahan Tenjo Laut,Bumi Perkemahan TNGC,5,"recommended jadi tempat liburan maupun camp, tempat parkir luas, tempatnya sejuk dan terdapat mushola",,positif,recommended jadi tempat liburan maupun camp tempat parkir luas tempatnya sejuk dan terdapat mushola,0,0,0,0,1,positif,-,-,-
1314,Bumi Perkemahan Tenjo Laut,Bumi Perkemahan TNGC,4,"Dingiiin 😄 Suasana kebun pinus, cocok buat camping atau kegiatan outdoor ramean. Aksesnya mudah dan tempat parkir luas. View ke waduk darma nya kereeen 🙏 Diajurkan bawa bekal makan sendiri biar ngga cape ~",,positif,dingiiin suasana kebun pinus cocok buat camping atau kegiatan outdoor ramean aksesnya mudah dan tempat parkir luas view ke waduk darma nya keren diajurkan bawa bekal makan sendiri biar enggak capek,0,0,0,0,1,positif,-,-,-
1323,Bumi Perkemahan Tenjo Laut,Bumi Perkemahan TNGC,5,Mohon ditertibkan untuk parkir,,positif,mohon ditertibkan untuk parkir,0,0,0,0,1,positif,-,-,-
1336,Bumi Perkemahan Ipukan,Bumi Perkemahan TNGC,1,"Tidak sesuai apa yg di harapkan, baru dtng jauh"" malah berdebat masalah lapak tenda, sama sesama pengunjung, pengolah tenda bikin tidak nyaman, jd pd saat itu kita pergi dan cari camp lain. Yg bikin nyaman",,negatif,tidak sesuai apa yang di harapkan baru dtng jauh malah berdebat masalah lapak tenda sama sesama pengunjung pengolah tenda bikin tidak nyaman jadi pada saat itu kita pergi dan cari camp lain yang bikin nyaman,0,0,0,0,0,negatif,Monitoring berkala kepuasan operasional.,Evaluasi berkala kepuasan pengunjung.,Alokasi anggaran tahunan Balai TNGC.
1337,Bumi Perkemahan Ipukan,Bumi Perkemahan TNGC,1,"Minus double  : Yg membuat bintang satu, PARKIR DI PUNGLI LAGI PREMAN 10 RB, padahal info dari yg bayar di awal sudah  termasuk harga parkir, knapa saya bilang pungli preman, dia minta parkir tanpa TIKET. Minus : WC kotor, sumbat, mungkin pas banyak yg berkunjung. Sewa tenda Mahal, 300 rb per malam Jajanan ada 24 jam, cuma agak mahal air satu termos 10rb, mie tanpa telor 10 ribu, ya kalo kelas wisata wajar lah Plus : Tempat camp bersih Pemandangan nya bagus Jual makanan banyak 24 Jam Sewa tenda banyak stock Mushola ada dan luas",,negatif,minus double yang membuat bintang satu parkir di biaya liar lagi preman 10 ribu padahal info dari yang bayar di awal sudah termasuk harga parkir knapa saya bilang biaya liar preman dia meminta parkir tanpa tiket minus wc kotor sumbat mungkin pas banyak yang berkunjung sewa tenda mahal 300 ribu per malam jajanan ada 24 jam cuma agak mahal air satu termos 10rb mie tanpa telor 10 ribu ya kalo kelas wisata wajar lah plus tempat camp bersih pemandangan nya bagus jual makanan banyak 24 jam sewa tenda banyak stock mushola ada dan luas,1,1,0,0,1,negatif,"[Toilet Sanitasi]: Jadwal sanitasi toilet basecamp minimum 3 kali sehari dan jaminan ketersediaan air bersih serta sabun cuci tangan. 
[Sampah Kebersihan]: Distribusi kantong sampah wajib terdata saat registrasi simaksi dan pengetatan inspeksi checklist sampah saat checkout. 
[Biaya Logistik]: Pemasangan papan informasi resmi rincian tarif tiket, asuransi, tes kesehatan, dan retribusi parkir di gerbang masuk basecamp.","[Toilet Sanitasi]: Pipanisasi permanen perbaikan jalur air dari mata air terdekat ke pos sanitasi dan renovasi bilik pintu rusak di Palutungan dan Apuy. 
[Sampah Kebersihan]: Penyediaan titik pengumpulan karung sampah pilah di setiap pos bayangan dan program operasi pembersihan gunung berkala. 
[Biaya Logistik]: Penertiban dan standarisasi tarif batas atas angkutan transit (truk/mobil bak Sadarehe) dan panduan harga warung logistik pos.","[Toilet Sanitasi]: Pembangunan unit eco-toilet berbasis pengomposan mandiri di pos ketinggian (>2000 mdpl) untuk mencegah pencemaran semak dan sumber air. 
[Sampah Kebersihan]: Implementasi sistem deposit jaminan sampah digital terintegrasi aplikasi simaksi TNGC dan pusat pengolahan sampah lingkar Ciremai. 
[Biaya Logistik]: Paket ekowisata terpadu (tiket simaksi, tes kesehatan, makan produk UMKM lokal, transportasi) dalam satu platform digital TNGC."
1338,Bumi Perkemahan Ipukan,Bumi Perkemahan TNGC,1,"Tempatnya nyaman hanya saja kurang tertata area parkir dan tempat sampahnya  Sehingga terlihat kumuh  Sangat sangat kecewa ketika saya menjajal kemping 1 malam di ipukan,  Tak ada petugas baik menegur atau melarang pengunjung yg bermain kembang api atau petasan di area perkemahan,  padahal percikan dari kembang api berpotensi membakar tenda pengunjung,  selain itu juga bunyi ledakan kembang api sangat mengganggu  Di tambah lagi,  banyak yang membawa miras  Kedepannya semoga lebih baik lagi dalam pengawasan terutama terhadap pengunjung yang membawa kembang api",,negatif,tempatnya nyaman hanya saja kurang tertata area parkir dan tempat sampahnya sehingga terlihat kumuh sangat sangat kecewa ketika saya menjajal kemping 1 malam di ipukan tak ada petugas baik menegur atau melarang pengunjung yang bermain kembang api atau petasan di area perkemahan padahal percikan dari kembang api berpotensi membakar tenda pengunjung selain itu juga bunyi ledakan kembang api sangat mengganggu di tambah lagi banyak yang membawa miras kedepannya semoga lebih baik lagi dalam pengawasan terutama terhadap pengunjung yang membawa kembang api,0,0,1,0,1,negatif,"[Pelayanan Ranger]: Standarisasi standar operasional prosedur keramahan petugas loket dan customer service WhatsApp basecamp serta penambahan personel saat akhir pekan. 
[Biaya Logistik]: Pemasangan papan informasi resmi rincian tarif tiket, asuransi, tes kesehatan, dan retribusi parkir di gerbang masuk basecamp.","[Pelayanan Ranger]: Peningkatan kapasitas infrastruktur server booking simaksi online bebas down dan pelatihan hospitality bagi volunteer dan ranger pos. 
[Biaya Logistik]: Penertiban dan standarisasi tarif batas atas angkutan transit (truk/mobil bak Sadarehe) dan panduan harga warung logistik pos.","[Pelayanan Ranger]: Implementasi smart gate otomatis mandiri berbasis scan barcode terintegrasi e-KTP dan sertifikasi kompetensi ranger pemandu nasional. 
[Biaya Logistik]: Paket ekowisata terpadu (tiket simaksi, tes kesehatan, makan produk UMKM lokal, transportasi) dalam satu platform digital TNGC."
1339,Bumi Perkemahan Ipukan,Bumi Perkemahan TNGC,1,Sangat tidak nyaman. Tidak ada petugas yg negur saat soud nyala di atas jam 12 .Toilet berbayar. Jajanan mahal. Rokok mahal . Sebaiknya di evaluasi  untuk lebih baik. Tidak semua yg datang sini untuk bersenang ria. Kadang juga ada yg memerlukan ketentraman dan kesunyian. TIDAK REKOMEN. MENDING DLAMPING KIDANG . ATAU TELAGA SURIAN,,negatif,sangat tidak nyaman tidak ada petugas yang negur saat soud nyala di atas jam 12 toilet berbayar jajanan mahal rokok mahal sebaiknya di evaluasi untuk lebih baik tidak semua yang datang sini untuk bersenang ria kadang juga ada yang memerlukan ketentraman dan kesunyian tidak rekomen mending dlamping kidang atau telaga surian,1,0,1,0,1,negatif,"[Toilet Sanitasi]: Jadwal sanitasi toilet basecamp minimum 3 kali sehari dan jaminan ketersediaan air bersih serta sabun cuci tangan. 
[Pelayanan Ranger]: Standarisasi standar operasional prosedur keramahan petugas loket dan customer service WhatsApp basecamp serta penambahan personel saat akhir pekan. 
[Biaya Logistik]: Pemasangan papan informasi resmi rincian tarif tiket, asuransi, tes kesehatan, dan retribusi parkir di gerbang masuk basecamp.","[Toilet Sanitasi]: Pipanisasi permanen perbaikan jalur air dari mata air terdekat ke pos sanitasi dan renovasi bilik pintu rusak di Palutungan dan Apuy. 
[Pelayanan Ranger]: Peningkatan kapasitas infrastruktur server booking simaksi online bebas down dan pelatihan hospitality bagi volunteer dan ranger pos. 
[Biaya Logistik]: Penertiban dan standarisasi tarif batas atas angkutan transit (truk/mobil bak Sadarehe) dan panduan harga warung logistik pos.","[Toilet Sanitasi]: Pembangunan unit eco-toilet berbasis pengomposan mandiri di pos ketinggian (>2000 mdpl) untuk mencegah pencemaran semak dan sumber air. 
[Pelayanan Ranger]: Implementasi smart gate otomatis mandiri berbasis scan barcode terintegrasi e-KTP dan sertifikasi kompetensi ranger pemandu nasional. 
[Biaya Logistik]: Paket ekowisata terpadu (tiket simaksi, tes kesehatan, makan produk UMKM lokal, transportasi) dalam satu platform digital TNGC."
1341,Bumi Perkemahan Ipukan,Bumi Perkemahan TNGC,1,"Ini tempat camping kebanyakan bayar Wc jorok kaya gitu aja bayar mulu ditungguin penunggu wc mending klo bersih. Klo bayar wc nya namanya bukan fasilitas.. Udah gt Tulisanya si pemeliharaan toilet tp nyatanya toilet kotor gk perna ada tanda tanda dibersihin...  Kita ini camping kebanyang ke wc berapa kali.. Pantesan pada lari ke lamping kidang yg gk jauh dari ipukan, wc nya lbih bagus gratis pula..  Gk ada jin penunggu wc.. Oh ya 1 lagi tempat cas an gak ada ya ada si tapi kita kudu sewa 25k jam 6 pagi dimatikan listriknya, klo gk sewa jgn harap anda dpt lobang listrik. Kapok si camp disini..  Udah pindah ke ipukan aja yg free wc",,negatif,ini tempat camping kebanyakan bayar wc jorok kayak begitu saja bayar mulu ditungguin penunggu wc mending kalo bersih kalo bayar wc nya namanya bukan fasilitas sudah begitu tulisanya sih pemeliharaan toilet tapi nyatanya toilet kotor enggak pernah ada tanda tanda dibersihin kita ini camping kebanyang ke wc berapa kali pantesan pada lari ke lamping kidang yang enggak jauh dari ipukan wc nya lebih bagus gratis pula enggak ada jin penunggu wc oh ya 1 lagi tempat cas an enggak ada ya ada sih tapi kita kudu sewa 25k jam 6 pagi dimatikan listriknya kalo enggak sewa jangan harap anda dapat lobang listrik kapok sih camp disini sudah pindah ke ipukan saja yang free wc,1,1,0,0,0,negatif,"[Toilet Sanitasi]: Jadwal sanitasi toilet basecamp minimum 3 kali sehari dan jaminan ketersediaan air bersih serta sabun cuci tangan. 
[Sampah Kebersihan]: Distribusi kantong sampah wajib terdata saat registrasi simaksi dan pengetatan inspeksi checklist sampah saat checkout.","[Toilet Sanitasi]: Pipanisasi permanen perbaikan jalur air dari mata air terdekat ke pos sanitasi dan renovasi bilik pintu rusak di Palutungan dan Apuy. 
[Sampah Kebersihan]: Penyediaan titik pengumpulan karung sampah pilah di setiap pos bayangan dan program operasi pembersihan gunung berkala.","[Toilet Sanitasi]: Pembangunan unit eco-toilet berbasis pengomposan mandiri di pos ketinggian (>2000 mdpl) untuk mencegah pencemaran semak dan sumber air. 
[Sampah Kebersihan]: Implementasi sistem deposit jaminan sampah digital terintegrasi aplikasi simaksi TNGC dan pusat pengolahan sampah lingkar Ciremai."
1343,Bumi Perkemahan Ipukan,Bumi Perkemahan TNGC,1,"Sangat tidak rekomen untuk kemping disini,bagi yang cari suasana tenang damai.Tidur gak bisa BERISIK PARAH,MUSIC SALON AKTIF SAMPE SUBUH,tidak ada petugas yang bisa komplain.kalau sekedar sampe jam 12 malam sih gak pa2.",,negatif,sangat tidak rekomen untuk kemping disini bagi yang cari suasana tenang damai tidur enggak bisa berisik parah music salon aktif sampai subuh tidak ada petugas yang bisa komplain kalau sekedar sampai jam 12 malam sih enggak apa-apa,0,0,1,0,0,negatif,[Pelayanan Ranger]: Standarisasi standar operasional prosedur keramahan petugas loket dan customer service WhatsApp basecamp serta penambahan personel saat akhir pekan.,[Pelayanan Ranger]: Peningkatan kapasitas infrastruktur server booking simaksi online bebas down dan pelatihan hospitality bagi volunteer dan ranger pos.,[Pelayanan Ranger]: Implementasi smart gate otomatis mandiri berbasis scan barcode terintegrasi e-KTP dan sertifikasi kompetensi ranger pemandu nasional.
1344,Bumi Perkemahan Ipukan,Bumi Perkemahan TNGC,1,"Tolong dong pengurus nya, itu di tiket kan udah termasuk sama parkir ,ko pas mau keluar parkiran ada yg minta uang parkir 5k permotor,mana maksa lagi ,tolong di tertibkan yg begitu , udah nyaman sama tempat tapi ada aja yg ngerusak nya",,negatif,tolong dong pengurus nya itu di tiket kan sudah termasuk sama parkir kok pas mau keluar parkiran ada yang meminta uang parkir 5k permotor mana maksa lagi tolong di tertibkan yang begitu sudah nyaman sama tempat tapi ada saja yang ngerusak nya,0,0,0,0,1,negatif,"[Biaya Logistik]: Pemasangan papan informasi resmi rincian tarif tiket, asuransi, tes kesehatan, dan retribusi parkir di gerbang masuk basecamp.",[Biaya Logistik]: Penertiban dan standarisasi tarif batas atas angkutan transit (truk/mobil bak Sadarehe) dan panduan harga warung logistik pos.,"[Biaya Logistik]: Paket ekowisata terpadu (tiket simaksi, tes kesehatan, makan produk UMKM lokal, transportasi) dalam satu platform digital TNGC."
1346,Bumi Perkemahan Ipukan,Bumi Perkemahan TNGC,1,"Fasilitas tidak sesuai perjanjian, ada yg tidak disediakan, tapi minta dibayar full tanpa kompensasi. Tidak siap menerima rombongan. 1 tenda buat 5 orang isinya 3 matras kecil (bayangin aja sendiri). Fasilitas snack rombongan malah diambil pengelola dan dijual ke pengunjung lain. Yang bagus hanya pemandangannya saja. Terima kasih",,negatif,fasilitas tidak sesuai perjanjian ada yang tidak disediakan tapi meminta dibayar full tanpa kompensasi tidak siap menerima rombongan 1 tenda buat 5 orang isinya 3 matras kecil bayangkan saja sendiri fasilitas snack rombongan malah diambil pengelola dan dijual ke pengunjung lain yang bagus hanya pemandangannya saja terima kasih,0,0,0,0,0,negatif,Monitoring berkala kepuasan operasional.,Evaluasi berkala kepuasan pengunjung.,Alokasi anggaran tahunan Balai TNGC.
1347,Bumi Perkemahan Ipukan,Bumi Perkemahan TNGC,1,"Sampah berserakan dimana-mana, banyak pemuda mabuk-mabukan, pengelola kecolongan",,negatif,sampah berserakan dimana mana banyak pemuda mabuk mabukan pengelola kecolongan,0,1,0,0,0,negatif,[Sampah Kebersihan]: Distribusi kantong sampah wajib terdata saat registrasi simaksi dan pengetatan inspeksi checklist sampah saat checkout.,[Sampah Kebersihan]: Penyediaan titik pengumpulan karung sampah pilah di setiap pos bayangan dan program operasi pembersihan gunung berkala.,[Sampah Kebersihan]: Implementasi sistem deposit jaminan sampah digital terintegrasi aplikasi simaksi TNGC dan pusat pengolahan sampah lingkar Ciremai.
1348,Bumi Perkemahan Ipukan,Bumi Perkemahan TNGC,1,"Saya menginap tgl 21 maret 2019. Tp sayang masih dikenakan biaya masuk per org sama biaya parkir hrsnya sdh include, kamar mandi jg kotor.",,negatif,saya menginap tanggal 21 maret 2019 tapi sayang masih dikenakan biaya masuk per orang sama biaya parkir harusnya sudah include kamar mandi juga kotor,1,1,0,0,1,negatif,"[Toilet Sanitasi]: Jadwal sanitasi toilet basecamp minimum 3 kali sehari dan jaminan ketersediaan air bersih serta sabun cuci tangan. 
[Sampah Kebersihan]: Distribusi kantong sampah wajib terdata saat registrasi simaksi dan pengetatan inspeksi checklist sampah saat checkout. 
[Biaya Logistik]: Pemasangan papan informasi resmi rincian tarif tiket, asuransi, tes kesehatan, dan retribusi parkir di gerbang masuk basecamp.","[Toilet Sanitasi]: Pipanisasi permanen perbaikan jalur air dari mata air terdekat ke pos sanitasi dan renovasi bilik pintu rusak di Palutungan dan Apuy. 
[Sampah Kebersihan]: Penyediaan titik pengumpulan karung sampah pilah di setiap pos bayangan dan program operasi pembersihan gunung berkala. 
[Biaya Logistik]: Penertiban dan standarisasi tarif batas atas angkutan transit (truk/mobil bak Sadarehe) dan panduan harga warung logistik pos.","[Toilet Sanitasi]: Pembangunan unit eco-toilet berbasis pengomposan mandiri di pos ketinggian (>2000 mdpl) untuk mencegah pencemaran semak dan sumber air. 
[Sampah Kebersihan]: Implementasi sistem deposit jaminan sampah digital terintegrasi aplikasi simaksi TNGC dan pusat pengolahan sampah lingkar Ciremai. 
[Biaya Logistik]: Paket ekowisata terpadu (tiket simaksi, tes kesehatan, makan produk UMKM lokal, transportasi) dalam satu platform digital TNGC."
1352,Bumi Perkemahan Ipukan,Bumi Perkemahan TNGC,1,Tukang parkir dadakan ngentottttt,,negatif,tukang parkir dadakan ngentottttt,0,0,0,0,1,negatif,"[Biaya Logistik]: Pemasangan papan informasi resmi rincian tarif tiket, asuransi, tes kesehatan, dan retribusi parkir di gerbang masuk basecamp.",[Biaya Logistik]: Penertiban dan standarisasi tarif batas atas angkutan transit (truk/mobil bak Sadarehe) dan panduan harga warung logistik pos.,"[Biaya Logistik]: Paket ekowisata terpadu (tiket simaksi, tes kesehatan, makan produk UMKM lokal, transportasi) dalam satu platform digital TNGC."
1354,Bumi Perkemahan Ipukan,Bumi Perkemahan TNGC,1,"Review jujur, sebetulnya tempatnya asri, sejuk, tapi saya kira htm 20k itu sudah include semuanya, ternyata masuk curug payung dan parkir bayar, curug 5k, parkir 3k totalnya 28k, kecewa sih masih ada pungli",,negatif,review jujur sebetulnya tempatnya asri sejuk tapi saya kira htm 20k itu sudah include semuanya ternyata masuk curug payung dan parkir bayar curug 5k parkir 3k totalnya 28k kecewa sih masih ada biaya liar,0,0,0,0,1,negatif,"[Biaya Logistik]: Pemasangan papan informasi resmi rincian tarif tiket, asuransi, tes kesehatan, dan retribusi parkir di gerbang masuk basecamp.",[Biaya Logistik]: Penertiban dan standarisasi tarif batas atas angkutan transit (truk/mobil bak Sadarehe) dan panduan harga warung logistik pos.,"[Biaya Logistik]: Paket ekowisata terpadu (tiket simaksi, tes kesehatan, makan produk UMKM lokal, transportasi) dalam satu platform digital TNGC."
1355,Bumi Perkemahan Ipukan,Bumi Perkemahan TNGC,2,"Fasilitas WC harus diperbaiki biar tdk kumuh dan jorok. Jalan dari gerbang masuk ke Lokasi harus di lebarkan jadi 6M. Lokasi Parkir kendaraan, diperluas.",,negatif,fasilitas wc harus diperbaiki biar tidak kumuh dan jorok jalan dari gerbang masuk ke lokasi harus di lebarkan jadi 6m lokasi parkir kendaraan diperluas,1,0,0,1,1,negatif,"[Toilet Sanitasi]: Jadwal sanitasi toilet basecamp minimum 3 kali sehari dan jaminan ketersediaan air bersih serta sabun cuci tangan. 
[Biaya Logistik]: Pemasangan papan informasi resmi rincian tarif tiket, asuransi, tes kesehatan, dan retribusi parkir di gerbang masuk basecamp. 
[Jalur Trek]: Pemasangan pita reflektif fosfor penanda jalur malam dan penggantian tali pengaman webbing yang putus atau lapuk di titik terjal.","[Toilet Sanitasi]: Pipanisasi permanen perbaikan jalur air dari mata air terdekat ke pos sanitasi dan renovasi bilik pintu rusak di Palutungan dan Apuy. 
[Biaya Logistik]: Penertiban dan standarisasi tarif batas atas angkutan transit (truk/mobil bak Sadarehe) dan panduan harga warung logistik pos. 
[Jalur Trek]: Pembuatan undakan kayu atau batu penahan erosi tanah di tanjakan terjal dan peremajaan plang penunjuk kilometer anti-cuaca.","[Toilet Sanitasi]: Pembangunan unit eco-toilet berbasis pengomposan mandiri di pos ketinggian (>2000 mdpl) untuk mencegah pencemaran semak dan sumber air. 
[Biaya Logistik]: Paket ekowisata terpadu (tiket simaksi, tes kesehatan, makan produk UMKM lokal, transportasi) dalam satu platform digital TNGC. 
[Jalur Trek]: Sistem buka-tutup jalur berkala berbasis daya dukung lingkungan untuk pemulihan vegetasi dan penetapan jalur evakuasi helipad darurat."
1356,Bumi Perkemahan Ipukan,Bumi Perkemahan TNGC,2,Pemandangan ok..  kemping disini kecewa karena ada oknum yx mintain bayar nyolok listrik..padahal bawa roll/lampu sendiri di tarif nya lumayan mahal 25rb.. Terkecuali menyewa roll dan lampu bayar jg wajar..  Selama berkelana kemping baru disini di mintain listrik ..  Mohon di perbaiki bagi pengelola..untuk yx lain masih wajar.. Htm 20/org dws Parkir 5rb motor,,negatif,pemandangan ok kemping disini kecewa karena ada oknum yx mintain bayar nyolok listrik padahal bawa roll lampu sendiri di tarif nya lumayan mahal 25rb terkecuali menyewa roll dan lampu bayar juga wajar selama berkelana kemping baru disini di mintain listrik mohon di perbaiki bagi pengelola untuk yx lain masih wajar htm 20 orang dws parkir 5rb motor,0,0,0,0,1,negatif,"[Biaya Logistik]: Pemasangan papan informasi resmi rincian tarif tiket, asuransi, tes kesehatan, dan retribusi parkir di gerbang masuk basecamp.",[Biaya Logistik]: Penertiban dan standarisasi tarif batas atas angkutan transit (truk/mobil bak Sadarehe) dan panduan harga warung logistik pos.,"[Biaya Logistik]: Paket ekowisata terpadu (tiket simaksi, tes kesehatan, makan produk UMKM lokal, transportasi) dalam satu platform digital TNGC."
1357,Bumi Perkemahan Ipukan,Bumi Perkemahan TNGC,2,"Umumnya bagus. Kebersihan cukup terjaga. Udara bersih. Pemandangan bagus. Air terjun sangat bagus. Kalau mau camping lebih baik bawa tenda sendiri atau sewa tenda yang di warung. Pengalaman saya ternoda. Ada camping ground yang sewa in tenda dengan harga yang lebih mahal dari hotel bintang 3, yang terus terang sangat minim fasilitas. Cuma dapat kasur ma seliimut. Tidak ada air minum. Bahkan di dalamnya include breakfast kami tidak mendapatkan nya. Yang bikin ternganga tiket masuk juga ikut ditagih. Dikira udah termasuk biaya nginep. Duh untuk harga segitu sangat tidak worth it. Saya dapat fasilitas yang lebih baik di tempat lain dengan harga yang jauh lebih murah.",,negatif,umumnya bagus kebersihan cukup terjaga udara bersih pemandangan bagus air terjun sangat bagus kalau mau camping lebih baik bawa tenda sendiri atau sewa tenda yang di warung pengalaman saya ternoda ada camping ground yang sewa ini tenda dengan harga yang lebih mahal dari hotel bintang 3 yang terus terang sangat minim fasilitas cuma dapat kasur sama seliimut tidak ada air minum bahkan di dalamnya include breakfast kami tidak mendapatkan nya yang bikin ternganga tiket masuk juga ikut ditagih dikira sudah termasuk biaya nginep duh untuk harga segitu sangat tidak worth itu saya dapat fasilitas yang lebih baik di tempat lain dengan harga yang jauh lebih murah,1,1,0,0,1,negatif,"[Toilet Sanitasi]: Jadwal sanitasi toilet basecamp minimum 3 kali sehari dan jaminan ketersediaan air bersih serta sabun cuci tangan. 
[Sampah Kebersihan]: Distribusi kantong sampah wajib terdata saat registrasi simaksi dan pengetatan inspeksi checklist sampah saat checkout. 
[Biaya Logistik]: Pemasangan papan informasi resmi rincian tarif tiket, asuransi, tes kesehatan, dan retribusi parkir di gerbang masuk basecamp.","[Toilet Sanitasi]: Pipanisasi permanen perbaikan jalur air dari mata air terdekat ke pos sanitasi dan renovasi bilik pintu rusak di Palutungan dan Apuy. 
[Sampah Kebersihan]: Penyediaan titik pengumpulan karung sampah pilah di setiap pos bayangan dan program operasi pembersihan gunung berkala. 
[Biaya Logistik]: Penertiban dan standarisasi tarif batas atas angkutan transit (truk/mobil bak Sadarehe) dan panduan harga warung logistik pos.","[Toilet Sanitasi]: Pembangunan unit eco-toilet berbasis pengomposan mandiri di pos ketinggian (>2000 mdpl) untuk mencegah pencemaran semak dan sumber air. 
[Sampah Kebersihan]: Implementasi sistem deposit jaminan sampah digital terintegrasi aplikasi simaksi TNGC dan pusat pengolahan sampah lingkar Ciremai. 
[Biaya Logistik]: Paket ekowisata terpadu (tiket simaksi, tes kesehatan, makan produk UMKM lokal, transportasi) dalam satu platform digital TNGC."
1358,Bumi Perkemahan Ipukan,Bumi Perkemahan TNGC,2,Akses jalan menuju buper msh krg bagus. Tiket masuk 15rb parikir 2rb.. Sebenernya sih tiketnya 10rb yg 5rb tiket untuk berkemah.. Per malam.. Harusnya sih ga langsung digabung tiketnya.. Tempat nya bagus.. Cukup luas.. Ada tenda yg udah jadi juga.. Deket dg curug.. Toilet banyak.. Warung jg banyak.. Dg harga standar..,,negatif,akses jalan menuju buper masih krg bagus tiket masuk 15rb parikir 2rb sebenarnya sih tiketnya 10rb yang 5rb tiket untuk berkemah per malam harusnya sih enggak langsung digabung tiketnya tempat nya bagus cukup luas ada tenda yang sudah jadi juga dekat dengan curug toilet banyak warung juga banyak dengan harga standar,1,0,0,1,1,negatif,"[Toilet Sanitasi]: Jadwal sanitasi toilet basecamp minimum 3 kali sehari dan jaminan ketersediaan air bersih serta sabun cuci tangan. 
[Biaya Logistik]: Pemasangan papan informasi resmi rincian tarif tiket, asuransi, tes kesehatan, dan retribusi parkir di gerbang masuk basecamp. 
[Jalur Trek]: Pemasangan pita reflektif fosfor penanda jalur malam dan penggantian tali pengaman webbing yang putus atau lapuk di titik terjal.","[Toilet Sanitasi]: Pipanisasi permanen perbaikan jalur air dari mata air terdekat ke pos sanitasi dan renovasi bilik pintu rusak di Palutungan dan Apuy. 
[Biaya Logistik]: Penertiban dan standarisasi tarif batas atas angkutan transit (truk/mobil bak Sadarehe) dan panduan harga warung logistik pos. 
[Jalur Trek]: Pembuatan undakan kayu atau batu penahan erosi tanah di tanjakan terjal dan peremajaan plang penunjuk kilometer anti-cuaca.","[Toilet Sanitasi]: Pembangunan unit eco-toilet berbasis pengomposan mandiri di pos ketinggian (>2000 mdpl) untuk mencegah pencemaran semak dan sumber air. 
[Biaya Logistik]: Paket ekowisata terpadu (tiket simaksi, tes kesehatan, makan produk UMKM lokal, transportasi) dalam satu platform digital TNGC. 
[Jalur Trek]: Sistem buka-tutup jalur berkala berbasis daya dukung lingkungan untuk pemulihan vegetasi dan penetapan jalur evakuasi helipad darurat."
1359,Bumi Perkemahan Ipukan,Bumi Perkemahan TNGC,2,"tempat perkemahannya bagus, tp wc nya kotor, air nya ga nyala, bau, ada air sedikit tp kotor.",,negatif,tempat perkemahannya bagus tapi wc nya kotor air nya enggak nyala bau ada air sedikit tapi kotor,1,1,0,0,0,negatif,"[Toilet Sanitasi]: Jadwal sanitasi toilet basecamp minimum 3 kali sehari dan jaminan ketersediaan air bersih serta sabun cuci tangan. 
[Sampah Kebersihan]: Distribusi kantong sampah wajib terdata saat registrasi simaksi dan pengetatan inspeksi checklist sampah saat checkout.","[Toilet Sanitasi]: Pipanisasi permanen perbaikan jalur air dari mata air terdekat ke pos sanitasi dan renovasi bilik pintu rusak di Palutungan dan Apuy. 
[Sampah Kebersihan]: Penyediaan titik pengumpulan karung sampah pilah di setiap pos bayangan dan program operasi pembersihan gunung berkala.","[Toilet Sanitasi]: Pembangunan unit eco-toilet berbasis pengomposan mandiri di pos ketinggian (>2000 mdpl) untuk mencegah pencemaran semak dan sumber air. 
[Sampah Kebersihan]: Implementasi sistem deposit jaminan sampah digital terintegrasi aplikasi simaksi TNGC dan pusat pengolahan sampah lingkar Ciremai."
1361,Bumi Perkemahan Ipukan,Bumi Perkemahan TNGC,2,Untuk pengelola. Kenapa harus ada biaya tambahan parkir dan lampu. Sudah gitu mushola juga tidak terawat dengan baik,,negatif,untuk pengelola kenapa harus ada biaya tambahan parkir dan lampu sudah begitu mushola juga tidak terawat dengan baik,0,0,0,0,1,negatif,"[Biaya Logistik]: Pemasangan papan informasi resmi rincian tarif tiket, asuransi, tes kesehatan, dan retribusi parkir di gerbang masuk basecamp.",[Biaya Logistik]: Penertiban dan standarisasi tarif batas atas angkutan transit (truk/mobil bak Sadarehe) dan panduan harga warung logistik pos.,"[Biaya Logistik]: Paket ekowisata terpadu (tiket simaksi, tes kesehatan, makan produk UMKM lokal, transportasi) dalam satu platform digital TNGC."
1362,Bumi Perkemahan Ipukan,Bumi Perkemahan TNGC,2,"Baru mau booking dan tanya-tanya. Krn g tau no contact person jadilah dpt yg dr search google ini dan Instagram. No yg tertera disini super super slow respon. Lalu, jawaban mengenai fasilitas yg didapat dr Nomer Google ini dan Instagram pun berbeda. Ketika ditanya knp berbeda dan mana yg bnr, eh malah dijawab 'Oke, silakan langsung aja booking sama yg di IG."" Sangat tdk profesional. Sekiranya pertanyaan pelanggan mengganggu sebaiknya jgn cantumkan nomer tsb atau jangan admin tsb yg pegang nomernya. Terima kasih.",,negatif,baru mau booking dan tanya tanya karena enggak tau no contact person jadilah dapat yang dari search google ini dan instagram no yang tertera disini super super slow respon lalu jawaban mengenai fasilitas yang didapat dari nomer google ini dan instagram pun berbeda ketika ditanya kenapa berbeda dan mana yang benar eh malah dijawab oke silakan langsung saja booking sama yang di ig sangat tidak profesional sekiranya pertanyaan pelanggan mengganggu sebaiknya jangan cantumkan nomer tersebut atau jangan admin tersebut yang pegang nomernya terima kasih,0,0,0,0,0,negatif,Monitoring berkala kepuasan operasional.,Evaluasi berkala kepuasan pengunjung.,Alokasi anggaran tahunan Balai TNGC.
1363,Bumi Perkemahan Ipukan,Bumi Perkemahan TNGC,2,Jatuhnya mahal banget. Ada biaya tambahan buat parkir kendaraan dan biaya lampu yang lumayan,,negatif,jatuhnya mahal banget ada biaya tambahan buat parkir kendaraan dan biaya lampu yang lumayan,0,0,0,0,1,negatif,"[Biaya Logistik]: Pemasangan papan informasi resmi rincian tarif tiket, asuransi, tes kesehatan, dan retribusi parkir di gerbang masuk basecamp.",[Biaya Logistik]: Penertiban dan standarisasi tarif batas atas angkutan transit (truk/mobil bak Sadarehe) dan panduan harga warung logistik pos.,"[Biaya Logistik]: Paket ekowisata terpadu (tiket simaksi, tes kesehatan, makan produk UMKM lokal, transportasi) dalam satu platform digital TNGC."
1364,Bumi Perkemahan Ipukan,Bumi Perkemahan TNGC,2,Mungkin tempatnya indah tapi akses jalan belum cukup aman dilalui kendaraan apalagi saat hujan.,,negatif,mungkin tempatnya indah tapi akses jalan belum cukup aman dilalui kendaraan apalagi saat hujan,0,0,0,1,0,negatif,[Jalur Trek]: Pemasangan pita reflektif fosfor penanda jalur malam dan penggantian tali pengaman webbing yang putus atau lapuk di titik terjal.,[Jalur Trek]: Pembuatan undakan kayu atau batu penahan erosi tanah di tanjakan terjal dan peremajaan plang penunjuk kilometer anti-cuaca.,[Jalur Trek]: Sistem buka-tutup jalur berkala berbasis daya dukung lingkungan untuk pemulihan vegetasi dan penetapan jalur evakuasi helipad darurat.
1366,Bumi Perkemahan Ipukan,Bumi Perkemahan TNGC,2,Enak nyaman sejuk & biaya makin mahal.. makin komersil makin males,,negatif,enak nyaman sejuk biaya makin mahal makin komersil makin malas,0,0,0,0,1,negatif,"[Biaya Logistik]: Pemasangan papan informasi resmi rincian tarif tiket, asuransi, tes kesehatan, dan retribusi parkir di gerbang masuk basecamp.",[Biaya Logistik]: Penertiban dan standarisasi tarif batas atas angkutan transit (truk/mobil bak Sadarehe) dan panduan harga warung logistik pos.,"[Biaya Logistik]: Paket ekowisata terpadu (tiket simaksi, tes kesehatan, makan produk UMKM lokal, transportasi) dalam satu platform digital TNGC."
1368,Bumi Perkemahan Ipukan,Bumi Perkemahan TNGC,3,"Harga masuk ke bumi perkemahan ini cukup murah 25rb / orang, anak2 usia dibawah 10rb tidak dihitung. Jalan menuju kesana nya bagus, cuman dari mulai pintu masuk ke buper nya agak rusak tapi its oke msh dalam batas wajar. Ada 3 tempat disini, starcamp, camp d lapang yang bisa masuk mobil, dan area atas camp dari parkir mobil sekitar 300m. Untuk starcamp dan campervan  view nya ke gunung dan lembah. Kalo untuk area atas view nya city light, cuman agak PR kalo bawa tenda dan peralatan lainnya sendiri jalan nya lumayan 100m dan menanjak. Area toilet dan mushola berada di dekat parkiran dan dekat dengan warung-warung. Kebersihan di tempat ini kurang sekali, ketika saya kesana terdapat sampar berceceran dimana2 seperti tidak ada petugas yang membersihkan. Tempat sampah pun tidak terlihat disediakan tiap sudut nya. Toilet pun sangat kurang bersih, bisa dibilang kurang layak krna tempat nya kecil dan air dari toilet nya kebuang nya keluar dekat pintu masuk toilet nya sehingga becek, dan gelap juga wc meskipun ketika malam ada lampu dinyalakan. Jd membuat pengunjung enggan ke toilet apalagi mandi. Ketika saya kesana kebetulan berbarengan dengan camp anak smp dan ada gathering suatu perusahaan, sehingga tempat camping nya berisik sekali. Yg bikin gk nyaman karna gathering suatu perusahaan itu mengadakan karaokean dari pertama saya datang sekitar jm 3an smpe malam jm 11an. Dan ketika pagi pun sekitar jm 6 mereka sudah ready kembali karaokean. Niat kita mau healing menepi dari keramaian kota, eh disini dpet keramaian. Saran untuk pengelola ada jam tenang nya dari mulai jm8an. Supaya yang camping benar-benar menikmati suasana alam nya.",,netral,harga masuk ke bumi perkemahan ini cukup murah 25rb orang anak-anak usia dibawah 10rb tidak dihitung jalan menuju kesana nya bagus cuman dari mulai pintu masuk ke buper nya agak rusak tapi its oke masih dalam batas wajar ada 3 tempat disini starcamp camp di lapang yang bisa masuk mobil dan area atas camp dari parkir mobil sekitar 300m untuk starcamp dan campervan view nya ke gunung dan lembah kalo untuk area atas view nya city light cuman agak pr kalo bawa tenda dan peralatan lainnya sendiri jalan nya lumayan 100m dan menanjak area toilet dan mushola berada di dekat parkiran dan dekat dengan warung warung kebersihan di tempat ini kurang sekali ketika saya kesana terdapat sampar berceceran dimana2 seperti tidak ada petugas yang membersihkan tempat sampah pun tidak terlihat disediakan tiap sudut nya toilet pun sangat kurang bersih bisa dibilang kurang layak karena tempat nya kecil dan air dari toilet nya kebuang nya keluar dekat pintu masuk toilet nya sehingga berlumpur dan gelap juga wc meskipun ketika malam ada lampu dinyalakan jadi membuat pengunjung enggan ke toilet apalagi mandi ketika saya kesana kebetulan berbarengan dengan camp anak sampai dan ada gathering suatu perusahaan sehingga tempat camping nya berisik sekali yang bikin enggak nyaman karena gathering suatu perusahaan itu mengadakan karaokean dari pertama saya datang sekitar jm 3an sampai malam jm 11an dan ketika pagi pun sekitar jm 6 mereka sudah ready kembali karaokean niat kita mau healing menepi dari keramaian kota eh disini dpet keramaian saran untuk pengelola ada jam tenang nya dari mulai jm8an supaya yang camping benar benar menikmati suasana alam nya,1,1,1,1,1,netral,-,-,-
1369,Bumi Perkemahan Ipukan,Bumi Perkemahan TNGC,3,"Krn buper mgkn jd biasa aja,ya lumayan buat tempat wisata keluarga,bawa tikar,bawa masakan sendiri kayanya enak juga. Ada kemah buat disewakan juga ternyata,tp htm mahal jika diliat akses jalan yg rusak,klo bisa sih akses jalan di perbaikin",,netral,karena buper mungkin jadi biasa saja ya lumayan buat tempat wisata keluarga bawa tikar bawa masakan sendiri kayanya enak juga ada kemah buat disewakan juga ternyata tapi htm mahal jika dilihat akses jalan yang rusak kalo bisa sih akses jalan di memperbaiki,0,0,0,1,1,netral,-,-,-
1370,Bumi Perkemahan Ipukan,Bumi Perkemahan TNGC,3,"Untuk view nya recomend bngt buat kalian yang hoby camp atau sejenak santai2 berwisata bersama kluarga,dngan pemandangan gemerlap nya kota kuningan dan gunung ciremai yg sangat gagah,hanya saja tiket masuk mahal satu orang 20 rb di tambah parkir motor 5 rb permlm jd total satu orang 25 rb.tdk seperti buper2 lain nya yg hrga tiket nya relative umum dengan wisata yg lain nya tetapi buper ipukan paling mahal se kota kuningan.😊😊",,netral,untuk view nya recomend banget buat kalian yang hoby camp atau sejenak santai2 berwisata bersama keluarga dengan pemandangan gemerlap nya kota kuningan dan gunung ciremai yang sangat gagah hanya saja tiket masuk mahal satu orang 20 ribu di tambah parkir motor 5 ribu permlm jadi total satu orang 25 ribu tidak seperti buper2 lain nya yang hrga tiket nya relative umum dengan wisata yang lain nya tetapi buper ipukan paling mahal se kota kuningan,0,0,0,0,1,netral,-,-,-
1371,Bumi Perkemahan Ipukan,Bumi Perkemahan TNGC,3,10k/org 5k/kendaraan Kurang terawat Spot foto masih kurang safety Air jernih Jalanan cenderung berbatu Chekin 2019,,netral,10k orang 5k kendaraan kurang terawat spot foto masih kurang safety air jernih jalanan cenderung berbatu chekin 2019,1,0,0,0,0,netral,-,-,-
1373,Bumi Perkemahan Ipukan,Bumi Perkemahan TNGC,3,"tempat camp cukup luas, htm 25k/orang, listrik berbayar 25k/tenda (kalau bawa terminal listrik+lampu sendiri, kalau ga bawa 50k) parkir 5k/permotor, toilet dekat mushola 2k.",,netral,tempat camp cukup luas htm 25k orang listrik berbayar 25k tenda kalau bawa terminal listrik lampu sendiri kalau enggak bawa 50k parkir 5k permotor toilet dekat mushola 2k,1,0,0,0,1,netral,-,-,-
1375,Bumi Perkemahan Ipukan,Bumi Perkemahan TNGC,3,"Tempatnya mudah dijangkau, nyaman , air bersih banyak, fasilitas toilet ada, mushola, warung makan banyak.. Namun disayangkan banget suasananya kaya hajatan.. Saran untuk pengelola, sebaiknya MELARANG PENGGUNAAN MUSIK, karena mengganggu pengunjung lain .. Camping itu tujuannya menikmati suasana alam, bukan mendengar musik keras seperti hajatan. Terimakasih 🙏🏻",,netral,tempatnya mudah dijangkau nyaman air bersih banyak fasilitas toilet ada mushola warung makan banyak namun disayangkan banget suasananya kayak hajatan saran untuk pengelola sebaiknya melarang penggunaan musik karena mengganggu pengunjung lain camping itu tujuannya menikmati suasana alam bukan mendengar musik keras seperti hajatan terimakasih,1,0,0,0,1,netral,-,-,-
1376,Bumi Perkemahan Ipukan,Bumi Perkemahan TNGC,3,"Bumi perkemahan di lereng gunung Ciremai dengan pemandangan cahaya lampu kota Kuningan pada malam hari, disertai udara pegunungan yg dingin pada malam malam hingga pagi hari. Karena musim kemarau, tempat berkemah terdapat banyak debu-debu halus yang mudah berterbangan, disarankan memakai masker. Sampah berserakan, bukan karena tidak ada petugasnya tetapi karena kesadaran pengunjung akan kebersihan yang kurang. Kamar mandi kurang bersih dan pintu yg memiliki banyak celah sehingga dapat terlihat dari luar. Petugas sangat ramah dan baik, terdapat beberapa warung yang berjualan makanan dan kebutuhan yang lain dengan harga yang wajar.",,netral,bumi perkemahan di lereng gunung ciremai dengan pemandangan cahaya lampu kota kuningan pada malam hari disertai udara pegunungan yang dingin pada malam malam hingga pagi hari karena musim kemarau tempat berkemah terdapat banyak debu debu halus yang mudah berterbangan disarankan memakai masker sampah berserakan bukan karena tidak ada petugasnya tetapi karena kesadaran pengunjung akan kebersihan yang kurang kamar mandi kurang bersih dan pintu yang memiliki banyak celah sehingga dapat terlihat dari luar petugas sangat ramah dan baik terdapat beberapa warung yang berjualan makanan dan kebutuhan yang lain dengan harga yang wajar,1,1,1,0,1,netral,-,-,-
1377,Bumi Perkemahan Ipukan,Bumi Perkemahan TNGC,3,"Untuk view nya bagus banget.. sunrise nya luar biasaa.. Tapiiiii.. kalo nginep, siap2 tenda tidur dempet2an.. 1 tenda isi 4 orang, kasur cuma 2 biji.. 🙈 Fasilitas MCK mayan lah.. daripada lu manyun.. 😁 ada air anget jg, walau cm 2 biji yg fungsi. Tukang warung stby 24 jam, ngindomie, kopi, gorengan ready.. klo mau bawa makanan khusus, mending beli dibawah",,netral,untuk view nya bagus banget sunrise nya luar biasa tapiiiii kalo nginep siap2 tenda tidur dempet2an 1 tenda isi 4 orang kasur cuma 2 biji fasilitas mck lumayan lah daripada lu manyun ada air anget juga walau cuma 2 biji yang fungsi tukang warung stby 24 jam ngindomie kopi gorengan ready kalo mau bawa makanan khusus mending beli dibawah,1,0,0,0,1,netral,-,-,-
1378,Bumi Perkemahan Ipukan,Bumi Perkemahan TNGC,3,Nyampai lokasi sdh jam 00:00 minggu 09/08/2020 langsung di minta byr tiket. Setelah byr petugasnya bilang sdh penuh. Lokasi nyari sendiri & msh bisa dirikan tenda. Tolong SDMnya di perbaiki lagi. Pulangnya msh di minta lagi untuk byr parkir.,,netral,nyampai lokasi sudah jam 00 00 minggu 09 08 2020 langsung di meminta byr tiket setelah byr petugasnya bilang sudah penuh lokasi mencari sendiri masih bisa dirikan tenda tolong sdmnya di perbaiki lagi pulangnya masih di meminta lagi untuk byr parkir,0,0,0,0,1,netral,-,-,-
1379,Bumi Perkemahan Ipukan,Bumi Perkemahan TNGC,3,"Pengalamanku saat berkemah di star camp ipukan , cukup menyenangkan karena disana sudah disediakan tenda yang sangat layak untuk tidur kita, kita mendapat fasilitas seperti tenda, kasur, selimut, tempat mandi yg sangat nyaman. Pemandangan disekitar star camp ipukan juga sangat cocok untuk kalian yg ingin mengisi akhir pekan kalian dengan suasana yg menyejukan hati dan juga pikiran. Untuk kekurangannya yaitu pelayanan yg kurang maksimal terhadap kami, Selebihnya tempat ini sangaaaaaat keren . Mohon maaf bila ada kesalahan dalam penggunaan kata, eja'an, dan perkataan yg menyinggung , saya ucapkan terimakasih . 😊",,netral,pengalamanku saat berkemah di star camp ipukan cukup menyenangkan karena disana sudah disediakan tenda yang sangat layak untuk tidur kita kita mendapat fasilitas seperti tenda kasur selimut tempat mandi yang sangat nyaman pemandangan disekitar star camp ipukan juga sangat cocok untuk kalian yang ingin mengisi akhir pekan kalian dengan suasana yang menyejukan hati dan juga pikiran untuk kekurangannya yaitu pelayanan yang kurang maksimal terhadap kami selebihnya tempat ini sangaaaaaat keren mohon maaf bila ada kesalahan dalam penggunaan kata eja an dan perkataan yang menyinggung saya ucapkan terimakasih,0,0,0,0,0,netral,-,-,-
1381,Bumi Perkemahan Ipukan,Bumi Perkemahan TNGC,3,"Merupakan salah satu kawasan taman nasional gunung Ciremai. Dapat digunakan untuk kegiatan perkemahan,pendakian dan juga terdapat Curug. Tiket masuk relative murah. Tidak jauh dari Cilimus ( Kuningan ).",,netral,merupakan salah satu kawasan taman nasional gunung ciremai dapat digunakan untuk kegiatan perkemahan pendakian dan juga terdapat curug tiket masuk relative murah tidak jauh dari cilimus kuningan,0,0,0,0,1,positif,-,-,-
1382,Bumi Perkemahan Ipukan,Bumi Perkemahan TNGC,3,"Tempatnya bagus, pemandangan indah dari ketinggian, recomended buat nge camp",,netral,tempatnya bagus pemandangan indah dari ketinggian recomended buat nge camp,0,0,0,0,0,netral,-,-,-
1387,Bumi Perkemahan Ipukan,Bumi Perkemahan TNGC,3,Bagus dan cocok buat family camp,,netral,bagus dan cocok buat family camp,0,0,0,0,0,netral,-,-,-
1391,Bumi Perkemahan Ipukan,Bumi Perkemahan TNGC,3,"banyak sampah kecil, kurang kesadaran pengunjung",,netral,banyak sampah kecil kurang kesadaran pengunjung,0,1,0,0,0,netral,-,-,-
1398,Bumi Perkemahan Ipukan,Bumi Perkemahan TNGC,3,"Dingiiin, tapi banyak sampah...",,netral,dingiiin tapi banyak sampah,0,1,0,0,0,netral,-,-,-
1408,Bumi Perkemahan Ipukan,Bumi Perkemahan TNGC,3,nice camp,,netral,nice camp,0,0,0,0,0,netral,-,-,-
1410,Bumi Perkemahan Ipukan,Bumi Perkemahan TNGC,5,"pengalaman yang sangat positif pertama kalinya nge camp disini dengan mobil .. kamis malam 14mei2026 (+) luarbiasa murah.. camping 100k ber-5 (dewasa 3 anak 2) .. parkir mobil 10k.. bebas pilih lokasi dan relatif sepi (area mobil) meski sedang libur. kamar mandi dan mushola tersedia .. air aman sekali warung juga dekat dan harganya standar cuaca siang sangat sejuk, malam sangat dingin, dan angin relatif kencang, kadang juga hujan tapi sebentar sebentar jalan 5 menit ada beberapa curug .. yg ke atas curugnya lumayan tinggi, banyak bebatuan, yg kebawah sangat estetik dan cocok utk main air atau sekadar foto foto malam hari suka ada anjing .. tidak galak tapi nyari sisa sisa makanan.. so kalau ada makanan baiknya dimasukkan kedalam tenda vegetasi masih terjaga view nya juara .. seperti di maribaya.. bisa menikmati golden sunrise dimana pohon2 berwarna keemasan saat mulai terbit fajar  (-) akses jalan terutama 1 km menuju lokasi cukup kecil, terutama utk mobil. beberapa meter seblum masuk ada tanjakan cukup curam di area parkir motor banyak sisa sisa sampah bertebaran.. malam hari ada bbrp suara musik yg cukup kencang, namun tidka sampai tgh malam  overall sangat rekomend untuk anda bercamping ria .. secara harga dan apa yg didapat, bila dibandingkan dengan area bandung, disini lebih oke",,positif,pengalaman yang sangat positif pertama kalinya nge camp disini dengan mobil kamis malam 14mei2026 luarbiasa murah camping 100k ber 5 dewasa 3 anak 2 parkir mobil 10k bebas pilih lokasi dan relatif sepi area mobil meski sedang libur kamar mandi dan mushola tersedia air aman sekali warung juga dekat dan harganya standar cuaca siang sangat sejuk malam sangat dingin dan angin relatif kencang kadang juga hujan tapi sebentar sebentar jalan 5 menit ada beberapa curug yang ke atas curugnya lumayan tinggi banyak bebatuan yang kebawah sangat estetik dan cocok untuk main air atau sekadar foto foto malam hari suka ada anjing tidak galak tapi mencari sisa sisa makanan sok kalau ada makanan baiknya dimasukkan kedalam tenda vegetasi masih terjaga view nya juara seperti di maribaya bisa menikmati golden sunrise dimana pohon2 berwarna keemasan saat mulai terbit fajar akses jalan terutama 1 kamu menuju lokasi cukup kecil terutama untuk mobil beberapa meter seblum masuk ada tanjakan cukup curam di area parkir motor banyak sisa sisa sampah bertebaran malam hari ada beberapa suara musik yang cukup kencang namun tidka sampai tgh malam overall sangat rekomend untuk anda bercamping ria secara harga dan apa yang didapat bila dibandingkan dengan area bandung disini lebih oke,1,1,0,1,1,positif,-,-,-
1412,Bumi Perkemahan Ipukan,Bumi Perkemahan TNGC,5,"Suasananya enak adem, aman untuk anak-anak juga, Cocok untuk berlibur akhir pekan Buat yg mau ke curug cisurian hati2 banyak batu yg berlumut, dan yg mau ke curug payung tidak rekom untuk anak-anak, udah bayar 5000 medannya curam dan licin banget. BUAT PENGELOLA MOHON TERTIBKAN/BATASI SUARA BISING DARI SOUND DAN ALAT MUSIK LAINNYA KETIKA MALAM HARI, KITA KE IPUKAN INGIN MENIKMATI SUASANA ALAM.",,positif,suasananya enak adem aman untuk anak anak juga cocok untuk berlibur akhir pekan buat yang mau ke curug cisurian hati-hati banyak batu yang berlumut dan yang mau ke curug payung tidak rekom untuk anak anak sudah bayar 5000 medannya curam dan licin banget buat pengelola mohon tertibkan batasi suara bising dari sound dan alat musik lainnya ketika malam hari kita ke ipukan ingin menikmati suasana alam,0,0,0,1,0,positif,-,-,-
1413,Bumi Perkemahan Ipukan,Bumi Perkemahan TNGC,5,Htm murah 25rb/orang camping Air melimpah bisa campervan Warung banyak Tolilet Mushola Listrik 25rb sudah sampe tenda Ada curug buat tracking pagi Pemandangan puncak gunung ciremai Udara nya sejuk banyak pohon 8-9-2025,,positif,htm murah 25rb orang camping air melimpah bisa campervan warung banyak tolilet mushola listrik 25rb sudah sampai tenda ada curug buat tracking pagi pemandangan puncak gunung ciremai udara nya sejuk banyak pohon 8 9 2025,1,0,0,0,1,positif,-,-,-
1415,Bumi Perkemahan Ipukan,Bumi Perkemahan TNGC,5,"Hunting foto surili, lutung, dan monyet. Sambil camp. disini tersedia penyewaan tenda sederhana seharga 350 rb lengkap, tanya saja warung2 yg ada disana. Disini Air jernih, toilet banyak, tempat luas, banyak warung jadi jangan takut kelaparan. 👍  Harga tiket masuk 20rb perorang",,positif,hunting foto surili lutung dan monyet sambil camp disini tersedia penyewaan tenda sederhana seharga 350 ribu lengkap tanya saja warung2 yang ada disana disini air jernih toilet banyak tempat luas banyak warung jadi jangan takut kelaparan harga tiket masuk 20rb perorang,1,0,0,0,1,positif,-,-,-
1416,Bumi Perkemahan Ipukan,Bumi Perkemahan TNGC,5,"Namanya juga alam. Pasti sejuk, membuat hati tenang dan damai. Sebenarnya mampir ke sini buat hiking ke Cigowong. Treknya lumayan agak sulit buat kaum rebahan kayak aku. Bagi yang mau hiking sebaiknya persiapkan sepatu yang nyaman, jangan lupa bawa tongkat. Gak perlu bekel banyak-banyak karena di tempat tujuan ada warung. Jajan bakso atau mi aja di sana. Kalau mau nasi juga ada.",,positif,namanya juga alam pasti sejuk membuat hati tenang dan damai sebenarnya mampir ke sini buat hiking ke cigowong treknya lumayan agak sulit buat kaum rebahan kayak aku bagi yang mau hiking sebaiknya persiapkan sepatu yang nyaman jangan lupa bawa tongkat enggak perlu bekel banyak banyak karena di tempat tujuan ada warung jajan bakso atau mi saja di sana kalau mau nasi juga ada,0,0,0,0,1,positif,-,-,-
1417,Bumi Perkemahan Ipukan,Bumi Perkemahan TNGC,5,"Sangat nyaman tempat nya, banyak pohon pinus , udara dan angin dingin tidak begitu kuat, disarankan untuk membawa powerbank dan tripod untuk support dokumentasi dan baterai hp, recommended spot area pinggir arah timur ke jawa tengah saat sunrise tiba di pagi hari cukup memanjakan mata  Saat datang di lokasi cukup ramai, banyak anak anak tapi masih bisa di tolerir,  Toilet aman cuma posisi dibawah harus naik turun tangga kebawah bukit ( lumayan pegel )",,positif,sangat nyaman tempat nya banyak pohon pinus udara dan angin dingin tidak begitu kuat disarankan untuk membawa powerbank dan tripod untuk support dokumentasi dan baterai hp recommended spot area pinggir arah timur ke jawa tengah saat sunrise tiba di pagi hari cukup memanjakan mata saat datang di lokasi cukup ramai banyak anak anak tapi masih bisa di tolerir toilet aman cuma posisi dibawah harus naik turun tangga kebawah bukit lumayan pegel,1,0,0,0,0,positif,-,-,-
1418,Bumi Perkemahan Ipukan,Bumi Perkemahan TNGC,5,"Camping ground Ipukan di daerah Kuningan merupakan salah satu tujuan wisata yang sangat menarik buat para pencinta outdoor.  Memiliki lahan perkemahan yang sangat luas di dekat kaki Gunung Ciremai, Ipukan mempunyai tiga pilihan berkemah. Ada yang menghadap timur ke Gunung Slamet dan city lights di malam hari, ada yang menghadap ke Ciremai, dan ada yang berupa glamping dengan fasilitas water heater di suhu yang bisa mencapai 16-21 ° C.  Tiap orang per malam hanya dibandrol 15 ribu rupiah, listrik hanya 25 rb per malam, dan parkir mobil hanya 5000 per malam. Bandingkan bila menginap di glamping lainnya, bisa berlipat kali dari itu. Belum kalau hotel atau jalan-jalan di luar negeri. Indonesia itu masih banyak destinasi domestik yang menjanjikan keindahan luar biasa.  Perjalanan menuju ke sana dari keluar tol sampai ke pintu masuk dijamin mulus. Hanya sedikit jalan tanah menuju camping ground yang masih aman dengan ground clearance setara Honda Freed.  Musholla dan toilet cukup banyak tersedia, dengan dikelilingi warung makanan yang siap memberikan pelayanan bila kita tidak memasak sendiri.  Yang ajaibnya adalah tempat ini dekat dengan dua air terjun indah, Curug Payung dan Curug Cisurian yang hanya dibandrol 5000 rupiah saja.  Tempat camping Ipukan jelas bisa dikunjungi lagi, karena begitu mempesona dan memanjakan mata.",,positif,camping ground ipukan di daerah kuningan merupakan salah satu tujuan wisata yang sangat menarik buat para pencinta outdoor memiliki lahan perkemahan yang sangat luas di dekat kaki gunung ciremai ipukan mempunyai tiga pilihan berkemah ada yang menghadap timur ke gunung selamat dan city lights di malam hari ada yang menghadap ke ciremai dan ada yang berupa glamping dengan fasilitas water heater di suhu yang bisa mencapai 16 21 sih tiap orang per malam hanya dibandrol 15 ribu rupiah listrik hanya 25 ribu per malam dan parkir mobil hanya 5000 per malam bandingkan bila menginap di glamping lainnya bisa berlipat kali dari itu belum kalau hotel atau jalan jalan di luar negeri indonesia itu masih banyak destinasi domestik yang menjanjikan keindahan luar biasa perjalanan menuju ke sana dari keluar tol sampai ke pintu masuk dijamin mulus hanya sedikit jalan tanah menuju camping ground yang masih aman dengan ground clearance setara honda freed musholla dan toilet cukup banyak tersedia dengan dikelilingi warung makanan yang siap memberikan pelayanan bila kita tidak memasak sendiri yang ajaibnya adalah tempat ini dekat dengan dua air terjun indah curug payung dan curug cisurian yang hanya dibandrol 5000 rupiah saja tempat camping ipukan jelas bisa dikunjungi lagi karena begitu mempesona dan memanjakan mata,1,0,0,1,1,positif,-,-,-
1419,Bumi Perkemahan Ipukan,Bumi Perkemahan TNGC,5,"Area khusus berkemah cocok untuk semua kalangan, tiket murah, harga sewa peralatan berkemah cukup terjangkau.  Jangan lupa untuk tidak buang sampah sembarangan dan jangan lupa untuk membersihkan area sekitar kemah jika hendak pulang...",,positif,area khusus berkemah cocok untuk semua kalangan tiket murah harga sewa peralatan berkemah cukup terjangkau jangan lupa untuk tidak buang sampah sembarangan dan jangan lupa untuk membersihkan area sekitar kemah jika hendak pulang,0,1,0,0,1,positif,-,-,-
1420,Bumi Perkemahan Ipukan,Bumi Perkemahan TNGC,5,"Tempat camp ground di ketinggian 1200 an mdpl daerah kuningan yg bagus view ada view gunung ciremai, hutan linus, dan city light udaranya dingin sering berkabut, utk biaya camp 25 ribu per orang, parkir mobil 10 ribu, utk mendapatkan view yg bagus perlu effort utk lokasi camp diatas",,positif,tempat camp ground di ketinggian 1200 an mdpl daerah kuningan yang bagus view ada view gunung ciremai hutan linus dan city light udaranya dingin sering berkabut untuk biaya camp 25 ribu per orang parkir mobil 10 ribu untuk mendapatkan view yang bagus perlu effort untuk lokasi camp diatas,0,0,0,0,1,positif,-,-,-
1421,Bumi Perkemahan Ipukan,Bumi Perkemahan TNGC,5,"Berwisata alam bersama  keluarga menikmati hawa sejuk, udara segar, kabut  khas pegunungan untuk sekadar minum kopi, menyantap makanan, bersenda gurau dll. Harga tiket masuk terjangkau. Tersedia warung makanan, warung minuman. Ada fasilitas tempat ibadah, fasilitas MCK, fasilitas listrik bagi yang berkemah dengan membayar biaya tambahan.Tersedia juga area perkemahan di sekitaran hutan cemara. Area perkemahan berbatasan dengan jalur pendakian Gunung Ciremai lewat jalur Palutungan. Tempat wisata menawarkan pemandangan  puncak Ciremai dan pemandangan gemerlap lampu kota Kuningan di malam hari. Ada curug tidak jauh dari perkemahan, waktu tempuh dengan jalan kaki kira-kira 10 menit.  Selamat berwisata, tetap jaga kebersihan.",,positif,berwisata alam bersama keluarga menikmati hawa sejuk udara segar kabut khas pegunungan untuk sekadar minum kopi menyantap makanan bersenda gurau dll harga tiket masuk terjangkau tersedia warung makanan warung minuman ada fasilitas tempat ibadah fasilitas mck fasilitas listrik bagi yang berkemah dengan membayar biaya tambahan tersedia juga area perkemahan di sekitaran hutan cemara area perkemahan berbatasan dengan jalur pendakian gunung ciremai lewat jalur palutungan tempat wisata menawarkan pemandangan puncak ciremai dan pemandangan gemerlap lampu kota kuningan di malam hari ada curug tidak jauh dari perkemahan waktu tempuh dengan jalan kaki kira kira 10 menit selamat berwisata tetap jaga kebersihan,1,1,0,1,1,positif,-,-,-
1422,Bumi Perkemahan Ipukan,Bumi Perkemahan TNGC,5,"Perfect karena dinginnya (free), oksigen udara segar (free), pemandangan & spot foto (free) & curugnya (+5K). 2 hari semalam rela gak mandi karena gak sreg sama kamar mandinya. Siapin 2K ya u/ kebersihan.  Kalo camping, bawa air ndiri buat masak banyak2 karena gak nemu buat taping air yg keknya masak-able, selalu ada kotor ngikut.  Mau neko2 masang lampu estetik, ngecas HP, mompa  kasur, dll, siapin additional 25K u/ taping listrik.",,positif,perfect karena dinginnya free oksigen udara segar free pemandangan spot foto free curugnya 5k 2 hari semalam rela enggak mandi karena enggak sreg sama kamar mandinya siapin 2k ya lu kebersihan kalo camping bawa air ndiri buat masak banyak-banyak karena enggak nemu buat taping air yang kayaknya masak able selalu ada kotor ngikut mau neko-neko masang lampu estetik ngecas hp mompa kasur dll siapin additional 25k lu taping listrik,1,1,0,0,0,positif,-,-,-
1423,Bumi Perkemahan Ipukan,Bumi Perkemahan TNGC,4,"Lokasinya cukup asik, sejuk banget. HTM 20k/orang  Untuk keluarga/yg bawa anak kecil, lbih baik kemah di area bawah deket jalan/parkir karena tanah yg cukup lapang dan landai. Utk dewasa, pilih tempat yg diatas sesuai keinginan, pilih spot yg bagus. Sebelah kiri pemandangan kota, sebelah kanan pemandangan puncak gunung ciremai.  Namun sangat disayangkan, toilet dan mushola tidak terawat, jorok banget. Listrik harus sewa, area wastafel/cuci piring cuma 1.",,positif,lokasinya cukup asik sejuk banget htm 20k orang untuk keluarga yang bawa anak kecil lebih baik kemah di area bawah dekat jalan parkir karena tanah yang cukup lapang dan landai untuk dewasa pilih tempat yang diatas sesuai keinginan pilih spot yang bagus sebelah kiri pemandangan kota sebelah kanan pemandangan puncak gunung ciremai namun sangat disayangkan toilet dan mushola tidak terawat jorok banget listrik harus sewa area wastafel cuci piring cuma 1,1,0,0,1,1,positif,-,-,-
1424,Bumi Perkemahan Ipukan,Bumi Perkemahan TNGC,4,"Ketiga kalinya pergi ke Buper Ipukan, kunjungan ketiga camping bersama keluarga. Tempat yg asri, sejuk, dan ramah anak. Parkiran luas, tersedia warung 24 jam, Mushola, dan toilet. Apabila ingin camping, harap membawa air bersih sendiri, karena air di area Ipukan harus disaring terlebih dahulu jika akan digunakan untuk memasak.",,positif,ketiga kalinya pergi ke buper ipukan kunjungan ketiga camping bersama keluarga tempat yang asri sejuk dan ramah anak parkiran luas tersedia warung 24 jam mushola dan toilet apabila ingin camping harap membawa air bersih sendiri karena air di area ipukan harus disaring terlebih dahulu jika akan digunakan untuk memasak,1,0,1,0,1,positif,-,-,-
1425,Bumi Perkemahan Ipukan,Bumi Perkemahan TNGC,5,"Sebenernya ini tempat wisata juga. Ada bupernya juga. Untuk akses ya sama kaya jalan kita mau ke palutungan cuman sebelum naik lagi belok kanan dan jalannya agak kurang bagus. So far bagus buat ngadem atau hunting photo😉 Makanannya ? Standar seperti cafe"" lain ya roti bakar kopi susu mie goreng..",,positif,sebenarnya ini tempat wisata juga ada bupernya juga untuk akses ya sama kayak jalan kita mau ke palutungan cuman sebelum naik lagi belok kanan dan jalannya agak kurang bagus sok far bagus buat ngadem atau hunting photo makanannya standar seperti cafe lain ya roti bakar kopi susu mie goreng,0,0,0,1,0,positif,-,-,-
1426,Bumi Perkemahan Ipukan,Bumi Perkemahan TNGC,4,"Cukup sering main kesini...kalo lagi suntuk sama macet nya kota cirebon kalo weekend mesti main nya kesini haha..cuma tiket masuk buper ini terlalu mahal dengan fasilitas yg d sediakan haha coba dengan harga tiket masuk segitu toilet,lampu penerangan nya di perbaiki. Pernah camp di sana dengan tenda yg nyewa di salah satu warung,harga sewa nya 90k belum sama alas tidur,lampu,kayu bakar kalo menurut saya terlalu mahal. Eh tapi lebih mahal lagi kalo kita camp di starcamp yg punya horison itu...harga camp nya dari 400k-600k (belum termasuk tiket masuk buper nya itu)  fasilitas nya yg kita dapet cm kasur,selimut,lampu,toilet bersih,sama breakfast yg cuma roti tawar + susu murni. Kirain gw dengan tagline camping rasa hotel kalo camp di sana  itu bakalan dapet toiletries sama handuk tapi ternyata enggak sama sekali...,jd kalian kalo yg mau booking pastiin bawa toiletries sama handuk sendiri ya genks👌 oya 1 lagi ad pengalaman temen bawa makanan sendiri buat barbekquean gitu ternyata kena charge cuy ( like a hotel charge )😂,,jadi mending jangan bawa bekel buat bakar2an disana deh mending beli makanan yg di sediain disana biar gak ribet juga kan (udh ribet + kena charge kan sediiiih 😥)..jadi buat yg mau weekend alam di ipukan kalian bisa pilih mau camp sederhana atau camp yg mewah sedikit 😀",,positif,cukup sering main kesini kalo lagi suntuk sama macet nya kota cirebon kalo weekend mesti main nya kesini haha cuma tiket masuk buper ini terlalu mahal dengan fasilitas yang di sediakan haha coba dengan harga tiket masuk segitu toilet lampu penerangan nya di perbaiki pernah camp di sana dengan tenda yang nyewa di salah satu warung harga sewa nya 90k belum sama alas tidur lampu kayu bakar kalo menurut saya terlalu mahal eh tapi lebih mahal lagi kalo kita camp di starcamp yang punya horison itu harga camp nya dari 400k 600k belum termasuk tiket masuk buper nya itu fasilitas nya yang kita dapat cuma kasur selimut lampu toilet bersih sama breakfast yang cuma roti tawar susu murni mengira gue dengan tagline camping rasa hotel kalo camp di sana itu bakalan dapat toiletries sama handuk tapi ternyata enggak sama sekali jadi kalian kalo yang mau booking pastiin bawa toiletries sama handuk sendiri ya genks oya 1 lagi ada pengalaman teman bawa makanan sendiri buat barbekquean begitu ternyata kena charge cuy like a hotel charge jadi mending jangan bawa bekel buat bakar2an disana deh mending beli makanan yang di sediain disana biar enggak ribet juga kan sudah ribet kena charge kan sediiiih jadi buat yang mau weekend alam di ipukan kalian bisa pilih mau camp sederhana atau camp yang mewah sedikit,1,0,0,0,1,positif,-,-,-
1427,Bumi Perkemahan Ipukan,Bumi Perkemahan TNGC,4,"Htm 20k, parkir 5k tempatnya nyaman dan fasilitas penunjang seperti mushola, toilet dan colokan listrik tersedia",,positif,htm 20k parkir 5k tempatnya nyaman dan fasilitas penunjang seperti mushola toilet dan colokan listrik tersedia,1,0,0,0,1,positif,-,-,-
1428,Bumi Perkemahan Ipukan,Bumi Perkemahan TNGC,4,"Tempat camp dan healing yg cocok recommended pokoknya nya mah, ada air terjun, ada Warung2 juga, Cocok lah untuk menghilangkan penat dg melihat pemandangan yg sangat mempesona",,positif,tempat camp dan healing yang cocok recommended pokoknya nya mah ada air terjun ada warung2 juga cocok lah untuk menghilangkan penat dengan melihat pemandangan yang sangat mempesona,1,0,0,0,0,positif,-,-,-
1430,Bumi Perkemahan Ipukan,Bumi Perkemahan TNGC,5,"Bisa jadi tempat camp atau hanua rekreasi saja. Ada pemandangan bukit yang hijau dan kabut yg cantik jika beruntung, di sediakan juga spot fotonya, namun hati2 saja karena bawahnya jurang😁 Kalau mau ke curug lebih masuk lagi ke dalam jalan kaki kurang lebih 15menit ke curug. Mck dan mushola lengkap, banyam orang jual jajanan juga. Jika ingin camp disarankan membawa baju tebal, karena ketika malam hari suhunya sangat dingin. Namun yang disayangkan sampai saat ini akses jalan menuju kesini terbilang cukup rusak, saya sudah 2x kesini dalam waktu yang cukup jauh jaraknya, namun sperti belum ada perbaikan utk jalannya. Mungkin sekitae 30menit harus merasakan di jalanan yang rusak, bisa di akses mobil bahkan sampai bus bisa masuk. Tapi memang terbayar dengan pemandangan yang sangat indah",,positif,bisa jadi tempat camp atau hanua rekreasi saja ada pemandangan bukit yang hijau dan kabut yang cantik jika beruntung di sediakan juga spot fotonya namun hati-hati saja karena bawahnya jurang kalau mau ke curug lebih masuk lagi ke dalam jalan kaki kurang lebih 15menit ke curug mck dan mushola lengkap banyam orang jual jajanan juga jika ingin camp disarankan membawa baju tebal karena ketika malam hari suhunya sangat dingin namun yang disayangkan sampai saat ini akses jalan menuju kesini terbilang cukup rusak saya sudah 2x kesini dalam waktu yang cukup jauh jaraknya namun seperti belum ada perbaikan untuk jalannya mungkin sekitae 30menit harus merasakan di jalanan yang rusak bisa di akses mobil bahkan sampai bus bisa masuk tapi memang terbayar dengan pemandangan yang sangat indah,1,0,0,1,0,positif,-,-,-
1431,Bumi Perkemahan Ipukan,Bumi Perkemahan TNGC,5,"Nyaman untuk ngecamp, membawa pasangan, keluarga, teman, sahabat Usaha in bawa pasangan yg udah halal ya 🤭🤭 Dan selalu ingat jangan buang sampah sembarangan ya!!! 🥰🥰🥰 #salamlestari #kuninganasri",,positif,nyaman untuk ngecamp membawa pasangan keluarga teman sahabat usaha ini bawa pasangan yang sudah halal ya dan selalu ingat jangan buang sampah sembarangan ya salamlestari kuninganasri,0,1,0,0,0,positif,-,-,-
1432,Bumi Perkemahan Ipukan,Bumi Perkemahan TNGC,5,"Tempatnya luas, ada spot liat sunrise. Spot liat kota dari ketinggian. Ada bukit2, bisa berkemah ngecamp, penyewaan tenda, warung makan, warung2 untuk ngopi2, banyak spot selfi. Ada dua curug. Tersedia mushola dan toilet. Adem banget deh tempatnya ✨",,positif,tempatnya luas ada spot lihat sunrise spot lihat kota dari ketinggian ada bukit2 bisa berkemah ngecamp penyewaan tenda warung makan warung2 untuk ngopi2 banyak spot selfi ada dua curug tersedia mushola dan toilet adem banget deh tempatnya,1,0,0,0,1,positif,-,-,-
1433,Bumi Perkemahan Ipukan,Bumi Perkemahan TNGC,4,"Tempat kemahnya bagus, pemandangannya juga oke. Banyak warung jajanan juga, lebih banyak dibanding tahun 2016 saya kesana. Cuma ya curugnya lagi kering, mungkin karena debit airnya lagi sedikit. Semoga di musim hujan nanti debit air curugnya nambah lagi",,positif,tempat kemahnya bagus pemandangannya juga oke banyak warung jajanan juga lebih banyak dibanding tahun 2016 saya kesana cuma ya curugnya lagi kering mungkin karena debit airnya lagi sedikit semoga di musim hujan nanti debit air curugnya menambah lagi,1,0,0,0,1,positif,-,-,-
1434,Bumi Perkemahan Ipukan,Bumi Perkemahan TNGC,5,"Tempatnya sejuk, parkir mobil luas, banyak warung buka, pagi ada yg jualan nasi gorang dan gorengan nawarin ke tenda pengunjung Parkir mobil 10rb Orang 20rb",,positif,tempatnya sejuk parkir mobil luas banyak warung buka pagi ada yang jualan nasi gorang dan gorengan menawari ke tenda pengunjung parkir mobil 10rb orang 20rb,0,0,0,0,1,positif,-,-,-
1435,Bumi Perkemahan Ipukan,Bumi Perkemahan TNGC,5,"Pemandangan bagus, udara segar dan sejuk, terdapat banyak warung makan, tersedia makanan kecil, mie bakso, nasi goreng, dan lain sebagainya. Yang paling spesial ada LEMBAH KOPI, kopinya enaaaaaak. Kopi lo ya, bukan lainnya. Best sellernya kopi Surili, Le coffee, satu lagi lupa, tapi yang pasti surilinya enak. Iced surili, maupun hot surili dua duanya enak. Walaupun tempatnya kecil tapi kopinya dibuat cantik. Jika berkunjung saat weekend, camping ground nya penuh, walaupun saat hujan, air bersih banyak, terdapat mushola untuk muslim. Dekat juga dengan tempat glamping bagi yang tidak mau repot bawa tenda dan tektek bengeknya.",,positif,pemandangan bagus udara segar dan sejuk terdapat banyak warung makan tersedia makanan kecil mie bakso nasi goreng dan lain sebagainya yang paling spesial ada lembah kopi kopinya enaaaaaak kopi lo ya bukan lainnya best sellernya kopi surili boleh coffee satu lagi lupa tapi yang pasti surilinya enak iced surili maupun hot surili dua duanya enak walaupun tempatnya kecil tapi kopinya dibuat cantik jika berkunjung saat weekend camping ground nya penuh walaupun saat hujan air bersih banyak terdapat mushola untuk muslim dekat juga dengan tempat glamping bagi yang tidak mau repot bawa tenda dan tektek bengeknya,1,0,0,0,1,positif,-,-,-
1438,Bumi Perkemahan Ipukan,Bumi Perkemahan TNGC,4,"Tempat camping di kaki gunung ciremai yang dekat dari kota kuningan sekitar 20 menit dari pusat kota . Bisa lihat kota dari atas.Tiket masuk Rp.20.000, belum termasuk parkir. bisa bawa tenda sendiri atau sewa tenda di tempat. Ada dua curug, curug payung dan cisarian . Curugnya kecil, lumayanlah. Ada wc dan mushola.",,positif,tempat camping di kaki gunung ciremai yang dekat dari kota kuningan sekitar 20 menit dari pusat kota bisa lihat kota dari atas tiket masuk rp 20 000 belum termasuk parkir bisa bawa tenda sendiri atau sewa tenda di tempat ada dua curug curug payung dan cisarian curugnya kecil lumayanlah ada wc dan mushola,1,0,0,0,1,positif,-,-,-
1439,Bumi Perkemahan Ipukan,Bumi Perkemahan TNGC,5,"Masyaallah tabarakallah, tempatnya cantik banget, masih asri, segar, sejuk, dan banyak lutung di sana. Semoga tempat ini senantiasa terjaga keasriannya.  Tempat ini cocok banget untuk quality time dg keluarga, teman dekat, atau pasangan. Tiket masuknya murah. Parkiran penuh kalau akhir pekan.",,positif,masyaallah tabarakallah tempatnya cantik banget masih asri segar sejuk dan banyak lutung di sana semoga tempat ini senantiasa terjaga keasriannya tempat ini cocok banget untuk quality time dengan keluarga teman dekat atau pasangan tiket masuknya murah parkiran penuh kalau akhir pekan,0,0,0,0,1,positif,-,-,-
1440,Bumi Perkemahan Ipukan,Bumi Perkemahan TNGC,5,"Tempat camp rekomended, dekat dari sumber air juga view malam kota kuningan dan sunrise yg menenangkan fikiran pokoknya wajib wajib wajib cobain kalau Anda sekalian ingin camping, tempatnya juga terjangkau, tidak terlalu jauh dari pemukiman atau desa terakhir. Mantab dah pokoknya, asal jangan dijadikan tempat buat mesum aja",,positif,tempat camp rekomended dekat dari sumber air juga view malam kota kuningan dan sunrise yang menenangkan pikiran pokoknya wajib wajib wajib mencoba kalau anda sekalian ingin camping tempatnya juga terjangkau tidak terlalu jauh dari pemukiman atau desa terakhir mantab deh pokoknya asal jangan dijadikan tempat buat mesum saja,1,0,0,0,0,positif,-,-,-
1441,Bumi Perkemahan Ipukan,Bumi Perkemahan TNGC,4,"Tempat yang rekomendasi buat liat sunrise. ngecamp disini udah 2x , fasilitas toilet ,tempat ibadah oke. tiket masuk pengunjungnya jd lumayan mahal , mungkin karena lagi hits ya tempatnyaaa.... (padahal dlu gratis pas kesana hohoho)",,positif,tempat yang rekomendasi buat lihat sunrise ngecamp disini sudah 2x fasilitas toilet tempat ibadah oke tiket masuk pengunjungnya jadi lumayan mahal mungkin karena lagi hits ya tempatnyaaa padahal dulu gratis pas kesana hohoho,1,0,0,0,1,netral,-,-,-
1442,Bumi Perkemahan Ipukan,Bumi Perkemahan TNGC,5,"Bumi perkemahan di pegunungan yang sejuk. Ada toilet, cukup aman untuk camping bersama anak².. Dengan jalan kaki sekitar 20 menit bisa main ke air terjun di dekat BuPer.",,positif,bumi perkemahan di pegunungan yang sejuk ada toilet cukup aman untuk camping bersama anak² dengan jalan kaki sekitar 20 menit bisa main ke air terjun di dekat buper,1,0,0,1,0,positif,-,-,-
1443,Bumi Perkemahan Ipukan,Bumi Perkemahan TNGC,5,"Pengalaman pertama camping di tempat ini, walaupun cape tapi bner2 seruu, fasilitas semua komplit, next bakal balik lagi kesini explore semua tempat.",,positif,pengalaman pertama camping di tempat ini walaupun capek tapi benar-benar seru fasilitas semua komplit next bakal balik lagi kesini explore semua tempat,0,0,0,0,0,positif,-,-,-
1445,Bumi Perkemahan Ipukan,Bumi Perkemahan TNGC,5,"Bumi perkemahan yang terletak dalam kawasan Taman Nasional Gunung Ciremai dan menyajikan pemandangan yang indah. Dengan tiket yang tidak terlalu mahal, tempat ini memberikan banyak kelebihan seperti pemandangan alam, spot foto, tempat camping, dua buah air terjun (hanya satu yang gratis yaitu air terjun cisurian, sedangkan air terjun payung ada kontribusi untuk kebersihan sebesar Rp. 2.000). Ditempat ini juga menyewakan berbagai perlengkapan kemping seperti tenda, matras, Hammock dll serta tersedia flying fox dengan harga Rp. 10.000.",,positif,bumi perkemahan yang terletak dalam kawasan taman nasional gunung ciremai dan menyajikan pemandangan yang indah dengan tiket yang tidak terlalu mahal tempat ini memberikan banyak kelebihan seperti pemandangan alam spot foto tempat camping dua buah air terjun hanya satu yang gratis yaitu air terjun cisurian sedangkan air terjun payung ada kontribusi untuk kebersihan sebesar rp 2 000 ditempat ini juga menyewakan berbagai perlengkapan kemping seperti tenda matras hammock dll serta tersedia flying fox dengan harga rp 10 000,1,1,0,0,1,positif,-,-,-
1446,Bumi Perkemahan Ipukan,Bumi Perkemahan TNGC,5,"Tempat camping paling recomend, karena memiliki view yang bagus plus ada air terjun",,positif,tempat camping paling recomend karena memiliki view yang bagus plus ada air terjun,1,0,0,0,0,positif,-,-,-
1447,Bumi Perkemahan Ipukan,Bumi Perkemahan TNGC,4,Tempat bagi para pecinta petualangan yang ingin berkemah sambil menikmati pemandangan alam kota Kuningan dengan sejuknya udara hutan Pinus. Bumi perkemahan ini letaknya di kaki Gunung Ciremai. Aliran air cukup memadai siaamping fasilitas MCK yang cukup baik. Bagi yang hobi lintas alam juga tersedia jalur tracking menuju puncak Merapi. Silahkan coba sendiri y gaes,,positif,tempat bagi para pecinta petualangan yang ingin berkemah sambil menikmati pemandangan alam kota kuningan dengan sejuknya udara hutan pinus bumi perkemahan ini letaknya di kaki gunung ciremai aliran air cukup memadai siaamping fasilitas mck yang cukup baik bagi yang hobi lintas alam juga tersedia jalur tracking menuju puncak merapi silakan coba sendiri ya gaes,1,0,0,1,0,positif,-,-,-
1448,Bumi Perkemahan Ipukan,Bumi Perkemahan TNGC,4,"Pemandangan indah, tempat yg asri dan harga tiket terjangkau, free toilet.mungkin akan lebih efektif lagi jika biaya parkir dan retribusi ditiadakan dan dibebankan langsung kpd biaya tiket.  Tiket masuk Rp.15.000, parkir motor Rp.2.000, tiket retribusi memasuki Curug Rp.2.500.",,positif,pemandangan indah tempat yang asri dan harga tiket terjangkau free toilet mungkin akan lebih efektif lagi jika biaya parkir dan retribusi ditiadakan dan dibebankan langsung kepada biaya tiket tiket masuk rp 15 000 parkir motor rp 2 000 tiket retribusi memasuki curug rp 2 500,1,0,0,0,1,positif,-,-,-
1449,Bumi Perkemahan Ipukan,Bumi Perkemahan TNGC,5,"Tempatnya bagus cocok buat kumpul keluarga, tapi sayang mulai kotor karena banyak pengunjung kurang jaga kebersihan",,positif,tempatnya bagus cocok buat kumpul keluarga tapi sayang mulai kotor karena banyak pengunjung kurang jaga kebersihan,0,1,0,0,0,positif,-,-,-
1450,Bumi Perkemahan Ipukan,Bumi Perkemahan TNGC,5,"Recomended banget nich tempat bt mengenalkan anak2 pada alam, fasilitas mulai dari akses jalan,mushola,toilet,warung smua ok",,positif,recomended banget nih tempat buat mengenalkan anak-anak pada alam fasilitas mulai dari akses jalan mushola toilet warung semua ok,1,0,0,1,1,positif,-,-,-
1452,Bumi Perkemahan Ipukan,Bumi Perkemahan TNGC,4,"Area kemping luas, tidak jauh dari lokasi kemping ada air terjun, banyak warung di sekitar parkiran, toilet kurang terawat, lumayan kotor. Lampu penerangan juga kurang di jalan sekitar area kemping.",,positif,area kemping luas tidak jauh dari lokasi kemping ada air terjun banyak warung di sekitar parkiran toilet kurang terawat lumayan kotor lampu penerangan juga kurang di jalan sekitar area kemping,1,1,0,1,1,positif,-,-,-
1454,Bumi Perkemahan Ipukan,Bumi Perkemahan TNGC,5,"Review Ipukan: 1. Dari parkiran ke lahan tenda (yg ada citylightnya) jauh jaraknya dan mendaki 2. Kamar mandi banyak, air cukup, tapi kotor 3. Bisa camper van, disisi bawah ada lahan tenda dekat dgn akses, tapi ngga dapet city light 4. Suhu mantap 17'C 5. Ada jalur hiking kecurug, Curug nya ada beberapa, dan keren semua",,positif,review ipukan 1 dari parkiran ke lahan tenda yang ada citylightnya jauh jaraknya dan mendaki 2 kamar mandi banyak air cukup tapi kotor 3 bisa camper van disisi bawah ada lahan tenda dekat dengan akses tapi enggak dapat city light 4 suhu mantap 17 sih 5 ada jalur hiking kecurug curug nya ada beberapa dan keren semua,1,1,0,1,0,positif,-,-,-
1457,Bumi Perkemahan Ipukan,Bumi Perkemahan TNGC,5,"Jalan menuju kesini lumayan bagus & fasilitas lumayan lengkap. Tempatnya oke buat camping bareng teman maupun keluarga, dan viewnya bagus buat foto"".",,positif,jalan menuju kesini lumayan bagus fasilitas lumayan lengkap tempatnya oke buat camping bareng teman maupun keluarga dan viewnya bagus buat foto,0,0,0,1,0,positif,-,-,-
1462,Bumi Perkemahan Ipukan,Bumi Perkemahan TNGC,4,Destinasi wisata alam pegunungan dengan pemandangan yang cukup bagus di tambah dua curug ( curug Cisurian dan curug Payung) dan juga merupakan salah satu jalur pendakian ke puncak gn. Ciremai,,positif,destinasi wisata alam pegunungan dengan pemandangan yang cukup bagus di tambah dua curug curug cisurian dan curug payung dan juga merupakan salah satu jalur pendakian ke puncak begini ciremai,0,0,0,1,0,positif,-,-,-
1463,Bumi Perkemahan Ipukan,Bumi Perkemahan TNGC,5,"Buper nya cocok buat yg mau ngecamp, ada camp yg udah di sediakan juga tinggal dateng aja tanpa harus diriin  tenda sendiri. Buat yg mau camp biasa juga bisa kok. Fasilitas lengkap. Harga terjangkau",,positif,buper nya cocok buat yang mau ngecamp ada camp yang sudah di sediakan juga tinggal datang saja tanpa harus diriin tenda sendiri buat yang mau camp biasa juga bisa kok fasilitas lengkap harga terjangkau,0,0,0,0,1,positif,-,-,-
1464,Bumi Perkemahan Ipukan,Bumi Perkemahan TNGC,4,Tidak ada penerangan lampu area sekitar camp di bawah pohon pinus nya gelap bgt. Jalanan sangat amat licin setelah hujan membahayakan saya saja jatuh🥲 parkir mobil 10 rb Tiket masuk camp 20 Tiker hanya main 15 ribu Banyak warung yg buka menyediakan makanan dan minuman Kamar mandi ya ala kadar nya gimana namanya juga kan di hutan Tidak bersih dan sempit tp air bersih dan dingin Mushola tersedia,,positif,tidak ada penerangan lampu area sekitar camp di bawah pohon pinus nya gelap banget jalanan sangat amat licin setelah hujan membahayakan saya saja jatuh parkir mobil 10 ribu tiket masuk camp 20 tiker hanya main 15 ribu banyak warung yang buka menyediakan makanan dan minuman kamar mandi ya ala kadar nya bagaimana namanya juga kan di hutan tidak bersih dan sempit tapi air bersih dan dingin mushola tersedia,1,0,0,1,1,positif,-,-,-
1466,Bumi Perkemahan Ipukan,Bumi Perkemahan TNGC,5,"Suasana nya keren sekali, Ramai jugaa, Tiket untuk ngecamp cuma 15rb+Parkir 5rb.. Dan keluh kesahnya cuman jajanan di warung naik berkalilipat wkwk misalkan mi indome jadi 10rb tp wajarlah..",,positif,suasana nya keren sekali ramai juga tiket untuk ngecamp cuma 15rb parkir 5rb dan keluh kesahnya cuman jajanan di warung naik berkalilipat wkwk misalkan mi indome jadi 10rb tapi wajarlah,0,0,0,0,1,positif,-,-,-
1469,Bumi Perkemahan Ipukan,Bumi Perkemahan TNGC,4,Tempatnya bagus untuk keluarga atau pasangan nyaman tiket murah 15rb cocok untuk berkemah atau sekedar menikmati alam dan air terjunnya,,positif,tempatnya bagus untuk keluarga atau pasangan nyaman tiket murah 15rb cocok untuk berkemah atau sekedar menikmati alam dan air terjunnya,1,0,0,0,1,positif,-,-,-
1473,Bumi Perkemahan Ipukan,Bumi Perkemahan TNGC,5,"Slah satu tempat camping terbaik daerah kuningan letaknya yang dibawah kaki gunung ciremai menmbah kesejukan dan keindahan panoramanya. Kita juga bisa melihat curug yng indah yang terletak dibawah cmping ground. Pasilitas sangat lengkap mulai dari wc, tempat mandi, tersedia warung warung yang menawarkan jajanan. malahan ada pasilitas tenda vip. Wah. Camping tapi tetap nyaman serasa tidur d hotel bintang 5 pokonya",,positif,salah satu tempat camping terbaik daerah kuningan letaknya yang dibawah kaki gunung ciremai menmbah kesejukan dan keindahan panoramanya kita juga bisa melihat curug yang indah yang terletak dibawah cmping ground pasilitas sangat lengkap mulai dari wc tempat mandi tersedia warung warung yang menawarkan jajanan malahan ada pasilitas tenda vip wah camping tapi tetap nyaman serasa tidur di hotel bintang 5 pokoknya,1,0,0,0,1,positif,-,-,-
1474,Bumi Perkemahan Ipukan,Bumi Perkemahan TNGC,5,Pengalaman baru camping bersama keluarga... Ank² suka... Klo bisa toilet dalam tenda dilengkapi air panas... Dingin bgt .. ☕😬,,positif,pengalaman baru camping bersama keluarga ank² suka kalo bisa toilet dalam tenda dilengkapi air panas dingin banget,1,0,0,0,0,positif,-,-,-
1476,Bumi Perkemahan Ipukan,Bumi Perkemahan TNGC,5,"Bayar 15 ribu, dpet pemandangan yang bagus... bisa mainan air di curug cipayung dan curug cisurian",,positif,bayar 15 ribu dpet pemandangan yang bagus bisa mainan air di curug cipayung dan curug cisurian,1,0,0,0,0,positif,-,-,-
1479,Bumi Perkemahan Ipukan,Bumi Perkemahan TNGC,5,Ngadem dulu di kaki gunung Ciremai. Buper Ipukan biasanya klo hari libur atau weekend selalu pada pengunjung. Kalo mau lebih nyaman cobalah datang di hari kerja. Bagi mau yg ngecam ada 2 pilihan bisa yg biada ataupun yg Glamping. Gak perlu ribet lg baea perlengkapan camping disana sudah ada yg disewakan dengan harga terjangkau.,,positif,ngadem dulu di kaki gunung ciremai buper ipukan biasanya kalo hari libur atau weekend selalu pada pengunjung kalo mau lebih nyaman cobalah datang di hari kerja bagi mau yang ngecam ada 2 pilihan bisa yang biada ataupun yang glamping enggak perlu ribet lagi baea perlengkapan camping disana sudah ada yang disewakan dengan harga terjangkau,0,0,0,0,1,positif,-,-,-
1482,Bumi Perkemahan Ipukan,Bumi Perkemahan TNGC,5,"Sangat cocok untuk berwisata menghilangkan penat, lokasi tidak terlalu jauh dari jalan utama, banyak spot camping ground. Baik untuk berkegiatan atau hanya wisata biasa",,positif,sangat cocok untuk berwisata menghilangkan penat lokasi tidak terlalu jauh dari jalan utama banyak spot camping ground baik untuk berkegiatan atau hanya wisata biasa,0,0,0,1,0,positif,-,-,-
1484,Bumi Perkemahan Ipukan,Bumi Perkemahan TNGC,5,"Tempat yang bagus untuk pecinta alam, selain buper palutungan, di sekitar sentana terdapat lokasi buper yang menurut saya lebih fresh, belum banyak perombakan. Kita bisa berkemah sambil menikmati pemandangan bukit-bukit yang masih hijau. Sampai saat ini, buper ipukan masih menjadi destinasi pendaki gunung. Kami sendiri beberapa kali kesini untuk melanti anggota PA. Traking nya masih bagus dan terdapat 2 air terjun di dalamnya. Yaitu Curug Cisurian dan Curug Cipayung, cocok buat ceremonial pelantikan... ⛰️🏔️🏕️🏕️🏞️🏞️",,positif,tempat yang bagus untuk pecinta alam selain buper palutungan di sekitar sentana terdapat lokasi buper yang menurut saya lebih fresh belum banyak perombakan kita bisa berkemah sambil menikmati pemandangan bukit bukit yang masih hijau sampai saat ini buper ipukan masih menjadi destinasi pendaki gunung kami sendiri beberapa kali kesini untuk melanti anggota apa traking nya masih bagus dan terdapat 2 air terjun di dalamnya yaitu curug cisurian dan curug cipayung cocok buat ceremonial pelantikan,1,0,0,0,0,positif,-,-,-
1486,Bumi Perkemahan Ipukan,Bumi Perkemahan TNGC,5,"Yang suka ngecamp wajib untuk dicoba. Tempatnya enak, adem, ada pohon pinusnya juga, cocok buat kumpul keluarga atau bareng temen yang cari suasana beda. Untuk sekedar hunting foto juga bagus. Disediain spot foto juga kok disana. Jangan heran nanti kalo saat dijalan ketemu mas atau mbak pendaki ciremai karena ini memang termasuk salah satu rute jalur pendakian gunung ciremai. Jadi kebayang dong pemandangan hijaunya kaya apa. Disediain penyewaan tenda juga buat yang mau ngecamp. Kalo pas weekend rame, yang mau cari spot foto doang mending weekday aja, dan pagi biar pemandangan hutan hijaunya keliatan. Biaya tiket masuk dan parkir: 15k",,positif,yang suka ngecamp wajib untuk dicoba tempatnya enak adem ada pohon pinusnya juga cocok buat kumpul keluarga atau bareng teman yang cari suasana beda untuk sekedar hunting foto juga bagus disediain spot foto juga kok disana jangan heran nanti kalo saat dijalan ketemu mas atau mbak pendaki ciremai karena ini memang termasuk salah satu rute jalur pendakian gunung ciremai jadi terbayang dong pemandangan hijaunya kayak apa disediain penyewaan tenda juga buat yang mau ngecamp kalo pas weekend rame yang mau cari spot foto doang mending weekday saja dan pagi biar pemandangan hutan hijaunya kelihatan biaya tiket masuk dan parkir 15k,0,0,0,1,1,positif,-,-,-
1487,Bumi Perkemahan Ipukan,Bumi Perkemahan TNGC,4,"Lokasi wisata alam yang refresentatif, banyak pilihan tempat mulai dari air terjun,kemping ground dan lainnya.",,positif,lokasi wisata alam yang refresentatif banyak pilihan tempat mulai dari air terjun kemping ground dan lainnya,1,0,0,0,0,positif,-,-,-
1489,Bumi Perkemahan Ipukan,Bumi Perkemahan TNGC,5,"Jalannya oke, fasilitas oke, viewnya oke bgt, suasananya juga oke bgt lah , cocok buat yang butuh refreshing, deket sama curug juga jadi makin oke",,positif,jalannya oke fasilitas oke viewnya oke banget suasananya juga oke banget lah cocok buat yang butuh refreshing dekat sama curug juga jadi makin oke,0,0,0,0,0,positif,-,-,-
1491,Bumi Perkemahan Ipukan,Bumi Perkemahan TNGC,5,"Tempat yang cukup asik untuk camping, pemandangan bagus. Ada air terjun, panahan, dan spot selfie.",,positif,tempat yang cukup asik untuk camping pemandangan bagus ada air terjun panahan dan spot selfie,1,0,0,0,0,positif,-,-,-
1492,Bumi Perkemahan Ipukan,Bumi Perkemahan TNGC,5,"Udaranya sejuk.paling sejuk jam 3 pagi an berkisar 16°C. Toilet banyak,,pas camping malam minggu berisiknya minta ampun mpe ga bisa tidur,,ada yg teriak2 dari atas dan semuanya menyahut, jalanan menuju ke lokasi bagus ga terlalu curam,aspal,",,positif,udaranya sejuk paling sejuk jam 3 pagi an berkisar 16 sih toilet banyak pas camping malam minggu berisiknya meminta ampun mpe enggak bisa tidur ada yang teriak2 dari atas dan semuanya menyahut jalanan menuju ke lokasi bagus enggak terlalu curam aspal,1,0,0,1,0,positif,-,-,-
1493,Bumi Perkemahan Ipukan,Bumi Perkemahan TNGC,5,Tempat favorit untuk camping. Lumayan jauh jika dari kota cirebon. Akses jalan cukup mudah. Air nya dingin. Udara nya sejuk. Selalu ramai pengunjung. Suasana damai ketika sepi. Adem.,,positif,tempat favorit untuk camping lumayan jauh jika dari kota cirebon akses jalan cukup mudah air nya dingin udara nya sejuk selalu ramai pengunjung suasana damai ketika sepi adem,1,0,0,1,0,positif,-,-,-
1494,Bumi Perkemahan Ipukan,Bumi Perkemahan TNGC,5,"Ngecamp bareng temen or organisasi BISA,  jalan sama pacar yang romantis BISA,  yang dari kota ingin menikmati alam sejuk BISA. Pokoknya serba bisa,  mau mandi ada air terjun juga hehee",,positif,ngecamp bareng teman orang organisasi bisa jalan sama pacar yang romantis bisa yang dari kota ingin menikmati alam sejuk bisa pokoknya serba bisa mau mandi ada air terjun juga hehee,1,0,0,1,0,positif,-,-,-
1497,Bumi Perkemahan Ipukan,Bumi Perkemahan TNGC,4,"Buper ipukan merupakan tempat untuk berkemah yang nyaman dan aman. Fasilitas yg sudah memadai, seperti mushola, kantin, kamar mandi, gazebo, tersedia dengan cukup baik. Bahkan, fasilitas parkir pun cukup luas dan aman sehingga mobil, motor, truk dapat parkir di dalamnya. Disini pun tersedia 2 curug yg bisa untuk mandi²an. Ingin kemah praktis? Bisa banget pesan di tempatnya, dan dikantin pun tersedia alat untuk kemah. Dari tenda sampai kayu bakar. Tiket masuk, amat sangat terjangkau . Sudah 2x berkemah disini, dan selalu ada peningkatan. Top",,positif,buper ipukan merupakan tempat untuk berkemah yang nyaman dan aman fasilitas yang sudah memadai seperti mushola kantin kamar mandi gazebo tersedia dengan cukup baik bahkan fasilitas parkir pun cukup luas dan aman sehingga mobil motor truk dapat parkir di dalamnya disini pun tersedia 2 curug yang bisa untuk mandi²an ingin kemah praktis bisa banget pesan di tempatnya dan dikantin pun tersedia alat untuk kemah dari tenda sampai kayu bakar tiket masuk amat sangat terjangkau sudah 2x berkemah disini dan selalu ada peningkatan top,1,0,0,0,1,positif,-,-,-
1499,Bumi Perkemahan Ipukan,Bumi Perkemahan TNGC,5,"Tempatnya adem, enak buat rehat dan melepas penat. Ada dua air terjun dan jernih airnya, juga segeeeer.",,positif,tempatnya adem enak buat rehat dan melepas penat ada dua air terjun dan jernih airnya juga segeeeer,1,0,0,0,0,positif,-,-,-
1503,Bumi Perkemahan Ipukan,Bumi Perkemahan TNGC,5,"Wisata alam murah meriah, ticket masuk per orang 15k. Lahan berdebu jadi licin untuk menanjak.",,positif,wisata alam murah meriah ticket masuk per orang 15k lahan berdebu jadi licin untuk menanjak,0,0,0,1,0,positif,-,-,-
1505,Bumi Perkemahan Ipukan,Bumi Perkemahan TNGC,4,Kalau libur lebaran harga tiket naik jd 20rb/org. Hr biasa 15rb. Parkirnya byar lagi 3rb,,positif,kalau libur lebaran harga tiket naik jadi 20rb orang hari biasa 15rb parkirnya byar lagi 3rb,0,0,0,0,1,positif,-,-,-
1506,Bumi Perkemahan Ipukan,Bumi Perkemahan TNGC,5,"Tempatnya asik perbukitan bisa dipake buat camping, katanya golden sunrisenya gakalah indah dengan golden sunrisenya Dieng. Untuk info masuk ke Curug payung musti bayar lagi 2rbu/orang karena jalannya cukup menantang dan musti hati2. Tiket masuk 15rbu/orang blm termasuk parkir 2rbu. Kalo habis ujan biasanya kabut turun. Akses jalannya bagus bisa dilaluin walaupun habis hujan turun.",,positif,tempatnya asik perbukitan bisa dipakai buat camping katanya golden sunrisenya gakalah indah dengan golden sunrisenya dieng untuk info masuk ke curug payung musti bayar lagi 2rbu orang karena jalannya cukup menantang dan musti hati-hati tiket masuk 15rbu orang belum termasuk parkir 2rbu kalo habis ujan biasanya kabut turun akses jalannya bagus bisa dilaluin walaupun habis hujan turun,0,0,0,0,1,positif,-,-,-
1507,Bumi Perkemahan Ipukan,Bumi Perkemahan TNGC,5,Tempat bagus adem tempat parkir luas warung banyak,,positif,tempat bagus adem tempat parkir luas warung banyak,0,0,0,0,1,positif,-,-,-
1508,Bumi Perkemahan Ipukan,Bumi Perkemahan TNGC,5,"Pemandangan bagus, akses jalan mudah Wisata murah meriah Lengkap ada untuk makan toilet dll",,positif,pemandangan bagus akses jalan mudah wisata murah meriah lengkap ada untuk makan toilet dll,1,0,0,1,0,positif,-,-,-
1509,Bumi Perkemahan Ipukan,Bumi Perkemahan TNGC,4,"Menikmati beragam wisata di Kuningan tak lengkap rasanya jika tidak berkunjung ke salah satu wisata yang terletak di Desa Cisantana, Kecamatan Cigugur, Kabupaten Kuningan yaitu obyek wisata Bumi Perkemahan Ipukan, terlebih bagi para pecinta alam.  Bumi Perkemahan Ipukan yang mulai dibuka pada tanggal 16 Desember 2014 ini memang salah satu wisata buper yang paling banyak dikunjungi diantara buper lainnya di wilayah Kuningan Jawa Barat ini. Hal tersebut karena terdapatnya beberapa kelebihan yang dimiliki buper ini, beberapa diantaranya adalah:  Pemandangan yang menakjubkan  Dengan ketinggiannya yang berada diatas 1200-1400 mdpl, sehingga pemandangan dataran rendah bisa dinikmati ketika berada di salah satu spot buper ini. Beberapa view yang bisa dinikmati di salah satu spot ini adalah pemandangan sunrise atau matahari terbit, pemandangan pematang sawah, pemandangan aneka macam bangunan serta pemandangan perpaduan lampu-lampu kota dan bintang-bintang yang bertaburan ketika malam hari.  Area buper cukup luas  Luas dari area Bumi Perkemahan Ipukan ini adalah 2ha. Dengan luas tersebut pengunjung akan sangat leluasa melakukan beragam aktivitas.  Suguhan aneka satwa  Jika pemandangan saja belum cukup, maka suguhan aneka ragam satwa yang cukup langka mungkin bisa menjadi salah satu daya tarik lain dari tempat wisata Bumi Perkemahan Ipukan ini. Beberapa satwa tersebut antara lain Surili, Lutung, Katak Merah hingga Burung Elang Jawa.  Terdapat curug  Daya tarik lain yang bisa memikat setiap pengunjung ketika berada di tempat wisata ini adalah terdapatnya curug atau air terjun. Sedikitnya terdapat 3 curug disini, namun yang bisa dikunjungi hanya dua curug yaitu Curug Cisurian dan Curug Payung.  (Baca juga : Bumi Perkemahan Palutungan, Bumi Perkemahan Tenjo Laut, Bumi Perkemahan Cibunar)  Curug-curug di area wisata ini menyimpan daya tariknya tersendiri, seperti pada Curug Cisurian, meski curug ini tebilang biasa namun jika pengunjung datang ke Curug Cisurian ini pada pukul antara 06:00 hingga pukul 07:00 pagi, maka pelangi akan berada tepat di bawah Curug Cisurian ini.  Sedangkan untuk Curug Payung daya tarik curug ini terletak pada struktur bebatuannya yang berundak-undak. Untuk sampai ke Curug Payung ini pengunjung akan dikenakan tarif Rp. 2.000. Track menuju curug ini cukup sulit, karena akses menuju curug ini sempit. Namun ada beberapa guide yang bisa menjadi pelindung dan pemandu untuk sampai ke curug ini.  Beberapa fasilitas yang dimiliki obyek wisata Bumi Perkemahan Ipukan ini antara lain: Mushola, Toilet, Warung, Area Parkir, Gazebo dan Pusat Informasi.  Bagi pengunjung yang memang ingin berkemah di area wisata ini namun tidak memiliki perlengkapan yang dibutuhkan tidak perlu khawatir, karena pengelola menyediakan penyewaan perlengkapan camping.  Biaya masuk ke tempat wisata Bumi Perkemahan Ipukan ini sebesar Rp. 15.000/orang. Biaya tersebut bersifat General (Rekreasi ataupun Camping).  Selain biasa digunakan untuk camping ataupun rekreasi, di Bumi Perkemahan Ipukan biasa digunakan untuk beragam kegiatan seperti, Kopdar Komunitas, Gathering, Pra-wedding dan lain sebagainya.  Akses menuju wisata ini masih berada pada jalur menuju wisata Palutungan. Infrasturktur jalan sudah bagus dan bisa dilalui berbagai kendaraan.  Dengan banyaknya daya tarik yang dimiliki Bumi Perkemahan Ipukan ini tentunya tempat wisata yang satu ini wajib dikunjungi baik untuk camping, gathering, kopdar, ataupun hanya sekedar rekreasi.",,positif,menikmati beragam wisata di kuningan tak lengkap rasanya jika tidak berkunjung ke salah satu wisata yang terletak di desa cisantana kecamatan cigugur kabupaten kuningan yaitu obyek wisata bumi perkemahan ipukan terlebih bagi para pecinta alam bumi perkemahan ipukan yang mulai dibuka pada tanggal 16 desember 2014 ini memang salah satu wisata buper yang paling banyak dikunjungi diantara buper lainnya di wilayah kuningan jawa barat ini hal tersebut karena terdapatnya beberapa kelebihan yang dimiliki buper ini beberapa diantaranya adalah pemandangan yang menakjubkan dengan ketinggiannya yang berada diatas 1200 1400 mdpl sehingga pemandangan dataran rendah bisa dinikmati ketika berada di salah satu spot buper ini beberapa view yang bisa dinikmati di salah satu spot ini adalah pemandangan sunrise atau matahari terbit pemandangan pematang sawah pemandangan aneka macam bangunan serta pemandangan perpaduan lampu lampu kota dan bintang bintang yang bertaburan ketika malam hari area buper cukup luas luas dari area bumi perkemahan ipukan ini adalah 2ha dengan luas tersebut pengunjung akan sangat leluasa melakukan beragam aktivitas suguhan aneka satwa jika pemandangan saja belum cukup maka suguhan aneka ragam satwa yang cukup langka mungkin bisa menjadi salah satu daya tarik lain dari tempat wisata bumi perkemahan ipukan ini beberapa satwa tersebut antara lain surili lutung katak merah hingga burung elang jawa terdapat curug daya tarik lain yang bisa memikat setiap pengunjung ketika berada di tempat wisata ini adalah terdapatnya curug atau air terjun sedikitnya terdapat 3 curug disini namun yang bisa dikunjungi hanya dua curug yaitu curug cisurian dan curug payung baca juga bumi perkemahan palutungan bumi perkemahan tenjo laut bumi perkemahan cibunar curug curug di area wisata ini menyimpan daya tariknya tersendiri seperti pada curug cisurian meski curug ini tebilang biasa namun jika pengunjung datang ke curug cisurian ini pada pukul antara 06 00 hingga pukul 07 00 pagi maka pelangi akan berada tepat di bawah curug cisurian ini sedangkan untuk curug payung daya tarik curug ini terletak pada struktur bebatuannya yang berundak undak untuk sampai ke curug payung ini pengunjung akan dikenakan tarif rp 2 000 track menuju curug ini cukup sulit karena akses menuju curug ini sempit namun ada beberapa guide yang bisa menjadi pelindung dan pemandu untuk sampai ke curug ini beberapa fasilitas yang dimiliki obyek wisata bumi perkemahan ipukan ini antara lain mushola toilet warung area parkir gazebo dan pusat informasi bagi pengunjung yang memang ingin berkemah di area wisata ini namun tidak memiliki perlengkapan yang dibutuhkan tidak perlu khawatir karena pengelola menyediakan penyewaan perlengkapan camping biaya masuk ke tempat wisata bumi perkemahan ipukan ini sebesar rp 15 000 orang biaya tersebut bersifat general rekreasi ataupun camping selain biasa digunakan untuk camping ataupun rekreasi di bumi perkemahan ipukan biasa digunakan untuk beragam kegiatan seperti kopdar komunitas gathering pra wedding dan lain sebagainya akses menuju wisata ini masih berada pada jalur menuju wisata palutungan infrasturktur jalan sudah bagus dan bisa dilalui berbagai kendaraan dengan banyaknya daya tarik yang dimiliki bumi perkemahan ipukan ini tentunya tempat wisata yang satu ini wajib dikunjungi baik untuk camping gathering kopdar ataupun hanya sekedar rekreasi,1,0,0,1,1,positif,-,-,-
1510,Bumi Perkemahan Ipukan,Bumi Perkemahan TNGC,4,Ada musholah.. cukup luas.. untuk tempat wisata sih. tp kurang terawat dan fasilitas seperti sendal mushola tidak ada. Tidak ada colokan juga.,,positif,ada musholah cukup luas untuk tempat wisata sih tapi kurang terawat dan fasilitas seperti sendal mushola tidak ada tidak ada colokan juga,0,0,0,0,0,netral,-,-,-
1511,Bumi Perkemahan Ipukan,Bumi Perkemahan TNGC,4,"Sudah bagus, asik untuk camp bareng teman, asik juga untuk berkumpul dengan keluarga..",,positif,sudah bagus asik untuk camp bareng teman asik juga untuk berkumpul dengan keluarga,0,0,0,0,0,positif,-,-,-
1512,Bumi Perkemahan Ipukan,Bumi Perkemahan TNGC,4,kalau mau camping datengnya hbis naghrib biasanya ga ada yg jaga biar gratis cuma bayar parkir wkwkwk 😂😂,,positif,kalau mau camping datengnya habis naghrib biasanya enggak ada yang jaga biar gratis cuma bayar parkir wkwkwk,0,0,0,0,1,negatif,-,-,-
1513,Bumi Perkemahan Ipukan,Bumi Perkemahan TNGC,5,"Dingin, akses gampang, ada curug nya toilet dan warung kopi jg ada😊",,positif,dingin akses gampang ada curug nya toilet dan warung kopi juga ada,1,0,0,0,1,positif,-,-,-
1516,Bumi Perkemahan Ipukan,Bumi Perkemahan TNGC,5,"Tempatnya bagus....fasilitas lengkap, toilet, warung2, mushola....tempat penyewaan tenda juga ada....dan aman buat anak2 kemping...top pokokke.",,positif,tempatnya bagus fasilitas lengkap toilet warung2 mushola tempat penyewaan tenda juga ada dan aman buat anak-anak kemping top pokokke,1,0,0,0,0,positif,-,-,-
1517,Bumi Perkemahan Ipukan,Bumi Perkemahan TNGC,4,"cocok untuk funcamp, memiliki banyak area camp, ada Curug juga ga jauh dari tempat camp cuman 15 menit, minus nya suka ada orang bawa music box jadi berisik",,positif,cocok untuk funcamp memiliki banyak area camp ada curug juga enggak jauh dari tempat camp cuman 15 menit minus nya suka ada orang bawa music box jadi berisik,0,0,0,0,0,positif,-,-,-
1518,Bumi Perkemahan Ipukan,Bumi Perkemahan TNGC,4,"tempatnya tidak jauh dari kota kuningan, jalan cukup terjal dan sempit susah papasan, ada curugnya juga namanya curug cisurian, banyak pedagang, toilet ada, mushola ada",,positif,tempatnya tidak jauh dari kota kuningan jalan cukup terjal dan sempit susah papasan ada curugnya juga namanya curug cisurian banyak pedagang toilet ada mushola ada,1,0,0,1,0,positif,-,-,-
1520,Bumi Perkemahan Ipukan,Bumi Perkemahan TNGC,5,"Lokasinya sejuk, pemandangannya juga keren, Instagram-abel bgt sihh. Tapi jalan menuju tempatnya serem juga yaa 😅",,positif,lokasinya sejuk pemandangannya juga keren instagram abel banget sih tapi jalan menuju tempatnya seram juga ya,0,0,0,1,0,positif,-,-,-
1521,Bumi Perkemahan Ipukan,Bumi Perkemahan TNGC,5,"Tempat yg cantik aplg utk para pemula yg ingin coba merasakan camping disaat muncak namun tdk dapat mendaki .. rasakan sensasi camping para pendaki .. Hawa y cukup dingin lebih baik bawa jaket yg hangat .. dan bila perlu bawa tenda sendiri .. meski ada penyewaan namun lebih baik menyewa tenda sendiri dirumah .. Ada tempat parkir, musholla, toilet dan warung penjual makanan 🗻⛺🌀🌲🌲🌲🌲🌲",,positif,tempat yang cantik aplg untuk para pemula yang ingin coba merasakan camping disaat muncak namun tidak dapat mendaki rasakan sensasi camping para pendaki hawa ya cukup dingin lebih baik bawa jaket yang hangat dan bila perlu bawa tenda sendiri meski ada penyewaan namun lebih baik menyewa tenda sendiri dirumah ada tempat parkir musholla toilet dan warung penjual makanan,1,0,0,0,1,positif,-,-,-
1522,Bumi Perkemahan Ipukan,Bumi Perkemahan TNGC,5,"Tempat liburan paling asyik nih, dekat air terjun, warung makan dan fasilitasnya pun memadai cocok untuk teman, keluarga yang mau liburan nuansya alam dan sejuk apalagi sering berkabut.",,positif,tempat liburan paling asyik nih dekat air terjun warung makan dan fasilitasnya pun memadai cocok untuk teman keluarga yang mau liburan nuansya alam dan sejuk apalagi sering berkabut,1,0,0,0,1,positif,-,-,-
1526,Bumi Perkemahan Ipukan,Bumi Perkemahan TNGC,5,Cocok buat camp bersama keluarga,,positif,cocok buat camp bersama keluarga,0,0,0,0,0,positif,-,-,-
1527,Bumi Perkemahan Ipukan,Bumi Perkemahan TNGC,5,Salah satu tempat wajib buat camp di kuningan. Fasilitas lengkap,,positif,salah satu tempat wajib buat camp di kuningan fasilitas lengkap,0,0,0,0,0,positif,-,-,-
1528,Bumi Perkemahan Ipukan,Bumi Perkemahan TNGC,5,"Utk toilet buat yg nge'camp jgn ditarifin bbrp x donk, apalagi bw anak kcl, jd pemborosan bgt, ditarifnya paling ga perdewasa atau ga itungan sehari..cuaca dingin kan bbrp x ke toilet trs airnya klo udh mlm habis pula dan kotor , pemuda2 yg bw alkohol agak ditekankan, teriak2 ganggu tenda lainnya 🙏 selebihnya asyik dan seru..",,positif,untuk toilet buat yang nge camp jangan ditarifin beberapa kali dong apalagi bawa anak kcl jadi pemborosan banget ditarifnya paling enggak perdewasa atau enggak hitungan sehari cuaca dingin kan beberapa kali ke toilet terus airnya kalo sudah malam habis pula dan kotor pemuda2 yang bawa alkohol agak ditekankan teriak2 ganggu tenda lainnya selebihnya asyik dan seru,1,1,0,0,0,positif,-,-,-
1529,Bumi Perkemahan Ipukan,Bumi Perkemahan TNGC,5,"Tempat sangat nyaman, bila para pengunjung saling mengormati, seperti tidak terlalu keras menyalakan atau memainkan alat musik dan buang sampah pada tempatnya.",,positif,tempat sangat nyaman bila para pengunjung saling mengormati seperti tidak terlalu keras menyalakan atau memainkan alat musik dan buang sampah pada tempatnya,0,1,0,0,0,positif,-,-,-
1531,Bumi Perkemahan Ipukan,Bumi Perkemahan TNGC,5,"Suasananya ademm.. apalagi kalu keluar embun, air terjunnya lumayan bagus.. cocok untuk malam tahun baru bermalam disini. Pemandangnnya sungguh menabjubkan",,positif,suasananya adem apalagi kalau keluar embun air terjunnya lumayan bagus cocok untuk malam tahun baru bermalam disini pemandangnnya sungguh menabjubkan,1,0,0,0,0,positif,-,-,-
1532,Bumi Perkemahan Ipukan,Bumi Perkemahan TNGC,5,"Tempat camping yg enak akses jalan mudah mobil pun bisa masuk, kalo malam dapaet view lampu kota , fasilitas ada toilet musolah warung spot spot foto yg kekinian",,positif,tempat camping yang enak akses jalan mudah mobil pun bisa masuk kalo malam dapaet view lampu kota fasilitas ada toilet musolah warung spot spot foto yang kekinian,1,0,0,1,1,positif,-,-,-
1538,Bumi Perkemahan Ipukan,Bumi Perkemahan TNGC,5,"Tempat wisata plus camp yang bagus, suasananya sejuk banget, ditambah ada air terjun.",,positif,tempat wisata plus camp yang bagus suasananya sejuk banget ditambah ada air terjun,1,0,0,0,0,positif,-,-,-
1539,Bumi Perkemahan Ipukan,Bumi Perkemahan TNGC,5,"Sunrise nya bagus bisa lihat gunung merapi , spot foto bagus nih klo disini intagramable banget apalagi klo nikmati secangkir kopi dan dan bermain alat music bareng kawan kawan kita dijamin pengalaman yg bagus, mushola ada tolietpun ada airnya kenceng dan jernih warung pun ada , pokonya rekomended bgt buat nikmati sunrise di kuningan nih, Sunrise nya bagus bisa lihat gunung merapi , spot foto bagus nih klo disini intagramable banget apalagi klo nikmati secangkir kopi dan dan bermain alat music bareng kawan kawan kita dijamin pengalaman yg bagus, mushola ada tolietpun ada airnya kenceng dan jernih warung pun ada , pokonya rekomended bgt buat nikmati sunrise di kuningan nih,",,positif,sunrise nya bagus bisa lihat gunung merapi spot foto bagus nih kalo disini intagramable banget apalagi kalo nikmati secangkir kopi dan dan bermain alat music bareng kawan kawan kita dijamin pengalaman yang bagus mushola ada tolietpun ada airnya kencang dan jernih warung pun ada pokoknya rekomended banget buat nikmati sunrise di kuningan nih sunrise nya bagus bisa lihat gunung merapi spot foto bagus nih kalo disini intagramable banget apalagi kalo nikmati secangkir kopi dan dan bermain alat music bareng kawan kawan kita dijamin pengalaman yang bagus mushola ada tolietpun ada airnya kencang dan jernih warung pun ada pokoknya rekomended banget buat nikmati sunrise di kuningan nih,0,0,0,0,1,positif,-,-,-
1542,Bumi Perkemahan Ipukan,Bumi Perkemahan TNGC,5,"Sejuk bisa camp ada curug 2 parkiran luas, dan sejalur dengan pendakian gunung ciremai",,positif,sejuk bisa camp ada curug 2 parkiran luas dan sejalur dengan pendakian gunung ciremai,0,0,0,0,0,positif,-,-,-
1543,Bumi Perkemahan Ipukan,Bumi Perkemahan TNGC,5,"udaranya sejuk, air terjunnya keren tpi klo mau ksini diusahain pagi ya, soalnya kalo siang bukitnya tertutup kabut",,positif,udaranya sejuk air terjunnya keren tapi kalo mau kesini diusahain pagi ya soalnya kalo siang bukitnya tertutup kabut,1,0,0,0,0,positif,-,-,-
1549,Bumi Perkemahan Ipukan,Bumi Perkemahan TNGC,5,"Lokasi nyaman dan aman  untuk area perkemahan, namun perlu biaya tambahan untuk penerangan, toilet standard perkemahan karena air diambil langsung dari saluran air pertanian terkadang jernih terkadang keruh tergantung kondisi saluran airnya.",,positif,lokasi nyaman dan aman untuk area perkemahan namun perlu biaya tambahan untuk penerangan toilet standard perkemahan karena air diambil langsung dari saluran air pertanian terkadang jernih terkadang keruh tergantung kondisi saluran airnya,1,0,0,0,1,positif,-,-,-
1550,Bumi Perkemahan Ipukan,Bumi Perkemahan TNGC,4,"Dingin, Kunci Kabin pakai resleting, Jam 08.00 Air panas kamar mandi habis Lokasi parkir luas, Cocok untuk acara Gathering keluarga Harga menengah keatas",,positif,dingin kunci kabin pakai resleting jam 08 00 air panas kamar mandi habis lokasi parkir luas cocok untuk acara gathering keluarga harga menengah keatas,1,0,0,0,1,positif,-,-,-
1552,Bumi Perkemahan Ipukan,Bumi Perkemahan TNGC,5,Camping ground dengan view terbaik. Suasana dingin gunung ciremai. Kamar mandi banyak. Dekat dengan curug payung dan curug cisurian.,,positif,camping ground dengan view terbaik suasana dingin gunung ciremai kamar mandi banyak dekat dengan curug payung dan curug cisurian,1,0,0,0,0,positif,-,-,-
1554,Bumi Perkemahan Ipukan,Bumi Perkemahan TNGC,5,Bakal jadi tempat camp favorit sih,,positif,bakal jadi tempat camp favorit sih,0,0,0,0,0,positif,-,-,-
1567,Bumi Perkemahan Ipukan,Bumi Perkemahan TNGC,5,"Suasana sejuk dan nyaman, family gathering Miftahus Sa'adah berjalan lancar. Dengan fasilitas lengkap, pool, glamping, resto meeting room. Ok.",,positif,suasana sejuk dan nyaman family gathering miftahus sa adah berjalan lancar dengan fasilitas lengkap pool glamping resto meeting room ok,0,0,0,0,0,positif,-,-,-
1569,Bumi Perkemahan Ipukan,Bumi Perkemahan TNGC,5,"akses mudah, mushola tersedia, wc banyak",,positif,akses mudah mushola tersedia wc banyak,1,0,0,0,0,positif,-,-,-
1573,Bumi Perkemahan Ipukan,Bumi Perkemahan TNGC,5,Keren tapi kenapa pas pulang tiba-tiba ada yang minta parkir,,positif,keren tapi kenapa pas pulang tiba tiba ada yang meminta parkir,0,0,0,0,1,positif,-,-,-
1576,Bumi Perkemahan Ipukan,Bumi Perkemahan TNGC,5,Nyaman dan fasilitas lengkap dengan pemandangan indah,,positif,nyaman dan fasilitas lengkap dengan pemandangan indah,0,0,0,0,0,positif,-,-,-
1577,Bumi Perkemahan Ipukan,Bumi Perkemahan TNGC,5,Udah lama gak kesini. Tau tau Basecamp Ciremai via Palutungan pindah ke deket buper ipukan 😂,,positif,sudah lama enggak kesini tau tau pos registrasi ciremai via palutungan pindah ke dekat buper ipukan,0,0,1,0,0,positif,-,-,-
1583,Curug Cipeuteuy Majalengka,Wisata Alam & Buper TNGC,1,Tempatnya bagus .sayang Jalan  ke lokasi ini kecil,,negatif,tempatnya bagus sayang jalan ke lokasi ini kecil,0,0,0,1,0,negatif,[Jalur Trek]: Pemasangan pita reflektif fosfor penanda jalur malam dan penggantian tali pengaman webbing yang putus atau lapuk di titik terjal.,[Jalur Trek]: Pembuatan undakan kayu atau batu penahan erosi tanah di tanjakan terjal dan peremajaan plang penunjuk kilometer anti-cuaca.,[Jalur Trek]: Sistem buka-tutup jalur berkala berbasis daya dukung lingkungan untuk pemulihan vegetasi dan penetapan jalur evakuasi helipad darurat.
1584,Curug Cipeuteuy Majalengka,Wisata Alam & Buper TNGC,1,"Yg bawa roda 4, lokasi Parkir ke curug 1km harus jalan menanjak. Jalan sangat sempit...",,negatif,yang bawa roda 4 lokasi parkir ke curug 1km harus jalan menanjak jalan sangat sempit,0,0,0,1,1,positif,"[Biaya Logistik]: Pemasangan papan informasi resmi rincian tarif tiket, asuransi, tes kesehatan, dan retribusi parkir di gerbang masuk basecamp. 
[Jalur Trek]: Pemasangan pita reflektif fosfor penanda jalur malam dan penggantian tali pengaman webbing yang putus atau lapuk di titik terjal.","[Biaya Logistik]: Penertiban dan standarisasi tarif batas atas angkutan transit (truk/mobil bak Sadarehe) dan panduan harga warung logistik pos. 
[Jalur Trek]: Pembuatan undakan kayu atau batu penahan erosi tanah di tanjakan terjal dan peremajaan plang penunjuk kilometer anti-cuaca.","[Biaya Logistik]: Paket ekowisata terpadu (tiket simaksi, tes kesehatan, makan produk UMKM lokal, transportasi) dalam satu platform digital TNGC. 
[Jalur Trek]: Sistem buka-tutup jalur berkala berbasis daya dukung lingkungan untuk pemulihan vegetasi dan penetapan jalur evakuasi helipad darurat."
1585,Curug Cipeuteuy Majalengka,Wisata Alam & Buper TNGC,1,"Tempatnya sih oke.. Buat main air sama foto2.. Cuma pelayanannya tolong diperbaiki. Sedikit mengecewakan ketika pulang harus berebut mobil sewaan dengan pengunjung yg lain, seharusnya sudah diberlakukan sistem antrian untuk itu.. Padahal petugasnya banyak. .",,negatif,tempatnya sih oke buat main air sama foto-foto cuma pelayanannya tolong diperbaiki sedikit mengecewakan ketika pulang harus berebut mobil sewaan dengan pengunjung yang lain seharusnya sudah diberlakukan sistem antrian untuk itu padahal petugasnya banyak,1,0,0,0,0,negatif,[Toilet Sanitasi]: Jadwal sanitasi toilet basecamp minimum 3 kali sehari dan jaminan ketersediaan air bersih serta sabun cuci tangan.,[Toilet Sanitasi]: Pipanisasi permanen perbaikan jalur air dari mata air terdekat ke pos sanitasi dan renovasi bilik pintu rusak di Palutungan dan Apuy.,[Toilet Sanitasi]: Pembangunan unit eco-toilet berbasis pengomposan mandiri di pos ketinggian (>2000 mdpl) untuk mencegah pencemaran semak dan sumber air.
1587,Curug Cipeuteuy Majalengka,Wisata Alam & Buper TNGC,1,"Mahal untuk nge camp , harus membayar 65 ribu per orang",,negatif,mahal untuk nge camp harus membayar 65 ribu per orang,0,0,0,0,1,negatif,"[Biaya Logistik]: Pemasangan papan informasi resmi rincian tarif tiket, asuransi, tes kesehatan, dan retribusi parkir di gerbang masuk basecamp.",[Biaya Logistik]: Penertiban dan standarisasi tarif batas atas angkutan transit (truk/mobil bak Sadarehe) dan panduan harga warung logistik pos.,"[Biaya Logistik]: Paket ekowisata terpadu (tiket simaksi, tes kesehatan, makan produk UMKM lokal, transportasi) dalam satu platform digital TNGC."
1590,Curug Cipeuteuy Majalengka,Wisata Alam & Buper TNGC,1,kotor terlalu banyak sampah..,,negatif,kotor terlalu banyak sampah,0,1,0,0,0,positif,[Sampah Kebersihan]: Distribusi kantong sampah wajib terdata saat registrasi simaksi dan pengetatan inspeksi checklist sampah saat checkout.,[Sampah Kebersihan]: Penyediaan titik pengumpulan karung sampah pilah di setiap pos bayangan dan program operasi pembersihan gunung berkala.,[Sampah Kebersihan]: Implementasi sistem deposit jaminan sampah digital terintegrasi aplikasi simaksi TNGC dan pusat pengolahan sampah lingkar Ciremai.
1592,Curug Cipeuteuy Majalengka,Wisata Alam & Buper TNGC,1,Air nya keruh,,negatif,air nya keruh,1,0,0,0,0,negatif,[Toilet Sanitasi]: Jadwal sanitasi toilet basecamp minimum 3 kali sehari dan jaminan ketersediaan air bersih serta sabun cuci tangan.,[Toilet Sanitasi]: Pipanisasi permanen perbaikan jalur air dari mata air terdekat ke pos sanitasi dan renovasi bilik pintu rusak di Palutungan dan Apuy.,[Toilet Sanitasi]: Pembangunan unit eco-toilet berbasis pengomposan mandiri di pos ketinggian (>2000 mdpl) untuk mencegah pencemaran semak dan sumber air.
1596,Curug Cipeuteuy Majalengka,Wisata Alam & Buper TNGC,2,Sempat kesal sih kami baru datang dan duduk di saung... Eh malah di usir sama ibu yang punya warung. Sudah di sewa katanya jangan lama-lama harus bubar Padahal anak-anak baru aja mau makan Dan ternyata sampai kita pulang juga ga ada orang Saya pikir semua yang ada di tempat ini termasuk fasilitas curug cipeteuy Tolong lah pengelola untuk warung ini untuk lebih sopan kalo mau ngusir orang,,negatif,sempat kesal sih kami baru datang dan duduk di saung eh malah di usir sama ibu yang punya warung sudah di sewa katanya jangan lama lama harus bubar padahal anak anak baru saja mau makan dan ternyata sampai kita pulang juga enggak ada orang saya pikir semua yang ada di tempat ini termasuk fasilitas curug cipeteuy tolong lah pengelola untuk warung ini untuk lebih sopan kalo mau ngusir orang,0,0,0,0,1,negatif,"[Biaya Logistik]: Pemasangan papan informasi resmi rincian tarif tiket, asuransi, tes kesehatan, dan retribusi parkir di gerbang masuk basecamp.",[Biaya Logistik]: Penertiban dan standarisasi tarif batas atas angkutan transit (truk/mobil bak Sadarehe) dan panduan harga warung logistik pos.,"[Biaya Logistik]: Paket ekowisata terpadu (tiket simaksi, tes kesehatan, makan produk UMKM lokal, transportasi) dalam satu platform digital TNGC."
1597,Curug Cipeuteuy Majalengka,Wisata Alam & Buper TNGC,2,"Temlatnya gk alami, curugnya bikinan. Tapi tempatnya bersih dan lumayan ramai. Masalah Fasilitas udah cukup bagus.",,negatif,temlatnya enggak alami curugnya bikinan tapi tempatnya bersih dan lumayan ramai masalah fasilitas sudah cukup bagus,0,0,0,0,0,negatif,Monitoring berkala kepuasan operasional.,Evaluasi berkala kepuasan pengunjung.,Alokasi anggaran tahunan Balai TNGC.
1598,Curug Cipeuteuy Majalengka,Wisata Alam & Buper TNGC,2,"untuk kebersihan n kenyamanan sangat baik tp Tiket masuk ny kemahalan 20rb(sabtu,minggu)",,negatif,untuk kebersihan n kenyamanan sangat baik tapi tiket masuk nya kemahalan 20rb sabtu minggu,0,1,0,0,1,negatif,"[Sampah Kebersihan]: Distribusi kantong sampah wajib terdata saat registrasi simaksi dan pengetatan inspeksi checklist sampah saat checkout. 
[Biaya Logistik]: Pemasangan papan informasi resmi rincian tarif tiket, asuransi, tes kesehatan, dan retribusi parkir di gerbang masuk basecamp.","[Sampah Kebersihan]: Penyediaan titik pengumpulan karung sampah pilah di setiap pos bayangan dan program operasi pembersihan gunung berkala. 
[Biaya Logistik]: Penertiban dan standarisasi tarif batas atas angkutan transit (truk/mobil bak Sadarehe) dan panduan harga warung logistik pos.","[Sampah Kebersihan]: Implementasi sistem deposit jaminan sampah digital terintegrasi aplikasi simaksi TNGC dan pusat pengolahan sampah lingkar Ciremai. 
[Biaya Logistik]: Paket ekowisata terpadu (tiket simaksi, tes kesehatan, makan produk UMKM lokal, transportasi) dalam satu platform digital TNGC."
1599,Curug Cipeuteuy Majalengka,Wisata Alam & Buper TNGC,2,Lokasi bagus rerekomended untuk liburan. Tiket masuk standar sesuai fasilitas Tapi ada yang saya keluhkan yaitu WC ko wajib bayar.apakah tikket masuk sebesar 20k  msh belum mewakili WC....,,negatif,lokasi bagus rerekomended untuk liburan tiket masuk standar sesuai fasilitas tapi ada yang saya keluhkan yaitu wc kok wajib bayar apakah tikket masuk sebesar 20k masih belum mewakili wc,1,0,0,0,1,negatif,"[Toilet Sanitasi]: Jadwal sanitasi toilet basecamp minimum 3 kali sehari dan jaminan ketersediaan air bersih serta sabun cuci tangan. 
[Biaya Logistik]: Pemasangan papan informasi resmi rincian tarif tiket, asuransi, tes kesehatan, dan retribusi parkir di gerbang masuk basecamp.","[Toilet Sanitasi]: Pipanisasi permanen perbaikan jalur air dari mata air terdekat ke pos sanitasi dan renovasi bilik pintu rusak di Palutungan dan Apuy. 
[Biaya Logistik]: Penertiban dan standarisasi tarif batas atas angkutan transit (truk/mobil bak Sadarehe) dan panduan harga warung logistik pos.","[Toilet Sanitasi]: Pembangunan unit eco-toilet berbasis pengomposan mandiri di pos ketinggian (>2000 mdpl) untuk mencegah pencemaran semak dan sumber air. 
[Biaya Logistik]: Paket ekowisata terpadu (tiket simaksi, tes kesehatan, makan produk UMKM lokal, transportasi) dalam satu platform digital TNGC."
1601,Curug Cipeuteuy Majalengka,Wisata Alam & Buper TNGC,2,Loaksi wisata bagus jalan menuju ke lokasi kecil hanya dapat dilalui satu mobil..rekomendasi naik motor untuk menuju lokasi,,negatif,loaksi wisata bagus jalan menuju ke lokasi kecil hanya dapat dilalui satu mobil rekomendasi naik motor untuk menuju lokasi,0,0,0,1,0,negatif,[Jalur Trek]: Pemasangan pita reflektif fosfor penanda jalur malam dan penggantian tali pengaman webbing yang putus atau lapuk di titik terjal.,[Jalur Trek]: Pembuatan undakan kayu atau batu penahan erosi tanah di tanjakan terjal dan peremajaan plang penunjuk kilometer anti-cuaca.,[Jalur Trek]: Sistem buka-tutup jalur berkala berbasis daya dukung lingkungan untuk pemulihan vegetasi dan penetapan jalur evakuasi helipad darurat.
1604,Curug Cipeuteuy Majalengka,Wisata Alam & Buper TNGC,3,"Jika menginap di Cibeur Pas, maka curug ini bisa didatangi, di google maps berjarak 2Km, tetapi itu salah, karena jalannya masih belum ada di map, sinyal di sini sangat-sangat susah, bahkan bisa dikatakan tidak ada. Setelah naik mobil berjarak 2Km, belok kiri masuk ke jalan yang hanya muat 1 mobil saja. Jalan naik curam dan berkelok-kelok, pastikan kendaraan sehat dan yang menyetir sudah ahli, karena benar-benar tidak bisa berpapasan, setelah naik sekitar 1.5Km, ada per3an dan tanda untuk ke curug belok kanan, dan di sini sudah mulai bisa berpapasan dan sampai di tempat parkir.  Di luar ekspektasi, ternyata lahan parkir sangat terbatas dan sempit, tidak bisa lebih dari 10 kendaraan, jadi pastikan tidak datang saat high season, dan saat mhsim hujan seperti ini, jalan menjadi licin, pastikan ban pada mobil sehat semua. Untuk masuk ke curug ada biaya 15K / orang dan 10K untuk biaya parkir mobil. Pastikan saat datang, langsung putar balik kendaraan, agar tidak kesulitan saat nanti mau pulang.  Tidak berhenti di situ saja, ternyata setelah beli tiket, jalan masih paving dan bagus, jalan 50m maka tiket akan diperiksa. Saat bertanya kepada petugas mereka akan bilang dekat hanya 300m, hm.... Itu semua adalah tidak benar 😅. Jalanan setelah pemeriksaan tiket ternyata hanya jalanan batu dan tanah, kondisi sedang gerimis, jadi jalanan juga menjadi licin, serta terdengar suara binatang hutan yang sangat berisik. Kemudian setelah jalan 1 km naik, akhirnya mulai terlihat dan turun tangga yang lumayan banyak dan curam. Jika bawa ank kecil harus extra hati-hati dan pasti capek turun tangganya.  Untuk keadaan curug, hm... Termasuk kecil, dan air di kolam terlihat sangat keruh, mungkin saja akibat hujan. Sepertinya momen datang ke sini buat saya dan keluarga tidak tepat, sehingga tempat ini sungguhcterlihat biasa saja, tidak ada yang spesial, malahan hanya capek naik turun tangga saja. Dan lumayan jauh jalan ke curugnya. Silahkan jika masih ada yang penasaran untukxdatang ke curug ini.",,netral,jika menginap di cibeur pas maka curug ini bisa didatangi di google maps berjarak 2km tetapi itu salah karena jalannya masih belum ada di map sinyal di sini sangat sangat susah bahkan bisa dikatakan tidak ada setelah naik mobil berjarak 2km belok kiri masuk ke jalan yang hanya muat 1 mobil saja jalan naik curam dan berkelok kelok pastikan kendaraan sehat dan yang menyetir sudah ahli karena benar benar tidak bisa berpapasan setelah naik sekitar 1 5km ada per3an dan tanda untuk ke curug belok kanan dan di sini sudah mulai bisa berpapasan dan sampai di tempat parkir di luar ekspektasi ternyata lahan parkir sangat terbatas dan sempit tidak bisa lebih dari 10 kendaraan jadi pastikan tidak datang saat high season dan saat mhsim hujan seperti ini jalan menjadi licin pastikan ban pada mobil sehat semua untuk masuk ke curug ada biaya 15k orang dan 10k untuk biaya parkir mobil pastikan saat datang langsung putar balik kendaraan agar tidak kesulitan saat nanti mau pulang tidak berhenti di situ saja ternyata setelah beli tiket jalan masih paving dan bagus jalan 50m maka tiket akan diperiksa saat bertanya kepada petugas mereka akan bilang dekat hanya 300m hm itu semua adalah tidak benar jalanan setelah pemeriksaan tiket ternyata hanya jalanan batu dan tanah kondisi sedang gerimis jadi jalanan juga menjadi licin serta terdengar suara binatang hutan yang sangat berisik kemudian setelah jalan 1 kamu naik akhirnya mulai terlihat dan turun tangga yang lumayan banyak dan curam jika bawa anak kecil harus extra hati hati dan pasti capek turun tangganya untuk keadaan curug hm termasuk kecil dan air di kolam terlihat sangat keruh mungkin saja akibat hujan sepertinya momen datang ke sini buat saya dan keluarga tidak tepat sehingga tempat ini sungguhcterlihat biasa saja tidak ada yang spesial malahan hanya capek naik turun tangga saja dan lumayan jauh jalan ke curugnya silakan jika masih ada yang penasaran untukxdatang ke curug ini,1,0,1,1,1,netral,-,-,-
1605,Curug Cipeuteuy Majalengka,Wisata Alam & Buper TNGC,3,"Lumayan. Sayang sudsh tidak natural bebatuannya. Alangkah baiknya cukup viarkan natural saja. Bebatuan yang langsung dari air terjun sayang sekali sudah dibeton. Padahal memang bagus alami. Namun dari segi perawatan, atau secara sapta pesona memang sudah cukup baik dalam pengelolaan. Hanya saja sayang sekali apabila yang seharusnya asli dari alam malah dibangun yang buatan manusia.",,netral,lumayan sayang sudsh tidak natural bebatuannya alangkah baiknya cukup viarkan natural saja bebatuan yang langsung dari air terjun sayang sekali sudah dibeton padahal memang bagus alami namun dari segi perawatan atau secara sapta pesona memang sudah cukup baik dalam pengelolaan hanya saja sayang sekali apabila yang seharusnya asli dari alam malah dibangun yang buatan manusia,1,0,0,0,0,netral,-,-,-
1606,Curug Cipeuteuy Majalengka,Wisata Alam & Buper TNGC,3,"Tempatnya lumayan bagus, sayang akses menuju kesana sangat sempit, hanya muat 1 mobil pribadi, agak sulit jika berpapasan jalan dgn mobil lain, lebih nyaman menggunakan sepeda motor. Kondisi jalan 85% bagus, hanya saja perlu hati hati terutama menjelang tiba di lokasi karena kondisi jalan dengan tanjakan curam. curugnya juga tidak terlalu tinggi, hanya sekitar kurang lebih 8 sampai 10 meter.",,netral,tempatnya lumayan bagus sayang akses menuju kesana sangat sempit hanya muat 1 mobil pribadi agak sulit jika berpapasan jalan dengan mobil lain lebih nyaman menggunakan sepeda motor kondisi jalan 85 bagus hanya saja perlu hati hati terutama menjelang tiba di lokasi karena kondisi jalan dengan tanjakan curam curugnya juga tidak terlalu tinggi hanya sekitar kurang lebih 8 sampai 10 meter,0,0,0,1,0,netral,-,-,-
1607,Curug Cipeuteuy Majalengka,Wisata Alam & Buper TNGC,3,"Bagus,rapi dan bersih..karena masuk kawasan hutan nasional...sayang tempat parkir hanya tersedia untuk roda 2 saja...buat yg bw mobil..tidak recomend deh...",,netral,bagus rapi dan bersih karena masuk kawasan hutan nasional sayang tempat parkir hanya tersedia untuk roda 2 saja buat yang bawa mobil tidak recomend deh,0,0,0,0,1,netral,-,-,-
1608,Curug Cipeuteuy Majalengka,Wisata Alam & Buper TNGC,3,"Tempat nya asri, bersih , medan jalan nya lumayan menantang naik turun tajam, jalan sempit kalo untuk mobil, ya pas pas an lah, Secara keseluruhan ok , tiket masuk 15rb/orang, parkir motor 3rb, ok lah, masih relatif murah. Bintang 3 untuk mck nya, kan itu kolam air dan air terjun nya enggak benar benar bersih, karena campur lumpur, pasir dan daun daunan, jadi mck harus nya bersih buat bilas, mandi dan lainnya, Ini mck nya pake air yang ada lumpur pasir, enggak bener bener bersih air nya, kaya air buangan nya yang enggak di apa apa in lagi, Jadi agak percuma bilaas mandi di mck nya, Semoga bisa diperbaiki kedepannya",,netral,tempat nya asri bersih medan jalan nya lumayan menantang naik turun tajam jalan sempit kalo untuk mobil ya pas pas an lah secara keseluruhan ok tiket masuk 15rb orang parkir motor 3rb ok lah masih relatif murah bintang 3 untuk mck nya kan itu kolam air dan air terjun nya enggak benar benar bersih karena campur lumpur pasir dan daun daunan jadi mck harus nya bersih buat bilas mandi dan lainnya ini mck nya pakai air yang ada lumpur pasir enggak benar benar bersih air nya kayak air buangan nya yang enggak di apa apa ini lagi jadi agak percuma bilaas mandi di mck nya semoga bisa diperbaiki kedepannya,1,0,0,1,1,positif,-,-,-
1610,Curug Cipeuteuy Majalengka,Wisata Alam & Buper TNGC,3,Worth it buat sesekali mah untuk 20.000 tiket masuk + parkir 3000,,netral,worth itu buat sesekali mah untuk 20 000 tiket masuk parkir 3000,0,0,0,0,1,negatif,-,-,-
1614,Curug Cipeuteuy Majalengka,Wisata Alam & Buper TNGC,3,"A worth place for you who love nature. Rutenya menegangkan karena hanya cukup 1 mobil, tanjakkannya juga dahsyat guys. Dr parkiran ke curugnya lumayan jauh, kamu bisa naik ojek kok.",,netral,a worth place for you who love nature rutenya menegangkan karena hanya cukup 1 mobil tanjakkannya juga dahsyat guys dari parkiran ke curugnya lumayan jauh kamu bisa naik ojek kok,0,0,0,0,1,netral,-,-,-
1616,Curug Cipeuteuy Majalengka,Wisata Alam & Buper TNGC,3,"sebelum nyampe curug cipeteuy ada marka jalan gunakan gigi satu,ingat itu harus ektra hati hati selain jalannya nanjak kondisi jalan lebarnya hanya pas untuk satu mobil dan sekali kali nyalakan klakson untuk menandakan kendaraan yang berlawan arah",,netral,sebelum sampai curug cipeteuy ada marka jalan gunakan gigi satu ingat itu harus ektra hati hati selain jalannya nanjak kondisi jalan lebarnya hanya pas untuk satu mobil dan sekali kali nyalakan klakson untuk menandakan kendaraan yang berlawan arah,0,0,0,1,0,netral,-,-,-
1618,Curug Cipeuteuy Majalengka,Wisata Alam & Buper TNGC,3,"Tiket masuk kemarin saat lebaran 15000, ada beberapa kolam untuk mandi, dan ada kolam kecil yg bisa untuk anak-anak.",,netral,tiket masuk kemarin saat lebaran 15000 ada beberapa kolam untuk mandi dan ada kolam kecil yang bisa untuk anak anak,0,0,0,0,1,netral,-,-,-
1620,Curug Cipeuteuy Majalengka,Wisata Alam & Buper TNGC,3,"Masih kurang bagus track ke atasnya, apalagi klo udah hujan, becek dan licin.",,netral,masih kurang bagus track ke atasnya apalagi kalo sudah hujan berlumpur dan licin,0,0,0,1,0,netral,-,-,-
1621,Curug Cipeuteuy Majalengka,Wisata Alam & Buper TNGC,3,"Puas Krn bisa mencari jalan yg blm tau,dan bisa tau semuanya ,tentang rekreasi",,netral,puas karena bisa mencari jalan yang belum tau dan bisa tau semuanya tentang rekreasi,0,0,0,1,0,netral,-,-,-
1622,Curug Cipeuteuy Majalengka,Wisata Alam & Buper TNGC,3,Akses y lumayan jauh dari jalan raya tapi pemandangan y indah/sejuk,,netral,akses ya lumayan jauh dari jalan raya tapi pemandangan ya indah sejuk,0,0,0,1,0,netral,-,-,-
1624,Curug Cipeuteuy Majalengka,Wisata Alam & Buper TNGC,3,Bagus buat refreshing Jalan ke lokasi lumayan menantang,,netral,bagus buat refreshing jalan ke lokasi lumayan menantang,0,0,0,1,0,netral,-,-,-
1628,Curug Cipeuteuy Majalengka,Wisata Alam & Buper TNGC,3,Akses jalan ektrem...R4 pemula tidak di sarankan,,netral,akses jalan ektrem r4 pemula tidak di sarankan,0,0,0,1,0,netral,-,-,-
1635,Curug Cipeuteuy Majalengka,Wisata Alam & Buper TNGC,3,Akses jalan lebih di perbagus,,netral,akses jalan lebih di perbagus,0,0,0,1,0,netral,-,-,-
1636,Curug Cipeuteuy Majalengka,Wisata Alam & Buper TNGC,3,Akses jalan kurang memadai,,netral,akses jalan kurang memadai,0,0,0,1,0,netral,-,-,-
1649,Curug Cipeuteuy Majalengka,Wisata Alam & Buper TNGC,5,"✔️Htm kunjungan : 15-20k/org ✔️Htm 🏕️ : 35k/org free lahan, listrik, wifi & fasilitas lainnya ✔️Toilet bersiih, berlantai, air melimpah & dingiin (free) ✔️Mushola juga ada, mukenahnya bersih ✔️Suasananya menenangkan, hutan, sungai, cocok untuk healing ✔️Area camping di atas, tapi bisa juga di bawah ✔️Warung banyak, tapi klo mlm tutup ✔️Aliran sungai banyak kolamnya bisa untuk berenang, dgn kedalaman 50cm-150cm ✔️Banyak tempat duduknya ✔️Pengelolanya informatif saat kita camping ✔️Areanya juga bersih, pagi & sore selalu disapu ✔️Jalannya pasti nanjak teruss & cukup kecil, tapi Aman kok klo kendaraannya fit bisa dilewatin elf ✔️Parkir mobil terbatas tapi kang parkirnya responsif mengarahkan dgn aman ✔️Jalan 150m dari parkiran pintu masuk (landai), jalan ke curugnya banyak tangga tapi tangga berbatu rapih. Klo tangga yg landai bisa lewat jembatan kuning ✔️Gada signal karna di Lembah, tapi ada voucher wifi harga 5k internet lancar ✔️Rekomended..!!!",,positif,htm kunjungan 15 20k orang htm 35k orang free lahan listrik wifi fasilitas lainnya toilet bersiih berlantai air melimpah dingiin free mushola juga ada mukenahnya bersih suasananya menenangkan hutan sungai cocok untuk healing area camping di atas tapi bisa juga di bawah warung banyak tapi kalo malam tutup aliran sungai banyak kolamnya bisa untuk berenang dengan kedalaman 50cm 150cm banyak tempat duduknya pengelolanya informatif saat kita camping areanya juga bersih pagi sore selalu disapu jalannya pasti nanjak terus cukup kecil tapi aman kok kalo kendaraannya fit bisa dilewatin elf parkir mobil terbatas tapi kang parkirnya responsif mengarahkan dengan aman jalan 150m dari parkiran pintu masuk landai jalan ke curugnya banyak tangga tapi tangga berbatu rapi kalo tangga yang landai bisa lewat jembatan kuning enggak ada signal karena di lembah tapi ada voucher wifi harga 5k internet lancar rekomended,1,0,0,1,1,positif,-,-,-
1650,Curug Cipeuteuy Majalengka,Wisata Alam & Buper TNGC,5,"Kesini pas cuti bersama imlek, ternyata cuma kita bertiga yg camping disini, kukira bakal rame ya, mungkin karena mendekati Ramadan jadi sepi. Tapi pengelolanya baik banget, mereka tidur di aula cuma buat jagain kita bertiga sekeluarga, makasih loh ya mas😊 toiletnya bersih, mushola bersih, warung banyak tapi karena sepi jadi jam set. 4 udah pada tutup. Gaada sampah sama sekali, area nya luas jadi pas malem agak takut dikit. Cuma jalannya cukup menantang ya, tapi motor scoopy umur 10 tahunku masih kuat buat naik sih jadi aman ya",,positif,kesini pas cuti bersama imlek ternyata cuma kita bertiga yang camping disini kukira bakal rame ya mungkin karena mendekati ramadan jadi sepi tapi pengelolanya baik banget mereka tidur di aula cuma buat menjaga kita bertiga sekeluarga terima kasih loh ya mas toiletnya bersih mushola bersih warung banyak tapi karena sepi jadi jam set 4 sudah pada tutup enggak ada sampah sama sekali area nya luas jadi pas malam agak takut dikit cuma jalannya cukup menantang ya tapi motor scoopy umur 10 tahunku masih kuat buat naik sih jadi aman ya,0,1,0,0,1,positif,-,-,-
1652,Curug Cipeuteuy Majalengka,Wisata Alam & Buper TNGC,5,Curug Cipeuteuy HTM 20rb suasana adem asri Air cukup jernih dan segar untuk berenang dan berendam.,,positif,curug cipeuteuy htm 20rb suasana adem asri air cukup jernih dan segar untuk berenang dan berendam,1,0,0,0,1,positif,-,-,-
1654,Curug Cipeuteuy Majalengka,Wisata Alam & Buper TNGC,5,"Jarak dari tempat parkir ke curug cukup dekat dan terbilang landai ( ramah anak ). Toilet bersih. Lingkungan bersih, mohon dijaga ya guys. Ada warung dekat curug, jadi kalau lapar enggak usah bingung. Rute menuju kesana cukup menantang, tapi LCGC masih aman kok.",,positif,jarak dari tempat parkir ke curug cukup dekat dan terbilang landai ramah anak toilet bersih lingkungan bersih mohon dijaga ya guys ada warung dekat curug jadi kalau lapar enggak usah bingung rute menuju kesana cukup menantang tapi lcgc masih aman kok,1,0,1,0,1,positif,-,-,-
1656,Curug Cipeuteuy Majalengka,Wisata Alam & Buper TNGC,5,Tempatnya menyenangkan Cocok untuk bersantai dan bermain air di kolam yang tidak dalam,,positif,tempatnya menyenangkan cocok untuk bersantai dan bermain air di kolam yang tidak dalam,1,0,0,0,0,positif,-,-,-
1657,Curug Cipeuteuy Majalengka,Wisata Alam & Buper TNGC,5,"Lokasi wisata satu ini dikelola sangat baik. Kondisi alamnya bagus dan sejuk. Jalur jalan kaki menuju lokasi sudah bagus sebagian menggunakan pavingblok, aman dan nyaman untuk orang tua dan anak2. Tiket masuk 15rb per orang yang dapat dibeli di pintu masuk. Fasilitas di area cukup lengkap, toilet, warung yang harganya terjangkau. Di musim hujan debit air terjun besar tapi air agak keruh. Kedalaman kolam cukup dalam, pastikan anak-anak dalam jangkauan perhatian orang tua.",,positif,lokasi wisata satu ini dikelola sangat baik kondisi alamnya bagus dan sejuk jalur jalan kaki menuju lokasi sudah bagus sebagian menggunakan pavingblok aman dan nyaman untuk orang tua dan anak-anak tiket masuk 15rb per orang yang dapat dibeli di pintu masuk fasilitas di area cukup lengkap toilet warung yang harganya terjangkau di musim hujan debit air terjun besar tapi air agak keruh kedalaman kolam cukup dalam pastikan anak anak dalam jangkauan perhatian orang tua,1,0,0,1,1,positif,-,-,-
1659,Curug Cipeuteuy Majalengka,Wisata Alam & Buper TNGC,5,Tempat wisata yang terbaik dengan curug yang mempunyai 7 mata air di kuningan best,,positif,tempat wisata yang terbaik dengan curug yang mempunyai 7 mata air di kuningan best,1,0,0,0,0,positif,-,-,-
1660,Curug Cipeuteuy Majalengka,Wisata Alam & Buper TNGC,5,"Htm nya 15k, tersedia toilet gratis, banyak tempat duduk dari batu ada mushalla dan gazebo, ada warung yang bisa pesan nasi liwet. sejuk adem asri dan menenangkan cocok untuk yang lagi cari tempat untuk ngadem",,positif,htm nya 15k tersedia toilet gratis banyak tempat duduk dari batu ada mushalla dan gazebo ada warung yang bisa pesan nasi liwet sejuk adem asri dan menenangkan cocok untuk yang lagi cari tempat untuk ngadem,1,0,0,1,1,positif,-,-,-
1661,Curug Cipeuteuy Majalengka,Wisata Alam & Buper TNGC,4,"Wisata yg cukup terkenal ,jalan menuju lokasi cukup ekstrem terutama buat mobil karena jalan yg hanya muat 1 mobil dan tanjakan yg curam juga berkelok ,jadi harus hati² terutama saat musim hujan,lahan parkir juga terbatas. Menurut saya kurang begitu cocok untuk Anak² karena air yg sangat dingin dan dasar kolam banyak batu kecil² seperti pasir sakit klw d injak,juga terdapat banyak anak tangga yg harus dilewati . Disini juga gada sinyal . Harga tiket masuk saat hari biasa hanya 15 rbu parkir motor 3 rbu ,dari tempat parkir kita harus berjalan -+ 300m ke lokasi air terjun . Pengunjung juga bisa pesan Paket Nasi liwet ,sebaiknya pesan sebelum hari kedatangan. Disini juga terdapat lokasi untuk Camping dan sewa peralatan Camping, pengunjung tinggal menghubungi pengelola tempat wisata untuk menanyakan lebih detailnya.",,positif,wisata yang cukup terkenal jalan menuju lokasi cukup ekstrem terutama buat mobil karena jalan yang hanya muat 1 mobil dan tanjakan yang curam juga berkelok jadi harus hati² terutama saat musim hujan lahan parkir juga terbatas menurut saya kurang begitu cocok untuk anak² karena air yang sangat dingin dan dasar kolam banyak batu kecil² seperti pasir sakit kalau di injak juga terdapat banyak anak tangga yang harus dilewati disini juga enggak ada sinyal harga tiket masuk saat hari biasa hanya 15 rbu parkir motor 3 rbu dari tempat parkir kita harus berjalan 300m ke lokasi air terjun pengunjung juga bisa pesan paket nasi liwet sebaiknya pesan sebelum hari kedatangan disini juga terdapat lokasi untuk camping dan sewa peralatan camping pengunjung tinggal menghubungi pengelola tempat wisata untuk menanyakan lebih detailnya,1,0,0,1,1,positif,-,-,-
1663,Curug Cipeuteuy Majalengka,Wisata Alam & Buper TNGC,5,"Jalan menuju lokasi terbilang bagus, hanya kecil, kalo ketemu lawan di depan harus mepet. Jalan menanjak nya lumayan curam. Sampai di lokasi perkiraan mobil terbatas. Datang pagi dapat tempat deket loket masuk, tiket 15rb per orang dan parkir 10rb untuk mobil. Kalo motor kurang paham - +5rb mungkin. Tempat bagus, bersih, airnya jernih",,positif,jalan menuju lokasi terbilang bagus hanya kecil kalo ketemu lawan di depan harus mepet jalan menanjak nya lumayan curam sampai di lokasi perkiraan mobil terbatas datang pagi dapat tempat dekat loket masuk tiket 15rb per orang dan parkir 10rb untuk mobil kalo motor kurang paham 5rb mungkin tempat bagus bersih airnya jernih,0,0,1,1,1,positif,-,-,-
1664,Curug Cipeuteuy Majalengka,Wisata Alam & Buper TNGC,5,Tempat nyaman & fasilitas lengkap,,positif,tempat nyaman fasilitas lengkap,0,0,0,0,0,positif,-,-,-
1665,Curug Cipeuteuy Majalengka,Wisata Alam & Buper TNGC,5,"Tempat favorit pertama saya di kabupaten majalengka adalah wisata curug cipeuteuy, lokasinya jauh dari hiruk pikuk dan peliknya suasana perkotaan, seolah menghasilkan mantra tersendiri untuk menenangkan pikiran kita masing masinh, semua yang datang kesini akan ikut terhipnotis oleh keindahan segmen segmen alamnya, bak sebuah negri dongeng yang tergambarkan ada 2 bukit berdempetan dengan ditengahnya mengalir surga air pegunungan berwarna biru dan menyegarkan, komposisi yang lengkap berpadu dengan udara yang dihasilkan langsung oleh alam disekitarnya",,positif,tempat favorit pertama saya di kabupaten majalengka adalah wisata curug cipeuteuy lokasinya jauh dari hiruk pikuk dan peliknya suasana perkotaan seolah menghasilkan mantra tersendiri untuk menenangkan pikiran kita masing masinh semua yang datang kesini akan ikut terhipnotis oleh keindahan segmen segmen alamnya bak sebuah negeri dongeng yang tergambarkan ada 2 bukit berdempetan dengan ditengahnya mengalir surga air pegunungan berwarna biru dan menyegarkan komposisi yang lengkap berpadu dengan udara yang dihasilkan langsung oleh alam disekitarnya,1,0,0,0,0,positif,-,-,-
1666,Curug Cipeuteuy Majalengka,Wisata Alam & Buper TNGC,5,"Wisata Curug yang sangat populer yang ada di kabupaten Majalengka, posisi nya di kawasan gunung Ciremai, seluruh pemandangan penuh dengan hutan seperti di gunung aja enak banget alam nya bener bener kejaga tanpa kerusakan, air yang disediakan benar benar air alami dari kaki gunung Ciremai, jadi saat mandi air pun rasanya sangat dingin tapi enak, tersedia beberapa kolam dari yang lumayan dalem sampai yang cocok banget untuk anak anak, cuman hati hati saat bermain harap untuk menjaga anak kecil, karena namanya air alam jadi tidak bisa dikuras menyebabkan licin jadi perlu ekstra hari hati.  Fasilitas yang tersedia cukup lengkap, toilet yang lumayan lah cuman lebih tingkatkan lagi kebersihan untuk kenyamanan seperti rajin sikat lantai agar tidak ada lumut walaupun sedikit dan ya sediakan himbauan untuk membilas bekas buang air kencing karena pernah masuk ya bau air kencing nya masih ada seperti belum di bilas, untuk kantin nya ada tersedia banyak makanan dan minuman lengkap, wahana bermain tersedia diatas.  Akses jalan yang jadi kesulitan, memang wajar akses nya sulit karena terletak di pegunungan dan kawasan gunung Ciremai, jalanan nya memang naik turun dan berliku namun patut disyukuri jalan nya tidak banyak lubang, saat saya menuju ke tempat wisata dengan kendaraan roda dua yang perlu di perhatikan hanya gas sama rem aja sama perlu fokus kalo ga fokus bisa nyungseb ke sawah.  Overall ini adalah wisata alam di Majalengka yang bener bener terjaga dan terpantau pemeliharaan nya bahkan menurutku ini adalah wisata yang selalu berkembang kedepannya.",,positif,wisata curug yang sangat populer yang ada di kabupaten majalengka posisi nya di kawasan gunung ciremai seluruh pemandangan penuh dengan hutan seperti di gunung saja enak banget alam nya benar benar kejaga tanpa kerusakan air yang disediakan benar benar air alami dari kaki gunung ciremai jadi saat mandi air pun rasanya sangat dingin tapi enak tersedia beberapa kolam dari yang lumayan dalem sampai yang cocok banget untuk anak anak cuman hati hati saat bermain harap untuk menjaga anak kecil karena namanya air alam jadi tidak bisa dikuras menyebabkan licin jadi perlu ekstra hari hati fasilitas yang tersedia cukup lengkap toilet yang lumayan lah cuman lebih tingkatkan lagi kebersihan untuk kenyamanan seperti rajin sikat lantai agar tidak ada lumut walaupun sedikit dan ya sediakan himbauan untuk membilas bekas buang air kencing karena pernah masuk ya bau air kencing nya masih ada seperti belum di bilas untuk kantin nya ada tersedia banyak makanan dan minuman lengkap wahana bermain tersedia diatas akses jalan yang jadi kesulitan memang wajar akses nya sulit karena terletak di pegunungan dan kawasan gunung ciremai jalanan nya memang naik turun dan berliku namun patut disyukuri jalan nya tidak banyak lubang saat saya menuju ke tempat wisata dengan kendaraan roda dua yang perlu di perhatikan hanya gas sama rem saja sama perlu fokus kalo enggak fokus bisa nyungseb ke sawah overall ini adalah wisata alam di majalengka yang benar benar terjaga dan terpantau pemeliharaan nya bahkan menurutku ini adalah wisata yang selalu berkembang kedepannya,1,1,0,1,0,positif,-,-,-
1667,Curug Cipeuteuy Majalengka,Wisata Alam & Buper TNGC,5,"Tempat wisata alam yang perlu dikunjungi kalau sedang di Majalengka, yaitu ""Curug Cipeteuy"". Letaknya di kaki Gunung Ciremai. Trekking dari pintu masuk ke Curug'nya kurleb 10 menit'an. Tapi asli bakalan menyenangkan karena kanan kiri lihat puun-puun berwarna hijau dan pemandangan alam yang warbiasah keren. Cukup terawat lingkungannya yaa. Ai dateng pas weekend jadi bayar HTM Rp 20K. Ga terlalu rame pas bulan puasa. Puas explore! . Tapi sayang karena pas ai dateng, curug'nya sedang dibersihkan jadi air terlihat coklat dan tidak jernih. Banyak tempat nongki diantara puun pinus ditambah beberapa spot ayunan yang bisa jadi ajang tempat foto yang instagrammable. Plus, semilir angin bikin nambah betah. Recommended buat ""short escape""!",,positif,tempat wisata alam yang perlu dikunjungi kalau sedang di majalengka yaitu curug cipeteuy letaknya di kaki gunung ciremai trekking dari pintu masuk ke curug nya kurleb 10 menit an tapi asli bakalan menyenangkan karena kanan kiri lihat puun puun berwarna hijau dan pemandangan alam yang warbiasah keren cukup terawat lingkungannya ya ai datang pas weekend jadi bayar htm rp 20k enggak terlalu rame pas bulan puasa puas explore tapi sayang karena pas ai datang curug nya sedang dibersihkan jadi air terlihat coklat dan tidak jernih banyak tempat nongki diantara puun pinus ditambah beberapa spot ayunan yang bisa jadi ajang tempat foto yang instagrammable plus semilir angin bikin menambah betah recommended buat short escape,1,0,0,0,1,positif,-,-,-
1669,Curug Cipeuteuy Majalengka,Wisata Alam & Buper TNGC,4,"Akses jalan menuju lokasi lumayan berliku-liku banyak tanjakan yang lumayan curam, hanya muat untuk satu mobil namun jalannya sudah rapih tertata dengan rapih dan cukup mulus untuk ukuran lokasi tempat wisata. Dari tempat parkir ke curug tidak terlalu jauh masih friendly untuk orang tua. Tersedia banyak saung2 yang menjajakan makanan ringan dan minuman di jalan menuju area curug. Mushola dan wc tersedia cukup bersih. Tiket untuk masuk 15k/orang belum trmasuk parkir.",,positif,akses jalan menuju lokasi lumayan berliku liku banyak tanjakan yang lumayan curam hanya muat untuk satu mobil namun jalannya sudah rapi tertata dengan rapi dan cukup mulus untuk ukuran lokasi tempat wisata dari tempat parkir ke curug tidak terlalu jauh masih friendly untuk orang tua tersedia banyak saung2 yang menjajakan makanan ringan dan minuman di jalan menuju area curug mushola dan wc tersedia cukup bersih tiket untuk masuk 15k orang belum termasuk parkir,1,0,0,1,1,positif,-,-,-
1670,Curug Cipeuteuy Majalengka,Wisata Alam & Buper TNGC,5,"Curug Cipeuteuy ini terdapat di sekitar gunung ciremai (pas masuk ada keterangan taman gunung ciremai). Untuk ke sini lebih direkomendasikan naik sepeda motor karena jalannya sempit kalo pake mobil. Untuk ke lokasi harus jalan dulu dari tempat pemungutan retribusi. Dalam perjalanan bakal disuguhi hijaunua daun. Direkomendasikan bawa air minum atau bisa beli di warung di lokasi karena bakal cukup menguras tenaga dalam perjalanannya. Di curugnya bisa buat berenang dan tidak terlalu dalam sekitar 1,5 meter jadi cocok untuk yang gak bisa berenang. Dan jangan lupa bawa baju ganti karena kurang sempurna kalo kesini gak nyebur ke air. Setelah main air nanti bisa jajan pop mie di warung dekat air terjun. Untuk tiket masuknya 25 ribu (jika belum berubah) dan bakal dapat gantungan kunci berdesain curug cipeteuy dan gunung ciremai.",,positif,curug cipeuteuy ini terdapat di sekitar gunung ciremai pas masuk ada keterangan taman gunung ciremai untuk ke sini lebih direkomendasikan naik sepeda motor karena jalannya sempit kalo pakai mobil untuk ke lokasi harus jalan dulu dari tempat pemungutan retribusi dalam perjalanan bakal disuguhi hijaunua daun direkomendasikan bawa air minum atau bisa beli di warung di lokasi karena bakal cukup menguras tenaga dalam perjalanannya di curugnya bisa buat berenang dan tidak terlalu dalam sekitar 1 5 meter jadi cocok untuk yang enggak bisa berenang dan jangan lupa bawa baju ganti karena kurang sempurna kalo kesini enggak mencebur ke air setelah main air nanti bisa jajan pop mie di warung dekat air terjun untuk tiket masuknya 25 ribu jika belum berubah dan bakal dapat gantungan kunci berdesain curug cipeteuy dan gunung ciremai,1,0,0,1,1,positif,-,-,-
1671,Curug Cipeuteuy Majalengka,Wisata Alam & Buper TNGC,5,"Bismillah, maasyaallah seru sekali liburan kali ini kami sekeluarga bisa mengunjungi Curug Cipeuteuy yg berlokasi di Dukuh Pasir Desa Bantaragung, Majalengka Jawa Barat. Kebetulan kami datang ke sana pas weekday sekitar jam 9an pagi jadi masih sepi pengunjung, serasa milik pribadi heheh.... Fasilitas yg disediakan cukup lengkap ada mushola, toilet, warung buat jajan pop mie (favorit bocil sih ini heheh) ada gazebo yg lega buat keluarga dengan bawaan banyak 😁 dan bisa pesan makanan ke kantin juga, cuma kami belum sempat cicipin sudah keburu balik. Selain itu tempatnya juga nyaman, bersih, dan asri memanjakan mata pokoknya mah. Untuk tiket masuk itu Rp 15.000/orang. Semoga nanti bisa berkunjung ke sini lagi aamiin...",,positif,bismillah maasyaallah seru sekali liburan kali ini kami sekeluarga bisa mengunjungi curug cipeuteuy yang berlokasi di dukuh pasir desa bantaragung majalengka jawa barat kebetulan kami datang ke sana pas weekday sekitar jam 9an pagi jadi masih sepi pengunjung serasa milik pribadi heheh fasilitas yang disediakan cukup lengkap ada mushola toilet warung buat jajan pop mie favorit bocil sih ini heheh ada gazebo yang lega buat keluarga dengan bawaan banyak dan bisa pesan makanan ke kantin juga cuma kami belum sempat cicipin sudah keburu balik selain itu tempatnya juga nyaman bersih dan asri memanjakan mata pokoknya mah untuk tiket masuk itu rp 15 000 orang semoga nanti bisa berkunjung ke sini lagi amin,1,0,0,0,1,positif,-,-,-
1672,Curug Cipeuteuy Majalengka,Wisata Alam & Buper TNGC,5,"Curug yang dikelola dengan baik. Curug tidak terlalu tinggi, tapi banyak dibuat kolam untuk berenang. Desainnya dibuat alami, jadi menyatu dengan alam dan tetap cantik. Jalan setapaknya sudah sangat bagus dan landai.  Cocok buat liburan keluarga, karena kolamnya punya beberapa kedalaman dari 70 - 130 cm. Ada pancuran air alami yang jernih banget dan ada ikannya.  Ada bagian bukit pinus yang sangat alami, kita bisa naik dengan tangga yang sudah rapi.  Kalau suka camping juga ada bagian camping groundnya. Toiletnya bersih.  Akses jalan mulai dari gerbang cukup untuk 1 mobil. Sudah diaspal dan mulus.",,positif,curug yang dikelola dengan baik curug tidak terlalu tinggi tapi banyak dibuat kolam untuk berenang desainnya dibuat alami jadi menyatu dengan alam dan tetap cantik jalan setapaknya sudah sangat bagus dan landai cocok buat liburan keluarga karena kolamnya punya beberapa kedalaman dari 70 130 cuma ada pancuran air alami yang jernih banget dan ada ikannya ada bagian bukit pinus yang sangat alami kita bisa naik dengan tangga yang sudah rapi kalau suka camping juga ada bagian camping groundnya toiletnya bersih akses jalan mulai dari gerbang cukup untuk 1 mobil sudah diaspal dan mulus,1,0,0,1,0,positif,-,-,-
1673,Curug Cipeuteuy Majalengka,Wisata Alam & Buper TNGC,5,"seriusan bagus puool.. bersih, jalan halus udah paving blok cuma jalan beberapa menit udah sampai air terjun kids friendly  banget jalananya",,positif,seriusan bagus puool bersih jalan halus sudah paving blok cuma jalan beberapa menit sudah sampai air terjun kids friendly banget jalananya,1,0,0,1,0,positif,-,-,-
1674,Curug Cipeuteuy Majalengka,Wisata Alam & Buper TNGC,5,"Bismillaah.. Akses Jalan menuju Curug Cipeuteuy aman bagus mulus hanya mungkin klo mobil harus hati' karna pas keatas jalannya kecil tpi aspal sejati bagus🥳 Jalan kakipun sebentar paling 10 mnit juga smpe, harus bawa baju ganti ya.. Soalnya enak tuk renang.  Walo curugnya kecil tpi kolamnya banyak. Alhamdulillaah  Tiket masuk 15 , motor 3 rb + mobil 10 rb",,positif,bismillaah akses jalan menuju curug cipeuteuy aman bagus mulus hanya mungkin kalo mobil harus hati karena pas keatas jalannya kecil tapi aspal sejati bagus jalan kakipun sebentar paling 10 mnit juga sampai harus bawa baju ganti ya soalnya enak untuk renang walo curugnya kecil tapi kolamnya banyak alhamdulillaah tiket masuk 15 motor 3 ribu mobil 10 ribu,0,0,0,1,1,positif,-,-,-
1675,Curug Cipeuteuy Majalengka,Wisata Alam & Buper TNGC,4,"Tempat masih asri dan bersih. Untuk berenang juga oke. Pokoke mantul, walaupun harus jalan kaki dari pintu masuk sekitar 250-300 meter kelokasi curug nya. Biaya masuk Rp.20.000, anak dibawah 6 tahun gratis",,positif,tempat masih asri dan bersih untuk berenang juga oke pokoke mantul walaupun harus jalan kaki dari pintu masuk sekitar 250 300 meter kelokasi curug nya biaya masuk rp 20 000 anak dibawah 6 tahun gratis,0,0,0,1,1,positif,-,-,-
1679,Curug Cipeuteuy Majalengka,Wisata Alam & Buper TNGC,5,Saya & suami dtng di weakday jadi tempat curugnya sepi enak untuk berfoto-foto bagus curugnya bersih sudah di tangani oleh pengelola dngn baik terawat tempatnya masuk aga ke dlm sedikit tp aman jln nya landai enak untuk di lalui sudah banyak wrng di Sana jadi krn weakday banyak yg tutup kebetulan ada 1 yg baru buka pas siangnya ga lama turun hujan sekalian neduh saya & suami berteduh sekakalian ngopi di wrng ibu2 penjualnya ramah2 banyak ngobrol kami di sana baru kali ini saya menginjakan kaki di majalengka jadi masih cari2 tmpt2 wisata di sana sambil tanya2 dngn ibu warung oh ya untuk tiket masuk di weakday 12000k/orang ntah klw weekend saya tdk sempat liat cukup jadi pengalaman menyenangkan tuk kami berwisata ke majalengka masih penasaran dng tmpt wisata lainnya di kota kecil ini,,positif,saya suami dtng di weakday jadi tempat curugnya sepi enak untuk berfoto foto bagus curugnya bersih sudah di tangani oleh pengelola dngn baik terawat tempatnya masuk aga ke dalam sedikit tapi aman jalan nya landai enak untuk di lalui sudah banyak wrng di sana jadi karena weakday banyak yang tutup kebetulan ada 1 yang baru buka pas siangnya enggak lama turun hujan sekalian neduh saya suami berteduh sekakalian ngopi di wrng ibu-ibu penjualnya ramah2 banyak mengobrol kami di sana baru kali ini saya menginjakan kaki di majalengka jadi masih cari-cari tmpt2 wisata di sana sambil tanya-tanya dngn ibu warung oh ya untuk tiket masuk di weakday 12000k orang entah kalau weekend saya tidak sempat lihat cukup jadi pengalaman menyenangkan untuk kami berwisata ke majalengka masih penasaran dengan tempat wisata lainnya di kota kecil ini,0,0,0,1,1,positif,-,-,-
1680,Curug Cipeuteuy Majalengka,Wisata Alam & Buper TNGC,5,"Tempat yang wajib di kunjungi untuk melepas penat Pemandangan bagus, sejuk, adem, asri Tiket masuk 15rb Parkir motor 3rb Enak datang pagi Curug nya masih sepi dan air jernih, semakin siang semakin ramai dan air jadi keruh",,positif,tempat yang wajib di kunjungi untuk melepas penat pemandangan bagus sejuk adem asri tiket masuk 15rb parkir motor 3rb enak datang pagi curug nya masih sepi dan air jernih semakin siang semakin ramai dan air jadi keruh,1,0,0,0,1,positif,-,-,-
1681,Curug Cipeuteuy Majalengka,Wisata Alam & Buper TNGC,5,"Tempatnya asri dan bikin adem,, cocok bet jika musim kemarau kesinii,, bisa mandi, camping dan ngeliwet, tempatnya indah apalagi malam hari dihiasi byk lampu hias yg indah, tiket masuk 15k perorang, parkir motor 3k dan mobil 10k sajjah. Recommended 🔥✨",,positif,tempatnya asri dan bikin adem cocok banget jika musim kemarau kesini bisa mandi camping dan ngeliwet tempatnya indah apalagi malam hari dihiasi banyak lampu hias yang indah tiket masuk 15k perorang parkir motor 3k dan mobil 10k sajjah recommended,0,0,0,0,1,positif,-,-,-
1682,Curug Cipeuteuy Majalengka,Wisata Alam & Buper TNGC,4,"Airnya dingin, kedalaman kolam 150cm, Orang tua di himbau memperhatikan anak anak nya yg bisa berenang maupun tidak ketika berendam dan berenang di kolam nyaa, pengunjung ramai lancar, Tersedia fasilitas kamar bilas mushola, toilet, Tangga naik dan turun sebagian dari marmer granit berpotensi lisin, dan belum tersedia handril/pegangan tangan ketuka menuruni tangga",,positif,airnya dingin kedalaman kolam 150cm orang tua di himbau memperhatikan anak anak nya yang bisa berenang maupun tidak ketika berendam dan berenang di kolam nya pengunjung ramai lancar tersedia fasilitas kamar bilas mushola toilet tangga naik dan turun sebagian dari marmer granit berpotensi lisin dan belum tersedia handril pegangan tangan ketuka menuruni tangga,1,0,0,0,0,positif,-,-,-
1684,Curug Cipeuteuy Majalengka,Wisata Alam & Buper TNGC,4,"Tempat nya enak,,bagus,,asri dan masih alami,,,jalan menuju curug pun lumayan mulus dan bagus,,,cuman sayang bagi saya jalan dari parkiran ke curug cukup lumayan jauh kalau hari biasa sepi pula....🤭🤭🤭🤭",,positif,tempat nya enak bagus asri dan masih alami jalan menuju curug pun lumayan mulus dan bagus cuman sayang bagi saya jalan dari parkiran ke curug cukup lumayan jauh kalau hari biasa sepi pula,0,0,0,1,0,positif,-,-,-
1686,Curug Cipeuteuy Majalengka,Wisata Alam & Buper TNGC,5,"Kalimat pertama yg keluar adalah, ""bersih tertata rapi"". Pasca covid, masuk masih menerapkan standar kesehatan. Lokasi bersih sekali dan tertata. Vegetasi hutan disekeliling masih bagus. Jalan menuju lokasi landai dan gak menguras tenaga. Dibikin semacam terasiring kolam agar aman buat main air. Tong sampah banyak sekali, tinggal pengunjung aja. Parkir motor dan mobil ada. Jalan akses menuju ke sini rada sempit kalau papasan. Pandangan cantik indah selama perjalanan ke sini.",,positif,kalimat pertama yang keluar adalah bersih tertata rapi pasca covid masuk masih menerapkan standar kesehatan lokasi bersih sekali dan tertata vegetasi hutan disekeliling masih bagus jalan menuju lokasi landai dan enggak menguras tenaga dibikin semacam terasiring kolam agar aman buat main air tong sampah banyak sekali tinggal pengunjung saja parkir motor dan mobil ada jalan akses menuju ke sini rada sempit kalau papasan pandangan cantik indah selama perjalanan ke sini,1,1,0,1,1,positif,-,-,-
1687,Curug Cipeuteuy Majalengka,Wisata Alam & Buper TNGC,5,"Bentangan alam yang begitu indahnya, dengan background pepohonan dan air terjun, bukan hanya itu dengan fasilitas yang lengkap dan banyak spot foto yang menarik memberikan kesan pertama yang sangat baik untukku.  Oleh karena itu recommended banget buat kalian yang ingin bersantai menikmati indahnya alam baik bersama keluarga, teman atau pacar.",,positif,bentangan alam yang begitu indahnya dengan background pepohonan dan air terjun bukan hanya itu dengan fasilitas yang lengkap dan banyak spot foto yang menarik memberikan kesan pertama yang sangat baik untukku oleh karena itu recommended banget buat kalian yang ingin bersantai menikmati indahnya alam baik bersama keluarga teman atau pacar,1,0,0,0,0,positif,-,-,-
1689,Curug Cipeuteuy Majalengka,Wisata Alam & Buper TNGC,5,"Great view!! MaasyaaAlloh pemandangan nya. Sweet escape dari hingar bingar kota. Cuma jalan menuju Curug nya itu Allohu akbar,, benar2 luar biasa, naik naik ke puncak gunung sekali. Tapi terbayarkan begitu sampai di lokasi",,positif,great view maasyaaalloh pemandangan nya sweet escape dari hingar bingar kota cuma jalan menuju curug nya itu allohu akbar benar-benar luar biasa naik naik ke puncak gunung sekali tapi terbayarkan begitu sampai di lokasi,0,0,0,1,0,positif,-,-,-
1690,Curug Cipeuteuy Majalengka,Wisata Alam & Buper TNGC,5,Tempatnya asri sejuk tapi akses lumayan jauh jln nya nanjak bgt hati² mobil atau motor yg stamina kurang bagus bisa ga kuat di tanjakannya. Untuk HTM menurut saya agak mahal 20rb. Harusnya diturunkan jadi 15rb jadi wajar krn rata2 tiket wisata segitu,,positif,tempatnya asri sejuk tapi akses lumayan jauh jalan nya nanjak banget hati² mobil atau motor yang stamina kurang bagus bisa enggak kuat di tanjakannya untuk htm menurut saya agak mahal 20rb harusnya diturunkan jadi 15rb jadi wajar karena rata-rata tiket wisata segitu,0,0,0,1,1,positif,-,-,-
1692,Curug Cipeuteuy Majalengka,Wisata Alam & Buper TNGC,5,"Akses menuju tempat wisatanya bagus, benar benar berada di dalam hutan udara cukup sejuk, perlu diwaspadai agak licin menuju ke Curug nya dan pastikan kendaraan dalam keadaan baik.",,positif,akses menuju tempat wisatanya bagus benar benar berada di dalam hutan udara cukup sejuk perlu diwaspadai agak licin menuju ke curug nya dan pastikan kendaraan dalam keadaan baik,0,0,0,1,0,positif,-,-,-
1693,Curug Cipeuteuy Majalengka,Wisata Alam & Buper TNGC,5,"Suasananya sejuuuk syekali, tempatnya nyaman bersih, air terjunnya beniiing,dingiiiiin bgt, pemandangannya sangat indah.... Pokoknya luar biyasa, ngga bakalan nyesel dtng ksna.. Akses jalan bagus, htm terjangkau",,positif,suasananya sejuuuk syekali tempatnya nyaman bersih air terjunnya beniiing dingiiiiin banget pemandangannya sangat indah pokoknya luar biyasa enggak bakalan menyesal dtng ksna akses jalan bagus htm terjangkau,1,0,0,1,1,positif,-,-,-
1695,Curug Cipeuteuy Majalengka,Wisata Alam & Buper TNGC,4,Dingin banget airnya. Bener2 seger sih mandi dan menikmat air mancur disini. Hati2 aja pas naik nanjak banget rem musti lancar. Better visit ps weekdays karna ga serame weekend. Jalannya cuma kek 1. Tapi ada yang naik dan turun.,,positif,dingin banget airnya benar-benar segar sih mandi dan menikmat air mancur disini hati-hati saja pas naik nanjak banget rem musti lancar better visit pas weekdays karena enggak serame weekend jalannya cuma kayak 1 tapi ada yang naik dan turun,1,0,0,0,0,positif,-,-,-
1696,Curug Cipeuteuy Majalengka,Wisata Alam & Buper TNGC,5,"Bagus, masih asri. Airnya jernih. Wisata bagian atasnya ga ada yg jaga harus hati2. Pastikan telapak sendalnya ga licin karena banyak bukit dari tanah. Ada toilet, tempat bilas dan mushola, ada warung kecil juga. Jalan menuju sana kecil dan sempit, gak disarankan pakai mobil besar (fortuner/pajero)",,positif,bagus masih asri airnya jernih wisata bagian atasnya enggak ada yang jaga harus hati-hati pastikan telapak sendalnya enggak licin karena banyak bukit dari tanah ada toilet tempat bilas dan mushola ada warung kecil juga jalan menuju sana kecil dan sempit enggak disarankan pakai mobil besar fortuner pajero,1,0,0,1,1,positif,-,-,-
1697,Curug Cipeuteuy Majalengka,Wisata Alam & Buper TNGC,5,"Tempatnya bagus, htm 15k weekend 20k Parkir motor 3k, mobil 10k  Sinyalnya susah harus ke atas bukit, tempar wc bayar ibarat ada tempat renang harus hayar lagi pas ganti pakaian 2x opit huft  Kekurangannya yaitu panjang orang pacaran saattt, gue jomblo saatt  Oh iya tempat ibadahnya ga ada",,positif,tempatnya bagus htm 15k weekend 20k parkir motor 3k mobil 10k sinyalnya susah harus ke atas bukit tempar wc bayar ibarat ada tempat renang harus hayar lagi pas ganti pakaian 2x opit huft kekurangannya yaitu panjang orang pacaran saattt gue jomblo saatt oh iya tempat ibadahnya enggak ada,1,0,0,0,1,positif,-,-,-
1698,Curug Cipeuteuy Majalengka,Wisata Alam & Buper TNGC,4,"datang saat pandemi dan libur panjang sehingga curugnya cukup ramai. Tempatnya bersih, terawat, terdapat beberapa warung makan kecil di dalam area wisata, jalan menuju curug tidak terlalu jauh dan menanjak.",,positif,datang saat pandemi dan libur panjang sehingga curugnya cukup ramai tempatnya bersih terawat terdapat beberapa warung makan kecil di dalam area wisata jalan menuju curug tidak terlalu jauh dan menanjak,0,0,0,1,1,positif,-,-,-
1702,Curug Cipeuteuy Majalengka,Wisata Alam & Buper TNGC,5,"Curug Cipeuteuy ini bagus. Fasilitasnya lengkap, kebersihan terjaga, aman untuk anak, dan tiket masuk terjangkau. Sangat rekomendasi untuk merefresh pikiran di sini. Suasananya nyaman dan sejuk.",,positif,curug cipeuteuy ini bagus fasilitasnya lengkap kebersihan terjaga aman untuk anak dan tiket masuk terjangkau sangat rekomendasi untuk merefresh pikiran di sini suasananya nyaman dan sejuk,0,1,0,0,1,positif,-,-,-
1703,Curug Cipeuteuy Majalengka,Wisata Alam & Buper TNGC,5,"Lumayan bagus tempatnya. Kesini jam 12 an lewat. Kebetulan pas Hujan jd agak males turun dr mobil. Tp karena penasaran tetep maksain turun. Akses jalan ke tempatnya jg gk becek. Marena banyak batu"" kecil gtu. Banyak warung"" dan toilet jg di lokasi",,positif,lumayan bagus tempatnya kesini jam 12 an lewat kebetulan pas hujan jadi agak malas turun dari mobil tapi karena penasaran tetap memaksakan turun akses jalan ke tempatnya juga enggak berlumpur marena banyak batu kecil begitu banyak warung dan toilet juga di lokasi,1,0,0,1,1,positif,-,-,-
1706,Curug Cipeuteuy Majalengka,Wisata Alam & Buper TNGC,5,"Tempat wisata alam yang disarankan, dengan petunjuk jalan yang jelas, trek nanjak ekstrim dan mulus serta mobil bisa masuk, suasana alam yang sejuk dan dikelilingi hutan pinus, di hari libur lumayan padat untuk berenang, kebanyakan pengunjung adalah sepasang kekasih. Fasilitas lengkap seperti toilet, mushola, kantin, buper, aula, dll.",,positif,tempat wisata alam yang disarankan dengan petunjuk jalan yang jelas trek nanjak ekstrim dan mulus serta mobil bisa masuk suasana alam yang sejuk dan dikelilingi hutan pinus di hari libur lumayan padat untuk berenang kebanyakan pengunjung adalah sepasang kekasih fasilitas lengkap seperti toilet mushola kantin buper aula dll,1,0,0,1,0,positif,-,-,-
1707,Curug Cipeuteuy Majalengka,Wisata Alam & Buper TNGC,5,"Tempat'y bagus,bersih,mngkn blm bnyk bgt yg tau,cm jalan utk kndaraan bnr² setapak,apalagi yg deket² loket masuk,hrs'y di tiap titik trtentu ada yg jaga pk walkie talkie,jd klo ada kendaraan yg ktemu di tengah,khusus'y mobil.biar gk bingung,spot parkir bwt minggir jg susah,lbh efektif klo ada yg jaga,yg lg turun bs turun aman,yg mo masuk bs tunggu dl dbwh,bs gantian.itu aja sih",,positif,tempat ya bagus bersih mngkn belum banyak banget yang tau cuma jalan untuk kndaraan bnr² setapak apalagi yang deket² loket masuk harus ya di tiap titik trtentu ada yang jaga pakai walkie talkie jadi kalo ada kendaraan yang ketemu di tengah khusus ya mobil biar enggak bingung spot parkir buat minggir juga susah lebih efektif kalo ada yang jaga yang lagi turun bisa turun aman yang mau masuk bisa tunggu dulu dibawah bisa gantian itu saja sih,0,0,1,1,1,positif,-,-,-
1708,Curug Cipeuteuy Majalengka,Wisata Alam & Buper TNGC,5,"Curug Cipeuteuy itu BERSIH & APIK. We loved it. Awalnya saya kira bakal menemukan obyek wisata air terjun yang tak jauh beda dengan di Bogor tempat saya tinggal, tapi ternyata Curug Cipeuteuy punya banyak nilai plus.  Air terjun ini mengalir ke kolam-kolam terpisah, bagai ada privasi tersendiri di tiap level. Suasana sekitar sunyi dan tenang, dan selalu ada petugas kebersihan patroli. Sama sekali tak terlihat sampah. Jangan lupa coba menu nasi liwet di warung-warungnya. LUAR BIASA!",,positif,curug cipeuteuy itu bersih apik we loved itu awalnya saya kira bakal menemukan obyek wisata air terjun yang tak jauh beda dengan di bogor tempat saya tinggal tapi ternyata curug cipeuteuy punya banyak nilai plus air terjun ini mengalir ke kolam kolam terpisah bagai ada privasi tersendiri di tiap level suasana sekitar sunyi dan tenang dan selalu ada petugas kebersihan patroli sama sekali tak terlihat sampah jangan lupa coba menu nasi liwet di warung warungnya luar biasa,1,1,1,0,1,positif,-,-,-
1709,Curug Cipeuteuy Majalengka,Wisata Alam & Buper TNGC,5,"Salah satu curug atau air terjun yang berlokasi di majalengka ini sangat bagus. Lokasi di daerah majalengka pinggir masih dekat dengan perbatasan makalengka-pasar kramat. Untuk akses jalan kesana sudah cukup bagus, komdisi jalanan halus, banyak petunjuk jalan juga menuju lokasi. Hanya saja tanjakan jalanannya cukup banyak dan tinggi. Jadi yang mau kesini isi penuh bensin dulu dan pastikan rem pakem. Tapi meskipun lumayan perjuangan dengan jalanannya, pemandangan jalannya cukup menyenangkan. Kita akan diseguhkan dengan pemandangan hamparan hijaunya persawahan. Curugnya sendiri sangat bersih dan tertata rapih, banyak tempat sampah, penjaga wisata yang siap membantu, spot foto juga disediakan. Htm : 15k",,positif,salah satu curug atau air terjun yang berlokasi di majalengka ini sangat bagus lokasi di daerah majalengka pinggir masih dekat dengan perbatasan makalengka pasar kramat untuk akses jalan kesana sudah cukup bagus komdisi jalanan halus banyak petunjuk jalan juga menuju lokasi hanya saja tanjakan jalanannya cukup banyak dan tinggi jadi yang mau kesini isi penuh bensin dulu dan pastikan rem pakem tapi meskipun lumayan perjuangan dengan jalanannya pemandangan jalannya cukup menyenangkan kita akan diseguhkan dengan pemandangan hamparan hijaunya persawahan curugnya sendiri sangat bersih dan tertata rapi banyak tempat sampah penjaga wisata yang siap membantu spot foto juga disediakan htm 15k,1,1,0,1,1,positif,-,-,-
1710,Curug Cipeuteuy Majalengka,Wisata Alam & Buper TNGC,5,"Tempatnya oke untuk keluarga dan lainnya, airnya seger dingin. Htm dewasa 15, anak 10K kekurangan nya bis tidak bisa masuk karen jalannya kecil",,positif,tempatnya oke untuk keluarga dan lainnya airnya segar dingin htm dewasa 15 anak 10k kekurangan nya bis tidak bisa masuk karen jalannya kecil,0,0,0,0,1,positif,-,-,-
1711,Curug Cipeuteuy Majalengka,Wisata Alam & Buper TNGC,5,"Perfect . . Tiket per orang 15k + Parkir Motor 3k Mobil 10k Musholah ✅ Warung ✅ Spot foto banyak (pas untuk hunting foto) Bisa mandi mandian juga (dingin banget) Udara nya juga sejuk banget pas untuk piknik keluarga, meet up bareng teman teman, rekan kerja, doi. Lebih jelasnya datang sendiri aja. ☺️",,positif,perfect tiket per orang 15k parkir motor 3k mobil 10k musholah warung spot foto banyak pas untuk hunting foto bisa mandi mandian juga dingin banget udara nya juga sejuk banget pas untuk piknik keluarga meet up bareng teman teman rekan kerja doi lebih jelasnya datang sendiri saja,0,0,0,0,1,positif,-,-,-
1712,Curug Cipeuteuy Majalengka,Wisata Alam & Buper TNGC,5,Lokasi camp yg sangat oke.htm sekarang 25rb.bulan depan mungkin 35rb.toilet banyak.free listrik.sinyal kosong.suhu dingin.,,positif,lokasi camp yang sangat oke htm sekarang 25rb bulan depan mungkin 35rb toilet banyak free listrik sinyal kosong suhu dingin,1,0,0,0,1,positif,-,-,-
1713,Curug Cipeuteuy Majalengka,Wisata Alam & Buper TNGC,4,"Sejuk, nyaman, air jernih dan segar ,fasilitas ada musholla,  warung toilet.ada tempat selfie juga..sayangnya sinyal sering menghilang",,positif,sejuk nyaman air jernih dan segar fasilitas ada musholla warung toilet ada tempat selfie juga sayangnya sinyal sering menghilang,1,0,0,0,1,positif,-,-,-
1714,Curug Cipeuteuy Majalengka,Wisata Alam & Buper TNGC,5,"Keindahan pesona wisata dari Air Terjun Cipeuteuy akan memanjakan perjalanan liburan anda bersama orang-orang tercinta. Curug Cipeuteuy sendiri menjadi destinasi wisata favorit di Majalengkan, jadi jangan sampai obyek wisata satu ini terlewat di list kunjungan liburan anda di Majalengka.  Ketika anda berencana mengunjungi obyek wisata Curug Cipeuteuy Bantaragung Majalengka, anda tidak perlu khawatir. Karena anda bisa mengunjunginya dengan mudah dengan akses jalan yang sudah baik dan plang penunjuk jalan yang akan memudahkan kunjungan liburan anda di Curug Cipeuteuy.  Curug Cipeuteuy sendiri beralamat di Jl. Dukuh Pasir, Bantaragung, Sindangwangi, Kabupaten Majalengka, Jawa Barat. Anda bisa mengunjungi obyek wisata Curug Cipeuteuy menggunakan kendaraan dengan menempuh jarak kurang lebih 25 km dari pusat kota Majalengka.  Waktu tempuh yang di butuhkan untuk mengunjungi Curug Cipeuteuy sendiri sekitar 45 menit perjalanan. Ketika anda ingin mengunjungi obyek wisata alam Curug Cipeuteuy Majalengka namun bingung rute terbaik? Berikut peta lokasi Curug Cipeuteuy yang bisa anda akses untuk memudahkan perjalanan liburan anda dan keluarga di Majalengka.  Menjadi obyek wisata favorit di Majalengkan membuat obyek wisata Curug Cipeuteuy dilengkapi dengan beberapa fasilitas pendukung wisata. Berikut beberapa fasilitas yang ada di obyek wisata Curug Cipeuteuy Jawa Barat. Tempat parkir kendaraan wisata  Warung wisata  Spot Foto  Wahana permainan  Toilet  Tempat ibadah  Gazebo  Rasakan keseruan liburan di Majalengka dengan mengunjungi destinasi wisata Curug Cipeuteuy dengan fasilitas pendukung yang tersedia.  Aktivitas menarik dan menyenangkan bisa anda nikmati ketika mengunjungi obyek wisata Curug Cipeuteuy Jawa Barat. Selain menikmati keindahan air terjun Curug Cipeuteuy, anda juga bisa melakukan aktivitas seru lainnya.  Seperti aktivitas bermandi-mandi dengan air jernih dan dingin dari Curug Cipeuteuy, berburu foto instagenic, camping, outbond dan masih banyak lagi. Rasakan suasana relaksasi dari Curug Cipeuteuy yang akan mendamikan jiwa dan pikiran anda ketika mengunjunginya.  Rasa jenuh, bosan, penat dan lainnya akan hilang seketika dengan pesona wisata yang disajikan oleh Curug Cipeuteuy Majalengka.",,positif,keindahan pesona wisata dari air terjun cipeuteuy akan memanjakan perjalanan liburan anda bersama orang orang tercinta curug cipeuteuy sendiri menjadi destinasi wisata favorit di majalengkan jadi jangan sampai obyek wisata satu ini terlewat di list kunjungan liburan anda di majalengka ketika anda berencana mengunjungi obyek wisata curug cipeuteuy bantaragung majalengka anda tidak perlu khawatir karena anda bisa mengunjunginya dengan mudah dengan akses jalan yang sudah baik dan plang penunjuk jalan yang akan memudahkan kunjungan liburan anda di curug cipeuteuy curug cipeuteuy sendiri beralamat di jl dukuh pasir bantaragung sindangwangi kabupaten majalengka jawa barat anda bisa mengunjungi obyek wisata curug cipeuteuy menggunakan kendaraan dengan menempuh jarak kurang lebih 25 kamu dari pusat kota majalengka waktu tempuh yang di butuhkan untuk mengunjungi curug cipeuteuy sendiri sekitar 45 menit perjalanan ketika anda ingin mengunjungi obyek wisata alam curug cipeuteuy majalengka namun bingung rute terbaik berikut peta lokasi curug cipeuteuy yang bisa anda akses untuk memudahkan perjalanan liburan anda dan keluarga di majalengka menjadi obyek wisata favorit di majalengkan membuat obyek wisata curug cipeuteuy dilengkapi dengan beberapa fasilitas pendukung wisata berikut beberapa fasilitas yang ada di obyek wisata curug cipeuteuy jawa barat tempat parkir kendaraan wisata warung wisata spot foto wahana permainan toilet tempat ibadah gazebo rasakan keseruan liburan di majalengka dengan mengunjungi destinasi wisata curug cipeuteuy dengan fasilitas pendukung yang tersedia aktivitas menarik dan menyenangkan bisa anda nikmati ketika mengunjungi obyek wisata curug cipeuteuy jawa barat selain menikmati keindahan air terjun curug cipeuteuy anda juga bisa melakukan aktivitas seru lainnya seperti aktivitas bermandi mandi dengan air jernih dan dingin dari curug cipeuteuy berburu foto instagenic camping outbond dan masih banyak lagi rasakan suasana relaksasi dari curug cipeuteuy yang akan mendamikan jiwa dan pikiran anda ketika mengunjunginya rasa jenuh bosan penat dan lainnya akan hilang seketika dengan pesona wisata yang disajikan oleh curug cipeuteuy majalengka,1,0,0,1,1,positif,-,-,-
1715,Curug Cipeuteuy Majalengka,Wisata Alam & Buper TNGC,5,"Tempat yg sangat rekomended. Semoga tetap terjaga alaminya  Bagi yg suka suasana alam tempat ini sangat cocok untuk menenangkan pikiran.. buat acara makan2. Acara ultah anak. Kumpul2 juga rekomended disini..  Kalao bisa kesini jangan disaat hujan ya, karena jalan nya agak menanjak dan licin ditepi jurang harus hati hati  Harga tiket masuk Rp 15.000 / orang dan anak dibawah 7 tahun gratis  Suasana alam nya sangat asyik adem dingin dan ada suara2 hutan nya sangat natural dan ada air mancur nya juga sangat sejuk. Bisa mandi sambil main air juga boleh gratis ...  Ini tempat favorit waktu pacaran hingga sudah menikah sampai sekarang masih suka main kesini  Kalao hari2 biasa agak sepi dan warung yg jualan sangat jarang , wekend lebih ramai  Kekurangan tempat ini tidak ada signal seluler dan agak susah cari internet",,positif,tempat yang sangat rekomended semoga tetap terjaga alaminya bagi yang suka suasana alam tempat ini sangat cocok untuk menenangkan pikiran buat acara makan2 acara ultah anak kumpul2 juga rekomended disini kalao bisa kesini jangan disaat hujan ya karena jalan nya agak menanjak dan licin ditepi jurang harus hati hati harga tiket masuk rp 15 000 orang dan anak dibawah 7 tahun gratis suasana alam nya sangat asyik adem dingin dan ada suara2 hutan nya sangat natural dan ada air mancur nya juga sangat sejuk bisa mandi sambil main air juga boleh gratis ini tempat favorit waktu pacaran hingga sudah menikah sampai sekarang masih suka main kesini kalao hari-hari biasa agak sepi dan warung yang jualan sangat jarang wekend lebih ramai kekurangan tempat ini tidak ada signal seluler dan agak susah cari internet,1,0,0,1,1,positif,-,-,-
1716,Curug Cipeuteuy Majalengka,Wisata Alam & Buper TNGC,4,"Tempatnya bagus, cukup tertata dengan baik, terdapat warung2 yg menyediakan jajanan dan fasilitas seperti toilet & musola, udara di tempatnya segar, cocok untuk liburan bersama keluarga. Akses menuju lokasi jika menggunakan sepeda motor cukup mudah, namun bila menggunakan kendaraan roda empat harus lebih berhati-hati karena jalannya lumayan sempit.",,positif,tempatnya bagus cukup tertata dengan baik terdapat warung2 yang menyediakan jajanan dan fasilitas seperti toilet musola udara di tempatnya segar cocok untuk liburan bersama keluarga akses menuju lokasi jika menggunakan sepeda motor cukup mudah namun bila menggunakan kendaraan roda empat harus lebih berhati hati karena jalannya lumayan sempit,1,0,0,0,0,positif,-,-,-
1717,Curug Cipeuteuy Majalengka,Wisata Alam & Buper TNGC,5,"Wisata terwat dgn baik... Hanya saja jalan kaki ke curug agar lebih hati-hati , tidak ada pagar pembatas",,positif,wisata terwat dengan baik hanya saja jalan kaki ke curug agar lebih hati hati tidak ada pagar pembatas,0,0,0,1,0,netral,-,-,-
1718,Curug Cipeuteuy Majalengka,Wisata Alam & Buper TNGC,5,Tempat nya cukup asik bgt buat healing Tapi jalan menuju ke lokasi cukup sempit dan cukup menanjak dan berkelok jadi harus benar benar hati hati dan mobilnya harus sehat.....,,positif,tempat nya cukup asik banget buat healing tapi jalan menuju ke lokasi cukup sempit dan cukup menanjak dan berkelok jadi harus benar benar hati hati dan mobilnya harus sehat,0,0,0,1,0,positif,-,-,-
1719,Curug Cipeuteuy Majalengka,Wisata Alam & Buper TNGC,5,"Adem, sejuk, parkir luas, harga makanan yang dijual Standar, pemandangan manjain mata. Akses jalan rata tapi sempit.",,positif,adem sejuk parkir luas harga makanan yang dijual standar pemandangan memanjakan mata akses jalan rata tapi sempit,0,0,0,1,1,positif,-,-,-
1720,Curug Cipeuteuy Majalengka,Wisata Alam & Buper TNGC,5,Tempatnya bersih akses jalan  biasalah kecurug tp tidak sulit2 amat makanan mudah d dapat tempat salin dan bilas ok bersih semua cantik buat santai makan2 dan foto2 airnya bersih,,positif,tempatnya bersih akses jalan biasalah kecurug tapi tidak sulit2 amat makanan mudah di dapat tempat salin dan bilas ok bersih semua cantik buat santai makan2 dan foto-foto airnya bersih,0,0,0,1,0,positif,-,-,-
1721,Curug Cipeuteuy Majalengka,Wisata Alam & Buper TNGC,5,"Wisata Alam yg sejuk Medannya Cukup extreme bagi pengendara Roda 4, Tempat Wisata nyaCukup bagus jg buat anak² main air Tapi Ttp dlm pengawasan org tua retutama Soalnya licin. Dan tentunya tempat selfinya wow mantul",,positif,wisata alam yang sejuk medannya cukup extreme bagi pengendara roda 4 tempat wisata nyacukup bagus juga buat anak² main air tapi tetap dalam pengawasan orang tua retutama soalnya licin dan tentunya tempat selfinya wow mantul,1,0,0,1,0,positif,-,-,-
1722,Curug Cipeuteuy Majalengka,Wisata Alam & Buper TNGC,5,"Nyaman, asri, sejuk, dan tenang. Ada kolam untuk anak jg. Tp hati hati karena banyak lumut di jalan pinggir kolam maupun di tangga untuk masuk kolam, licin banget. Aksesnya jalannya bagus, tp cukup ekstrem tanjakannya dan hanya muat untuk 1 mobil. Dan dari pintu masuk ke kolam harus jalan kaki, lumayan bikin ngos-ngosan. Bisa buat ngecamp juga.",,positif,nyaman asri sejuk dan tenang ada kolam untuk anak juga tapi hati hati karena banyak lumut di jalan pinggir kolam maupun di tangga untuk masuk kolam licin banget aksesnya jalannya bagus tapi cukup ekstrem tanjakannya dan hanya muat untuk 1 mobil dan dari pintu masuk ke kolam harus jalan kaki lumayan bikin ngos ngosan bisa buat ngecamp juga,0,0,0,1,0,positif,-,-,-
1723,Curug Cipeuteuy Majalengka,Wisata Alam & Buper TNGC,4,"Curug Cipeteuy salah satu destinasi alam di kecamatan Sindangwangi kabupaten Majalengka, air terjun ini terletak di bawah kaki gunung Ciremai, jalan menuju ke lokasi air terjun ini sudah di aspal namun kemiringan jalannya sekitar 45 Derajat. Perlu pengecekkan kendaraan sebelum ke lokasi ini utk keamanan",,positif,curug cipeteuy salah satu destinasi alam di kecamatan sindangwangi kabupaten majalengka air terjun ini terletak di bawah kaki gunung ciremai jalan menuju ke lokasi air terjun ini sudah di aspal namun kemiringan jalannya sekitar 45 derajat perlu pengecekkan kendaraan sebelum ke lokasi ini untuk keamanan,1,0,0,1,0,positif,-,-,-
1725,Curug Cipeuteuy Majalengka,Wisata Alam & Buper TNGC,5,"Curug Cipeuteuy adalah destinasi ""paket lengkap"". Tidak hanya menawarkan air terjun, tapi juga kenyamanan wisata modern tanpa merusak keasrian alam. Sangat recommended untuk dikunjungi jika Anda sedang berada di wilayah Majalengka atau Cirebon. ​Datanglah saat pagi hari di hari kerja (weekday) untuk mendapatkan foto terbaik tanpa gangguan kerumunan!",,positif,curug cipeuteuy adalah destinasi paket lengkap tidak hanya menawarkan air terjun tapi juga kenyamanan wisata modern tanpa merusak keasrian alam sangat recommended untuk dikunjungi jika anda sedang berada di wilayah majalengka atau cirebon datanglah saat pagi hari di hari kerja weekday untuk mendapatkan foto terbaik tanpa gangguan kerumunan,1,0,0,0,0,positif,-,-,-
1726,Curug Cipeuteuy Majalengka,Wisata Alam & Buper TNGC,5,"Akses jalan menuju lokasi sedikit sempit,berkelok dan naik turun, agak repot jika menggunakan mobil. disarankan naik motor. Tiket masuk per orang Rp. 15.000, untuk motor biayanya Rp. 3.000. Cukup ramah untuk dompet. Untuk menuju titik air terjunnya ke dalam nya lanjut jalan kaki, cukup dekat +- 200meter. Area bermain air cukup ramah untuk anak-anak tetapi harus tetap dalam pengawasan orang tua. Ada warung juga untuk bersantai dan menikmati aneka hidangan makanan. Overall tempat wisata ini sangat bagus. 👍👍👍👍👍",,positif,akses jalan menuju lokasi sedikit sempit berkelok dan naik turun agak repot jika menggunakan mobil disarankan naik motor tiket masuk per orang rp 15 000 untuk motor biayanya rp 3 000 cukup ramah untuk dompet untuk menuju titik air terjunnya ke dalam nya lanjut jalan kaki cukup dekat 200meter area bermain air cukup ramah untuk anak anak tetapi harus tetap dalam pengawasan orang tua ada warung juga untuk bersantai dan menikmati aneka hidangan makanan overall tempat wisata ini sangat bagus,1,0,1,1,1,positif,-,-,-
1728,Curug Cipeuteuy Majalengka,Wisata Alam & Buper TNGC,4,Bila bawa mobil jalan menuju lokasi cukup 1 mobil apabila papasan dengan mobil lain hati2 karena jalan curam dan jurang,,positif,bila bawa mobil jalan menuju lokasi cukup 1 mobil apabila papasan dengan mobil lain hati-hati karena jalan curam dan jurang,0,0,0,1,0,positif,-,-,-
1729,Curug Cipeuteuy Majalengka,Wisata Alam & Buper TNGC,5,"Dikelola dengan baik, fasilitas dan tempat sebanding dengan harga tiket, baiknya berkunjung di hari biasa jadi serasa kolam sendiri, curug nya kecil di kelilingin hutan pinus jadi adem banget",,positif,dikelola dengan baik fasilitas dan tempat sebanding dengan harga tiket baiknya berkunjung di hari biasa jadi serasa kolam sendiri curug nya kecil di kelilingin hutan pinus jadi adem banget,0,0,0,0,1,positif,-,-,-
1731,Curug Cipeuteuy Majalengka,Wisata Alam & Buper TNGC,5,Overall bagus tempat nya asri fasilitas umum nya juga cukup  Note : Hati hati yang mau berenang karena lumutan jadi licin,,positif,overall bagus tempat nya asri fasilitas umum nya juga cukup note hati hati yang mau berenang karena lumutan jadi licin,0,0,0,1,0,positif,-,-,-
1732,Curug Cipeuteuy Majalengka,Wisata Alam & Buper TNGC,4,"Adem banget, asri, airnya kolamnya dingin. Tapi buat sampe ke air terjun harus jalan cukup jauh, ada beberapa spot foto bertema dan cafe/kantin di curug ini.",,positif,adem banget asri airnya kolamnya dingin tapi buat sampai ke air terjun harus jalan cukup jauh ada beberapa spot foto bertema dan cafe kantin di curug ini,1,0,0,1,0,positif,-,-,-
1733,Curug Cipeuteuy Majalengka,Wisata Alam & Buper TNGC,5,"Salah satu taman nasional yg dikelola perhutani di daerah majalengka, curug cipeteuy terawat banget, bersih dari sampah, toiletnya pun bersih..tempatnya luas banget dan banyak spot selfie yang sengaja dibuat dengan nuansa hutan yg luar biasa kesejukannya.. yuk liburan.. #mattheusr",,positif,salah satu taman nasional yang dikelola perhutani di daerah majalengka curug cipeteuy terawat banget bersih dari sampah toiletnya pun bersih tempatnya luas banget dan banyak spot selfie yang sengaja dibuat dengan nuansa hutan yang luar biasa kesejukannya yuk liburan mattheusr,0,1,0,0,0,positif,-,-,-
1735,Curug Cipeuteuy Majalengka,Wisata Alam & Buper TNGC,4,Tempatnya sejuk krn merupakan Taman Nasional dan juga bersih. Hanya saja jalan masuk bila berpapasan mobil amat susah.,,positif,tempatnya sejuk karena merupakan taman nasional dan juga bersih hanya saja jalan masuk bila berpapasan mobil amat susah,0,0,0,1,0,netral,-,-,-
1736,Curug Cipeuteuy Majalengka,Wisata Alam & Buper TNGC,4,"Menurut saya tempat nya bagus, dirawat dgn baik. Tersedia toilet dan klo kesini sekalian berenang ya biar lebih asik.",,positif,menurut saya tempat nya bagus dirawat dengan baik tersedia toilet dan kalo kesini sekalian berenang ya biar lebih asik,1,0,0,0,0,positif,-,-,-
1737,Curug Cipeuteuy Majalengka,Wisata Alam & Buper TNGC,5,bagus akses jln agak nanjak ksini thn 2020 wktu pandemi jd bnyk spot fto yg ditutup krna efek pandemi HTM murah,,positif,bagus akses jalan agak nanjak kesini tahun 2020 waktu pandemi jadi banyak spot foto yang ditutup karena efek pandemi htm murah,0,0,0,1,1,positif,-,-,-
1738,Curug Cipeuteuy Majalengka,Wisata Alam & Buper TNGC,5,curug nya bagus banget untuk harga 15.000 per/orng wor'it banget cuman minus nya gaada sinyal doang,,positif,curug nya bagus banget untuk harga 15 000 per orang wor itu banget cuman minus nya enggak ada sinyal doang,0,0,0,0,1,positif,-,-,-
1747,Curug Cipeuteuy Majalengka,Wisata Alam & Buper TNGC,5,Enak adem dan akses ke curugnya juga tidak terlalu jauh. ada spot buat selfie juga bagi yg suka foto2. HTM 15k,,positif,enak adem dan akses ke curugnya juga tidak terlalu jauh ada spot buat selfie juga bagi yang suka foto-foto htm 15k,0,0,0,0,1,positif,-,-,-
1748,Curug Cipeuteuy Majalengka,Wisata Alam & Buper TNGC,4,"Aksesnya yang cukup lumayan menguras waktu dan tenaga, akan terbayar dengan indah dan asrinya suasana di curug Cipeteuy. Dari tempat ini juga ada jalur pendakian ke Gunung Ciremai, karena Curug Cipeteuy merupakan Taman Gunung Ciremai",,positif,aksesnya yang cukup lumayan menguras waktu dan tenaga akan terbayar dengan indah dan asrinya suasana di curug cipeteuy dari tempat ini juga ada jalur pendakian ke gunung ciremai karena curug cipeteuy merupakan taman gunung ciremai,0,0,0,1,0,positif,-,-,-
1753,Curug Cipeuteuy Majalengka,Wisata Alam & Buper TNGC,5,"Pokoknya mantap poollll.... Pelayanan memuaskan,toilet bersih...",,positif,pokoknya mantap pol pelayanan memuaskan toilet bersih,1,0,0,0,0,positif,-,-,-
1755,Curug Cipeuteuy Majalengka,Wisata Alam & Buper TNGC,5,"Tempat wisata alam yang terletak di kaki Gunung Ciremai. Tempat nya indah, dengan fasilitas cukup lengkap (musholla, toilet gratis). jika ke sini dengan kendaraan kecil karena akses jalan terbatas, jadi bus besar tidak bisa masuk. Untuk tiket masuk terjangkau, Rp. 10K - 15K per orang.",,positif,tempat wisata alam yang terletak di kaki gunung ciremai tempat nya indah dengan fasilitas cukup lengkap musholla toilet gratis jika ke sini dengan kendaraan kecil karena akses jalan terbatas jadi bus besar tidak bisa masuk untuk tiket masuk terjangkau rp 10k 15k per orang,1,0,0,1,1,positif,-,-,-
1756,Curug Cipeuteuy Majalengka,Wisata Alam & Buper TNGC,4,"Curug di lembah, dikelilingi hutan pinus, teduh dan perbukitan, cocok healing tuk keluarga, ada kolam renang, toilet dan musholah",,positif,curug di lembah dikelilingi hutan pinus teduh dan perbukitan cocok healing untuk keluarga ada kolam renang toilet dan musholah,1,0,0,0,0,positif,-,-,-
1757,Curug Cipeuteuy Majalengka,Wisata Alam & Buper TNGC,5,"Sempet ngecamp disini sehari semalem enak sih walaupun ga terlalu luas. Toilet, mushola, gazebo jg deket. Kalo mau ke curug ga perlu bayar lagi. Sayangnya ga ada signal tp free wifi kok. Kurangnya mungkin ga bisa dapet view sunrise&sunset sama kurang dingin wksss",,positif,sempat ngecamp disini sehari semalem enak sih walaupun enggak terlalu luas toilet mushola gazebo juga dekat kalo mau ke curug enggak perlu bayar lagi sayangnya enggak ada signal tapi free wifi kok kurangnya mungkin enggak bisa dapat view sunrise sunset sama kurang dingin wksss,1,0,0,0,0,positif,-,-,-
1758,Curug Cipeuteuy Majalengka,Wisata Alam & Buper TNGC,5,"Tempatnya adem, sejuk, bersih. Murah juga. akses jalan sedikit sulit",,positif,tempatnya adem sejuk bersih murah juga akses jalan sedikit sulit,0,0,0,1,0,positif,-,-,-
1761,Curug Cipeuteuy Majalengka,Wisata Alam & Buper TNGC,5,"Good place, dengan harga tiket masuk yang murah. disini juga bisa berenang dan bermain air. fasilitaspun sangat lengkap mulai dari warung, kamar mandi, wc atau kamar ganti.",,positif,good place dengan harga tiket masuk yang murah disini juga bisa berenang dan bermain air fasilitaspun sangat lengkap mulai dari warung kamar mandi wc atau kamar ganti,1,0,0,0,1,positif,-,-,-
1762,Curug Cipeuteuy Majalengka,Wisata Alam & Buper TNGC,5,"Keindahan alam di Curug Cipeteuy mampu menghibur hati para pengunjung yang hadir disana. Udara yang sejuk dan suara gemericik air terjunnya seakan mampu menghipnotis para wisatawan untuk menenangkan diri dari padatnya rutinitas harian. Saat ini fasilitas di tempat wisata Curug Cipeteuy cukup lengkap meliputi: mushola, cafe/tempat makan, toilet, area parkir, area perkemahan dll. Kawasan tempat ini sangat cocok untuk dijadikan tempat wisata bersama keluarga, saudara maupun teman. Namun perlu hati-hati, jalan menuju tempat tersebut sedikit curam. Oleh karena itu, sebaiknya pastikan terlebih dahulu kondisi kendaraan demi keamanan dan kenyamanan saat perjalanan.",,positif,keindahan alam di curug cipeteuy mampu menghibur hati para pengunjung yang hadir disana udara yang sejuk dan suara gemericik air terjunnya seakan mampu menghipnotis para wisatawan untuk menenangkan diri dari padatnya rutinitas harian saat ini fasilitas di tempat wisata curug cipeteuy cukup lengkap meliputi mushola cafe tempat makan toilet area parkir area perkemahan dll kawasan tempat ini sangat cocok untuk dijadikan tempat wisata bersama keluarga saudara maupun teman namun perlu hati hati jalan menuju tempat tersebut sedikit curam oleh karena itu sebaiknya pastikan terlebih dahulu kondisi kendaraan demi keamanan dan kenyamanan saat perjalanan,1,0,0,1,1,positif,-,-,-
1763,Curug Cipeuteuy Majalengka,Wisata Alam & Buper TNGC,5,Biasanya kalo ke Curug jauh jalan kakinya terus nanjak lagi kalo kecurug cipeteuy jalan nya rata sama deket,,positif,biasanya kalo ke curug jauh jalan kakinya terus nanjak lagi kalo kecurug cipeteuy jalan nya rata sama dekat,0,0,0,1,0,positif,-,-,-
1765,Curug Cipeuteuy Majalengka,Wisata Alam & Buper TNGC,4,"Tempat spot foto perlu diperbaiki. Saran kalo mau ke sini mending bawa baju ganti, sekalian aja main air soalnya kalo nyari spot foto aga kurang sih.",,positif,tempat spot foto perlu diperbaiki saran kalo mau ke sini mending bawa baju ganti sekalian saja main air soalnya kalo mencari spot foto aga kurang sih,1,0,0,0,0,positif,-,-,-
1766,Curug Cipeuteuy Majalengka,Wisata Alam & Buper TNGC,5,Alami sekali...pemandangan disini okke banget..air terjunnya memang kurang alami..tapi packaging yang dihadirkan udah okke bgt...,,positif,alami sekali pemandangan disini okke banget air terjunnya memang kurang alami tapi packaging yang dihadirkan sudah okke banget,1,0,0,0,0,positif,-,-,-
1768,Curug Cipeuteuy Majalengka,Wisata Alam & Buper TNGC,5,"Tempat mantap guys, bisa berenang, harga tiket murah, cocok untuk rekreasi keluarga, rugi ah ngga kesini, fasilitas lengkap,",,positif,tempat mantap guys bisa berenang harga tiket murah cocok untuk rekreasi keluarga rugi ah enggak kesini fasilitas lengkap,0,0,0,0,1,positif,-,-,-
1769,Curug Cipeuteuy Majalengka,Wisata Alam & Buper TNGC,4,Oke lah klo buat yang mandi air terjun jernih dan bersih dinginnn,,positif,oke lah kalo buat yang mandi air terjun jernih dan bersih dinginnn,1,0,0,0,0,positif,-,-,-
1771,Curug Cipeuteuy Majalengka,Wisata Alam & Buper TNGC,4,"Air terjun menawan satu ini terletak di Jalan Dukuh Pasir, Bantaragung, Sindangwangi, Kabupaten Majalengka, Jawa Barat. Kamu harus tracking untuk mencapainya, selama diperjalanan kita akan disuguhkan dengan pemandangan alam serta suara burung berkicau yang menenangkan pikiran.  Kolam Berkhasiat di Curug Cipeuteuy Fasilitas Nyaman di Tengah Hutan  Spot Foto di Curug Cipeuteuy Meski harus berjalan sekitar 300 meter dari loket masuk, kamu tidak akan kesusahan untuk sampai di kaki air terjun. Hal ini karena akses menuju lokasi cukup lebar dan aman. Sesampainya di lokasi, kamu bakal mendengar suara gemericik air yang tidak ada hentinya. Udara sejuk dari pegunungan asri makin membuatmu betah lama-lama di sini. Apalagi banyak saung yang nyaman untuk bersantai. Bingung mau kemana di akhir pekan ini, ke Curug Cipeuteuy saja!  Keindahan Curug Cieputeuy Kolam Alami yang Miliki Khasiat Tersembunyi  Air bersih di Curug Cipeuteuy kamu pun bisa memanjakan dirimu dengan berendam di kolam Curug Cipeuteuy. Konon, kolam alami di sini memiliki khasiat untuk kesehatan",,positif,air terjun menawan satu ini terletak di jalan dukuh pasir bantaragung sindangwangi kabupaten majalengka jawa barat kamu harus tracking untuk mencapainya selama diperjalanan kita akan disuguhkan dengan pemandangan alam serta suara burung berkicau yang menenangkan pikiran kolam berkhasiat di curug cipeuteuy fasilitas nyaman di tengah hutan spot foto di curug cipeuteuy meski harus berjalan sekitar 300 meter dari loket masuk kamu tidak akan kesusahan untuk sampai di kaki air terjun hal ini karena akses menuju lokasi cukup lebar dan aman sesampainya di lokasi kamu bakal mendengar suara gemericik air yang tidak ada hentinya udara sejuk dari pegunungan asri makin membuatmu betah lama lama di sini apalagi banyak saung yang nyaman untuk bersantai bingung mau kemana di akhir pekan ini ke curug cipeuteuy saja keindahan curug cieputeuy kolam alami yang miliki khasiat tersembunyi air bersih di curug cipeuteuy kamu pun bisa memanjakan dirimu dengan berendam di kolam curug cipeuteuy konon kolam alami di sini memiliki khasiat untuk kesehatan,1,0,1,1,0,positif,-,-,-
1776,Curug Cipeuteuy Majalengka,Wisata Alam & Buper TNGC,5,Tempatny bersih ad arena air tuk anak2...,,positif,tempatny bersih ada arena air untuk anak-anak,1,0,0,0,0,positif,-,-,-
1777,Curug Cipeuteuy Majalengka,Wisata Alam & Buper TNGC,5,"Belum tembus kesana.. Niat jalan sama suami mumpung libur, eh nyampe sana malah tutup.. Tapi lumayanlah view selama perjalanan lumayan epik buat ngobatin kecewa.. Semoga next time bisa masuk, walaupun ngeri jg sama tanjakan/turunannya yg curam selama perjalanan adrenalin naik😄😆 (gambar hanya pemanis, bukan view curug cipeteuy)",,positif,belum tembus kesana niat jalan sama suami mumpung libur eh sampai sana malah tutup tapi lumayanlah view selama perjalanan lumayan epik buat ngobatin kecewa semoga next time bisa masuk walaupun ngeri juga sama tanjakan turunannya yang curam selama perjalanan adrenalin naik gambar hanya pemanis bukan view curug cipeteuy,0,0,0,1,0,positif,-,-,-
1779,Curug Cipeuteuy Majalengka,Wisata Alam & Buper TNGC,4,"Tempatnya lumayan lah buat hang out bareng keluarga, soalnya sejuk, ada kolam yg bsa di pke buat berendam, ada air terjun mini dan spot selfie jga lumayan bagus dengan pemandangan pegunungan dan pohon pinus. Harga tiket jga terjangkau cuma 15 rb. Ada tmpat buat sholT dan toilet. Tp toilet nya kotor banget ➕ bnyak nyamuk, jdi mohon dirawat lgi buat toilet nya.",,positif,tempatnya lumayan lah buat hang out bareng keluarga soalnya sejuk ada kolam yang bisa di pakai buat berendam ada air terjun mini dan spot selfie juga lumayan bagus dengan pemandangan pegunungan dan pohon pinus harga tiket juga terjangkau cuma 15 ribu ada tmpat buat sholt dan toilet tapi toilet nya kotor banget banyak nyamuk jadi mohon dirawat lagi buat toilet nya,1,1,0,0,1,positif,-,-,-
1780,Curug Cipeuteuy Majalengka,Wisata Alam & Buper TNGC,5,"Adem Nyaman Jalan memuju lokasi, oke.. Sedikit ada tanjakan namun tetap aman buat si matic",,positif,adem nyaman jalan memuju lokasi oke sedikit ada tanjakan namun tetap aman buat sih matic,0,0,0,1,0,positif,-,-,-
1781,Curug Cipeuteuy Majalengka,Wisata Alam & Buper TNGC,5,"Sangat bagus, suasana nya masih sangat alami. Tiket masuk juga sangat terjangkau ♥♥",,positif,sangat bagus suasana nya masih sangat alami tiket masuk juga sangat terjangkau,0,0,0,0,1,positif,-,-,-
1783,Curug Cipeuteuy Majalengka,Wisata Alam & Buper TNGC,5,"Tempat yg nyaman untuk wisata keluarga,treking,camp..",,positif,tempat yang nyaman untuk wisata keluarga treking camp,0,0,0,0,0,positif,-,-,-
1784,Curug Cipeuteuy Majalengka,Wisata Alam & Buper TNGC,5,Cakep banget Ke sini pas bulan ramadhan dan hujan Luar biasa indah.. suasana hijau hutan dengan kabut tebal dan air yang deras.. cakep bgt,,positif,cakep banget ke sini pas bulan ramadhan dan hujan luar biasa indah suasana hijau hutan dengan kabut tebal dan air yang deras cakep banget,1,0,0,0,0,positif,-,-,-
1786,Curug Cipeuteuy Majalengka,Wisata Alam & Buper TNGC,5,"Salah satu obyek wisata recommended bagi wisatawan yang suka dengan alam jika berkunjung di Kota Cirebon. Berlokasi tidak jauh dari pusat kota Cirebon, harga tiket yang sangat terjangkau Rp.15rb/orang pengunjung akan dimanjakan dengan suasana alam yang masih sangat alami, hawa yang sejuk dan air asli dari mata air pegunungan yang sangat dingin namun menyegarkan.",,positif,salah satu obyek wisata recommended bagi wisatawan yang suka dengan alam jika berkunjung di kota cirebon berlokasi tidak jauh dari pusat kota cirebon harga tiket yang sangat terjangkau rp 15rb orang pengunjung akan dimanjakan dengan suasana alam yang masih sangat alami hawa yang sejuk dan air asli dari mata air pegunungan yang sangat dingin namun menyegarkan,1,0,0,0,1,positif,-,-,-
1787,Curug Cipeuteuy Majalengka,Wisata Alam & Buper TNGC,4,"Jalan Sudah Mulai Bagus Walau Kecil, Air Terjun Tidak Tinggi",,positif,jalan sudah mulai bagus walau kecil air terjun tidak tinggi,1,0,0,1,0,positif,-,-,-
1789,Curug Cipeuteuy Majalengka,Wisata Alam & Buper TNGC,5,"Dari parkiran ke curug ga begitu jauh. Rapi, banyak kolam2nya. Ada kolam untuk anak2. Cuma jalan menuju ke curugnya nanjak. Jd kalau mau kesana, mobilnya harus yg kuat nanjak, karena terjal banget tanjakannya.",,positif,dari parkiran ke curug enggak begitu jauh rapi banyak kolam2nya ada kolam untuk anak-anak cuma jalan menuju ke curugnya nanjak jadi kalau mau kesana mobilnya harus yang kuat nanjak karena terjal banget tanjakannya,0,0,0,1,0,positif,-,-,-
1793,Curug Cipeuteuy Majalengka,Wisata Alam & Buper TNGC,5,Terimakasih buat teh Eha dan team Curug Cipeuteuy....nasi liwetnya best..Bikin nagih. Apalagi terapi air nya best banget....bikin enteng badan.,,positif,terimakasih buat teh eha dan team curug cipeuteuy nasi liwetnya best bikin nagih apalagi terapi air nya best banget bikin enteng badan,1,0,0,0,0,positif,-,-,-
1794,Curug Cipeuteuy Majalengka,Wisata Alam & Buper TNGC,5,"Tempatnya enak, bisa untuk berenang, camping atau sekedar kumpul bersama teman/keluarga/ngadain acara disini juga cocok banget, karena suasananya tenang, adem, dan gak panas. Banyak warung juga, jadi gak bakal kelaperan, pemandangan nya juga cakep banget, ada beberapa spot untuk berenang, airnya sejuk dan bersih. Disini tidak ada sinyal, jadi kalau kalian mau internetan menggunakan kuota harus naik dulu ke bukit, biar mendapatkan sinyal. Dari tempat parkir menuju ke area curugnya jalan dulu beberapa menit, dan tracknya juga aman.",,positif,tempatnya enak bisa untuk berenang camping atau sekedar kumpul bersama teman keluarga mengadakan acara disini juga cocok banget karena suasananya tenang adem dan enggak panas banyak warung juga jadi enggak bakal kelaperan pemandangan nya juga cakep banget ada beberapa spot untuk berenang airnya sejuk dan bersih disini tidak ada sinyal jadi kalau kalian mau internetan menggunakan kuota harus naik dulu ke bukit biar mendapatkan sinyal dari tempat parkir menuju ke area curugnya jalan dulu beberapa menit dan tracknya juga aman,0,0,0,1,1,positif,-,-,-
1797,Curug Cipeuteuy Majalengka,Wisata Alam & Buper TNGC,5,"Tempat = wisata air terjun (bisa mandi disini) Suasana = adem n rindang, kalo kesini jangan kesorean kelihatan serem soalnya 😁😁😁 Lokasi = Jauh dari pemukiman Parkir = luas Makanan = enak banyak pedagang, harga juga normal standar Tarif = 25rb / orang Kunjungan tanggal = 26 april 2026 Bersama =",,positif,tempat wisata air terjun bisa mandi disini suasana adem n rindang kalo kesini jangan kesorean kelihatan seram soalnya lokasi jauh dari pemukiman parkir luas makanan enak banyak pedagang harga juga normal standar tarif 25rb orang kunjungan tanggal 26 april 2026 bersama,1,0,0,0,1,positif,-,-,-
1800,Curug Cipeuteuy Majalengka,Wisata Alam & Buper TNGC,5,Wisata air paling recommend,,positif,wisata air paling recommend,1,0,0,0,0,positif,-,-,-
1801,Curug Cipeuteuy Majalengka,Wisata Alam & Buper TNGC,5,Air terjun,,positif,air terjun,1,0,0,0,0,positif,-,-,-
1803,Curug Cipeuteuy Majalengka,Wisata Alam & Buper TNGC,5,"Yuk nikmati alam yg masih asri dicurug cipeutey...suasana alam yg asri,air jernih langsung dari sumber mata air dan kita bisa berenang dibawahnya. Bisa bawa keluarga dan bisa juga ngekem di area samping aliran sungan Curug cipeteuy.",,positif,yuk nikmati alam yang masih asri dicurug cipeutey suasana alam yang asri air jernih langsung dari sumber mata air dan kita bisa berenang dibawahnya bisa bawa keluarga dan bisa juga ngekem di area samping aliran sungan curug cipeteuy,1,0,0,0,0,positif,-,-,-
1809,Curug Cipeuteuy Majalengka,Wisata Alam & Buper TNGC,4,kadang bersama pasngn di tmbh dngar krucuk suara air trjun mmbuat tenang,,positif,kadang bersama pasngn di tambah dngar krucuk suara air trjun mmbuat tenang,1,0,0,0,0,positif,-,-,-
1811,Curug Cipeuteuy Majalengka,Wisata Alam & Buper TNGC,5,Tempat yg bagus sayangnya jalan menuju ke lokasi terbilang kecil sehingga susah berpapasan mobil,,positif,tempat yang bagus sayangnya jalan menuju ke lokasi terbilang kecil sehingga susah berpapasan mobil,0,0,0,1,0,positif,-,-,-
1812,Curug Cipeuteuy Majalengka,Wisata Alam & Buper TNGC,5,"Lingkungan bersih, air sejuk dan segar, warungnya juga harga masuk akal, masuk area tanjakan cukup terjal.",,positif,lingkungan bersih air sejuk dan segar warungnya juga harga masuk akal masuk area tanjakan cukup terjal,1,0,0,1,1,positif,-,-,-
1824,Curug Cipeuteuy Majalengka,Wisata Alam & Buper TNGC,4,Good place to relax and camp,,positif,good place tapi relax and camp,0,0,0,0,0,positif,-,-,-
1825,Situ Sangiang Majalengka,Wisata Alam & Cagar Budaya TNGC,1,"Tmpat wisatanya tidak nyaman, tidak sesuai dgn harga tiket 15rb,kalah jauh sama situ cipanten (gunungkuning), kalah sama cipadung pajajar.",,negatif,tmpat wisatanya tidak nyaman tidak sesuai dengan harga tiket 15rb kalah jauh sama situ cipanten gunungkuning kalah sama cipadung pajajar,0,0,0,0,1,negatif,"[Biaya Logistik]: Pemasangan papan informasi resmi rincian tarif tiket, asuransi, tes kesehatan, dan retribusi parkir di gerbang masuk basecamp.",[Biaya Logistik]: Penertiban dan standarisasi tarif batas atas angkutan transit (truk/mobil bak Sadarehe) dan panduan harga warung logistik pos.,"[Biaya Logistik]: Paket ekowisata terpadu (tiket simaksi, tes kesehatan, makan produk UMKM lokal, transportasi) dalam satu platform digital TNGC."
1828,Situ Sangiang Majalengka,Wisata Alam & Cagar Budaya TNGC,2,Harga tiket 20000 gak wort it maaf Toiletnyaa kotor bgttt gada perawatan Banyak monyet berkeliaran tpi pihak sana diem cuek aja,,negatif,harga tiket 20000 enggak wort itu maaf toiletnyaa kotor banget enggak ada perawatan banyak monyet berkeliaran tapi pihak sana diam cuek saja,0,1,0,0,1,negatif,"[Sampah Kebersihan]: Distribusi kantong sampah wajib terdata saat registrasi simaksi dan pengetatan inspeksi checklist sampah saat checkout. 
[Biaya Logistik]: Pemasangan papan informasi resmi rincian tarif tiket, asuransi, tes kesehatan, dan retribusi parkir di gerbang masuk basecamp.","[Sampah Kebersihan]: Penyediaan titik pengumpulan karung sampah pilah di setiap pos bayangan dan program operasi pembersihan gunung berkala. 
[Biaya Logistik]: Penertiban dan standarisasi tarif batas atas angkutan transit (truk/mobil bak Sadarehe) dan panduan harga warung logistik pos.","[Sampah Kebersihan]: Implementasi sistem deposit jaminan sampah digital terintegrasi aplikasi simaksi TNGC dan pusat pengolahan sampah lingkar Ciremai. 
[Biaya Logistik]: Paket ekowisata terpadu (tiket simaksi, tes kesehatan, makan produk UMKM lokal, transportasi) dalam satu platform digital TNGC."
1829,Situ Sangiang Majalengka,Wisata Alam & Cagar Budaya TNGC,3,"Kenapa star 3 ?? Tiket masuk Rp. 20.000 perorang (mahal karna toilet tidak terawat bayar pula & banyak pungli didalam yang membuat tidak nyaman, biasanya saya tidak permasalahkan pungli tapi pungli ini unik karna anak2 dan emak2), kemakam harus dipandu juga.  Menurut kita wisata ini sangat menarik alami dan indah apalagi udaranya sejuk dan pemandangan situ juga bikin adem hati, semoga bisa mengurangi hal yang membuat pengujung tidak nyaman)",,netral,kenapa star 3 tiket masuk rp 20 000 perorang mahal karena toilet tidak terawat bayar pula banyak biaya liar didalam yang membuat tidak nyaman biasanya saya tidak permasalahkan biaya liar tapi biaya liar ini unik karena anak-anak dan emak-emak kemakam harus dipandu juga menurut kita wisata ini sangat menarik alami dan indah apalagi udaranya sejuk dan pemandangan situ juga bikin adem hati semoga bisa mengurangi hal yang membuat pengujung tidak nyaman,1,0,0,0,1,netral,-,-,-
1832,Situ Sangiang Majalengka,Wisata Alam & Cagar Budaya TNGC,3,"Pemandangannya cukup bagus, tempatnya luas, ada beberapa wahana permainannya juga. Namun sayang wahana permainannya kurang terawat dengan baik. Terdapat mushola. Namun musholanya terbuka dan kurang terurus juga. Terdapat beberapa mukena di musholanya. Lumayan cocok untuk liburan keluarga. Terdapat beberapa spot foto yang cukup bagus di sekitar danaunya.",,netral,pemandangannya cukup bagus tempatnya luas ada beberapa wahana permainannya juga namun sayang wahana permainannya kurang terawat dengan baik terdapat mushola namun musholanya terbuka dan kurang terurus juga terdapat beberapa mukena di musholanya lumayan cocok untuk liburan keluarga terdapat beberapa spot foto yang cukup bagus di sekitar danaunya,0,0,0,0,0,netral,-,-,-
1838,Situ Sangiang Majalengka,Wisata Alam & Cagar Budaya TNGC,4,"Tempat Wisata murah meriah, kadang hargaTiketnya tidak sesuai yang tetera di tiket, Dari Talaga kurang lebih 11 km bisa naik mobil atau motor Jalan nanjak relatif bagus. Di situ banyak Ikan Mas Dan Ikan lainya, Ada monyet juga. Ada Jualan roti buat makan ikan.Spot poto kurang yang Ada Mulai rusak.",,positif,tempat wisata murah meriah kadang hargatiketnya tidak sesuai yang tetera di tiket dari talaga kurang lebih 11 kamu bisa naik mobil atau motor jalan nanjak relatif bagus di situ banyak ikan mas dan ikan lainya ada monyet juga ada jualan roti buat makan ikan spot poto kurang yang ada mulai rusak,0,0,0,1,1,positif,-,-,-
1839,Situ Sangiang Majalengka,Wisata Alam & Cagar Budaya TNGC,4,"Harga tiket murah, pemandangan nya bagus dan sejukk. Cocok untuk liburan keluarga",,positif,harga tiket murah pemandangan nya bagus dan sejukk cocok untuk liburan keluarga,0,0,0,0,1,positif,-,-,-
1840,Situ Sangiang Majalengka,Wisata Alam & Cagar Budaya TNGC,4,Tempat wisata alam terbuka. Banyak pepohonan hijau yg rindang. Danau/situ yg cukup luas. Dilengkapi ikanikan besar didalamnya. Bisa kasih makan. Pakai roti. Tp musti hatihati bawa kresek ke dalem tempat wisata. Krna ada monyet yg akan langsing nyerang kalo liat kita bawa kresek. Lumyan banyak monyet yg dipelihara liar. Sayangnya sekarang sedang surut. Jadi bebatuan kelihatan dr luar. Sayangnya juga jalan menuju danau sudah bnyak berlubang. Perlu diperbaiki,,positif,tempat wisata alam terbuka banyak pepohonan hijau yang rindang danau situ yang cukup luas dilengkapi ikanikan besar didalamnya bisa kasih makan pakai roti tapi musti hatihati bawa kresek ke dalem tempat wisata karena ada monyet yang akan langsing menyerang kalo lihat kita bawa kresek lumyan banyak monyet yang dipelihara liar sayangnya sekarang sedang surut jadi bebatuan kelihatan dari luar sayangnya juga jalan menuju danau sudah banyak berlubang perlu diperbaiki,0,0,0,1,0,positif,-,-,-
1843,Situ Sangiang Majalengka,Wisata Alam & Cagar Budaya TNGC,4,"Harga jajanan di warung ga ngotak.. Beli chitato, pillows,, sama minuman dingin 2 sampe 50 ribu.. banyak pedagang maksa buat di beli. Tiap masuk ada uang kebersihan yg terkesan MEMINTA Kpda pengunjung,  Secara tempat memang bagus wisata religi",,positif,harga jajanan di warung enggak ngotak beli chitato pillows sama minuman dingin 2 sampai 50 ribu banyak pedagang maksa buat di beli tiap masuk ada uang kebersihan yang terkesan meminta kpda pengunjung secara tempat memang bagus wisata religi,0,1,0,0,1,positif,-,-,-
1845,Situ Sangiang Majalengka,Wisata Alam & Cagar Budaya TNGC,4,"Harga tiket masuk nya 15ribu per orang waktu saya kesana tgl 23juni2019. Tempat bagus hanya saja musholanya tidak terurus dan terbuka, jikalau ada masjid yang nyaman itu adanya di luar tempat wisata nya, toilet juga susah ditemukan..situ nya banyak sekali berbagai jenis ikan, mulai dari nila,ikan mas, sampe lele juga adaa.. semoga terus berkembang dan terjaga keasrian dan kebersihan nya wisata situ Sangiang 💞",,positif,harga tiket masuk nya 15ribu per orang waktu saya kesana tanggal 23juni2019 tempat bagus hanya saja musholanya tidak terurus dan terbuka jikalau ada masjid yang nyaman itu adanya di luar tempat wisata nya toilet juga susah ditemukan situ nya banyak sekali berbagai jenis ikan mulai dari nila ikan mas sampai lele juga ada semoga terus berkembang dan terjaga keasrian dan kebersihan nya wisata situ sangiang,1,1,0,0,1,positif,-,-,-
1848,Situ Sangiang Majalengka,Wisata Alam & Cagar Budaya TNGC,4,Sebuah situ terjadi karna pernah terjadi bencana sehingga terbentuk dan menjadi situ tempat wisata yg indah dengn pasilitas yang telah diperbaiki menambah kenyamanan pengunjung anda bisa masuk lewat banjaran dan dari arah talaga harga tiket terjangkau,,positif,sebuah situ terjadi karena pernah terjadi bencana sehingga terbentuk dan menjadi situ tempat wisata yang indah dengn pasilitas yang telah diperbaiki menambah kenyamanan pengunjung anda bisa masuk lewat banjaran dan dari arah talaga harga tiket terjangkau,0,0,0,0,1,positif,-,-,-
1873,Situ Sangiang Majalengka,Wisata Alam & Cagar Budaya TNGC,5,"Matahari menyengat, motor trail hitam berkekuatan 25 tenaga kuda yang saya kendarai berlari sangat kencang, hawa panas yang saya rasakan seperti mandi sauna, mengalir. Untungnya bahan bakar motor trail milik saya setengah tengki, kalau sampai habis cerita yang saya tulis mungkin tidak akan ada.  Desa Sangiang, Kecamatan Banjaran. Jarak tempuh menuju Situ Sangiang dari Majalengka Kota adalah sekitar kurang lebih 27 Km, dengan waktu tempuh cukup singkat yaitu sekitar 30-45 menit. Akses menuju Situ Sangiang pun cukup baik dengan jalanan beraspal hingga tiba di lokasi. Yang patut disayangkan adalah tidak adanya angkutan umum sampai ke lokasi. Angkutan umum hanya sampai setengah perjalanan, sampai Cihaur, Banjaran (dapat menggunakan elf/microbus jurusan Kadipaten – Cikijing / Bandung – Cikijing atau medium Bus jurusan Cikarang – Bantarujeg). Dari Gapura selamat datang menuju Situ Sangiang dapat menggunakan ojek atau disarankan untuk menggunakan kendaraan pribadi. Situ ini merupakan salah satu objek wisata alam yang berada di Majalengka yang mengandalkan sumber mata air tanah dan curah hujan sebagai sumber air utamanya. Situ ini memiliki luas total mencapai 26,4 hektar. Situ ini juga termasuk dalam kawasan Taman Nasional Gunung Ceremai yang terkenal dengan legenda Nini Pelet-nya.  Keindahan panorama pegunungan menyisakan keindahan alam, memanjakan saya dengan udara yang masih segar dan ligkungan yang asri. Dari Gapura selamat datang sampai Situ Sangiang kita akan dimanjakan dengan keindahan hamparan bukit dengan teraseringnya. Setelah sampai di pintu masuk Situ Sangiang, saya dikenakan retribusi sebesar Rp 10.000, cukup murah untuk wisata alam seindah ini.Sebenarnya Situ ini merupakan objek wisata alam dan tempat ziarah. Banyak para pendatang yang berkunjung kesini dengan tujuan untuk berziarah. Untuk masuk ke lokasi situ terdapat beberapa gerbang. Di tiap pintu gerbang, ada kotak amal yang bisa diisi suka rela oleh pengunjung. Biasanya diperuntukkan bagi para juru kunci. Di sebelah kiri jalan setapak menuju situ, terdapat makam leluhur terdahulu seperti Makam Sunan Parung dengan seorang juru kunci.",,positif,matahari menyengat motor trail hitam berkekuatan 25 tenaga kuda yang saya kendarai berlari sangat kencang hawa panas yang saya rasakan seperti mandi sauna mengalir untungnya bahan bakar motor trail milik saya setengah tengki kalau sampai habis cerita yang saya tulis mungkin tidak akan ada desa sangiang kecamatan banjaran jarak tempuh menuju situ sangiang dari majalengka kota adalah sekitar kurang lebih 27 kamu dengan waktu tempuh cukup singkat yaitu sekitar 30 45 menit akses menuju situ sangiang pun cukup baik dengan jalanan beraspal hingga tiba di lokasi yang patut disayangkan adalah tidak adanya angkutan umum sampai ke lokasi angkutan umum hanya sampai setengah perjalanan sampai cihaur banjaran dapat menggunakan elf microbus jurusan kadipaten cikijing bandung cikijing atau medium bus jurusan cikarang bantarujeg dari gapura selamat datang menuju situ sangiang dapat menggunakan ojek atau disarankan untuk menggunakan kendaraan pribadi situ ini merupakan salah satu objek wisata alam yang berada di majalengka yang mengandalkan sumber mata air tanah dan curah hujan sebagai sumber air utamanya situ ini memiliki luas total mencapai 26 4 hektar situ ini juga termasuk dalam kawasan taman nasional gunung ceremai yang terkenal dengan legenda nini pelet nya keindahan panorama pegunungan menyisakan keindahan alam memanjakan saya dengan udara yang masih segar dan ligkungan yang asri dari gapura selamat datang sampai situ sangiang kita akan dimanjakan dengan keindahan hamparan bukit dengan teraseringnya setelah sampai di pintu masuk situ sangiang saya dikenakan retribusi sebesar rp 10 000 cukup murah untuk wisata alam seindah ini sebenarnya situ ini merupakan objek wisata alam dan tempat ziarah banyak para pendatang yang berkunjung kesini dengan tujuan untuk berziarah untuk masuk ke lokasi situ terdapat beberapa gerbang di tiap pintu gerbang ada kotak amal yang bisa diisi suka rela oleh pengunjung biasanya diperuntukkan bagi para juru kunci di sebelah kiri jalan setapak menuju situ terdapat makam leluhur terdahulu seperti makam sunan parung dengan seorang juru kunci,1,0,0,1,1,positif,-,-,-
1884,Situ Sangiang Majalengka,Wisata Alam & Cagar Budaya TNGC,5,"Situ sangiang adalah tempat religi sekaligus tempat wisata karna di dalamnya ada situ , permainan anak / ayunan dan lainnya Ikan di sini jinak-jinak , bila kaki maduk ke air langsung ikan-ikan pada mendekati , apalagi sambil bawa makanan dan kasih makan",,positif,situ sangiang adalah tempat religi sekaligus tempat wisata karena di dalamnya ada situ permainan anak ayunan dan lainnya ikan di sini jinak jinak bila kaki maduk ke air langsung ikan ikan pada mendekati apalagi sambil bawa makanan dan kasih makan,1,0,0,0,0,positif,-,-,-
1885,Situ Sangiang Majalengka,Wisata Alam & Cagar Budaya TNGC,5,"Dah lama lom berkunjung lagi ksni,,kl dlu sering apalagi kl ada acara jalan2 dari sekolah yang ekstrakurikuler,,nyampe kita jalan dr sklhn di talaga lho,,lumayan pegel2,, tp udah situ,cape itu ilang bisa istirahat sambil ngelihat air situ yg bening,,dsni jg msh dikelilingi hutan hutan,jd suasana msh asri apalagi banyak cerita cerita mistis dsni,jd orang2 lebih tertib kl dsni,apalagi katanya situ ini tadinya sebuah kerajaan di talaga yg akhirnya jd situ,",,positif,deh lama lom berkunjung lagi kesini kalo dulu sering apalagi kalo ada acara jalan-jalan dari sekolah yang ekstrakurikuler sampai kita jalan dari sklhn di talaga lho lumayan pegel2 tapi sudah situ capek itu hilang bisa istirahat sambil melihat air situ yang bening disini juga masih dikelilingi hutan hutan jadi suasana masih asri apalagi banyak cerita cerita mistis disini jadi orang-orang lebih tertib kalo disini apalagi katanya situ ini tadinya sebuah kerajaan di talaga yang akhirnya jadi situ,1,0,0,1,0,positif,-,-,-
1888,Situ Sangiang Majalengka,Wisata Alam & Cagar Budaya TNGC,5,Situ Sangiang udaranya seger air nya jernih di tambah atraksi ikan ikan ber bagai macam jenis ikan,,positif,situ sangiang udaranya segar air nya jernih di tambah atraksi ikan ikan ber bagai macam jenis ikan,1,0,0,0,0,positif,-,-,-
1893,Situ Sangiang Majalengka,Wisata Alam & Cagar Budaya TNGC,5,Tempatnya bersih....akomodasi utk jalan menuju lokasi masuk dlm kategori 7 _8,,positif,tempatnya bersih akomodasi untuk jalan menuju lokasi masuk dalam kategori 7 _8,0,0,0,1,0,positif,-,-,-
1960,Woodland Kuningan,Wisata Pinus Mitra TNGC,1,"Pertama dan terakhir main kesini kalau tidak ada perbaikan fasilitas. 1. Kamar mandi, toilet, kamar ganti dijadikan satu dengan jumlah yang sangat sedikit. Kolam renangnya luas banget loh, jumlah pengunjung tidak dibatasi, tapi kamar mandi tidak sampai belasan??? Ngantri ganti baju minimal 1 jam. Banyakin lah shower luar minimal anak kecil bisa tuh dimandiin orang tuanya gaperlu antri wc. Dipikirin pak bu gini doang ko bisa ke skip. 2. Tiket dewasa dan anak-anak disamaratakan. 3. Waktu masuk dihitung jumlah orang 19, saya bayar, tapi saat terima tiket cuma 17. Saya info malah disuruh lanjut. Jadi buat apa kertas tiketnya dong paakk??? Kalo bagian tiketing ada auditnya, jelas 2 tiket saya bisa dimasukin kantong pribadi dong. 4. Ruang terbuka tidak ada batasan wilayah merokok dan tidak merokok, tadi rame banget, udaranya bau asep rokok parah. Boro-boro mau hirup oksigen, racun doang yg didapet.",,negatif,pertama dan terakhir main kesini kalau tidak ada perbaikan fasilitas 1 kamar mandi toilet kamar ganti dijadikan satu dengan jumlah yang sangat sedikit kolam renangnya luas banget loh jumlah pengunjung tidak dibatasi tapi kamar mandi tidak sampai belasan mengantri ganti baju minimal 1 jam membanyaki lah shower luar minimal anak kecil bisa tuh dimandiin orang tuanya gaperlu antri wc dipikirkan pak bu begini doang kok bisa ke skip 2 tiket dewasa dan anak anak disamaratakan 3 waktu masuk dihitung jumlah orang 19 saya bayar tapi saat terima tiket cuma 17 saya info malah disuruh lanjut jadi buat apa kertas tiketnya dong paakk kalo bagian tiketing ada auditnya jelas 2 tiket saya bisa dimasuki kantong pribadi dong 4 ruang terbuka tidak ada batasan wilayah merokok dan tidak merokok tadi rame banget udaranya bau asep rokok parah boro boro mau hirup oksigen racun doang yang didapat,1,0,0,0,1,negatif,"[Toilet Sanitasi]: Jadwal sanitasi toilet basecamp minimum 3 kali sehari dan jaminan ketersediaan air bersih serta sabun cuci tangan. 
[Biaya Logistik]: Pemasangan papan informasi resmi rincian tarif tiket, asuransi, tes kesehatan, dan retribusi parkir di gerbang masuk basecamp.","[Toilet Sanitasi]: Pipanisasi permanen perbaikan jalur air dari mata air terdekat ke pos sanitasi dan renovasi bilik pintu rusak di Palutungan dan Apuy. 
[Biaya Logistik]: Penertiban dan standarisasi tarif batas atas angkutan transit (truk/mobil bak Sadarehe) dan panduan harga warung logistik pos.","[Toilet Sanitasi]: Pembangunan unit eco-toilet berbasis pengomposan mandiri di pos ketinggian (>2000 mdpl) untuk mencegah pencemaran semak dan sumber air. 
[Biaya Logistik]: Paket ekowisata terpadu (tiket simaksi, tes kesehatan, makan produk UMKM lokal, transportasi) dalam satu platform digital TNGC."
1962,Woodland Kuningan,Wisata Pinus Mitra TNGC,1,"Say kasih rating 1,soalnya dibagian parkir motor nya tidak ada yg bertanggungjawab walaupun ada tukang parkirnta,kemarin saya kesini parkir motor pas mau pulang ngambil motor helm saya gores banyak dan pecah,dibilangin ke tukang parkirnya mereka gk mau ngaku,bukan maslah ganti ruginyasini maslah tanggung jawabnya,kita parkir disana bayar lo,gk gratis,tapi malah gk ada rsa tanggung jawabnya,malh nyolot ngatainopengunjung lain ygsdorong motornya dan yg jatuhin helmnya,brrti apa dong kerjaan merekagudah nyolot bicaranya malah gak ada permintaan maaf kpda kita,kecewa saya🤬",,negatif,sayang kasih rating 1 soalnya dibagian parkir motor nya tidak ada yang bertanggungjawab walaupun ada tukang parkirnta kemarin saya kesini parkir motor pas mau pulang ngambil motor helm saya gores banyak dan pecah dibilangin ke tukang parkirnya mereka enggak mau mengaku bukan masalah ganti ruginyasini masalah tanggung jawabnya kita parkir disana bayar lo enggak gratis tapi malah enggak ada rsa tanggung jawabnya malah menyolot ngatainopengunjung lain ygsdorong motornya dan yang jatuhin helmnya berarti apa dong pekerjaan merekagudah menyolot bicaranya malah enggak ada permintaan maaf kpda kita kecewa saya,0,0,0,0,1,negatif,"[Biaya Logistik]: Pemasangan papan informasi resmi rincian tarif tiket, asuransi, tes kesehatan, dan retribusi parkir di gerbang masuk basecamp.",[Biaya Logistik]: Penertiban dan standarisasi tarif batas atas angkutan transit (truk/mobil bak Sadarehe) dan panduan harga warung logistik pos.,"[Biaya Logistik]: Paket ekowisata terpadu (tiket simaksi, tes kesehatan, makan produk UMKM lokal, transportasi) dalam satu platform digital TNGC."
1963,Woodland Kuningan,Wisata Pinus Mitra TNGC,1,"Tempat wisata alam banyak pohon dan juga kolam renang, tapi petugas nya malah pada ngeroko di samping kolam renang yg banyak anak kecil nya. Ini emang konsep petugas nya harus seperti itu ya?",,negatif,tempat wisata alam banyak pohon dan juga kolam renang tapi petugas nya malah pada ngeroko di samping kolam renang yang banyak anak kecil nya ini memang konsep petugas nya harus seperti itu ya,0,0,1,0,0,positif,[Pelayanan Ranger]: Standarisasi standar operasional prosedur keramahan petugas loket dan customer service WhatsApp basecamp serta penambahan personel saat akhir pekan.,[Pelayanan Ranger]: Peningkatan kapasitas infrastruktur server booking simaksi online bebas down dan pelatihan hospitality bagi volunteer dan ranger pos.,[Pelayanan Ranger]: Implementasi smart gate otomatis mandiri berbasis scan barcode terintegrasi e-KTP dan sertifikasi kompetensi ranger pemandu nasional.
1964,Woodland Kuningan,Wisata Pinus Mitra TNGC,1,"tempatnya ya biasa aja, yg bikin menarik cuma perosotan pelanginya, tapi aneh bgt masa kudu beli ticketnya dibawah d kantin, g efisien, hrusnya beli ticket itu y didekat wahana yg mau kita coba dong, ud turun naik gtaunya g bsa dibeli lg krna kepentok jam operasional.hadeuh olahraga ini namanya turun naik gt.trus makanan dan minumannya muahal2, tlg utk pengelola minimal ditanamin rumput2 biar pas ujan g becek2 bgt dan g licin,btw ruang gntinya jg g bgt, kotor, gelap, sempit, g niat buka tmpt renangnya, parkir 3rb tp hrus nyebrang lg, HTM 20k /org, tmasuk kolam renang anak, dan kolam dewasanya kaya kolam ikan. utk semua wahana bayar lgi 10k-20k sepeda gntung, sepeda air, flying fox, perosotan pelangi",,negatif,tempatnya ya biasa saja yang bikin menarik cuma perosotan pelanginya tapi aneh banget masa kudu beli ticketnya dibawah di kantin enggak efisien harusnya beli ticket itu ya didekat wahana yang mau kita coba dong sudah turun naik gtaunya enggak bisa dibeli lagi karena kepentok jam operasional aduh olahraga ini namanya turun naik begitu terus makanan dan minumannya muahal2 tolong untuk pengelola minimal ditanamin rumput2 biar pas ujan enggak becek2 banget dan enggak licin btw ruang gntinya juga enggak banget kotor gelap sempit enggak niat buka tempat renangnya parkir 3rb tapi harus nyebrang lagi htm 20k orang tmasuk kolam renang anak dan kolam dewasanya kayak kolam ikan untuk semua wahana bayar lagi 10k 20k sepeda gntung sepeda air flying fox perosotan pelangi,1,1,0,1,1,negatif,"[Toilet Sanitasi]: Jadwal sanitasi toilet basecamp minimum 3 kali sehari dan jaminan ketersediaan air bersih serta sabun cuci tangan. 
[Sampah Kebersihan]: Distribusi kantong sampah wajib terdata saat registrasi simaksi dan pengetatan inspeksi checklist sampah saat checkout. 
[Biaya Logistik]: Pemasangan papan informasi resmi rincian tarif tiket, asuransi, tes kesehatan, dan retribusi parkir di gerbang masuk basecamp. 
[Jalur Trek]: Pemasangan pita reflektif fosfor penanda jalur malam dan penggantian tali pengaman webbing yang putus atau lapuk di titik terjal.","[Toilet Sanitasi]: Pipanisasi permanen perbaikan jalur air dari mata air terdekat ke pos sanitasi dan renovasi bilik pintu rusak di Palutungan dan Apuy. 
[Sampah Kebersihan]: Penyediaan titik pengumpulan karung sampah pilah di setiap pos bayangan dan program operasi pembersihan gunung berkala. 
[Biaya Logistik]: Penertiban dan standarisasi tarif batas atas angkutan transit (truk/mobil bak Sadarehe) dan panduan harga warung logistik pos. 
[Jalur Trek]: Pembuatan undakan kayu atau batu penahan erosi tanah di tanjakan terjal dan peremajaan plang penunjuk kilometer anti-cuaca.","[Toilet Sanitasi]: Pembangunan unit eco-toilet berbasis pengomposan mandiri di pos ketinggian (>2000 mdpl) untuk mencegah pencemaran semak dan sumber air. 
[Sampah Kebersihan]: Implementasi sistem deposit jaminan sampah digital terintegrasi aplikasi simaksi TNGC dan pusat pengolahan sampah lingkar Ciremai. 
[Biaya Logistik]: Paket ekowisata terpadu (tiket simaksi, tes kesehatan, makan produk UMKM lokal, transportasi) dalam satu platform digital TNGC. 
[Jalur Trek]: Sistem buka-tutup jalur berkala berbasis daya dukung lingkungan untuk pemulihan vegetasi dan penetapan jalur evakuasi helipad darurat."
1965,Woodland Kuningan,Wisata Pinus Mitra TNGC,1,"So so. Tempat kecil, ga ada yang menarik,  Baru buka harga di getok  20.000 untuk tiket masuk per orang (hari minggu), parkir 5000. Menikmati yang lain2 nya harus bayar lagi. Kalah jauh dengan wisata di sebelah. Tolong dibenahi kembali.",,negatif,sok sok tempat kecil enggak ada yang menarik baru buka harga di getok 20 000 untuk tiket masuk per orang hari minggu parkir 5000 menikmati yang lain2 nya harus bayar lagi kalah jauh dengan wisata di sebelah tolong dibenahi kembali,0,0,0,0,1,negatif,"[Biaya Logistik]: Pemasangan papan informasi resmi rincian tarif tiket, asuransi, tes kesehatan, dan retribusi parkir di gerbang masuk basecamp.",[Biaya Logistik]: Penertiban dan standarisasi tarif batas atas angkutan transit (truk/mobil bak Sadarehe) dan panduan harga warung logistik pos.,"[Biaya Logistik]: Paket ekowisata terpadu (tiket simaksi, tes kesehatan, makan produk UMKM lokal, transportasi) dalam satu platform digital TNGC."
1966,Woodland Kuningan,Wisata Pinus Mitra TNGC,1,Tempat mah bagus sih tapi fasilitas nya kurang bngt gada tempat buat ngebilas klo habis renang jadi orng' full ke kamar mndi semua air abis total percuma bayar mahal tapi buat ke kamar mndi harus nunggu orng ganti baju+ngebilas enggak khusus masing' gada tempat bilas agak kecewa sih 👎👎👎,,negatif,tempat mah bagus sih tapi fasilitas nya kurang banget enggak ada tempat buat ngebilas kalo habis renang jadi orang full ke kamar mndi semua air habis total percuma bayar mahal tapi buat ke kamar mndi harus menunggu orang ganti baju ngebilas enggak khusus masing enggak ada tempat bilas agak kecewa sih,1,0,0,0,1,negatif,"[Toilet Sanitasi]: Jadwal sanitasi toilet basecamp minimum 3 kali sehari dan jaminan ketersediaan air bersih serta sabun cuci tangan. 
[Biaya Logistik]: Pemasangan papan informasi resmi rincian tarif tiket, asuransi, tes kesehatan, dan retribusi parkir di gerbang masuk basecamp.","[Toilet Sanitasi]: Pipanisasi permanen perbaikan jalur air dari mata air terdekat ke pos sanitasi dan renovasi bilik pintu rusak di Palutungan dan Apuy. 
[Biaya Logistik]: Penertiban dan standarisasi tarif batas atas angkutan transit (truk/mobil bak Sadarehe) dan panduan harga warung logistik pos.","[Toilet Sanitasi]: Pembangunan unit eco-toilet berbasis pengomposan mandiri di pos ketinggian (>2000 mdpl) untuk mencegah pencemaran semak dan sumber air. 
[Biaya Logistik]: Paket ekowisata terpadu (tiket simaksi, tes kesehatan, makan produk UMKM lokal, transportasi) dalam satu platform digital TNGC."
1967,Woodland Kuningan,Wisata Pinus Mitra TNGC,1,"Tempat nya lumayan lah ya, banyak gazebo juga. Tapi tiket masuk 25k perorang, balita pun harus beli tiket. Diluar ekspektasi, saat masuk tiket hanya bisa d pergunakan untuk renang. Kalau mau naik flying fox dan wahana lain beli tiket lagi.. but it's okelah ya, n then ternyata anak usia 4tahun mau naik rainbow slide harus beli tiket sendiri. Jadi kalau mau naik dengan pendamping harus beli 2 tiket. Aduduh.. memangnya bisa anak usia 4tahun naik rainbow slide sendiri. Coba tolong dikaji lah, biar lebih ramai ini tempat wisata.",,negatif,tempat nya lumayan lah ya banyak gazebo juga tapi tiket masuk 25k perorang balita pun harus beli tiket diluar ekspektasi saat masuk tiket hanya bisa di pergunakan untuk renang kalau mau naik flying fox dan wahana lain beli tiket lagi but itu si okelah ya n then ternyata anak usia 4tahun mau naik rainbow slide harus beli tiket sendiri jadi kalau mau naik dengan pendamping harus beli 2 tiket aduduh memangnya bisa anak usia 4tahun naik rainbow slide sendiri coba tolong dikaji lah biar lebih ramai ini tempat wisata,0,0,0,0,1,negatif,"[Biaya Logistik]: Pemasangan papan informasi resmi rincian tarif tiket, asuransi, tes kesehatan, dan retribusi parkir di gerbang masuk basecamp.",[Biaya Logistik]: Penertiban dan standarisasi tarif batas atas angkutan transit (truk/mobil bak Sadarehe) dan panduan harga warung logistik pos.,"[Biaya Logistik]: Paket ekowisata terpadu (tiket simaksi, tes kesehatan, makan produk UMKM lokal, transportasi) dalam satu platform digital TNGC."
1971,Woodland Kuningan,Wisata Pinus Mitra TNGC,1,"untuk wahana poller coaster ga worth it, bahaya banget di lengkungan, pulang² memar biru karena kena benturan besi dari tempat duduknya🤦‍♀️, trs mengutamakan yang ngga pake tiket, aduhh buat apa dibikin pembelian tiket wahana, kalo yang di dahulukan yang memakai cash langsung..😿😿",,negatif,untuk wahana poller coaster enggak worth itu bahaya banget di lengkungan pulang² memar biru karena kena benturan besi dari tempat duduknya terus mengutamakan yang enggak pakai tiket aduh buat apa dibikin pembelian tiket wahana kalo yang di dahulukan yang memakai cash langsung,0,0,0,0,1,negatif,"[Biaya Logistik]: Pemasangan papan informasi resmi rincian tarif tiket, asuransi, tes kesehatan, dan retribusi parkir di gerbang masuk basecamp.",[Biaya Logistik]: Penertiban dan standarisasi tarif batas atas angkutan transit (truk/mobil bak Sadarehe) dan panduan harga warung logistik pos.,"[Biaya Logistik]: Paket ekowisata terpadu (tiket simaksi, tes kesehatan, makan produk UMKM lokal, transportasi) dalam satu platform digital TNGC."
1973,Woodland Kuningan,Wisata Pinus Mitra TNGC,1,"-Wahana playground anak tidak safety. (Prosotan curam, Spon tipis, bola plastik sedikit) -Tiket wahana tidak bisa diganti wahana lain walaupun belum dipakai. -Tiket Anak 2 tahun dihitung sama seperti dewasa.  Cukup berkesan dan tidak akan datang lagi.",,negatif,wahana playground anak tidak safety prosotan curam spon tipis bola plastik sedikit tiket wahana tidak bisa diganti wahana lain walaupun belum dipakai tiket anak 2 tahun dihitung sama seperti dewasa cukup berkesan dan tidak akan datang lagi,0,1,0,1,1,negatif,"[Sampah Kebersihan]: Distribusi kantong sampah wajib terdata saat registrasi simaksi dan pengetatan inspeksi checklist sampah saat checkout. 
[Biaya Logistik]: Pemasangan papan informasi resmi rincian tarif tiket, asuransi, tes kesehatan, dan retribusi parkir di gerbang masuk basecamp. 
[Jalur Trek]: Pemasangan pita reflektif fosfor penanda jalur malam dan penggantian tali pengaman webbing yang putus atau lapuk di titik terjal.","[Sampah Kebersihan]: Penyediaan titik pengumpulan karung sampah pilah di setiap pos bayangan dan program operasi pembersihan gunung berkala. 
[Biaya Logistik]: Penertiban dan standarisasi tarif batas atas angkutan transit (truk/mobil bak Sadarehe) dan panduan harga warung logistik pos. 
[Jalur Trek]: Pembuatan undakan kayu atau batu penahan erosi tanah di tanjakan terjal dan peremajaan plang penunjuk kilometer anti-cuaca.","[Sampah Kebersihan]: Implementasi sistem deposit jaminan sampah digital terintegrasi aplikasi simaksi TNGC dan pusat pengolahan sampah lingkar Ciremai. 
[Biaya Logistik]: Paket ekowisata terpadu (tiket simaksi, tes kesehatan, makan produk UMKM lokal, transportasi) dalam satu platform digital TNGC. 
[Jalur Trek]: Sistem buka-tutup jalur berkala berbasis daya dukung lingkungan untuk pemulihan vegetasi dan penetapan jalur evakuasi helipad darurat."
1976,Woodland Kuningan,Wisata Pinus Mitra TNGC,1,"hari jumat tgl 16 Januari 2026 pukul 12 siang. bagian penjaga tiket nya ga ramah, cungi bgt, ga yg cewek ga yg cowok sama aja.",,negatif,hari jumat tanggal 16 januari 2026 pukul 12 siang bagian penjaga tiket nya enggak ramah cungi banget enggak yang cewek enggak yang cowok sama saja,0,0,1,0,1,negatif,"[Pelayanan Ranger]: Standarisasi standar operasional prosedur keramahan petugas loket dan customer service WhatsApp basecamp serta penambahan personel saat akhir pekan. 
[Biaya Logistik]: Pemasangan papan informasi resmi rincian tarif tiket, asuransi, tes kesehatan, dan retribusi parkir di gerbang masuk basecamp.","[Pelayanan Ranger]: Peningkatan kapasitas infrastruktur server booking simaksi online bebas down dan pelatihan hospitality bagi volunteer dan ranger pos. 
[Biaya Logistik]: Penertiban dan standarisasi tarif batas atas angkutan transit (truk/mobil bak Sadarehe) dan panduan harga warung logistik pos.","[Pelayanan Ranger]: Implementasi smart gate otomatis mandiri berbasis scan barcode terintegrasi e-KTP dan sertifikasi kompetensi ranger pemandu nasional. 
[Biaya Logistik]: Paket ekowisata terpadu (tiket simaksi, tes kesehatan, makan produk UMKM lokal, transportasi) dalam satu platform digital TNGC."
1977,Woodland Kuningan,Wisata Pinus Mitra TNGC,1,Saya mengunjungi Woodland liburan tahun baru agak tidak nyaman dengan toilet d lokasi karena cuma 4 kamar.anak saya kebelet pipis antrinyaa sampe setengah jam lebih harus antri.... tolong kepada pihak.pengelola tambahin lagi ruang toiletnya,,negatif,saya mengunjungi woodland liburan tahun baru agak tidak nyaman dengan toilet di lokasi karena cuma 4 kamar anak saya kebelet pipis antrinyaa sampai setengah jam lebih harus antri tolong kepada pihak pengelola tambahkan lagi ruang toiletnya,1,0,0,0,0,negatif,[Toilet Sanitasi]: Jadwal sanitasi toilet basecamp minimum 3 kali sehari dan jaminan ketersediaan air bersih serta sabun cuci tangan.,[Toilet Sanitasi]: Pipanisasi permanen perbaikan jalur air dari mata air terdekat ke pos sanitasi dan renovasi bilik pintu rusak di Palutungan dan Apuy.,[Toilet Sanitasi]: Pembangunan unit eco-toilet berbasis pengomposan mandiri di pos ketinggian (>2000 mdpl) untuk mencegah pencemaran semak dan sumber air.
1978,Woodland Kuningan,Wisata Pinus Mitra TNGC,1,Nyesel pas mau foto kesini malah airnya dikuras dan tiket relatif ga bersahabat,,negatif,menyesal pas mau foto kesini malah airnya dikuras dan tiket relatif enggak bersahabat,0,0,0,0,1,negatif,"[Biaya Logistik]: Pemasangan papan informasi resmi rincian tarif tiket, asuransi, tes kesehatan, dan retribusi parkir di gerbang masuk basecamp.",[Biaya Logistik]: Penertiban dan standarisasi tarif batas atas angkutan transit (truk/mobil bak Sadarehe) dan panduan harga warung logistik pos.,"[Biaya Logistik]: Paket ekowisata terpadu (tiket simaksi, tes kesehatan, makan produk UMKM lokal, transportasi) dalam satu platform digital TNGC."
1979,Woodland Kuningan,Wisata Pinus Mitra TNGC,1,Tidak worth it dengan tiket masuk 20ribu tapi tempatnya tidak nyaman.,,negatif,tidak worth itu dengan tiket masuk 20ribu tapi tempatnya tidak nyaman,0,0,0,0,1,negatif,"[Biaya Logistik]: Pemasangan papan informasi resmi rincian tarif tiket, asuransi, tes kesehatan, dan retribusi parkir di gerbang masuk basecamp.",[Biaya Logistik]: Penertiban dan standarisasi tarif batas atas angkutan transit (truk/mobil bak Sadarehe) dan panduan harga warung logistik pos.,"[Biaya Logistik]: Paket ekowisata terpadu (tiket simaksi, tes kesehatan, makan produk UMKM lokal, transportasi) dalam satu platform digital TNGC."
1982,Woodland Kuningan,Wisata Pinus Mitra TNGC,1,Wisata copet ini mah😌😓 Yang mau kesini hrus ekstra hati2 bngt soalnya bnyak bngt copet yang berkeliaran trutama waktu ngntri di loket tiket wahana mana smua wahana tiketnya dijadiin satu lagi trs ngntrinya gk tertib ngasih pluang buat pra copet beraksi gk sih klo kek gini? sblm saya jg ada bapak2 yg khilngn dompet,,negatif,wisata copet ini mah yang mau kesini harus ekstra hati-hati banget soalnya banyak banget copet yang berkeliaran terutama waktu ngntri di loket tiket wahana mana semua wahana tiketnya dijadikan satu lagi terus ngntrinya enggak tertib mengasih pluang buat pra copet beraksi enggak sih kalo kayak begini sebelum saya juga ada bapak2 yang khilngn dompet,0,0,1,0,1,negatif,"[Pelayanan Ranger]: Standarisasi standar operasional prosedur keramahan petugas loket dan customer service WhatsApp basecamp serta penambahan personel saat akhir pekan. 
[Biaya Logistik]: Pemasangan papan informasi resmi rincian tarif tiket, asuransi, tes kesehatan, dan retribusi parkir di gerbang masuk basecamp.","[Pelayanan Ranger]: Peningkatan kapasitas infrastruktur server booking simaksi online bebas down dan pelatihan hospitality bagi volunteer dan ranger pos. 
[Biaya Logistik]: Penertiban dan standarisasi tarif batas atas angkutan transit (truk/mobil bak Sadarehe) dan panduan harga warung logistik pos.","[Pelayanan Ranger]: Implementasi smart gate otomatis mandiri berbasis scan barcode terintegrasi e-KTP dan sertifikasi kompetensi ranger pemandu nasional. 
[Biaya Logistik]: Paket ekowisata terpadu (tiket simaksi, tes kesehatan, makan produk UMKM lokal, transportasi) dalam satu platform digital TNGC."
1984,Woodland Kuningan,Wisata Pinus Mitra TNGC,1,"Tiket wahana perosotan donat 15.000 per orang bukan per ban, jadi kalau anak 3 tahun mau merosot harus di dampingin orang tua, beli tiketnya harus 2 😂",,negatif,tiket wahana perosotan donat 15 000 per orang bukan per ban jadi kalau anak 3 tahun mau merosot harus di dampingin orang tua beli tiketnya harus 2,0,0,0,0,1,negatif,"[Biaya Logistik]: Pemasangan papan informasi resmi rincian tarif tiket, asuransi, tes kesehatan, dan retribusi parkir di gerbang masuk basecamp.",[Biaya Logistik]: Penertiban dan standarisasi tarif batas atas angkutan transit (truk/mobil bak Sadarehe) dan panduan harga warung logistik pos.,"[Biaya Logistik]: Paket ekowisata terpadu (tiket simaksi, tes kesehatan, makan produk UMKM lokal, transportasi) dalam satu platform digital TNGC."
1985,Woodland Kuningan,Wisata Pinus Mitra TNGC,1,"Saya mengunjungi tempat inj kemarin, tempatnya sangat ramai pengunjung dan saya hampir tidak dapat parkirkan kendaraan roda 4 yang saya bawa. Saya pikir itu hal yang biasa untuk berbagai tempat wisata di momen lebaran. Sampai ketika anak saya meminta menaiki salah satu wahana flying fox dan isteri saya temani anak saya untuk membeli karcisnya, di satu wahana flying fox lainnya ada kejadian tali penahan (tali rem) terlepas yang membuat orang yang menaiki wahana tersebut meluncur bebas tanpa berkurang kecepatannya menuju ke arah pohon yang dikaitkan sling di posisi yang lebih rendah dan menghantam salah satu orang yang sedang berada di panggung/menara untuk menuruni wahana tersebut, hingga orang yang tertabrak tersebut jatuh terlempar dari ketinggian kurang lebih 2,5 meter ke tanah dan mengalami cedera.  Sontak saya berteriak marah ke arah panitia, ""Gawe teh nu baleg! Neangan duit kuatkeunka sakituna, teu ngecek deui wahana nu karak dipake"". Dan saya bersama banyak pengunjung lain membatalkan niat memakai wahana tersebut dan berami-ramai mengembalikan karcis dengan harga IDR 20.000 tersebut.  Saya berharap dinas kepariwisataan setempat dan dinas-dinas lain yang terkait untuk mengkaji ulang kelayakan wahana-wahana di tempat tersebut, terutama wahana-wahana yang memanfaatkan faktor ketinggian, sebelum sampai memakan korban jiwa.",,negatif,saya mengunjungi tempat inj kemarin tempatnya sangat ramai pengunjung dan saya hampir tidak dapat parkirkan kendaraan roda 4 yang saya bawa saya pikir itu hal yang biasa untuk berbagai tempat wisata di momen lebaran sampai ketika anak saya meminta menaiki salah satu wahana flying fox dan isteri saya temani anak saya untuk membeli karcisnya di satu wahana flying fox lainnya ada kejadian tali penahan tali rem terlepas yang membuat orang yang menaiki wahana tersebut meluncur bebas tanpa berkurang kecepatannya menuju ke arah pohon yang dikaitkan saling di posisi yang lebih rendah dan menghantam salah satu orang yang sedang berada di panggung menara untuk menuruni wahana tersebut hingga orang yang tertabrak tersebut jatuh terlempar dari ketinggian kurang lebih 2 5 meter ke tanah dan mengalami cedera sontak saya berteriak marah ke arah panitia gawe teh nu baleg neangan duit kuatkeunka sakituna teu mengecek deui wahana nu karak dipakai dan saya bersama banyak pengunjung lain membatalkan niat memakai wahana tersebut dan berami ramai mengembalikan karcis dengan harga idr 20 000 tersebut saya berharap dinas kepariwisataan setempat dan dinas dinas lain yang terkait untuk mengkaji ulang kelayakan wahana wahana di tempat tersebut terutama wahana wahana yang memanfaatkan faktor ketinggian sebelum sampai memakan korban jiwa,0,0,0,1,1,negatif,"[Biaya Logistik]: Pemasangan papan informasi resmi rincian tarif tiket, asuransi, tes kesehatan, dan retribusi parkir di gerbang masuk basecamp. 
[Jalur Trek]: Pemasangan pita reflektif fosfor penanda jalur malam dan penggantian tali pengaman webbing yang putus atau lapuk di titik terjal.","[Biaya Logistik]: Penertiban dan standarisasi tarif batas atas angkutan transit (truk/mobil bak Sadarehe) dan panduan harga warung logistik pos. 
[Jalur Trek]: Pembuatan undakan kayu atau batu penahan erosi tanah di tanjakan terjal dan peremajaan plang penunjuk kilometer anti-cuaca.","[Biaya Logistik]: Paket ekowisata terpadu (tiket simaksi, tes kesehatan, makan produk UMKM lokal, transportasi) dalam satu platform digital TNGC. 
[Jalur Trek]: Sistem buka-tutup jalur berkala berbasis daya dukung lingkungan untuk pemulihan vegetasi dan penetapan jalur evakuasi helipad darurat."
1990,Woodland Kuningan,Wisata Pinus Mitra TNGC,1,"Tiket masuk usia <3thn tetep bayar, terus untuk semua wahana walaupun usia <3thn tetep harus di hitung 1org ( yaa kali anak usia <3thn bisa maen sendiri wkwkwwk tempat wisata paling tidak mau rugi yg pernah saya temui, di tambah lagi pas saya tes ke petugas di wahana sluncuran donat bilang oke tidak di dampingi beli tiket sendiri aja anak <3thn tp tolong di dampingi oleh petugas saat meluncur, eh malah petugas nya bilang gpp sendiri aja aman ini kok ""what the hell"" naik ban donat tidak ada sabuk pengaman di bilang aman?? Ini management nya rekrutmen karyawan nya kayak gmn ya? Wkwkwkw apa emang management nya cuma mikir yg penting cuan? Bad experience banget pertama datang kesini, not recommended pokok nya, bagi kalian yg mau maen mendingan mikir2 lagi deh",,negatif,tiket masuk usia 3thn tetap bayar terus untuk semua wahana walaupun usia 3thn tetap harus di hitung 1org ya kali anak usia 3thn bisa main sendiri wkwkwwk tempat wisata paling tidak mau rugi yang pernah saya temui di tambah lagi pas saya tes ke petugas di wahana sluncuran donat bilang oke tidak di dampingi beli tiket sendiri saja anak 3thn tapi tolong di dampingi oleh petugas saat meluncur eh malah petugas nya bilang enggak apa-apa sendiri saja aman ini kok what the hell naik ban donat tidak ada sabuk pengaman di bilang aman ini management nya rekrutmen karyawan nya kayak bagaimana ya wkwkwkw apa memang management nya cuma mikir yang penting cuan bad experience banget pertama datang kesini not recommended pokok nya bagi kalian yang mau main mendingan memikir-mikir lagi deh,0,0,1,0,1,negatif,"[Pelayanan Ranger]: Standarisasi standar operasional prosedur keramahan petugas loket dan customer service WhatsApp basecamp serta penambahan personel saat akhir pekan. 
[Biaya Logistik]: Pemasangan papan informasi resmi rincian tarif tiket, asuransi, tes kesehatan, dan retribusi parkir di gerbang masuk basecamp.","[Pelayanan Ranger]: Peningkatan kapasitas infrastruktur server booking simaksi online bebas down dan pelatihan hospitality bagi volunteer dan ranger pos. 
[Biaya Logistik]: Penertiban dan standarisasi tarif batas atas angkutan transit (truk/mobil bak Sadarehe) dan panduan harga warung logistik pos.","[Pelayanan Ranger]: Implementasi smart gate otomatis mandiri berbasis scan barcode terintegrasi e-KTP dan sertifikasi kompetensi ranger pemandu nasional. 
[Biaya Logistik]: Paket ekowisata terpadu (tiket simaksi, tes kesehatan, makan produk UMKM lokal, transportasi) dalam satu platform digital TNGC."
1991,Woodland Kuningan,Wisata Pinus Mitra TNGC,1,"mohon berhati-hati ketika ngeboking acara di Woodland karena tidak sesuai dengan kesepakatan, saya sudah boking tempat untuk 1 hari, tetapi petugas dengan seenaknya mengambil alih tempat dengan tidak memberi kejelasan apapun.",,negatif,mohon berhati hati ketika ngeboking acara di woodland karena tidak sesuai dengan kesepakatan saya sudah boking tempat untuk 1 hari tetapi petugas dengan seenaknya mengambil alih tempat dengan tidak memberi kejelasan apapun,0,0,1,0,0,negatif,[Pelayanan Ranger]: Standarisasi standar operasional prosedur keramahan petugas loket dan customer service WhatsApp basecamp serta penambahan personel saat akhir pekan.,[Pelayanan Ranger]: Peningkatan kapasitas infrastruktur server booking simaksi online bebas down dan pelatihan hospitality bagi volunteer dan ranger pos.,[Pelayanan Ranger]: Implementasi smart gate otomatis mandiri berbasis scan barcode terintegrasi e-KTP dan sertifikasi kompetensi ranger pemandu nasional.
1992,Woodland Kuningan,Wisata Pinus Mitra TNGC,1,"awas hati-hati ketika ngebooking acara khususnya ngecamp di Woodland karena tidak sesuai dengan kesepakatan awal, saya sudah booking tempat untuk 1 hari, tetapi petugas dengan seenaknya mengambil alih tempat dengan tidak memberi kejelasan apapun. bhuuutthh",,negatif,awas hati hati ketika ngebooking acara khususnya ngecamp di woodland karena tidak sesuai dengan kesepakatan awal saya sudah booking tempat untuk 1 hari tetapi petugas dengan seenaknya mengambil alih tempat dengan tidak memberi kejelasan apapun bhuuutthh,0,0,1,0,0,negatif,[Pelayanan Ranger]: Standarisasi standar operasional prosedur keramahan petugas loket dan customer service WhatsApp basecamp serta penambahan personel saat akhir pekan.,[Pelayanan Ranger]: Peningkatan kapasitas infrastruktur server booking simaksi online bebas down dan pelatihan hospitality bagi volunteer dan ranger pos.,[Pelayanan Ranger]: Implementasi smart gate otomatis mandiri berbasis scan barcode terintegrasi e-KTP dan sertifikasi kompetensi ranger pemandu nasional.
1995,Woodland Kuningan,Wisata Pinus Mitra TNGC,1,"mohon berhati-hati ketika ngeboking acara di Woodland karena tidak sesuai dengan kesepakatan, saya sudah boking tempat untuk 1 hari, tetapi petugas dengan seenaknya mengambil alih tempat dengan tidak memberi kejelasan apapun , tanpa panduan bantuan yang ramah untuk membantu sebelumnya menjanjikan semuanya aman dengan manis ramah tetapi pas terjadi di lapangan petugas tidak peduli.",,negatif,mohon berhati hati ketika ngeboking acara di woodland karena tidak sesuai dengan kesepakatan saya sudah boking tempat untuk 1 hari tetapi petugas dengan seenaknya mengambil alih tempat dengan tidak memberi kejelasan apapun tanpa panduan bantuan yang ramah untuk membantu sebelumnya menjanjikan semuanya aman dengan manis ramah tetapi pas terjadi di lapangan petugas tidak peduli,0,0,1,0,0,negatif,[Pelayanan Ranger]: Standarisasi standar operasional prosedur keramahan petugas loket dan customer service WhatsApp basecamp serta penambahan personel saat akhir pekan.,[Pelayanan Ranger]: Peningkatan kapasitas infrastruktur server booking simaksi online bebas down dan pelatihan hospitality bagi volunteer dan ranger pos.,[Pelayanan Ranger]: Implementasi smart gate otomatis mandiri berbasis scan barcode terintegrasi e-KTP dan sertifikasi kompetensi ranger pemandu nasional.
2001,Woodland Kuningan,Wisata Pinus Mitra TNGC,2,Konsepnya lumayan bgs... airnya suegerrr... Harga relatif agak tinggi utk ukuran wisata disitu... Pengelola agak krg profesional... Mdh2an ke dpn lebih baik,,negatif,konsepnya lumayan bagus airnya suegerrr harga relatif agak tinggi untuk ukuran wisata disitu pengelola agak krg profesional mudah-mudahan ke depan lebih baik,0,0,0,0,1,positif,"[Biaya Logistik]: Pemasangan papan informasi resmi rincian tarif tiket, asuransi, tes kesehatan, dan retribusi parkir di gerbang masuk basecamp.",[Biaya Logistik]: Penertiban dan standarisasi tarif batas atas angkutan transit (truk/mobil bak Sadarehe) dan panduan harga warung logistik pos.,"[Biaya Logistik]: Paket ekowisata terpadu (tiket simaksi, tes kesehatan, makan produk UMKM lokal, transportasi) dalam satu platform digital TNGC."
2002,Woodland Kuningan,Wisata Pinus Mitra TNGC,2,"Kesini cuma numpang makan, ga keliling karna pas masuk langsung hujan deras, pertama kali kesini, tiket masuk 20.000 perorang anak 2 th juga dihitung full Didalam fasilitasnya kolam renang husus anak2 setau saya itu aja, dan menurut saya tiket masuk 20.000 kemahalan , didalam naik perosotan juga bayar lagi, jujur merasa ga puas sih",,negatif,kesini cuma numpang makan enggak keliling karena pas masuk langsung hujan deras pertama kali kesini tiket masuk 20 000 perorang anak 2 tahu juga dihitung full didalam fasilitasnya kolam renang husus anak-anak setau saya itu saja dan menurut saya tiket masuk 20 000 kemahalan didalam naik perosotan juga bayar lagi jujur merasa enggak puas sih,0,0,0,0,1,negatif,"[Biaya Logistik]: Pemasangan papan informasi resmi rincian tarif tiket, asuransi, tes kesehatan, dan retribusi parkir di gerbang masuk basecamp.",[Biaya Logistik]: Penertiban dan standarisasi tarif batas atas angkutan transit (truk/mobil bak Sadarehe) dan panduan harga warung logistik pos.,"[Biaya Logistik]: Paket ekowisata terpadu (tiket simaksi, tes kesehatan, makan produk UMKM lokal, transportasi) dalam satu platform digital TNGC."
2003,Woodland Kuningan,Wisata Pinus Mitra TNGC,2,20rb+3rb(parkir) kurang worth sih.. Ekspektasi saya aja yang ketinggian 😁,,negatif,20rb 3rb parkir kurang worth sih ekspektasi saya saja yang ketinggian,0,0,0,0,1,negatif,"[Biaya Logistik]: Pemasangan papan informasi resmi rincian tarif tiket, asuransi, tes kesehatan, dan retribusi parkir di gerbang masuk basecamp.",[Biaya Logistik]: Penertiban dan standarisasi tarif batas atas angkutan transit (truk/mobil bak Sadarehe) dan panduan harga warung logistik pos.,"[Biaya Logistik]: Paket ekowisata terpadu (tiket simaksi, tes kesehatan, makan produk UMKM lokal, transportasi) dalam satu platform digital TNGC."
2004,Woodland Kuningan,Wisata Pinus Mitra TNGC,2,"Tempatnya bagus tapi syg tempat bilas dan kamar mandi hanya sedikit dan sangat jauh sekali, kalo bisa didekat kolam renang sediakan untuk tempat bilas. Ini bilas dan kamar mandi jd 1, orang2 yg mau bak jd harus nunggu lama sekali yg ganti baju",,negatif,tempatnya bagus tapi sayang tempat bilas dan kamar mandi hanya sedikit dan sangat jauh sekali kalo bisa didekat kolam renang sediakan untuk tempat bilas ini bilas dan kamar mandi jadi 1 orang-orang yang mau bak jadi harus menunggu lama sekali yang ganti baju,1,0,0,0,0,positif,[Toilet Sanitasi]: Jadwal sanitasi toilet basecamp minimum 3 kali sehari dan jaminan ketersediaan air bersih serta sabun cuci tangan.,[Toilet Sanitasi]: Pipanisasi permanen perbaikan jalur air dari mata air terdekat ke pos sanitasi dan renovasi bilik pintu rusak di Palutungan dan Apuy.,[Toilet Sanitasi]: Pembangunan unit eco-toilet berbasis pengomposan mandiri di pos ketinggian (>2000 mdpl) untuk mencegah pencemaran semak dan sumber air.
2006,Woodland Kuningan,Wisata Pinus Mitra TNGC,2,"Tanggal 13 sept 2020 saya kemari, tempatnya gersang ddan kotor. Untuk wisata spt itu dg tiket 20rb, sangat mahal menurut saya. Karena kolam renangnya juga sirkulasinya kurang, kolam terapi ikan juga ga ada sirkulasi. Apalagi musim pandemi spt ini.",,negatif,tanggal 13 sept 2020 saya kemari tempatnya gersang ddan kotor untuk wisata seperti itu dengan tiket 20rb sangat mahal menurut saya karena kolam renangnya juga sirkulasinya kurang kolam terapi ikan juga enggak ada sirkulasi apalagi musim pandemi seperti ini,0,1,0,0,1,negatif,"[Sampah Kebersihan]: Distribusi kantong sampah wajib terdata saat registrasi simaksi dan pengetatan inspeksi checklist sampah saat checkout. 
[Biaya Logistik]: Pemasangan papan informasi resmi rincian tarif tiket, asuransi, tes kesehatan, dan retribusi parkir di gerbang masuk basecamp.","[Sampah Kebersihan]: Penyediaan titik pengumpulan karung sampah pilah di setiap pos bayangan dan program operasi pembersihan gunung berkala. 
[Biaya Logistik]: Penertiban dan standarisasi tarif batas atas angkutan transit (truk/mobil bak Sadarehe) dan panduan harga warung logistik pos.","[Sampah Kebersihan]: Implementasi sistem deposit jaminan sampah digital terintegrasi aplikasi simaksi TNGC dan pusat pengolahan sampah lingkar Ciremai. 
[Biaya Logistik]: Paket ekowisata terpadu (tiket simaksi, tes kesehatan, makan produk UMKM lokal, transportasi) dalam satu platform digital TNGC."
2008,Woodland Kuningan,Wisata Pinus Mitra TNGC,2,Enak sih adem cuma sangat d sayangkan tiket permainannya mahal kata saya mah😆 Padahal asik klu bawa anak tp sedikit permainan gratis nya.. Masuk mahal didalam mainannya bayar mahal lagi🤦‍♂️,,negatif,enak sih adem cuma sangat di sayangkan tiket permainannya mahal kata saya mah padahal asik kalau bawa anak tapi sedikit permainan gratis nya masuk mahal didalam mainannya bayar mahal lagi,0,0,0,0,1,negatif,"[Biaya Logistik]: Pemasangan papan informasi resmi rincian tarif tiket, asuransi, tes kesehatan, dan retribusi parkir di gerbang masuk basecamp.",[Biaya Logistik]: Penertiban dan standarisasi tarif batas atas angkutan transit (truk/mobil bak Sadarehe) dan panduan harga warung logistik pos.,"[Biaya Logistik]: Paket ekowisata terpadu (tiket simaksi, tes kesehatan, makan produk UMKM lokal, transportasi) dalam satu platform digital TNGC."
2010,Woodland Kuningan,Wisata Pinus Mitra TNGC,2,Banyak copet di antrean loket tiket permaenan karna ke semrawutan antrean ky antre bansos ruwet.hp/uang raib.saran saya di benahi antrean loket y kasih pmbatas antrean trs kasih petugas pengawas,,negatif,banyak copet di antrean loket tiket permaenan karena ke semrawutan antrean kaya antre bansos ruwet hp uang raib saran saya di benahi antrean loket ya kasih pmbatas antrean terus kasih petugas pengawas,0,0,1,0,1,negatif,"[Pelayanan Ranger]: Standarisasi standar operasional prosedur keramahan petugas loket dan customer service WhatsApp basecamp serta penambahan personel saat akhir pekan. 
[Biaya Logistik]: Pemasangan papan informasi resmi rincian tarif tiket, asuransi, tes kesehatan, dan retribusi parkir di gerbang masuk basecamp.","[Pelayanan Ranger]: Peningkatan kapasitas infrastruktur server booking simaksi online bebas down dan pelatihan hospitality bagi volunteer dan ranger pos. 
[Biaya Logistik]: Penertiban dan standarisasi tarif batas atas angkutan transit (truk/mobil bak Sadarehe) dan panduan harga warung logistik pos.","[Pelayanan Ranger]: Implementasi smart gate otomatis mandiri berbasis scan barcode terintegrasi e-KTP dan sertifikasi kompetensi ranger pemandu nasional. 
[Biaya Logistik]: Paket ekowisata terpadu (tiket simaksi, tes kesehatan, makan produk UMKM lokal, transportasi) dalam satu platform digital TNGC."
2012,Woodland Kuningan,Wisata Pinus Mitra TNGC,2,Fasilitas toilet dan musholah kurang byk...jauh dari jangkauan tidak strategis...kasian utk lansia yg mau ke toilet hrs turun ke bawah...,,negatif,fasilitas toilet dan musholah kurang banyak jauh dari jangkauan tidak strategis kasihan untuk lansia yang mau ke toilet harus turun ke bawah,1,0,0,0,0,negatif,[Toilet Sanitasi]: Jadwal sanitasi toilet basecamp minimum 3 kali sehari dan jaminan ketersediaan air bersih serta sabun cuci tangan.,[Toilet Sanitasi]: Pipanisasi permanen perbaikan jalur air dari mata air terdekat ke pos sanitasi dan renovasi bilik pintu rusak di Palutungan dan Apuy.,[Toilet Sanitasi]: Pembangunan unit eco-toilet berbasis pengomposan mandiri di pos ketinggian (>2000 mdpl) untuk mencegah pencemaran semak dan sumber air.
2015,Woodland Kuningan,Wisata Pinus Mitra TNGC,2,"Harga tiket masuk, per item permainan mahal",,negatif,harga tiket masuk per item permainan mahal,0,0,0,0,1,negatif,"[Biaya Logistik]: Pemasangan papan informasi resmi rincian tarif tiket, asuransi, tes kesehatan, dan retribusi parkir di gerbang masuk basecamp.",[Biaya Logistik]: Penertiban dan standarisasi tarif batas atas angkutan transit (truk/mobil bak Sadarehe) dan panduan harga warung logistik pos.,"[Biaya Logistik]: Paket ekowisata terpadu (tiket simaksi, tes kesehatan, makan produk UMKM lokal, transportasi) dalam satu platform digital TNGC."
2016,Woodland Kuningan,Wisata Pinus Mitra TNGC,2,Fasilitas kurang memadai. Tempatnya kurang nyaman. Kebetulan kesitu pas danau lagi kering jdi kurang bagus. 🙏🥺,,negatif,fasilitas kurang memadai tempatnya kurang nyaman kebetulan kesitu pas danau lagi kering jadi kurang bagus,0,0,0,0,0,negatif,Monitoring berkala kepuasan operasional.,Evaluasi berkala kepuasan pengunjung.,Alokasi anggaran tahunan Balai TNGC.
2017,Woodland Kuningan,Wisata Pinus Mitra TNGC,2,Tolong Bagian KAMAR MANDI/WC AIRNYA KOSONG BOSS dan kebersihan D Bagian Kamar mandi/WC hrus ada penjaganya 👍,,negatif,tolong bagian kamar mandi wc airnya kosong bos dan kebersihan di bagian kamar mandi wc harus ada penjaganya,1,1,0,0,0,negatif,"[Toilet Sanitasi]: Jadwal sanitasi toilet basecamp minimum 3 kali sehari dan jaminan ketersediaan air bersih serta sabun cuci tangan. 
[Sampah Kebersihan]: Distribusi kantong sampah wajib terdata saat registrasi simaksi dan pengetatan inspeksi checklist sampah saat checkout.","[Toilet Sanitasi]: Pipanisasi permanen perbaikan jalur air dari mata air terdekat ke pos sanitasi dan renovasi bilik pintu rusak di Palutungan dan Apuy. 
[Sampah Kebersihan]: Penyediaan titik pengumpulan karung sampah pilah di setiap pos bayangan dan program operasi pembersihan gunung berkala.","[Toilet Sanitasi]: Pembangunan unit eco-toilet berbasis pengomposan mandiri di pos ketinggian (>2000 mdpl) untuk mencegah pencemaran semak dan sumber air. 
[Sampah Kebersihan]: Implementasi sistem deposit jaminan sampah digital terintegrasi aplikasi simaksi TNGC dan pusat pengolahan sampah lingkar Ciremai."
2020,Woodland Kuningan,Wisata Pinus Mitra TNGC,2,"Tempat Sejuk, Cuman Kurang nyaman Oleh Petugas Parkir",,negatif,tempat sejuk cuman kurang nyaman oleh petugas parkir,0,0,1,0,1,negatif,"[Pelayanan Ranger]: Standarisasi standar operasional prosedur keramahan petugas loket dan customer service WhatsApp basecamp serta penambahan personel saat akhir pekan. 
[Biaya Logistik]: Pemasangan papan informasi resmi rincian tarif tiket, asuransi, tes kesehatan, dan retribusi parkir di gerbang masuk basecamp.","[Pelayanan Ranger]: Peningkatan kapasitas infrastruktur server booking simaksi online bebas down dan pelatihan hospitality bagi volunteer dan ranger pos. 
[Biaya Logistik]: Penertiban dan standarisasi tarif batas atas angkutan transit (truk/mobil bak Sadarehe) dan panduan harga warung logistik pos.","[Pelayanan Ranger]: Implementasi smart gate otomatis mandiri berbasis scan barcode terintegrasi e-KTP dan sertifikasi kompetensi ranger pemandu nasional. 
[Biaya Logistik]: Paket ekowisata terpadu (tiket simaksi, tes kesehatan, makan produk UMKM lokal, transportasi) dalam satu platform digital TNGC."
2026,Woodland Kuningan,Wisata Pinus Mitra TNGC,2,Tiket terlalu mahal,,negatif,tiket terlalu mahal,0,0,0,0,1,negatif,"[Biaya Logistik]: Pemasangan papan informasi resmi rincian tarif tiket, asuransi, tes kesehatan, dan retribusi parkir di gerbang masuk basecamp.",[Biaya Logistik]: Penertiban dan standarisasi tarif batas atas angkutan transit (truk/mobil bak Sadarehe) dan panduan harga warung logistik pos.,"[Biaya Logistik]: Paket ekowisata terpadu (tiket simaksi, tes kesehatan, makan produk UMKM lokal, transportasi) dalam satu platform digital TNGC."
2027,Woodland Kuningan,Wisata Pinus Mitra TNGC,2,Ga ada akses jalan mobil,,negatif,enggak ada akses jalan mobil,0,0,0,1,0,netral,[Jalur Trek]: Pemasangan pita reflektif fosfor penanda jalur malam dan penggantian tali pengaman webbing yang putus atau lapuk di titik terjal.,[Jalur Trek]: Pembuatan undakan kayu atau batu penahan erosi tanah di tanjakan terjal dan peremajaan plang penunjuk kilometer anti-cuaca.,[Jalur Trek]: Sistem buka-tutup jalur berkala berbasis daya dukung lingkungan untuk pemulihan vegetasi dan penetapan jalur evakuasi helipad darurat.
2033,Woodland Kuningan,Wisata Pinus Mitra TNGC,3,"Tempat wisata Woodland cukup menarik untuk dikunjungi, terutama buat yang cari suasana sejuk dan pemandangan yang enak dipandang. Area-nya terasa asri, cocok untuk refreshing bareng keluarga. Namun ada beberapa hal yang perlu jadi perhatian. Tidak tersedia smoking room, sehingga pengunjung yang merokok masih bercampur dengan area umum. Selain itu, sangat disayangkan melihat petugas penjaga wahana yang merokok di area wahana anak—ini cukup mengganggu kenyamanan dan kurang baik dari sisi keamanan serta contoh bagi pengunjung. Semoga ke depannya pengelola bisa lebih memperhatikan hal-hal tersebut agar pengalaman wisata jadi lebih nyaman dan ramah untuk semua pengunjung 🙏",,netral,tempat wisata woodland cukup menarik untuk dikunjungi terutama buat yang cari suasana sejuk dan pemandangan yang enak dipandang area nya terasa asri cocok untuk refreshing bareng keluarga namun ada beberapa hal yang perlu jadi perhatian tidak tersedia smoking room sehingga pengunjung yang merokok masih bercampur dengan area umum selain itu sangat disayangkan melihat petugas penjaga wahana yang merokok di area wahana anak ini cukup mengganggu kenyamanan dan kurang baik dari sisi keamanan serta contoh bagi pengunjung semoga ke depannya pengelola bisa lebih memperhatikan hal hal tersebut agar pengalaman wisata jadi lebih nyaman dan ramah untuk semua pengunjung,0,0,1,0,0,netral,-,-,-
2034,Woodland Kuningan,Wisata Pinus Mitra TNGC,3,"menurutku worth it sih dengan harga 25k uda free berenang, cuma minusnya kalau masuk dari belakang gabisa pembayaran Qris ( harus cash ) karyawannya pun pada diem diem aja pdhal kita ramean sekeluarga, jadi kita jadi harus jalan dulu ke depan baru bisa masuk, tp jujurly kolamnya bersih banget",,netral,menurutku worth itu sih dengan harga 25k sudah free berenang cuma minusnya kalau masuk dari belakang enggak bisa pembayaran qris harus cash karyawannya pun pada diam diam saja padahal kita ramean sekeluarga jadi kita jadi harus jalan dulu ke depan baru bisa masuk tapi jujurly kolamnya bersih banget,0,0,0,1,1,netral,-,-,-
2035,Woodland Kuningan,Wisata Pinus Mitra TNGC,3,"Wisata alam yang menakjubkan dengan keindahan alam yang Astri. Dengan wahana Flying fox, ATV, dan Kolam renang. Serta beberapa fasilitas seperti musholla & toilet. Dari segi Kelengkapan toilet sudah bagus, dan Ada di setiap sudut. Sebagai catatan Harga makanan/minuman lebih mahal daripada tempat wisata kebanyakan. Dengan contoh Good day Frieze dibanderol Rp10k yang menurut saya terlalu mahal dari kebanyakan tempat wisata disekitar",,netral,wisata alam yang menakjubkan dengan keindahan alam yang astri dengan wahana flying fox atv dan kolam renang serta beberapa fasilitas seperti musholla toilet dari segi kelengkapan toilet sudah bagus dan ada di setiap sudut sebagai catatan harga makanan minuman lebih mahal daripada tempat wisata kebanyakan dengan contoh good day frieze dibanderol rp10k yang menurut saya terlalu mahal dari kebanyakan tempat wisata disekitar,1,0,0,0,1,netral,-,-,-
2036,Woodland Kuningan,Wisata Pinus Mitra TNGC,3,Tiket masuk dewasa 20 Anak anak 15 Tapi wahana nya bayar lagi Main perosotan pelangi 20(1 org) 1x main Flaingfox dewasa 15( 1 org) 1x main Flaingfox anak 20(1 org) 1 x main  Kolam renang gratis itupun kolam nya cuma 2 kecil² Konsepnnya bingung smua serba bayar Parkir mobil 5 ribu,,netral,tiket masuk dewasa 20 anak anak 15 tapi wahana nya bayar lagi main perosotan pelangi 20 1 orang 1x main flaingfox dewasa 15 1 orang 1x main flaingfox anak 20 1 orang 1 kali main kolam renang gratis itupun kolam nya cuma 2 kecil² konsepnnya bingung semua serba bayar parkir mobil 5 ribu,0,0,0,0,1,netral,-,-,-
2038,Woodland Kuningan,Wisata Pinus Mitra TNGC,5,"Banyak kolam renang, area toilet juga banyak namun ketika hari libur memang aga penuh dan perlu antri bersamaan dengan yang akan ganti baju mau renang dan bilas setelah renang, tp tempat bilas outdoor juga tersedia... area yh luas, banyak wahana outbond anak dan setiap wahana berbayar antara. Htm 15-20rb saat weekend...",,positif,banyak kolam renang area toilet juga banyak namun ketika hari libur memang aga penuh dan perlu antri bersamaan dengan yang akan ganti baju mau renang dan bilas setelah renang tapi tempat bilas outdoor juga tersedia area ya luas banyak wahana outbond anak dan setiap wahana berbayar antara htm 15 20rb saat weekend,1,0,0,0,1,positif,-,-,-
2039,Woodland Kuningan,Wisata Pinus Mitra TNGC,4,"Hiburan  keluarga, harus siapin baju ganti mau maen air disini, saran klo mau flying fox chek dulu mau yg kecil (pendek) biasanya buat bocil bgt atau yg panjang ni jauh n tinggi , jadi ada dua jenis tiket flying fox , kuning (panjang) sama biru (pendek)",,positif,hiburan keluarga harus siapin baju ganti mau main air disini saran kalo mau flying fox chek dulu mau yang kecil pendek biasanya buat bocil banget atau yang panjang nih jauh n tinggi jadi ada dua jenis tiket flying fox kuning panjang sama biru pendek,1,0,0,0,1,positif,-,-,-
2040,Woodland Kuningan,Wisata Pinus Mitra TNGC,4,"Tempat nya luas, tiket 20k ssrkj 25k SM Kolam banyak, ada ikan buat mijitin kaki, Cuman sayangnya tempat istirahat kurang bersih, mungkin karna taman rekreasi air.. Ada mushola, toilet lengkap, taman air, petugas ramah, parkir 5k dibayar duluan.. Ada petugas dishub didepan suka nyebrangin orang dari parkiran. Ushakan bawa tikar kalo main kesini.",,positif,tempat nya luas tiket 20k ssrkj 25k sama kolam banyak ada ikan buat mijitin kaki cuman sayangnya tempat istirahat kurang bersih mungkin karena taman rekreasi air ada mushola toilet lengkap taman air petugas ramah parkir 5k dibayar duluan ada petugas dishub didepan suka nyebrangin orang dari parkiran ushakan bawa tikar kalo main kesini,1,0,1,0,1,positif,-,-,-
2042,Woodland Kuningan,Wisata Pinus Mitra TNGC,4,"areanya sejuk, bisa piknik dan bawa makanan dari luar, wahana bermainnya lumayan bnyk, dan kolam renangnya besar untuk di area bawah  paling minusnya bnyk wahana yg tidak beroperasi, padahal saya berkunjung saat longweekend  tpi untuk keseluruhan oke lah dan klau boleh saran sediakan tiket terusan untuk wahana bermainnya agar lebih menarik",,positif,areanya sejuk bisa piknik dan bawa makanan dari luar wahana bermainnya lumayan banyak dan kolam renangnya besar untuk di area bawah paling minusnya banyak wahana yang tidak beroperasi padahal saya berkunjung saat longweekend tapi untuk keseluruhan oke lah dan kalau boleh saran sediakan tiket terusan untuk wahana bermainnya agar lebih menarik,0,0,0,0,1,positif,-,-,-
2045,Woodland Kuningan,Wisata Pinus Mitra TNGC,5,"Seneng bgt. Tempatnya passs buat healing sejuk, adem tanpa musik yang dardirdor kek tempat wisata yang lain. Gazebo luas, Toilet bersih dan terawat udah gitu banyak lagi jadi tidak antre. Selain itu musholah nya juga cukup luas🤗 dan tersedia alat sholat yang layak(masyaallah, ini mah udah pasti bakal berkunjung lagi). Ternyata berkunjung saat tanggal merah terhitung weekend yah min?. Minusnya tempat pembelian tiket wahana terpisah jadi kita capek bolak-balik naik turunnya. Tapiii over all cukup memuaskan siii",,positif,senang banget tempatnya pas buat healing sejuk adem tanpa musik yang dardirdor kayak tempat wisata yang lain gazebo luas toilet bersih dan terawat sudah begitu banyak lagi jadi tidak antre selain itu musholah nya juga cukup luas dan tersedia alat sholat yang layak masyaallah ini mah sudah pasti bakal berkunjung lagi ternyata berkunjung saat tanggal merah terhitung weekend ya min minusnya tempat pembelian tiket wahana terpisah jadi kita capek bolak balik naik turunnya tapiii over all cukup memuaskan siii,1,0,1,0,1,positif,-,-,-
2046,Woodland Kuningan,Wisata Pinus Mitra TNGC,5,24/06/26 tiket masuk 20rb-25rb(libur) .. cukup luas buat keluarga bahkan grup,,positif,24 06 26 tiket masuk 20rb 25rb libur cukup luas buat keluarga bahkan grup,0,0,0,0,1,positif,-,-,-
2047,Woodland Kuningan,Wisata Pinus Mitra TNGC,5,"Tempatnya cocok banget buat family time ,air kolamnya dingin banget 🥶🥶",,positif,tempatnya cocok banget buat family time air kolamnya dingin banget,1,0,0,0,0,positif,-,-,-
2048,Woodland Kuningan,Wisata Pinus Mitra TNGC,5,H+1 lebaran 2026 HTM 25k/org Tempat rekresiasi keluarga terdapat beberapa wahana - kolam renang anak perosotan - kolam renang dewasa - terapi ikan - ayunan gantung - mini roll coaster - cafe - rainbow slide - gazebo gratis (datang lebih awal agar kebagian) - dll,,positif,h 1 lebaran 2026 htm 25k orang tempat rekresiasi keluarga terdapat beberapa wahana kolam renang anak perosotan kolam renang dewasa terapi ikan ayunan gantung mini roll coaster cafe rainbow slide gazebo gratis datang lebih awal agar kebagian dll,0,0,0,0,1,positif,-,-,-
2050,Woodland Kuningan,Wisata Pinus Mitra TNGC,5,Bagus air nya dingin sama ada yang anak kecil dan orang dewasa yang paling dalem kolam 160cm,,positif,bagus air nya dingin sama ada yang anak kecil dan orang dewasa yang paling dalem kolam 160cm,1,0,0,0,0,positif,-,-,-
2051,Woodland Kuningan,Wisata Pinus Mitra TNGC,4,"Tempatnya luas, jadi walopun banyak pengunjung ga begitu sesak. Pilihan permainan juga banyak. Sayang tempat sampahnya ga tiap sudut ada, semoga bisa ditambah lagi tempat sampahnya, buar pengunjung ga bingung buang sampah.",,positif,tempatnya luas jadi walopun banyak pengunjung enggak begitu sesak pilihan permainan juga banyak sayang tempat sampahnya enggak tiap sudut ada semoga bisa ditambah lagi tempat sampahnya buar pengunjung enggak bingung buang sampah,0,1,0,0,0,positif,-,-,-
2052,Woodland Kuningan,Wisata Pinus Mitra TNGC,5,"Tempat rekreasi keluarga atau bersama teman² atau pun acara kantor dengan konsep alam outdoor. Dilengkapi beberapa fasilitas permainan flyfox,berkuda,kolam renang,perosotan ,masukan untuk fasilitas toilet/kamar bilas sayang nya terlalu minim Kamar bilas di bagian atas air tidak mengalir, kamar bilas /toilet di bawah hanya ada beberapa pintu saja. Mohon diperhatikan kembali Jalanan dr taman menuju kolam licin hati² saat berjalan",,positif,tempat rekreasi keluarga atau bersama teman² atau pun acara kantor dengan konsep alam outdoor dilengkapi beberapa fasilitas permainan flyfox berkuda kolam renang perosotan masukan untuk fasilitas toilet kamar bilas sayang nya terlalu minim kamar bilas di bagian atas air tidak mengalir kamar bilas toilet di bawah hanya ada beberapa pintu saja mohon diperhatikan kembali jalanan dari taman menuju kolam licin hati² saat berjalan,1,0,0,1,0,positif,-,-,-
2053,Woodland Kuningan,Wisata Pinus Mitra TNGC,4,"Air mancurnya kaga nyala ka, tapi lemayan bisa brenang sma terapi ikan nyenengin emak di kuningan sini",,positif,air mancurnya kagak nyala kak tapi lemayan bisa brenang sama terapi ikan menyenangkan emak di kuningan sini,1,0,0,0,0,positif,-,-,-
2054,Woodland Kuningan,Wisata Pinus Mitra TNGC,5,"Tempat untuk refesing bersama keluarga, suasana sangat sejuk dengan pohon rindang yang tinggi berada didaerah pegunungan gunung ciremai Kuningan. Tersedia ada beberapa kolam renang dan mainan yg lain. Toilet dan musholah kebersihannya terjaga ada didalam taman woodland",,positif,tempat untuk refesing bersama keluarga suasana sangat sejuk dengan pohon rindang yang tinggi berada didaerah pegunungan gunung ciremai kuningan tersedia ada beberapa kolam renang dan mainan yang lain toilet dan musholah kebersihannya terjaga ada didalam taman woodland,1,0,0,0,0,positif,-,-,-
2057,Woodland Kuningan,Wisata Pinus Mitra TNGC,5,"Wisata di Kuningan yang menyediakan kolam renang, flying fox dan berbagai permainan anak dan dewasa. Harga tiket masuk perorang 20rb rupiah termasuk renang. Kalo mau naik yang lain beli tiket lagi, harga bervariasi mulai harga 10rb sampai 25rb.",,positif,wisata di kuningan yang menyediakan kolam renang flying fox dan berbagai permainan anak dan dewasa harga tiket masuk perorang 20rb rupiah termasuk renang kalo mau naik yang lain beli tiket lagi harga bervariasi mulai harga 10rb sampai 25rb,0,0,0,0,1,positif,-,-,-
2058,Woodland Kuningan,Wisata Pinus Mitra TNGC,5,"Hnya di cafenya saja karena hujan, menunya variatif dan tempatnya luas, ada live music, untuk harga kisaran 15-25 k",,positif,hanya di cafenya saja karena hujan menunya variatif dan tempatnya luas ada live music untuk harga kisaran 15 25 ke,0,0,0,0,1,positif,-,-,-
2059,Woodland Kuningan,Wisata Pinus Mitra TNGC,5,"Woodland ini tempat wisatanya luas dan lengkap 🌿✨. Di sini ada kolam renang, banyak pilihannya, jadi enak buat main air. Terus ada wahana sepeda di atas tali (sky bike), flying fox, seluncuran pelangi, sampai mini roller coaster, jadi nggak cuma buat anak-anak tapi juga seru buat yang gede. Fasilitasnya juga lengkap 👍. WC dan kamar ganti banyak, jadi nggak terlalu ribet, mushola juga ada. Tempatnya kelihatan bersih dan terawat, bikin nyaman. Soal harga, menurut aku terjangkau/murah. Plusnya lagi, boleh bawa makanan dari luar, jadi bisa lebih hemat 🍱. Saran aja, mending bawa tikar sendiri, buat jaga-jaga kalau tempat duduk yang disediakan lagi penuh sama pengunjung 😅, soalnya di sini nggak ada penyewaan tikar. Overall, Woodland ini worth it buat liburan santai bareng temen atau keluarga. Lengkap, bersih, dan ramah di kantong 👍✨",,positif,woodland ini tempat wisatanya luas dan lengkap di sini ada kolam renang banyak pilihannya jadi enak buat main air terus ada wahana sepeda di atas tali sky bike flying fox seluncuran pelangi sampai mini roller coaster jadi enggak cuma buat anak anak tapi juga seru buat yang gede fasilitasnya juga lengkap wc dan kamar ganti banyak jadi enggak terlalu ribet mushola juga ada tempatnya kelihatan bersih dan terawat bikin nyaman soal harga menurut aku terjangkau murah plusnya lagi boleh bawa makanan dari luar jadi bisa lebih hemat saran saja mending bawa tikar sendiri buat jaga jaga kalau tempat duduk yang disediakan lagi penuh sama pengunjung soalnya di sini enggak ada penyewaan tikar overall woodland ini worth itu buat liburan santai bareng teman atau keluarga lengkap bersih dan ramah di kantong,1,0,1,1,1,positif,-,-,-
2060,Woodland Kuningan,Wisata Pinus Mitra TNGC,4,"Tempatnya sejuk,nyaman.fasilitas kolam renang dengan mandi busa juga ada.flying fox dan wahana halang rintang untuk anak tersedia disini.seluncuran pelangi wahana favorit tapi cukup menegangkan..seru deh kalo liburan bareng keluarga kesini...",,positif,tempatnya sejuk nyaman fasilitas kolam renang dengan mandi busa juga ada flying fox dan wahana halang rintang untuk anak tersedia disini seluncuran pelangi wahana favorit tapi cukup menegangkan seru deh kalo liburan bareng keluarga kesini,0,0,0,0,0,positif,-,-,-
2062,Woodland Kuningan,Wisata Pinus Mitra TNGC,4,"Secara umum seluruh areanya lumayan bersih, ada flying fox, rainbow slide, naik kuda, giant swing, sayang wood-decknya sudah dirombak. Kolam renangnya ada cukup banyak! Airnya pun dari mata air jadi segar dan bersih. Dengan bayar biaya HTM, kolam renang bisa gratis digunakan, tapi untuk wahana yg lain harus membayar. Sangat fleksibel dan cukup membantu karena bisa piknik dengan membawa makanan sendiri. Kalau boleh dikasih area merokok sendiri ya, supaya asap rokok ga kena anak2 yg datang berkunjung, karena sebagian pengunjung adalah anak2, kasian jika terpapar asap rokok.",,positif,secara umum seluruh areanya lumayan bersih ada flying fox rainbow slide naik kuda giant swing sayang wood decknya sudah dirombak kolam renangnya ada cukup banyak airnya pun dari mata air jadi segar dan bersih dengan bayar biaya htm kolam renang bisa gratis digunakan tapi untuk wahana yang lain harus membayar sangat fleksibel dan cukup membantu karena bisa piknik dengan membawa makanan sendiri kalau boleh dikasih area merokok sendiri ya supaya asap rokok enggak kena anak-anak yang datang berkunjung karena sebagian pengunjung adalah anak-anak kasihan jika terpapar asap rokok,1,0,0,0,1,positif,-,-,-
2063,Woodland Kuningan,Wisata Pinus Mitra TNGC,4,"Woodland lebih cocok buat anak2 karena wahananya sebagain besar memang utk anak2. Ada rainbow slide (ini bisa utk dewasa), kolam renang, flying fox, dan permainan lain (gtau namanya). Banyak gazebo atau tempat terbuka untuk orang2 bisa ""piknik"" 😅. Ada kantin juga yg menyediakan snack, minuman, dan pop mie. Tiket masuk utk weekday 20k, weekend 25k.",,positif,woodland lebih cocok buat anak-anak karena wahananya sebagain besar memang untuk anak-anak ada rainbow slide ini bisa untuk dewasa kolam renang flying fox dan permainan lain enggak tau namanya banyak gazebo atau tempat terbuka untuk orang-orang bisa piknik ada kantin juga yang menyediakan snack minuman dan pop mie tiket masuk untuk weekday 20k weekend 25k,0,0,0,0,1,positif,-,-,-
2064,Woodland Kuningan,Wisata Pinus Mitra TNGC,4,"Untuk Tiket Harganya standar sudah include dengan Kolam renangnya. Untuk kolam renang banyak pilihan dari yang kecil untuk anak - anak, sedang dan Besar dengan kedalaman sampe 150 cm.  Minusnya tempat Untuk duduk nya masih kurang, dan banyak yang merokok di sekitar kolam renang yang di dominasi anak anak.  Banyak wahana yang lainnya yang berbayar tidak include dengan  Tiket masuk.  Recomended untuk Yang mau wisata tapi tdk mau jauh dari rumah.",,positif,untuk tiket harganya standar sudah include dengan kolam renangnya untuk kolam renang banyak pilihan dari yang kecil untuk anak anak sedang dan besar dengan kedalaman sampai 150 cuma minusnya tempat untuk duduk nya masih kurang dan banyak yang merokok di sekitar kolam renang yang di dominasi anak anak banyak wahana yang lainnya yang berbayar tidak include dengan tiket masuk recomended untuk yang mau wisata tapi tidak mau jauh dari rumah,0,0,0,0,1,positif,-,-,-
2065,Woodland Kuningan,Wisata Pinus Mitra TNGC,5,"Tempatnya luas, banyak pilihan permainan, akses mudah, tiket murah, makanan dan minuman juga murah. Cocok untuk rekreasi keluarga",,positif,tempatnya luas banyak pilihan permainan akses mudah tiket murah makanan dan minuman juga murah cocok untuk rekreasi keluarga,0,0,0,0,1,positif,-,-,-
2067,Woodland Kuningan,Wisata Pinus Mitra TNGC,5,"Bagus seru, cocok untuk anak-anak. Kolam renang gratis + dari tiket masuk yang lainnya bayar lagi sendiri, air dingin. Tapi untuk pemesanan grab dsb masih susah terlebih jika sore hari.",,positif,bagus seru cocok untuk anak anak kolam renang gratis dari tiket masuk yang lainnya bayar lagi sendiri air dingin tapi untuk pemesanan grab dsb masih susah terlebih jika sore hari,1,0,0,0,1,positif,-,-,-
2068,Woodland Kuningan,Wisata Pinus Mitra TNGC,4,"Bagus si cocok bawa keluarga, cuma kurang toilet aja ngantri😁",,positif,bagus sih cocok bawa keluarga cuma kurang toilet saja mengantri,1,0,0,0,0,positif,-,-,-
2069,Woodland Kuningan,Wisata Pinus Mitra TNGC,5,"Area nya luas, bnyk wahana (add cost, rata² 20rb/ wahana/ org), HTM nya murah 25k (udh free renang), parkiran jg cukup luas, ada resto & coffee shop, musholla, tempat bilas jg ada, liburan lengkap pkknya buat keluarga & anak² 🫶🏻  Wahana yg paling gong itu giant swing, must try (buat yg berani aja) 😁",,positif,area nya luas banyak wahana ada cost rata² 20rb wahana orang htm nya murah 25k sudah free renang parkiran juga cukup luas ada resto coffee shop musholla tempat bilas juga ada liburan lengkap pkknya buat keluarga anak² wahana yang paling gong itu giant swing must try buat yang berani saja,0,0,0,0,1,positif,-,-,-
2071,Woodland Kuningan,Wisata Pinus Mitra TNGC,4,"Tempat untuk rekreasi keluarga. Ada kolam  renang, restoran untuk keluarga, fasilitas lengkap ada toilet dan mushollah. Di restorannya tersedia banyak menu mulai dari bebek, nasi goreng sampai iga sapi. Tempat parkir juga luas. Banyak yang datang dari kelompok sekolah. Untuk biaya  parkir dikenakan 5k untuk minibus",,positif,tempat untuk rekreasi keluarga ada kolam renang restoran untuk keluarga fasilitas lengkap ada toilet dan mushollah di restorannya tersedia banyak menu mulai dari bebek nasi goreng sampai iga sapi tempat parkir juga luas banyak yang datang dari kelompok sekolah untuk biaya parkir dikenakan 5k untuk minibus,1,0,0,0,1,positif,-,-,-
2072,Woodland Kuningan,Wisata Pinus Mitra TNGC,4,"Bagus tempat nya ,harga nya terjangkau ,toilet dan kamar bilas nya juga banyak ,penjaga kolam nya juga stanby jadi setiap section ada yg memantau",,positif,bagus tempat nya harga nya terjangkau toilet dan kamar bilas nya juga banyak penjaga kolam nya juga stanby jadi setiap section ada yang memantau,1,0,0,0,1,positif,-,-,-
2073,Woodland Kuningan,Wisata Pinus Mitra TNGC,5,"Harga tiket murah, kolam bersih, gazebo banyak, cafe untuk jajanan harga standar. Permainan seru untuk dewasa maupun anak2 OK...",,positif,harga tiket murah kolam bersih gazebo banyak cafe untuk jajanan harga standar permainan seru untuk dewasa maupun anak-anak ok,0,0,0,0,1,positif,-,-,-
2074,Woodland Kuningan,Wisata Pinus Mitra TNGC,5,"Sewaktu saya ke sini, memang sedang waktunya puasa. Entah karena faktor itu atau bukan, ke sini sekitar jam 2an siang, suasana sangat sepi.  Meski sepi, kesejukan amat terasa kala keluar dari kendaraan mobil yang saya dan kawan lain tumpangi.  Asri, sejuk dan dingin menyatu dalam padanan kata yang bisa kita sebut nyaman.  Dari luar, kita sudah dibuat nyaman akan suasana di sini.  Oiya, kalau untuk parkir posisinya di seberang woodland, atau tepatnya di area resto woodland -nya. Untuk tiket mobil sebesar Rp. 5000, dan motor sepertinya di angka Rp. 2000.  Karena weekend, tiket masuk untuk ke area wisata dipatok harga Rp. 20000, berbeda jika weekday yang hanya Rp. 15.000.  Panorama yang terlihat dari gerbang masuk arena woodland begitu hijau dan asri.  Tata letaknya juga begitu rapih dan Instagramable.  Oiya, perlu diingat dan diperhatikan, bagu siapapun yang ingin berlibur ke sini, persiapkan fisik ya, karena tempat di sini cukup luas, dan sepertinya perlu beberapa jam untuk menjangkau seluruh areanya.  Di sini, terbilang cukup lengkap fasilitas ataupun wahana tambahan di dalamnya.  Sebut saja, di sini memang basisnya hutan, jadi rindang dan riuhnya pepohonan rapat menjulang berdekatan.  Gazebo-gazebo banyak didirikan sebagai tempat rehat para pengunjung sembari menikmati suasana alam yang indah dan sejuk.  Kemudian, ada beberapa fasilitas pendukung seperti; kantin food court, kamar mandi, musala, dan fasilitas olahraga.  Adapun fasilitas olahraga dan permainan di antaranya, kolam renang, panahan, jembatan tali, kudaan, panjat tebing anak-anak, dan lainnya.  Selain terjangkau, tempat wisata ini menawarkan spot foto yang Instagramable dan sayang dilewatkan begitu saja.  Mau dari sisi manapun, cocok diambil pemandangan nya.  Oiya, hati-hati bagi kamu yang ingin berenang atau sekadar cuci muka dari mata airnya, karena cukup dingin, dan bahkan bisa jadi sangat dingin bagi sebagian orang.  Sayangnya, saat saya ke sini, kolam bagian bawah yang dekat dengan sawah, sedang tidak ada isinya alias kosong.  Selain itu, bangunan musala pun agak sedikit doyong dan perlengkapan salat kurang rapih.  Tapi, selebihnya tempat wisata di sini cukup rekomended. 👍🏼",,positif,sewaktu saya ke sini memang sedang waktunya puasa entah karena faktor itu atau bukan ke sini sekitar jam 2an siang suasana sangat sepi meski sepi kesejukan amat terasa kala keluar dari kendaraan mobil yang saya dan kawan lain tumpangi asri sejuk dan dingin menyatu dalam padanan kata yang bisa kita sebut nyaman dari luar kita sudah dibuat nyaman akan suasana di sini oiya kalau untuk parkir posisinya di seberang woodland atau tepatnya di area resto woodland nya untuk tiket mobil sebesar rp 5000 dan motor sepertinya di angka rp 2000 karena weekend tiket masuk untuk ke area wisata dipatok harga rp 20000 berbeda jika weekday yang hanya rp 15 000 panorama yang terlihat dari gerbang masuk arena woodland begitu hijau dan asri tata letaknya juga begitu rapi dan instagramable oiya perlu diingat dan diperhatikan bagu siapapun yang ingin berlibur ke sini persiapkan fisik ya karena tempat di sini cukup luas dan sepertinya perlu beberapa jam untuk menjangkau seluruh areanya di sini terbilang cukup lengkap fasilitas ataupun wahana tambahan di dalamnya sebut saja di sini memang basisnya hutan jadi rindang dan riuhnya pepohonan rapat menjulang berdekatan gazebo gazebo banyak didirikan sebagai tempat rehat para pengunjung sembari menikmati suasana alam yang indah dan sejuk kemudian ada beberapa fasilitas pendukung seperti kantin food court kamar mandi musala dan fasilitas olahraga adapun fasilitas olahraga dan permainan di antaranya kolam renang panahan jembatan tali kudaan panjat tebing anak anak dan lainnya selain terjangkau tempat wisata ini menawarkan spot foto yang instagramable dan sayang dilewatkan begitu saja mau dari sisi manapun cocok diambil pemandangan nya oiya hati hati bagi kamu yang ingin berenang atau sekadar cuci muka dari mata airnya karena cukup dingin dan bahkan bisa jadi sangat dingin bagi sebagian orang sayangnya saat saya ke sini kolam bagian bawah yang dekat dengan sawah sedang tidak ada isinya alias kosong selain itu bangunan musala pun agak sedikit doyong dan perlengkapan salat kurang rapi tapi selebihnya tempat wisata di sini cukup rekomended,1,0,0,1,1,positif,-,-,-
2076,Woodland Kuningan,Wisata Pinus Mitra TNGC,5,"Tempatnya nyaman, tiket masuknya juga masih terjangkau. Buat piknik keluarga atau rombongan juga tempatnya luas, adem. Kalo bisa bawa tiker sendiri biar lebih enak. Didalemnya juga ada wahana flying fox untuk dewasa dan anak-anak, perosotan pelangi, ada playground untuk anak-anak. Ada kolam renang juga, kayaknya untuk kolam free entry. Untuk wahana lain berbayar.",,positif,tempatnya nyaman tiket masuknya juga masih terjangkau buat piknik keluarga atau rombongan juga tempatnya luas adem kalo bisa bawa tiker sendiri biar lebih enak didalemnya juga ada wahana flying fox untuk dewasa dan anak anak perosotan pelangi ada playground untuk anak anak ada kolam renang juga kayaknya untuk kolam free entry untuk wahana lain berbayar,0,0,0,0,1,positif,-,-,-
2077,Woodland Kuningan,Wisata Pinus Mitra TNGC,5,"tempat wisata paket lengkap. Ada berbagai wahana seperti berkuda, flying fox, rainbow slide, rope walk,panahan, ATV, Kayak, Playground, mandi bola, kolamrenang anak +busa busa, kolam renang dewasa. Air kolam Renang pake air gunung yg mengalir terus jadinya seger banget, enak. area duduk dan toiletnya bersih.",,positif,tempat wisata paket lengkap ada berbagai wahana seperti berkuda flying fox rainbow slide rope walk panahan atv kayak playground mandi bola kolamrenang anak busa busa kolam renang dewasa air kolam renang pakai air gunung yang mengalir terus jadinya segar banget enak area duduk dan toiletnya bersih,1,0,0,0,0,positif,-,-,-
2078,Woodland Kuningan,Wisata Pinus Mitra TNGC,5,"Saya dari brebes, gabut aja kesini krna diajak, dijalan ga kepikiran tp disuruh nyari"" tempat yg bagus buat foto"" di sekitaran kuningan Jawa Barat, saya pilih lah ini, ternyata lokasi nya jauh dan jalan nya yg waw bgt, tp pas sampe di lokasi jujur ga kecewa sih krna bener"" bersih dan jajanan nya masih oke harga nya. Pas mau pulang sekitaran jam setengah 4 sore hujan berhubung kayaknya ga reda"" dan perjalanan kami jauh, kami putuskan untuk nrabas hujan dan ikutin jalan lewat gmaps. Dan kaget krna disasarin ke jembatan yg kecilll bgt hanya cukup untuk 1 motor, liat anak sekolah tawuran juga, pokoknya pengalaman paling ga terlupakan 😂👍",,positif,saya dari brebes gabut saja kesini karena diajak dijalan enggak kepikiran tapi disuruh mencari tempat yang bagus buat foto di sekitaran kuningan jawa barat saya pilih lah ini ternyata lokasi nya jauh dan jalan nya yang wow banget tapi pas sampai di lokasi jujur enggak kecewa sih karena benar bersih dan jajanan nya masih oke harga nya pas mau pulang sekitaran jam setengah 4 sore hujan berhubung kayaknya enggak reda dan perjalanan kami jauh kami putuskan untuk nrabas hujan dan mengikuti jalan lewat gmaps dan kaget karena disasarin ke jembatan yang kecilll banget hanya cukup untuk 1 motor lihat anak sekolah tawuran juga pokoknya pengalaman paling enggak terlupakan,0,0,0,1,1,positif,-,-,-
2079,Woodland Kuningan,Wisata Pinus Mitra TNGC,5,"Area nya luas dan cukup banyak wahana permainan nya. Tiket masuk 20.000 saat liburan sekolah include kolam renang. Kalo wahana flying fox, sepeda gantung, kereta, perosotan pelangi itu bayar lagi harga mulai 10.000 sampai 20.000 per wahana.",,positif,area nya luas dan cukup banyak wahana permainan nya tiket masuk 20 000 saat liburan sekolah include kolam renang kalo wahana flying fox sepeda gantung kereta perosotan pelangi itu bayar lagi harga mulai 10 000 sampai 20 000 per wahana,0,0,0,0,1,positif,-,-,-
2081,Woodland Kuningan,Wisata Pinus Mitra TNGC,5,"Jika minat main air di sini, datang bareng karyawan buka jam 7. Usahakan jam 6.45 udh di pintu tiket puas bgt berasa CEO pemilik kolam. Jam rame itu jam 10 - 11 kita udh puas. Dan pulang deh.",,positif,jika minat main air di sini datang bareng karyawan buka jam 7 usahakan jam 6 45 sudah di pintu tiket puas banget berasa ceo pemilik kolam jam rame itu jam 10 11 kita sudah puas dan pulang deh,1,0,0,0,1,positif,-,-,-
2082,Woodland Kuningan,Wisata Pinus Mitra TNGC,4,"First impressions kesini, bagus karna tempat nya masih hijau hijau banyak pepohonan, banyak kolam renang dengan ketinggian yang berbeda-beda, ada banyak wahana juga disini, tapi untuk pembayaran nya berbeda yaa dengan tiket masuk 😊  FYI, untuk tiket masuk kesana weekdays 20k, weekend 25k",,positif,first impressions kesini bagus karena tempat nya masih hijau hijau banyak pepohonan banyak kolam renang dengan ketinggian yang berbeda beda ada banyak wahana juga disini tapi untuk pembayaran nya berbeda ya dengan tiket masuk fyi untuk tiket masuk kesana weekdays 20k weekend 25k,0,0,0,0,1,positif,-,-,-
2083,Woodland Kuningan,Wisata Pinus Mitra TNGC,5,"Sebagai salah satu lokasi rekreasi selain melepas rutinitas sehari-hari juga bisa dijadikan tempat edukasi memupuk rasa percaya diri dan kerja sama dengan adanya kegiatan outbound dan peraga yang memadai. Lokasi mudah dijangkau, udara sejuk bersahabat, lokasi parkir memadai, kecukupan variasi makanan dan rasa sesuai lidah sambil menghibur diri mendengar live music bisa juga berkaraoke. Tiket masuk tidak perlu merogoh kantong.... Sangat terjangkau.. Recommended lah ...",,positif,sebagai salah satu lokasi rekreasi selain melepas rutinitas sehari hari juga bisa dijadikan tempat edukasi memupuk rasa percaya diri dan kerja sama dengan adanya kegiatan outbound dan peraga yang memadai lokasi mudah dijangkau udara sejuk bersahabat lokasi parkir memadai kecukupan variasi makanan dan rasa sesuai lidah sambil menghibur diri mendengar live music bisa juga berkaraoke tiket masuk tidak perlu merogoh kantong sangat terjangkau recommended lah,0,0,0,0,1,positif,-,-,-
2084,Woodland Kuningan,Wisata Pinus Mitra TNGC,4,"Tempatnya sejuk, untuk spot foto bayar lagi rp.7000. Ada permainan flying fox juga untuk anak-anak yang suka menguji adrenalin. Rumah makannya/cafe-nya luas bisa muat banyak orang (rombongan) kurang lebih 100 orang. Bisa booking dulu tempat dan menunya sebelum acara, sehingga ketika kita datang makanan sudah tersedia. Bisa karokean juga bagi yang senang bernyanyi. Toilet banyak dan bersih. Sayang musholanya harus naik lagi, jadi buat para lansia sih kayakanya ga bisa sholat di mushola karena tangganya cukup curam. Harganya sedang saja worth it, lah.",,positif,tempatnya sejuk untuk spot foto bayar lagi rp 7000 ada permainan flying fox juga untuk anak anak yang suka menguji adrenalin rumah makannya cafe nya luas bisa muat banyak orang rombongan kurang lebih 100 orang bisa booking dulu tempat dan menunya sebelum acara sehingga ketika kita datang makanan sudah tersedia bisa karokean juga bagi yang senang bernyanyi toilet banyak dan bersih sayang musholanya harus naik lagi jadi buat para lansia sih kayakanya enggak bisa sholat di mushola karena tangganya cukup curam harganya sedang saja worth itu lah,1,0,0,1,0,positif,-,-,-
2086,Woodland Kuningan,Wisata Pinus Mitra TNGC,4,"Untuk lokasi tempat mudah di jangkau meskipun tidak di jalan utama, lokasi dekat dengan gedung perundingan Linggarjati, suasananya adem dan sejuk. Real Kuningan yang ada persis dikaki gunung Ciremai. Untuk tiketnya weekday 15k, weekend dan libur panjang 20k. Terhitung murah dengan lumayan banyak wahana, tp untuk setiap wahananya bayar lg yah, range harganya sama sekitar 15-20k per wahana. Wahana yang menjadi favorit di sini adalah perosotan pelanginya ini, unik dan seru ajaa rasanya.. Terdapat kolam renang jugaa, tp menurutku hanya untuk anak2, dewasa jg bisa cuman kyknya kurang leluasa ajaa karena kolamnya kecil.. Untuk fasilitas lumayan baik, banyak tempat untuk bersantai baik yang di gazebo, kursi ataupun lesehan pake tikar. Boleh bawa makanan dari luar, tp meskipun gak bawa juga ada banyak yang jualan kok dengan harga yang relatif lumayan agak mahal dari biasanya yah, wajar juga karena lokasi wisata.. Sedikit masukkan untuk pengelolanyaa, untuk toilet bisa di perbanyak jumlahnya atau di pisah antara untuk yang bilas setelah renang dan toilet biasa untuk yang tidak bilas, karena kasihan sampe ngantri lama nunggu yang mandi padahal hanya untuk buang air kecil aja.  Terima kasiiih 🙏🙏🙏🙏",,positif,untuk lokasi tempat mudah di jangkau meskipun tidak di jalan utama lokasi dekat dengan gedung perundingan linggarjati suasananya adem dan sejuk real kuningan yang ada persis dikaki gunung ciremai untuk tiketnya weekday 15k weekend dan libur panjang 20k terhitung murah dengan lumayan banyak wahana tapi untuk setiap wahananya bayar lagi ya range harganya sama sekitar 15 20k per wahana wahana yang menjadi favorit di sini adalah perosotan pelanginya ini unik dan seru saja rasanya terdapat kolam renang juga tapi menurutku hanya untuk anak-anak dewasa juga bisa cuman kayaknya kurang leluasa saja karena kolamnya kecil untuk fasilitas lumayan baik banyak tempat untuk bersantai baik yang di gazebo kursi ataupun lesehan pakai tikar boleh bawa makanan dari luar tapi meskipun enggak bawa juga ada banyak yang jualan kok dengan harga yang relatif lumayan agak mahal dari biasanya ya wajar juga karena lokasi wisata sedikit masukkan untuk pengelolanyaa untuk toilet bisa di perbanyak jumlahnya atau di pisah antara untuk yang bilas setelah renang dan toilet biasa untuk yang tidak bilas karena kasihan sampai mengantri lama menunggu yang mandi padahal hanya untuk buang air kecil saja terima kasiiih,1,0,0,1,1,positif,-,-,-
2088,Woodland Kuningan,Wisata Pinus Mitra TNGC,4,"Tempat wisata yg ada di Kuningan Jawa Barat, ada kolam renang, perosotan, flying fox, ada sepeda diatas awan. Banyak spot yang bagus juga buat photo-photo. Tempatnya adem dan rindang, karena banyak pohon-pohon besar... Harga tiket masuk 20 ribu rupiah untuk weekend. Parkiran juga luas dan bayar 5000ribu untuk mobil.",,positif,tempat wisata yang ada di kuningan jawa barat ada kolam renang perosotan flying fox ada sepeda diatas awan banyak spot yang bagus juga buat photo photo tempatnya adem dan rindang karena banyak pohon pohon besar harga tiket masuk 20 ribu rupiah untuk weekend parkiran juga luas dan bayar 5000ribu untuk mobil,0,0,0,0,1,positif,-,-,-
2089,Woodland Kuningan,Wisata Pinus Mitra TNGC,5,"Tiket masuk perorang utk weekday 15rb, weekend 20rb. Cocok banget utk yg nyari tempat piknik tapi ada wahana rekreasin seperti kolam renang anak. Pas datang ke sini di hari minggu ada atraksi balon busa di kolam anaknya.  Selain itu ada kolam ikan terapi utk orang dewasa. Udaranya sejuk jadi bisa bersantai sambil makan dan menikmati pemandangan",,positif,tiket masuk perorang untuk weekday 15rb weekend 20rb cocok banget untuk yang mencari tempat piknik tapi ada wahana rekreasin seperti kolam renang anak pas datang ke sini di hari minggu ada atraksi balon busa di kolam anaknya selain itu ada kolam ikan terapi untuk orang dewasa udaranya sejuk jadi bisa bersantai sambil makan dan menikmati pemandangan,0,0,0,0,1,positif,-,-,-
2090,Woodland Kuningan,Wisata Pinus Mitra TNGC,4,"Ke sini karena anak-anak ngajakin berenang, bingung mau renang ke mana yang paling dekat, air kolamnya alami, dan akses jalannya tidak melalui medan curam.  Yups, akhirnya dipilihlah Woodland. Lokasinya tepat di sisi jalan utama jadi mudah untuk menemukannya. Wana wisata ini dekat dengan wisata Batu Hanjuang, bersampingan ya.  HTM 20.000 untuk dewasa dan 15.000 untuk anak-anak, biaya parkir 3.000. Waktu itu datang berkunjung di weekend ya jadi harga tiketnya segitu. Masih worth it sih, masih sesuai anjuran perda untuk wana wisata alam di Kuningan.  Kolam bersih, airnya jernih, anak-anak puas main air.  Hal yang mesti diperbaharui mungkin adanya pemangkasan pohon yang terlalu rimbun sehingga dedaunan kering jatuh ke dalam kolam sehingga kolam menjadi terganggu kebersihannya, khawatir ada ulat daun yang ikut jatuh ke dalam kolam juga.  Lalu untuk wahana Flying Fox sepertinya kurang tinggi dan kurang jauh ya jalur luncurnya, pun halnya rainbow slide yang sepertinya jarang diminati karena memang kurang jauh jalur luncurnya. Pengunjung mikir 2x untuk membayar 20.000 sekali luncur di Rainbow Slide karena jalur luncurnya yang pendek dan kurang mengasyikan.  Saran aja sih buat pengelolanya agar membuat arena bermain anak seperti ayunan, seluncuran, atau jongkat-jongkit yang bisa dipakai gratis untuk daya tarik tambahan. Selebihnya worth it sih.",,positif,ke sini karena anak anak ngajakin berenang bingung mau renang ke mana yang paling dekat air kolamnya alami dan akses jalannya tidak melalui medan curam yups akhirnya dipilihlah woodland lokasinya tepat di sisi jalan utama jadi mudah untuk menemukannya wana wisata ini dekat dengan wisata batu hanjuang bersampingan ya htm 20 000 untuk dewasa dan 15 000 untuk anak anak biaya parkir 3 000 waktu itu datang berkunjung di weekend ya jadi harga tiketnya segitu masih worth itu sih masih sesuai anjuran perda untuk wana wisata alam di kuningan kolam bersih airnya jernih anak anak puas main air hal yang mesti diperbaharui mungkin adanya pemangkasan pohon yang terlalu rimbun sehingga dedaunan kering jatuh ke dalam kolam sehingga kolam menjadi terganggu kebersihannya khawatir ada ulat daun yang ikut jatuh ke dalam kolam juga lalu untuk wahana flying fox sepertinya kurang tinggi dan kurang jauh ya jalur luncurnya pun halnya rainbow slide yang sepertinya jarang diminati karena memang kurang jauh jalur luncurnya pengunjung mikir 2x untuk membayar 20 000 sekali luncur di rainbow slide karena jalur luncurnya yang pendek dan kurang mengasyikan saran saja sih buat pengelolanya agar membuat arena bermain anak seperti ayunan seluncuran atau jongkat jongkit yang bisa dipakai gratis untuk daya tarik tambahan selebihnya worth itu sih,1,0,0,1,1,positif,-,-,-
2091,Woodland Kuningan,Wisata Pinus Mitra TNGC,5,"Wisata Alam di Kab. Kuningan. Sejuk dan asri. Ada wahana permainan anak-anaknya, kolam renang, flying fox, low rope, berkuda dan lainnya. Harga tiket masuk murah dan terjangkau bisa menikmati pemandangan alam dan bebas berenang. Duduk bersantai bareng keluarga sambil menikmati kopi dan lainnya di kantin2 yang tersedia di area wisata. Cocok banget berlibur bareng keluarga/ kerabat atau teman.",,positif,wisata alam di kab kuningan sejuk dan asri ada wahana permainan anak anaknya kolam renang flying fox low rope berkuda dan lainnya harga tiket masuk murah dan terjangkau bisa menikmati pemandangan alam dan bebas berenang duduk bersantai bareng keluarga sambil menikmati kopi dan lainnya di kantin2 yang tersedia di area wisata cocok banget berlibur bareng keluarga kerabat atau teman,0,0,0,0,1,positif,-,-,-
2092,Woodland Kuningan,Wisata Pinus Mitra TNGC,5,"28/12/23 Tempatnya cukup bagus untuk liburan keluarga,, kemarin dtg hari kamis HTM 20k/org... Kemarin liburan sekolah penuh di prosotan,kolam renang, yg gelar samak dan toilet nya kl wahana permainan anak yg lain kurang tau ..  Minus utk pembelian tiket wahana nya saat waktu ishoma nya hanya satu org jd kita harus menunggu hingga jam 1 utk beli tiket dan itu ngantri sekali gaada gantian shift utk pembelian tiket wahana nya. Terimakasih 🙏",,positif,28 12 23 tempatnya cukup bagus untuk liburan keluarga kemarin datang hari kamis htm 20k orang kemarin liburan sekolah penuh di prosotan kolam renang yang gelar samak dan toilet nya kalo wahana permainan anak yang lain kurang tau minus untuk pembelian tiket wahana nya saat waktu ishoma nya hanya satu orang jadi kita harus menunggu hingga jam 1 untuk beli tiket dan itu mengantri sekali enggak ada gantian shift untuk pembelian tiket wahana nya terimakasih,1,0,0,0,1,positif,-,-,-
2093,Woodland Kuningan,Wisata Pinus Mitra TNGC,5,"Tempatnya strategis pinggir jalan, area parkir luas, tiket masuk 20rb (weekend). Bisa gelar tikar, ada 2 kolam renang, wahana anak, dan kantin. Terdapat beberapa wahana: -Flying fox anak 15rb -Flying fox dewasa 15rb -Sepeda gantung 20rb -Naik kuda 10rb -Memanah -Kereta  Tempat ganti banyak, dan ada kantin menjual makanan dan sewa tikar.",,positif,tempatnya strategis pinggir jalan area parkir luas tiket masuk 20rb weekend bisa gelar tikar ada 2 kolam renang wahana anak dan kantin terdapat beberapa wahana flying fox anak 15rb flying fox dewasa 15rb sepeda gantung 20rb naik kuda 10rb memanah kereta tempat ganti banyak dan ada kantin menjual makanan dan sewa tikar,0,0,0,1,1,positif,-,-,-
2094,Woodland Kuningan,Wisata Pinus Mitra TNGC,4,"Adem, itu mungkin kata yg tepat utk tempat ini. Area outbound yg cocok utk berlibur bersama keluarga, krn banyak saung2 kecil sbg tempat berkumpul (jg ada yg besar utk yg rombongan banyak), juga ada byk fasilitas permainan outdoor spt memanah, berenang, flying fox dan byk lagi. Harga tiket masuk masih terjangkau, cm utk akses permainan outdoor ada biaya tambahan lg ya. Oiya tempatnya juga bersih.",,positif,adem itu mungkin kata yang tepat untuk tempat ini area outbound yang cocok untuk berlibur bersama keluarga karena banyak saung2 kecil sebagai tempat berkumpul juga ada yang besar untuk yang rombongan banyak juga ada banyak fasilitas permainan outdoor seperti memanah berenang flying fox dan banyak lagi harga tiket masuk masih terjangkau cuma untuk akses permainan outdoor ada biaya tambahan lagi ya oiya tempatnya juga bersih,0,0,0,0,1,positif,-,-,-
2095,Woodland Kuningan,Wisata Pinus Mitra TNGC,5,"Tempat yg bagus utk sekedar santai dgn keluarga.. Area parkir luas, tempatnya adem, nyaman.. Kolam renang anak ada banyak, wahana bermain cukup baik.. Toilet bersih, mushola dan kantin tersedia, gazebo utk menunggu/santai banyak.. Cocok juga utk acara gathering kantor atau keluarga. Sukses terus utk pengelola woodland.. Salam dari pondok labu jaksel..",,positif,tempat yang bagus untuk sekedar santai dengan keluarga area parkir luas tempatnya adem nyaman kolam renang anak ada banyak wahana bermain cukup baik toilet bersih mushola dan kantin tersedia gazebo untuk menunggu santai banyak cocok juga untuk acara gathering kantor atau keluarga sukses terus untuk pengelola woodland salam dari pondok labu jaksel,1,0,0,0,1,positif,-,-,-
2096,Woodland Kuningan,Wisata Pinus Mitra TNGC,5,"Tempatnya luas cocok sekali untuk acara gathering keluarga. Saya berkunjung diakhir pekan tiket masuk dewasa 20K dan 10K untuk anak-anak. Fasilitas Outbond, Berkuda, Kolam Renang Salju, Mushola, Kamar Mandi. Adem nyaman pokonya banyak tempat untuk gelar tikar. Saya bawa balita usia 20 bulan,dia senang sekali lari². Cobain wudhu dan rasakan sensasi air dari pancuran jadi bawaannya kepengen mandi. hehehe",,positif,tempatnya luas cocok sekali untuk acara gathering keluarga saya berkunjung diakhir pekan tiket masuk dewasa 20k dan 10k untuk anak anak fasilitas outbond berkuda kolam renang salju mushola kamar mandi adem nyaman pokoknya banyak tempat untuk gelar tikar saya bawa balita usia 20 bulan dia senang sekali lari² mencoba wudhu dan rasakan sensasi air dari pancuran jadi bawaannya kepengen mandi hehehe,1,0,0,0,1,positif,-,-,-
2097,Woodland Kuningan,Wisata Pinus Mitra TNGC,5,"Tempatnya bagus, adem walau pun di siang hari, banyak permainan yang seru untuk anak anak dan dewasa, hanya saran saja semoga ada tiket terusan jadi 1 tiket udah termasuk semua wahana yang ada di dalam. Selebihnya sudah bagus semua, fasilitas (toilet & musholla) juga bersih.",,positif,tempatnya bagus adem walau pun di siang hari banyak permainan yang seru untuk anak anak dan dewasa hanya saran saja semoga ada tiket terusan jadi 1 tiket sudah termasuk semua wahana yang ada di dalam selebihnya sudah bagus semua fasilitas toilet musholla juga bersih,1,0,0,0,1,positif,-,-,-
2098,Woodland Kuningan,Wisata Pinus Mitra TNGC,5,"Enak tempat nya..apalagi buat liburan sama keluarga..tempatnya bersih dan adem..harga tiket masuk 20k dri Senin-Jumat dan 25k untuk hari minggu...o iya,,yg ga mau masuk ke tempat playground disini ada resto nya juga loh..tempatnya luas,,dan ada spot foto aesthetic juga loh..",,positif,enak tempat nya apalagi buat liburan sama keluarga tempatnya bersih dan adem harga tiket masuk 20k dari senin jumat dan 25k untuk hari minggu o iya yang enggak mau masuk ke tempat playground disini ada resto nya juga loh tempatnya luas dan ada spot foto aesthetic juga loh,0,0,0,0,1,positif,-,-,-
2100,Woodland Kuningan,Wisata Pinus Mitra TNGC,5,Tempat wisata dikuningan dengan biaya masuk 25 ribu di suasana hutan. Ada banyak permainan yg free hanya renang untuk flynyng fox 20 rb dan untuk seluncur tambah lagi 25 rb. Ada cafe juga. Cocok untuk bersama keluarga. Kalau budget terbatas hanya bisa renang aja dan menikmati hutan dengan 25 rb. Cocok buat sama keluarga,,positif,tempat wisata dikuningan dengan biaya masuk 25 ribu di suasana hutan ada banyak permainan yang free hanya renang untuk flynyng fox 20 ribu dan untuk seluncur tambah lagi 25 ribu ada cafe juga cocok untuk bersama keluarga kalau budget terbatas hanya bisa renang saja dan menikmati hutan dengan 25 ribu cocok buat sama keluarga,0,0,0,0,1,positif,-,-,-
2102,Woodland Kuningan,Wisata Pinus Mitra TNGC,5,"Woodland, Tempat yang rekomend untuk dihabiskan bersama keluarga, Dengan fasilitas yang cukup lengkap dan tentunya cukup aman  Dengan hanya tiket Rp. 15.000 dihari kerja dan Rp. 20.000 dihari libur sudah bisa menikmati fasilitas yang ada seperti kolam renang dan gazebo  Adapun untuk permainan - flaying fox - naik kuda - perahu - papan seluncur Itu tiket terpisah",,positif,woodland tempat yang rekomend untuk dihabiskan bersama keluarga dengan fasilitas yang cukup lengkap dan tentunya cukup aman dengan hanya tiket rp 15 000 dihari kerja dan rp 20 000 dihari libur sudah bisa menikmati fasilitas yang ada seperti kolam renang dan gazebo adapun untuk permainan flaying fox naik kuda perahu papan seluncur itu tiket terpisah,0,0,0,0,1,positif,-,-,-
2104,Woodland Kuningan,Wisata Pinus Mitra TNGC,4,"Hrga tiket tiket masuk diweekend 25rb, stiap wahana berbayar. Parkir mobil 5rb Minus kamar bilas kurang banyak.",,positif,hrga tiket tiket masuk diweekend 25rb setiap wahana berbayar parkir mobil 5rb minus kamar bilas kurang banyak,0,0,0,0,1,positif,-,-,-
2105,Woodland Kuningan,Wisata Pinus Mitra TNGC,5,"Sekarang makin keren aja tempatnya,kolam renang nya tambah banyak,punten kalo bisa toilet nya lebih dikontrol lagi supaya tetap bersih dan pengunjung betah 😁🙏",,positif,sekarang makin keren saja tempatnya kolam renang nya tambah banyak punten kalo bisa toilet nya lebih dikontrol lagi supaya tetap bersih dan pengunjung betah,1,0,0,0,0,positif,-,-,-
2106,Woodland Kuningan,Wisata Pinus Mitra TNGC,4,"Disarankan untuk booking tempat parkir terlebih dahulu,. Cocok untuk piknik keluarga, bawa karpet.  Wahana yang ada: - flying fox - mini flying fox - sepeda gantung - sewa kuda - panahan - kolam renang - dll",,positif,disarankan untuk booking tempat parkir terlebih dahulu cocok untuk piknik keluarga bawa karpet wahana yang ada flying fox mini flying fox sepeda gantung sewa kuda panahan kolam renang dll,0,0,0,0,1,positif,-,-,-
2107,Woodland Kuningan,Wisata Pinus Mitra TNGC,4,"tempatnya lumayan seru buat liburan atau sekedar selfie buat instastory, bnyak wahana permainannya toiletnya juga bagus.....tersedia mushola. bawa baju ganti kalau pengen renang atau foto underwater😊 outbond tarifnya beda,bisa pesan tempat untuk rombongan/komunitas seminggu sebelumnya tersedia paket harga khusus😊 selamat bersenang-senang.....",,positif,tempatnya lumayan seru buat liburan atau sekedar selfie buat instastory banyak wahana permainannya toiletnya juga bagus tersedia mushola bawa baju ganti kalau pengin renang atau foto underwater outbond tarifnya beda bisa pesan tempat untuk rombongan komunitas seminggu sebelumnya tersedia paket harga khusus selamat bersenang senang,0,0,0,0,1,positif,-,-,-
2108,Woodland Kuningan,Wisata Pinus Mitra TNGC,4,"aku datang di weekday, jadi sepi, tempatnya lumayan bagus, tiket masuk 15rb. nanti untuk permainannya bayar lagi kisaran 10-20rb",,positif,aku datang di weekday jadi sepi tempatnya lumayan bagus tiket masuk 15rb nanti untuk permainannya bayar lagi kisaran 10 20rb,0,0,0,0,1,positif,-,-,-
2109,Woodland Kuningan,Wisata Pinus Mitra TNGC,5,"Tempat nya sejuk, adem byk phon pinus, bersih dan tertata. Cmn sayang bgt kolam dewasa yg diblakang licin bgt udah berlumut jdi ga bsa buat brenang, smoga nnti di ganti lantainya, air kolamnya jernih dri mata air langsung cmn kotor dedaunan kecil aja, ada kolam yg byk ikannya jga. Banyak spot fto dan ada arena outbond. Tiket masuknya 15-20rb, parkir 3rb. Disebrang nya ada tebing untuk spot foto bagus bgt dan ada cafe/rumh makannya. Ada musholah dan toilet nya bersih bgt. Ohiya waktu itu dapet free minuman vit.C, mkasiiih.  Happy holiday guys 😁",,positif,tempat nya sejuk adem banyak phon pinus bersih dan tertata cuman sayang banget kolam dewasa yang diblakang licin banget sudah berlumut jadi enggak bisa buat brenang semoga nanti di ganti lantainya air kolamnya jernih dari mata air langsung cuman kotor dedaunan kecil saja ada kolam yang banyak ikannya juga banyak spot foto dan ada arena outbond tiket masuknya 15 20rb parkir 3rb disebrang nya ada tebing untuk spot foto bagus banget dan ada cafe rumah makannya ada musholah dan toilet nya bersih banget ohiya waktu itu dapat free minuman vit sih mkasiiih happy holiday guys,1,1,0,1,1,positif,-,-,-
2111,Woodland Kuningan,Wisata Pinus Mitra TNGC,5,Tempat yang cocok untuk berlibur bersama keluarga di dalem banyak area untuk anaknya ada flying fox dan kolam renang tiket masuknya kalo weekend 25K kalo hari biasa 20K masuk wahana di dalem yang free hanya kolam renang kalo flying fox dan wahana adrenalin lainnya berbayar sekitar 20k pokoknya wajib di kunjungi kalo lagi di Kuningan,,positif,tempat yang cocok untuk berlibur bersama keluarga di dalem banyak area untuk anaknya ada flying fox dan kolam renang tiket masuknya kalo weekend 25k kalo hari biasa 20k masuk wahana di dalem yang free hanya kolam renang kalo flying fox dan wahana adrenalin lainnya berbayar sekitar 20k pokoknya wajib di kunjungi kalo lagi di kuningan,0,0,0,0,1,positif,-,-,-
2112,Woodland Kuningan,Wisata Pinus Mitra TNGC,4,"Htm murah meriah permainan juga aman di kantong, udah include renang, tempat luas, tapi tempat makan beda tempat dengan lokasi wisata nyebrang itu yg bikin kurang nyaman, jd lebih bawa makanan sendiri,",,positif,htm murah meriah permainan juga aman di kantong sudah include renang tempat luas tapi tempat makan beda tempat dengan lokasi wisata nyebrang itu yang bikin kurang nyaman jadi lebih bawa makanan sendiri,0,0,0,0,1,positif,-,-,-
2113,Woodland Kuningan,Wisata Pinus Mitra TNGC,5,"Tempat wisata di kabupaten kuningan, banyak wahana bermain anak kolam renang bebas sepuasnya, untuk wahana bermain lainnya bayar terpisah antara 10 ribu-25ribu tempat parkir luas. Cocok untuk liburan keluarga",,positif,tempat wisata di kabupaten kuningan banyak wahana bermain anak kolam renang bebas sepuasnya untuk wahana bermain lainnya bayar terpisah antara 10 ribu 25ribu tempat parkir luas cocok untuk liburan keluarga,0,0,0,0,1,positif,-,-,-
2115,Woodland Kuningan,Wisata Pinus Mitra TNGC,3,"sejuk, nyaman, sayang kamar mandi/toiletnya sedikit jadi kalo mau buang air atau bilas habis berenang tuh nunggunya lama ngantrinya.",,netral,sejuk nyaman sayang kamar mandi toiletnya sedikit jadi kalo mau buang air atau bilas habis berenang tuh nunggunya lama ngantrinya,1,0,0,0,0,positif,-,-,-
2116,Woodland Kuningan,Wisata Pinus Mitra TNGC,5,"Saya dari serang banten mau ke tegal. Tp sekalian melipir ke kuningan karna silaturahmi. Cari tempat rekomen yg gak terlalu jauh dari pintu toll. Akhirnya pilih woodlan dan ternyata memiaskan.  Harga Weekday cuma 20k. Itu sangat worth it. Kolamnya banyak, alamnya segar dan luas. Kolam bawah belum ada pohon besar, jadi masih terasa panas sekali.  Bulak balik ke atas ke bawah. Lumayan gempor guys. Tidak lansia friendly yaah. 🤣",,positif,saya dari serang banten mau ke tegal tapi sekalian melipir ke kuningan karena silaturahmi cari tempat rekomen yang enggak terlalu jauh dari pintu toll akhirnya pilih woodlan dan ternyata memiaskan harga weekday cuma 20k itu sangat worth itu kolamnya banyak alamnya segar dan luas kolam bawah belum ada pohon besar jadi masih terasa panas sekali bulak balik ke atas ke bawah lumayan gempor guys tidak lansia friendly ya,0,0,0,0,1,positif,-,-,-
2118,Woodland Kuningan,Wisata Pinus Mitra TNGC,5,Tem4  adem ada wahana kolam renang wat anak2 n tem4 ber foto......cocok wat wisata santai tiket masuk 20k parkir mbl 5k....,,positif,tem4 adem ada wahana kolam renang wat anak-anak n tem4 ber foto cocok wat wisata santai tiket masuk 20k parkir mbl 5k,0,0,0,0,1,positif,-,-,-
2119,Woodland Kuningan,Wisata Pinus Mitra TNGC,5,"Kereen, gak bakal nyesel untuk sekedar mampir atau maen disini. Saung / Gazebo banyak, tempat luas dan nyaman.  Weekday HTM 15rb Weekend HTM 20rb  Ada banyak wahana Spot foto Gazebo Saung Panahan Flying fox Jembatan gantung Berkuda Kereta api Kolam renang Kolam ikan terapi Coffee shop Sawah Sungai",,positif,keren enggak bakal menyesal untuk sekedar mampir atau main disini saung gazebo banyak tempat luas dan nyaman weekday htm 15rb weekend htm 20rb ada banyak wahana spot foto gazebo saung panahan flying fox jembatan gantung berkuda kereta api kolam renang kolam ikan terapi coffee shop sawah sungai,0,0,0,0,1,positif,-,-,-
2120,Woodland Kuningan,Wisata Pinus Mitra TNGC,5,Tempat nya enak. Kesana pas hari minggu. Htm dewasa 20k anak 15k. Parkir mobil 10k. Berenang gratis. Ada kolam renang di atas dan di bawah. Ada mandi busa juga. Banyak wahana nya juga tapi kalau mau naik harus bayar lagi. Naik perosotan pelangi bayar nya 20k/org. Flying fox 20k/org. Naik kuda 10k. Odong2 kereta 10k. Melukis 15k. Dan masih banyak lagi wahananya. Sedang pembangunan lagi di bawah.,,positif,tempat nya enak kesana pas hari minggu htm dewasa 20k anak 15k parkir mobil 10k berenang gratis ada kolam renang di atas dan di bawah ada mandi busa juga banyak wahana nya juga tapi kalau mau naik harus bayar lagi naik perosotan pelangi bayar nya 20k orang flying fox 20k orang naik kuda 10k odong2 kereta 10k melukis 15k dan masih banyak lagi wahananya sedang pembangunan lagi di bawah,0,0,0,0,1,positif,-,-,-
2122,Woodland Kuningan,Wisata Pinus Mitra TNGC,5,"Wisata alam ramah anak, dilengkapi berbagai wahana sebagai sarana rekreasi. Kolam renang, berkuda, flying fox, cafe, dsb. Tempat parkir luas, baik motor maupun mobil. Weekend sangat ramai, jika ingin menikmati momen alangkah lebih baik berkunjung di waktu weekdays dan bukan momen liburan.",,positif,wisata alam ramah anak dilengkapi berbagai wahana sebagai sarana rekreasi kolam renang berkuda flying fox cafe dsb tempat parkir luas baik motor maupun mobil weekend sangat ramai jika ingin menikmati momen alangkah lebih baik berkunjung di waktu weekdays dan bukan momen liburan,0,0,1,0,1,positif,-,-,-
2124,Woodland Kuningan,Wisata Pinus Mitra TNGC,5,"Wisata explore alam yang sejuk, dikelilingi pohon besar. Cocok untuk semua usia untuk sekedar jalan2 (ada jogging track), makan (tersedia kantin mie dan minuman seduh, nasi ayam/ikan,coffee shop yg murah meriah tapi bawa makanan sendiri pun dibolehkan), bermain sambil melatih keberanian (flying fox, sepeda tali, panjat tebing anak, jembatan tali gantung), kolam renang dengan mata air gunung sejuk yang mengalir, mushola, kamar mandi, dan tempat duduk kayu dan gazebo yang banyak, petugas yg selalu berkeliling. Cukup membayar 20rb weekend dan 15rb weekdays. Must try",,positif,wisata explore alam yang sejuk dikelilingi pohon besar cocok untuk semua usia untuk sekedar jalan-jalan ada jogging track makan tersedia kantin mie dan minuman seduh nasi ayam ikan coffee shop yang murah meriah tapi bawa makanan sendiri pun dibolehkan bermain sambil melatih keberanian flying fox sepeda tali panjat tebing anak jembatan tali gantung kolam renang dengan mata air gunung sejuk yang mengalir mushola kamar mandi dan tempat duduk kayu dan gazebo yang banyak petugas yang selalu berkeliling cukup membayar 20rb weekend dan 15rb weekdays must try,1,0,1,1,0,positif,-,-,-
2125,Woodland Kuningan,Wisata Pinus Mitra TNGC,5,"Tempat yang indah, htm 15rb senin-jumat. Sabtu-minggu dan hari libur 20rb. Utk anak anak 10rb, balita gratis.. Cocok banget utk liburan keluarga, ada wahana bermain anak seperti kolam renang, berkuda (poni kecil), flying fox, dsb. Saran kalau ingin kesini bawa tiker, makanan dan minuman sendiri, dan selalu jaga kebersihan. Ingat hanya monyet yang buang sampah sembarangan, bukan kita. Selalu jaga kebersihan semuanyaa.",,positif,tempat yang indah htm 15rb senin jumat sabtu minggu dan hari libur 20rb untuk anak anak 10rb balita gratis cocok banget untuk liburan keluarga ada wahana bermain anak seperti kolam renang berkuda poni kecil flying fox dsb saran kalau ingin kesini bawa tiker makanan dan minuman sendiri dan selalu jaga kebersihan ingat hanya monyet yang buang sampah sembarangan bukan kita selalu jaga kebersihan semuanya,0,1,0,0,1,positif,-,-,-
2126,Woodland Kuningan,Wisata Pinus Mitra TNGC,4,"Dari tamkot kuningan cuma 30menit pake maps ga pake nyasar aman jalan mulus,  tiket 15rbu sama parkir 3rbu plus dapat gratis produk minuman vitaminc hic1000 1pcs yaa per orang(ini gatau berlaku sampai kapan). Kalau cari yang adem ya ini woodland bisa banget. banyak spot foto asal bisa aja nentuin mana spot yang instagramable yang menurut kalian bagus . Ada kolam renangnya juga family friendly sih tempatnya,  ada tempat jual makanan ringan .",,positif,dari tamkot kuningan cuma 30menit pakai maps enggak pakai nyasar aman jalan mulus tiket 15rbu sama parkir 3rbu plus dapat gratis produk minuman vitaminc hic1000 1pcs ya per orang ini enggak tau berlaku sampai kapan kalau cari yang adem ya ini woodland bisa banget banyak spot foto asal bisa saja menentukan mana spot yang instagramable yang menurut kalian bagus ada kolam renangnya juga family friendly sih tempatnya ada tempat jual makanan ringan,0,0,0,1,1,positif,-,-,-
2127,Woodland Kuningan,Wisata Pinus Mitra TNGC,5,"Tempat tujuan wisata yang selalu ramai oleh pengunjung dari berbagai daerah. Lokasinya yang nyaman dan adem. Area parkir yang cukup luas (baik untuk roda 2 maupun roda 4). Selain kolam renang, banyak wahana wisata yang menarik untuk dicoba. Fasilitas dilokasi ada toilet, mushola dan beberapa gazebo / joglo yang bisa digunakan untuk berkumpul (selain bisa menggelar tikar).",,positif,tempat tujuan wisata yang selalu ramai oleh pengunjung dari berbagai daerah lokasinya yang nyaman dan adem area parkir yang cukup luas baik untuk roda 2 maupun roda 4 selain kolam renang banyak wahana wisata yang menarik untuk dicoba fasilitas dilokasi ada toilet mushola dan beberapa gazebo joglo yang bisa digunakan untuk berkumpul selain bisa menggelar tikar,1,0,0,0,1,positif,-,-,-
2129,Woodland Kuningan,Wisata Pinus Mitra TNGC,4,"Lokasi di pinggir jalan terjangkau mobil dan motor, parkiran luas HTM di weekend 25,000, tempat wisata alam kebanyakan wahana outbond, untuk naik wahana lainya bayar lagi , misal perosotan 20,000/sekali main/orang, mgkn yang perlu ditingkatkan kebersihan didalam lokasinya, perbanyak tempat sampah.",,positif,lokasi di pinggir jalan terjangkau mobil dan motor parkiran luas htm di weekend 25 000 tempat wisata alam kebanyakan wahana outbond untuk naik wahana lainya bayar lagi misal perosotan 20 000 sekali main orang mungkin yang perlu ditingkatkan kebersihan didalam lokasinya perbanyak tempat sampah,0,1,0,1,1,positif,-,-,-
2130,Woodland Kuningan,Wisata Pinus Mitra TNGC,4,"Kalo dari arah Sumber Dan Plumbon, ambil arah ke Mandirancan, ikutin saja jalannya.  Letak Woodland ada di sebelah kiri bersebrangan dengan kolam renang Hanjuang.  Parkir Dan resto Woodland ada di sebelah kanan, bersebrangan dengan pintu masuk.  Parkir luas, Dan tiket langsung dibayar Rp. 5.000.  Tiket masuk pada hari biasa Rp. 15.000 Dan untuk hari libur Rp. 20.000.  Begitu masuk kawasan woodland, mata dimanjakan oleh deretan pohon pinus.  Fasilitas yang didapat disini adalah jembatan kayu, kolam berenang, terapi ikan, Dan spot foto.  Untuk permainan seperti flyng fox, berkuda, memanah, flyng cycle, foto underwater pengunjung membayar lagi antara Rp. 10.000   - Rp. 30.000 dan dibayarkan di loket khusus di dalam arena.  Yang minim disini menurut saya adalah jumlah toilet Dan kamar ganti, dengan tempat seluas itu Dan pengunjung sebanyak itu toilet dalam area hanya ada 2 Dan tempat bilas 2, jd pengunjung lumayan mengantri.  Kesini sebaiknya saat pagi, tempat masih sepi Dan belum terlalu terik.",,positif,kalo dari arah sumber dan plumbon ambil arah ke mandirancan mengikuti saja jalannya letak woodland ada di sebelah kiri bersebrangan dengan kolam renang hanjuang parkir dan resto woodland ada di sebelah kanan bersebrangan dengan pintu masuk parkir luas dan tiket langsung dibayar rp 5 000 tiket masuk pada hari biasa rp 15 000 dan untuk hari libur rp 20 000 begitu masuk kawasan woodland mata dimanjakan oleh deretan pohon pinus fasilitas yang didapat disini adalah jembatan kayu kolam berenang terapi ikan dan spot foto untuk permainan seperti flyng fox berkuda memanah flyng cycle foto underwater pengunjung membayar lagi antara rp 10 000 rp 30 000 dan dibayarkan di loket khusus di dalam arena yang minim disini menurut saya adalah jumlah toilet dan kamar ganti dengan tempat seluas itu dan pengunjung sebanyak itu toilet dalam area hanya ada 2 dan tempat bilas 2 jadi pengunjung lumayan mengantri kesini sebaiknya saat pagi tempat masih sepi dan belum terlalu terik,1,0,1,0,1,positif,-,-,-
2131,Woodland Kuningan,Wisata Pinus Mitra TNGC,4,"Kesini pas liburan anak2 sekolah dan habis idul Adha.. Rame bgt tempat nya, harga tiket masuk cukup murah, tiap wahana bayar lagi, tapi harganya msh terjangkau.  Anak2 bisa naik kuda, tapi sayang kuda nya cm 1 jd antrinya cukup lama..",,positif,kesini pas liburan anak-anak sekolah dan habis idul adha rame banget tempat nya harga tiket masuk cukup murah tiap wahana bayar lagi tapi harganya masih terjangkau anak-anak bisa naik kuda tapi sayang kuda nya cuma 1 jadi antrinya cukup lama,0,0,0,0,1,positif,-,-,-
2133,Woodland Kuningan,Wisata Pinus Mitra TNGC,5,Betah lama2 disini Krn lmyn lengkap sih tmpt main anak tmpt main org dewasa adem jg tmptnya hrg tiket msk week end 20/org parkir mbl 5rb berenang free  mau smpi gosong bdn jg ada kolam busanya anak sy betah bgt smpi 3jam g mau brenti perosotan pelangi week end 20rb/org dan msh byk lg wahana lainnya,,positif,betah lama-lama disini karena lmyn lengkap sih tempat main anak tempat main orang dewasa adem juga tmptnya hrg tiket masuk wig end 20 orang parkir mbl 5rb berenang free mau smpi gosong badan juga ada kolam busanya anak saya betah banget smpi 3jam enggak mau brenti perosotan pelangi wig end 20rb orang dan masih banyak lagi wahana lainnya,0,0,0,0,1,positif,-,-,-
2134,Woodland Kuningan,Wisata Pinus Mitra TNGC,5,"Mengunjungi woodland saat weekend di hari minggu siang. Tempatnya adem, tidak banyak sampah berserakan dan cocok untuk bersantai bersama keluarga, apalagi diperbolehkan membawa makanan dan minuman dari luar. Tempat parkir nya terpisah dari kawasan wisata jadi lumayan harus jalan dulu. Tapi yaaa cukuplah untuk wisata seharga 20.000 (weekend) dan 15.000 (weekdays)",,positif,mengunjungi woodland saat weekend di hari minggu siang tempatnya adem tidak banyak sampah berserakan dan cocok untuk bersantai bersama keluarga apalagi diperbolehkan membawa makanan dan minuman dari luar tempat parkir nya terpisah dari kawasan wisata jadi lumayan harus jalan dulu tapi ya cukuplah untuk wisata seharga 20 000 weekend dan 15 000 weekdays,0,1,0,1,1,positif,-,-,-
2135,Woodland Kuningan,Wisata Pinus Mitra TNGC,5,"Sekarang lebih di perluas lagi..dan di jaga kebersihan nya. HTM Weekend 25rb, senin sd jumat 15rb Enak hari biasa lbh menikmati suasana alam nya ketimbang klo weekend ke tempat ini Toilet bersih...mushollah msh saung yaa mudah2an kedepan lbh diperhatikan lagi",,positif,sekarang lebih di perluas lagi dan di jaga kebersihan nya htm weekend 25rb senin sd jumat 15rb enak hari biasa lebih menikmati suasana alam nya ketimbang kalo weekend ke tempat ini toilet bersih mushollah masih saung ya mudah-mudahan kedepan lebih diperhatikan lagi,1,1,0,0,1,positif,-,-,-
2136,Woodland Kuningan,Wisata Pinus Mitra TNGC,5,"Luas, nyaman, bisa bawa makanan sendiri, ada beberapa wahana bermain, bisa berenang, tempat istirahat ada gazebo free, ada tempat sholat juga. Sejuk dg pohon² tinggi dan rindang. Pemandangan batu yg keren. Minusnya untuk pengguna kursi roda aja, mungkin nanti bisa di upgrade. 👍🏻",,positif,luas nyaman bisa bawa makanan sendiri ada beberapa wahana bermain bisa berenang tempat istirahat ada gazebo free ada tempat sholat juga sejuk dengan pohon² tinggi dan rindang pemandangan batu yang keren minusnya untuk pengguna kursi roda saja mungkin nanti bisa di upgrade,0,0,0,1,0,positif,-,-,-
2137,Woodland Kuningan,Wisata Pinus Mitra TNGC,4,"Tempat wisata yang cocok buat keluargaa, htm juga murah kisaran 15-25k. Tempatnya bersiih, ada spot foto dan kolam renang. Kolam renang juga bersiihh. Pokonya satu tempat banyak spotnya deh. Rekomendasi kalo wisata sama keluargaa dan anak kecil",,positif,tempat wisata yang cocok buat keluargaa htm juga murah kisaran 15 25k tempatnya bersiih ada spot foto dan kolam renang kolam renang juga bersiihh pokoknya satu tempat banyak spotnya deh rekomendasi kalo wisata sama keluargaa dan anak kecil,0,0,0,0,1,positif,-,-,-
2140,Woodland Kuningan,Wisata Pinus Mitra TNGC,3,"Lumayan lah, tempatnya rindang, adem larwna byk pohon, wahana nya juga lumayan byk untuk anak2. Hanya saja beberapa catatan khusus fasilitas disekitarnya dilengkapi dan ditata seperti kantin / food corner yg saat ini blm ada, tempat sampah yg terlalu berjauhan susah dijangkau, mushola, kolam renang dengan kamar bilas yg terlalu jauh, jalur pejalan kaki yg belum memadai, spot duduk diperbanyak lagi spt gazebo & bangku taman, rerumputan dan tanaman hias juga Photo Booth. Oiya parkiran mobil sangat berdebu & puanas. Semoga kedepannya menjadi lebih baik.",,netral,lumayan lah tempatnya rindang adem larwna banyak pohon wahana nya juga lumayan banyak untuk anak-anak hanya saja beberapa catatan khusus fasilitas disekitarnya dilengkapi dan ditata seperti kantin food corner yang saat ini belum ada tempat sampah yang terlalu berjauhan susah dijangkau mushola kolam renang dengan kamar bilas yang terlalu jauh jalur pejalan kaki yang belum memadai spot duduk diperbanyak lagi seperti gazebo bangku taman rerumputan dan tanaman hias juga photo booth oiya parkiran mobil sangat berdebu puanas semoga kedepannya menjadi lebih baik,0,1,0,1,0,netral,-,-,-
2141,Woodland Kuningan,Wisata Pinus Mitra TNGC,4,"Tempat  sejuk, fasilitas lumayan ok HTM 15000 Cocok tuk melepas penat d saat suntuk karena beban kerja.... Menu d cafe ny lumayan kumpit plus harga terjangkau... Ada kolam renang tuk bocil, sayangnya kolam renang tuk dewasa ( non kaporit ) sedikit kotor and tempat ganti ny agak jauh",,positif,tempat sejuk fasilitas lumayan ok htm 15000 cocok untuk melepas penat di saat suntuk karena beban kerja menu di cafe nya lumayan kumpit plus harga terjangkau ada kolam renang untuk bocil sayangnya kolam renang untuk dewasa non kaporit sedikit kotor and tempat ganti nya agak jauh,0,1,0,0,1,positif,-,-,-
2143,Woodland Kuningan,Wisata Pinus Mitra TNGC,5,Parkirannya motor 3000 mobil 5000. Terletak di  sebelah barat jalan. Di parkiran jg ada toiletnya loh jd jng khawatir.. pipisin dulu di situ krn di lokasi toilet lumayan jauh. Cmn skrg sedang ada renovais pembangunan toilet yg dekat dengan food court dan tmpt outbond. Alamnya asri. Tp kmrin emang sdg musim hujan jd tengah siang udah gelap banget dan pasti hujan menjelang sore.,,positif,parkirannya motor 3000 mobil 5000 terletak di sebelah barat jalan di parkiran juga ada toiletnya loh jadi jangan khawatir pipisin dulu di situ karena di lokasi toilet lumayan jauh cuman sekarang sedang ada renovais pembangunan toilet yang dekat dengan food court dan tempat outbond alamnya asri tapi kemarin memang sedang musim hujan jadi tengah siang sudah gelap banget dan pasti hujan menjelang sore,1,0,0,1,0,positif,-,-,-
2144,Woodland Kuningan,Wisata Pinus Mitra TNGC,4,"Bad experience for me.  Datang kesini dengan harapan bisa menikmati alam, namun ternyata disini ramai dengan orang. Salah sih karena datangnya di hari minggu. Jadinya penuh pake banget. Kolam renang udah kaya cendol, tempat buat ngemper udah penuh sama orang orang. Belum lagi ada yang gathering pula disini + pake sound.  Ah yang terpenting, WC disini sangat sedikit + gaada airnya. Ada sih, tapi kecil. Akibatnya antrian jadi panjang banget.",,positif,bad experience for me datang kesini dengan harapan bisa menikmati alam namun ternyata disini ramai dengan orang salah sih karena datangnya di hari minggu jadinya penuh pakai banget kolam renang sudah kayak cendol tempat buat ngemper sudah penuh sama orang orang belum lagi ada yang gathering pula disini pakai sound ah yang terpenting wc disini sangat sedikit enggak ada airnya ada sih tapi kecil akibatnya antrian jadi panjang banget,1,0,0,0,0,positif,-,-,-
2145,Woodland Kuningan,Wisata Pinus Mitra TNGC,5,"Murah meriah,,tiket masuk weekend dewasa 20rb sudah termasuk renang kolam anak aja,sm terapi ikan,,untuk outbond,kuda,wahana lainya bayar lg harga mulai 10rb,,tenda bisa sewa 20rb tempat nya adem nyaman,,cocok buat keluarga,anak2,lansia,,disarankan membawa makanan sendiri,karena di dalam blm banyak jajanan dan makan,,",,positif,murah meriah tiket masuk weekend dewasa 20rb sudah termasuk renang kolam anak saja sama terapi ikan untuk outbond kuda wahana lainya bayar lagi harga mulai 10rb tenda bisa sewa 20rb tempat nya adem nyaman cocok buat keluarga anak-anak lansia disarankan membawa makanan sendiri karena di dalam belum banyak jajanan dan makan,0,0,0,0,1,positif,-,-,-
2146,Woodland Kuningan,Wisata Pinus Mitra TNGC,4,"saya share info bagi yg baru pertama kali kesini: Tiket masuk 20rb/org (mau anak kecil pun tetap dihitung sama) Fasilitas: Kolam renang anak kecil Wahana2 bayar lagi sendiri dari 10rb-20 Utk wahana naik kuda saya pikir bakal jauh jalan nanya, ternyata cuma200meteran saja. Utk mainan kereta juga sebentar. Harga makanan variatif di kantin. Pop mie 13rb.nasi goreng dr 15rb ke atas. Kopi 15rb.  Bisa bawa iri tikar dr rumah.",,positif,saya share info bagi yang baru pertama kali kesini tiket masuk 20rb orang mau anak kecil pun tetap dihitung sama fasilitas kolam renang anak kecil wahana2 bayar lagi sendiri dari 10rb 20 untuk wahana naik kuda saya pikir bakal jauh jalan bertanya ternyata cuma200meteran saja untuk mainan kereta juga sebentar harga makanan variatif di kantin pop mie 13rb nasi goreng dari 15rb ke atas kopi 15rb bisa bawa iri tikar dari rumah,0,0,0,1,1,negatif,-,-,-
2149,Woodland Kuningan,Wisata Pinus Mitra TNGC,5,"Tempatnya sejuk, ada outbond nya. Sawung ada buat makan² disana, boleh bawa makanan sendiri dari rumah. Yg penting sampah buang pd tempat nya ya. Kita hrs turut merawat tempat yg kita pijak. Kolam khusus anak ada. Kolam ikan terapi ada. Parkiran luas",,positif,tempatnya sejuk ada outbond nya sawung ada buat makan² disana boleh bawa makanan sendiri dari rumah yang penting sampah buang pada tempat nya ya kita harus turut merawat tempat yang kita pijak kolam khusus anak ada kolam ikan terapi ada parkiran luas,0,1,0,0,0,positif,-,-,-
2150,Woodland Kuningan,Wisata Pinus Mitra TNGC,4,"Seru sih kalo buat ngadem, banyak wahana nya, tempatnya luas, kolam renang juga luas bgt.. cuma buat masuk ke kolam renang dewasa butuh effort karena harus turun dulu. Kids friendly. Banyak tempat makan dan ada restonya juga. Kemarin sih weekend htm di 25k untuk masuknya.",,positif,seru sih kalo buat ngadem banyak wahana nya tempatnya luas kolam renang juga luas banget cuma buat masuk ke kolam renang dewasa butuh effort karena harus turun dulu kids friendly banyak tempat makan dan ada restonya juga kemarin sih weekend htm di 25k untuk masuknya,0,0,0,0,1,positif,-,-,-
2151,Woodland Kuningan,Wisata Pinus Mitra TNGC,5,"Berbagai wahana tersedia dengan harga cukup murah. HTM weekend 20k, sudah termasuk kolam renang. Toilet/kamar mandi perlu ditambah karena antrean panjang",,positif,berbagai wahana tersedia dengan harga cukup murah htm weekend 20k sudah termasuk kolam renang toilet kamar mandi perlu ditambah karena antrean panjang,1,0,0,0,1,positif,-,-,-
2152,Woodland Kuningan,Wisata Pinus Mitra TNGC,4,"Kesan Pertama: ADEEMM  Cocok utk rekreasi keluarga (family gathering), acara arisan, Team Building/outbond.  • Parkir Luas • Rindang, udara segar walaupun siang hari • Permainan anak lumayan lengkap, ada flying fox, sepeda gantung, tali ketangkasan, kolam renang ada walau agak kecil tapi lumayan utk anak 5-9 thn, ada kuda juga mgkn disewakan utk yg mau berkuda • Yang seneng foto2 di alam, bakalan betah.. instagramable lah yaa  Minus: • Mushola berupa saung yg ada di lokasi terlalu kecil dan sudah waktunya direnov 🙏  Tiket: Parkir mobil 5rb Entry tiket 20rb / orang (weekend) Permainan anak +/- 15-20rban Makanan ndak sempet nyobain  HAPPY HOLIDAYS 😎",,positif,kesan pertama adeemm cocok untuk rekreasi keluarga family gathering acara arisan team building outbond parkir luas rindang udara segar walaupun siang hari permainan anak lumayan lengkap ada flying fox sepeda gantung tali ketangkasan kolam renang ada walau agak kecil tapi lumayan untuk anak 5 9 tahun ada kuda juga mungkin disewakan untuk yang mau berkuda yang senang foto-foto di alam bakalan betah instagramable lah ya minus mushola berupa saung yang ada di lokasi terlalu kecil dan sudah waktunya direnov tiket parkir mobil 5rb entry tiket 20rb orang weekend permainan anak 15 20rban makanan indak sempat mencoba happy holidays,0,0,0,1,1,positif,-,-,-
2153,Woodland Kuningan,Wisata Pinus Mitra TNGC,5,Masuk kawasan bayar 2rb parkir 2rb tiket masuk 5500 untuk wahana perahu 25rb ketengah laut nuansa islami bgt di putar pagi dzikir pagi setelah selesai dzikir diputar nasyid,,positif,masuk kawasan bayar 2rb parkir 2rb tiket masuk 5500 untuk wahana perahu 25rb ketengah laut nuansa islami banget di putar pagi dzikir pagi setelah selesai dzikir diputar nasyid,0,0,0,0,1,positif,-,-,-
2154,Woodland Kuningan,Wisata Pinus Mitra TNGC,4,"Kl ke sini ada tiket msuk dan tiket parkir. Mau ke wahana bayar lgi, tiap wahana beda². Di sini jg ada seluncuran pelangi, mskpun anak kcil yg dipangku pun kena satu tiket. Wahana paling penuh di kolam renang.",,positif,kalo ke sini ada tiket masuk dan tiket parkir mau ke wahana bayar lagi tiap wahana beda² di sini juga ada seluncuran pelangi mskpun anak kecil yang dipangku pun kena satu tiket wahana paling penuh di kolam renang,0,0,0,0,1,positif,-,-,-
2155,Woodland Kuningan,Wisata Pinus Mitra TNGC,5,"Tiket masuk 25k weekend . Didalam suasana asri khas pegunungan banyak pepohonan. Permainan di dalam bisa membeli tiket di area kantin. Tersedia pembayaran  QRIS yg terpenting. Sosorodotan pelangi , flying fox , berkuda bisa jadi pengalaman menyenangkan. Ada kolam renang juga, mungkin lain waktu coba berenang",,positif,tiket masuk 25k weekend didalam suasana asri khas pegunungan banyak pepohonan permainan di dalam bisa membeli tiket di area kantin tersedia pembayaran qris yang terpenting sosorodotan pelangi flying fox berkuda bisa jadi pengalaman menyenangkan ada kolam renang juga mungkin lain waktu coba berenang,0,0,0,0,1,positif,-,-,-
2157,Woodland Kuningan,Wisata Pinus Mitra TNGC,5,Tempat yg pas buat santai keluarga.luas suasana nyaman bgt..kolam renangnya dan tempatnya enak.komplit fasilitas nya..harga terjangkau,,positif,tempat yang pas buat santai keluarga luas suasana nyaman banget kolam renangnya dan tempatnya enak komplit fasilitas nya harga terjangkau,0,0,0,0,1,positif,-,-,-
2158,Woodland Kuningan,Wisata Pinus Mitra TNGC,5,"Saya datang hari Sabtu. Pas cuaca cerah Bagus sekali pemandangan nya Kolam bersih, luas dan banyak pilihannya. Alamnya dapet. Airnya seger dingin, mantab lah... Toilet bersih. Ada mushola juga  25k tidak termasuk tiket wahana, masuh terjangkau. Boleh bawa makanan dan minuman.  Noted kalo datang pas lebaran, lain cerita ya, saya datang saat pengunjung tidak rame. Jadi suasananya berasa privat",,positif,saya datang hari sabtu pas cuaca cerah bagus sekali pemandangan nya kolam bersih luas dan banyak pilihannya alamnya dapat airnya segar dingin mantab lah toilet bersih ada mushola juga 25k tidak termasuk tiket wahana masuh terjangkau boleh bawa makanan dan minuman noted kalo datang pas lebaran lain cerita ya saya datang saat pengunjung tidak rame jadi suasananya berasa privat,1,0,0,0,1,positif,-,-,-
2159,Woodland Kuningan,Wisata Pinus Mitra TNGC,3,"Naik jeep yang 400rb .. lumayan yaa , yang bikin kecewa sama makanan & pelayanan penyajiannya lama trus gk worth it rasanya .. untuk tiket wahana tiket masuk 25rb di tgl 23 desember 2025 pas masuk waduuh kecewa dalamnya begitu doang .. kurang di kelola dengan baik .. prosotan pelangi nya juga kurang panjang … pokonya gk banget",,netral,naik jeep yang 400rb lumayan ya yang bikin kecewa sama makanan pelayanan penyajiannya lama terus enggak worth itu rasanya untuk tiket wahana tiket masuk 25rb di tanggal 23 desember 2025 pas masuk waduuh kecewa dalamnya begitu doang kurang di kelola dengan baik prosotan pelangi nya juga kurang panjang pokoknya enggak banget,0,0,0,0,1,netral,-,-,-
2161,Woodland Kuningan,Wisata Pinus Mitra TNGC,4,"Tempatnya enak, petugas kebersihannya sigap, makanan dan attraction ramah kantong ada kolam renang pula, disarankan bawa perlengkapan piknik",,positif,tempatnya enak petugas kebersihannya sigap makanan dan attraction ramah kantong ada kolam renang pula disarankan bawa perlengkapan piknik,0,0,1,0,0,positif,-,-,-
2164,Woodland Kuningan,Wisata Pinus Mitra TNGC,5,"Suasana teduh dan adem, kebersihan terjaga, petugas juga banyak, wahana  outbond lengkap, asik juga untuk sekedar piknik keluarga. Parkir luas harga tiket bersahabat.",,positif,suasana teduh dan adem kebersihan terjaga petugas juga banyak wahana outbond lengkap asik juga untuk sekedar piknik keluarga parkir luas harga tiket bersahabat,0,1,1,0,1,positif,-,-,-
2165,Woodland Kuningan,Wisata Pinus Mitra TNGC,4,"HTM 20k. Kolam renang cuma 1  buat anak kcl aja. Lbh ke menikmati hutan pinus, bersantai. Bisa bawa makan + tikar dari rmh, bisa buat acara famgath juga, bebas bikin acara ddlm. Ada outbond buat anak"" bayar 10-30k. Kamar mandinya jauh cuma beberapa aja ngantri sama yg bilas renang. Musholanya kecil dari panggung kayu. Parkirnya di sebrangnya, di resto woodland nya. Ada busa juga disemprot sejam sekali.",,positif,htm 20k kolam renang cuma 1 buat anak kcl saja lebih ke menikmati hutan pinus bersantai bisa bawa makan tikar dari rumah bisa buat acara famgath juga bebas bikin acara di dalam ada outbond buat anak bayar 10 30k kamar mandinya jauh cuma beberapa saja mengantri sama yang bilas renang musholanya kecil dari panggung kayu parkirnya di sebrangnya di resto woodland nya ada busa juga disemprot sejam sekali,0,0,0,0,1,positif,-,-,-
2166,Woodland Kuningan,Wisata Pinus Mitra TNGC,5,Air nya bersih banget Tempat nya enak buat keluarga dan ngajakin anak renang...suka banget pelayanan nya juga ramah Tapi kita kesana pas hujan tapi gkpp seru banget bisa ngajakin renang anakku disini 💜💜,,positif,air nya bersih banget tempat nya enak buat keluarga dan ngajakin anak renang suka banget pelayanan nya juga ramah tapi kita kesana pas hujan tapi gkpp seru banget bisa ngajakin renang anakku disini,1,0,1,0,0,positif,-,-,-
2167,Woodland Kuningan,Wisata Pinus Mitra TNGC,4,Tempat y sangat nyaman udarah y adem dan tempat y luas banyak kazebo y banyak spot foto fotoy .kolam renang y bersi .tiket minggu  kemarin 20 rb masi terjangkau lah,,positif,tempat ya sangat nyaman udarah ya adem dan tempat ya luas banyak kazebo ya banyak spot foto fotoy kolam renang ya bersi tiket minggu kemarin 20 ribu masih terjangkau lah,0,0,0,0,1,positif,-,-,-
2169,Woodland Kuningan,Wisata Pinus Mitra TNGC,4,Tempat wisata yang ramai di saat libur sekolah.. renang gratis tiket masuk 20/orang. setiap wahana bayar lagi 10-20 ribu per wahana,,positif,tempat wisata yang ramai di saat libur sekolah renang gratis tiket masuk 20 orang setiap wahana bayar lagi 10 20 ribu per wahana,0,0,0,0,1,positif,-,-,-
2170,Woodland Kuningan,Wisata Pinus Mitra TNGC,3,"tempatnya adem nyaman dan asri, harga tiket masuk 20rb per orang, saya berkunjung di hari minggu. untuk setiap wahana bayar lagi, saran saya untuk pengelola, baiknya loket pembelian ada di setiap wahana karena memudahkan pengunjung agar tdk bolak balik. harga perwahana mulai dari 10k-25k",,netral,tempatnya adem nyaman dan asri harga tiket masuk 20rb per orang saya berkunjung di hari minggu untuk setiap wahana bayar lagi saran saya untuk pengelola baiknya loket pembelian ada di setiap wahana karena memudahkan pengunjung agar tidak bolak balik harga perwahana mulai dari 10k 25k,0,0,1,0,1,negatif,-,-,-
2171,Woodland Kuningan,Wisata Pinus Mitra TNGC,4,"Ini arena wisata yang masih terjangkau. Dari mulai tiket masuk, makanan, serta harga wahana (naik kuda, prosotan pelang sampai flyingfoxnya) dibawah 30 ribu, wow...",,positif,ini arena wisata yang masih terjangkau dari mulai tiket masuk makanan serta harga wahana naik kuda prosotan pelang sampai flyingfoxnya dibawah 30 ribu wow,0,0,0,0,1,positif,-,-,-
2172,Woodland Kuningan,Wisata Pinus Mitra TNGC,5,Keren... Tempat luas... Nyaman bt keluarga... Hawanya Adem bisa bawa keluarga besar sambil piknik bawa alas... Saran sediakan warung/makanan jadi di dalam biar praktis cz di dalem cuma tersedia minuman ringan dan snack,,positif,keren tempat luas nyaman buat keluarga hawanya adem bisa bawa keluarga besar sambil piknik bawa alas saran sediakan warung makanan jadi di dalam biar praktis cz di dalem cuma tersedia minuman ringan dan snack,0,0,0,0,1,positif,-,-,-
2174,Woodland Kuningan,Wisata Pinus Mitra TNGC,5,Tempat Luas ✔️ Warung Ada ✔️ Mushola Ada ✔️ Tiket Masuk Hari Biasa 15k Weekend 20k Parkir Luas Motor & Mobil 3k - Mobil Ngga Tau ( Ngga Bawa Mobil ) Cocok Untuk Keluarga Soalnya Banyak Banget Wahana Hiburan Seperti Kolam Renang WaterBoom ( Selorokan ) 😁 Naik Kuda Fly Fox Jembatan Gantung Sepeda Gantug Panjat Tebing #Woodland #Kuningan,,positif,tempat luas warung ada mushola ada tiket masuk hari biasa 15k weekend 20k parkir luas motor mobil 3k mobil enggak tau enggak bawa mobil cocok untuk keluarga soalnya banyak banget wahana hiburan seperti kolam renang waterboom selorokan naik kuda fly fox jembatan gantung sepeda gantug panjat tebing woodland kuningan,0,0,0,0,1,positif,-,-,-
2177,Woodland Kuningan,Wisata Pinus Mitra TNGC,4,"Pas awal masuk sejujurnya sempat kecewa banget. Isinya malah didominasi wahana kayak rainbow slide, flying fox, sama berkuda, dan kolam di depan cuma ada satu yang kecil, sempat berasa ketipu kirain cuma segitu doang. Tapi untung terselamatkan pas jalan terus ke bagian paling belakang agak turun. Ternyata kolam renang yang bagus ngumpet di situ. Kolamnya luas dan airnya beneran nyegerin, kemungkinan air gunung asli karena dingin banget, ga ada bau kaporit, dan rambut ga berasa kesat sama sekali. Area depannya agak misleading, untung kolam renang belakangnya beneran oke dan jadi penyelamat.",,positif,pas awal masuk sejujurnya sempat kecewa banget isinya malah didominasi wahana kayak rainbow slide flying fox sama berkuda dan kolam di depan cuma ada satu yang kecil sempat berasa tertipu mengira cuma segitu doang tapi untung terselamatkan pas jalan terus ke bagian paling belakang agak turun ternyata kolam renang yang bagus ngumpet di situ kolamnya luas dan airnya benaran nyegerin kemungkinan air gunung asli karena dingin banget enggak ada bau kaporit dan rambut enggak berasa kesat sama sekali area depannya agak misleading untung kolam renang belakangnya benaran oke dan jadi penyelamat,1,0,0,1,0,positif,-,-,-
2181,Woodland Kuningan,Wisata Pinus Mitra TNGC,5,"enak buat nongkrong, tempatnya nyaman, parkir cukup luas dan harga standar coffee shop...",,positif,enak buat nongkrong tempatnya nyaman parkir cukup luas dan harga standar coffee shop,0,0,0,0,1,positif,-,-,-
2191,Woodland Kuningan,Wisata Pinus Mitra TNGC,4,Alangkah baik nya. Untuk permainan bisa membeli tiket terusan. Ini sekali main tiket 20.000 untuk hari libur. Terlalu dalam ngerogok kantong,,positif,alangkah baik nya untuk permainan bisa membeli tiket terusan ini sekali main tiket 20 000 untuk hari libur terlalu dalam ngerogok kantong,0,0,0,0,1,positif,-,-,-
2204,Woodland Kuningan,Wisata Pinus Mitra TNGC,5,"Tempat yg bagus buat jalan jalan , pemandangan yg bagus dan sejuk",,positif,tempat yang bagus buat jalan jalan pemandangan yang bagus dan sejuk,0,0,0,1,0,positif,-,-,-
2210,Woodland Kuningan,Wisata Pinus Mitra TNGC,5,"Seru, kolam renang menyatu dg alam. Tiket masuk tergolong murah dan kolamnya luas sekali.",,positif,seru kolam renang menyatu dengan alam tiket masuk tergolong murah dan kolamnya luas sekali,0,0,0,0,1,positif,-,-,-
2214,Woodland Kuningan,Wisata Pinus Mitra TNGC,5,"Rekreasi the best menurut saya di kuningan menawarkan berbagai wahana dan fasilitas yang lengkap tempat nya bersih wc bersih dan banyak kolam air nya, cocok banget buat rekreasi sekeluarga mantap poll",,positif,rekreasi the best menurut saya di kuningan menawarkan berbagai wahana dan fasilitas yang lengkap tempat nya bersih wc bersih dan banyak kolam air nya cocok banget buat rekreasi sekeluarga mantap poll,1,0,0,0,0,positif,-,-,-
2216,Woodland Kuningan,Wisata Pinus Mitra TNGC,4,Yg masih kurang kamar ganti atau toilet di kolam ujung,,positif,yang masih kurang kamar ganti atau toilet di kolam ujung,1,0,0,0,0,positif,-,-,-
