review_id,poi_name,category,rating,review_text,published_at,sentiment
1,"Taman Nasional Gunung Ciremai (Pusat Balai TNGC)","Pusat Balai TNGC",1,"Untuk fasilitas basecamp Palutungan mohon diperbaiki. Saya bilang diperbaiki bukan ditingkatkan. Banyak fasilitas yg (menurut saya) gk layak pakai. Petugasnya memang ramah, baik pula. Tp untuk fasilitas, saya mikir² utk ngasih bintang lima. Saya kira cukup dan mohon perhatian dr pihak pengelola, tak perlu lagi saya berpanjang lebar merinci bagaimana kekurangannya, saya tdk keliru dr apa yg saya sdh sebutkan. Terima kasih","",negatif
2,"Taman Nasional Gunung Ciremai (Pusat Balai TNGC)","Pusat Balai TNGC",1,"Sudah banyak yg tidak berpungsi pasilitasnya ..kedepan nya diperbaiki lagi","",negatif
3,"Taman Nasional Gunung Ciremai (Pusat Balai TNGC)","Pusat Balai TNGC",1,"Seru macul di taman nasional gunung Ciremai","",negatif
4,"Taman Nasional Gunung Ciremai (Pusat Balai TNGC)","Pusat Balai TNGC",1,"Selama berdiamn kuningan bagus indah kuningan kota kecil di bawah kaki gunung cermai menyimpan seribu legemda misteri termasuk gunung ncermai nya","",negatif
5,"Taman Nasional Gunung Ciremai (Pusat Balai TNGC)","Pusat Balai TNGC",1,"Tempat masih asri dan hutan tropis, cocok untuk wahana adventure dan selfi","",negatif
6,"Taman Nasional Gunung Ciremai (Pusat Balai TNGC)","Pusat Balai TNGC",1,"Paket saya nyangkut di cirebon pusat, gak berkah inimah ..","",negatif
7,"Taman Nasional Gunung Ciremai (Pusat Balai TNGC)","Pusat Balai TNGC",1,"Lama buruk parah kesorean","",negatif
8,"Taman Nasional Gunung Ciremai (Pusat Balai TNGC)","Pusat Balai TNGC",1,"Curugnya tidak terurus dan kurangnya wahana","",negatif
9,"Taman Nasional Gunung Ciremai (Pusat Balai TNGC)","Pusat Balai TNGC",1,"Gak nyaman lokasi nya","",negatif
10,"Taman Nasional Gunung Ciremai (Pusat Balai TNGC)","Pusat Balai TNGC",1,"Ga sebagus dulu","",negatif
11,"Taman Nasional Gunung Ciremai (Pusat Balai TNGC)","Pusat Balai TNGC",1,"Nuansa alami lembah ciremai","",negatif
12,"Taman Nasional Gunung Ciremai (Pusat Balai TNGC)","Pusat Balai TNGC",1,"Sangat bagus","",negatif
13,"Taman Nasional Gunung Ciremai (Pusat Balai TNGC)","Pusat Balai TNGC",1,"Asik banget","",negatif
14,"Taman Nasional Gunung Ciremai (Pusat Balai TNGC)","Pusat Balai TNGC",1,"Puncak Gn. Ciremai","",negatif
15,"Taman Nasional Gunung Ciremai (Pusat Balai TNGC)","Pusat Balai TNGC",1,"HORRIBLE WEATHER, NO TOILETS IN SIGHT, I HAD TO DO MY ""BUSINESS"" IN THE BUSHES, AND THE SIGHTS ARE NOT WORTH THE CLIMB, PLEASE DON'T GO HERE","",negatif
16,"Taman Nasional Gunung Ciremai (Pusat Balai TNGC)","Pusat Balai TNGC",2,"Akses jalan yang kurang baik,..jauh dari kata layak untuk kendaraan yang akan menuju ketempat ini...selebihnya lumayan bisa bikin santai.","",negatif
17,"Taman Nasional Gunung Ciremai (Pusat Balai TNGC)","Pusat Balai TNGC",2,"Menyenangkan banget","",negatif
18,"Taman Nasional Gunung Ciremai (Pusat Balai TNGC)","Pusat Balai TNGC",2,"Jarang ada yang jual makanan","",negatif
19,"Taman Nasional Gunung Ciremai (Pusat Balai TNGC)","Pusat Balai TNGC",2,"#Lawangkori","",negatif
20,"Taman Nasional Gunung Ciremai (Pusat Balai TNGC)","Pusat Balai TNGC",2,"Tempat bagus","",negatif
21,"Taman Nasional Gunung Ciremai (Pusat Balai TNGC)","Pusat Balai TNGC",3,"Konturnya tanjakan. Pos 1 sd Pos 2 relatif nyaman dan landai. Pos 2 ke Pos 4 tanjakan dengan akar-akar pohon. Pos 5 ada lokasi berkemah. Pos 5 ke Pos Goa Walet berbatu licin, batu besar, kerikil dan pasir, menguras enerji dan perlu kehati2an. Menjelang puncak sehamparan Edelweiss menunggu. Puncak ada pemandangan indah, kawah. Tetapi anginnya kencang, dingin dan berbau balerang tajam.","",netral
22,"Taman Nasional Gunung Ciremai (Pusat Balai TNGC)","Pusat Balai TNGC",3,"Gagah dan dingin... Gunung tertinggi di Jawa Barat ini jadi destinasi favorit para pendaki. Apalagi jalur pendakian Linggarjati yang sangat menantang.","",netral
23,"Taman Nasional Gunung Ciremai (Pusat Balai TNGC)","Pusat Balai TNGC",3,"Peraturan baru yang di tujukan pada pengunjung (pendaki) pemesanan tiket pendakian melalui online yang terbatas dan msh melalui booking via WhatsApp, dan pemeriksaan kesehatan yang wajib dilakukan namun staf kesehatan tidak sebanding dengan jumlah pendaki membuat banyak yang tidak terlayani dan membuat waktu pendakian ngaret","",netral
24,"Taman Nasional Gunung Ciremai (Pusat Balai TNGC)","Pusat Balai TNGC",3,"Tempat wisata Alam Cidadali berada di kaki bukit Gunung Ciremai,sebuah bukit kecil diantara beratus bukit yg mengelilingi Gunung tertinggi di jawa barat. Tempatnya masih benar benar alami,dan masih banyak yg harus di benahi.sudah tersedia Gazebo,mushola Dan toilet..untuk sementara peengunjung ha nya bisa berphoto ria dengan background seadanya.Bila Ada yg berminat mengunjungi tempat ini..jangan lupa persiapkan perlengkapan,Dan pisik yg vit..Dan Hubungi petugas jaga Cidadali Hills.Bpk Kusmanda,Bpk Ismad,atau bisa langsung datang ke rumah (Bpk Kuseri kepala Dusun Mulyaasih -Desa Puncak,kec Cigugur -Kuningan -Jabar)  Untuk sampai ke lokasi dibutuh kan waktu 1jam dari Kota kuningan.. And bisa membawa kendaraan sendiri atau menggunkan ojek,dari titik awal Desa Puncak.atau berjalan kaki sembari memanjakan pandangan melihat panorama Alam Desa puncak & Dusun Mulyaasih.  Demikian ulasan sementara semoga bisa bermanfaat..harapan Saya,selaku warga,semoga tempat wisata Alam Cidadali ini menjadi Salah Satu tujuan wisata para pelancong. .Dan menjadi Salah Satu sumber kehidupan bagi waraga dusun Mulyaasih Desa puncak...tentunya memakmurkan seluruh penghuni Alam Dan yg Ada di sekitarnya..Amin Amin...YRA.","",netral
25,"Taman Nasional Gunung Ciremai (Pusat Balai TNGC)","Pusat Balai TNGC",3,"Jalan nya jauuuh.. 😫","",netral
26,"Taman Nasional Gunung Ciremai (Pusat Balai TNGC)","Pusat Balai TNGC",3,"Sejak kebakaran 2019, Gunung Ciremai 3078mdpl, membuka ijin pendakian lagi Agustus 2020. Aku pilih via Jalur Apuy, Majalengka, perjalanan dari Pos 1 hingga 5 lumayan bersih dari sampah. Mulai dari Pos 5 hingga Puncak terlihat bekas-bekas pohon terbakar yang hangus menghitam, namun rerumputan serta Edelweiss sudah subur kembali.","",netral
27,"Taman Nasional Gunung Ciremai (Pusat Balai TNGC)","Pusat Balai TNGC",3,"Tempat enak masih alami  hanya akses jalan yang harus di tempuh dengan jalan kaki sampai ke lokasinya. Belum bisa roda 4","",netral
28,"Taman Nasional Gunung Ciremai (Pusat Balai TNGC)","Pusat Balai TNGC",3,"Seru dan penuh semangat. .","",netral
29,"Taman Nasional Gunung Ciremai (Pusat Balai TNGC)","Pusat Balai TNGC",3,"Indah dan alami suasana ya","",netral
30,"Taman Nasional Gunung Ciremai (Pusat Balai TNGC)","Pusat Balai TNGC",3,"Penunggu gerbannya . Genit2 sama cewe . Babi...","",netral
31,"Taman Nasional Gunung Ciremai (Pusat Balai TNGC)","Pusat Balai TNGC",3,"Kemaren kesana bayar 50 ribu, tapi tak dapat sertifikat","",netral
32,"Taman Nasional Gunung Ciremai (Pusat Balai TNGC)","Pusat Balai TNGC",3,"Harus coba jalur yg satu ini jalur Linggasana","",netral
33,"Taman Nasional Gunung Ciremai (Pusat Balai TNGC)","Pusat Balai TNGC",3,"Tempat asri..semoga selalu terjaga","",netral
34,"Taman Nasional Gunung Ciremai (Pusat Balai TNGC)","Pusat Balai TNGC",3,"Taman nasional,tapi sampah berserakan dimana-mana","",netral
35,"Taman Nasional Gunung Ciremai (Pusat Balai TNGC)","Pusat Balai TNGC",3,"Blm prnah ksini","",netral
36,"Taman Nasional Gunung Ciremai (Pusat Balai TNGC)","Pusat Balai TNGC",3,"Perlu pembenahan lagi","",netral
37,"Taman Nasional Gunung Ciremai (Pusat Balai TNGC)","Pusat Balai TNGC",3,"indah dan sejuk","",netral
38,"Taman Nasional Gunung Ciremai (Pusat Balai TNGC)","Pusat Balai TNGC",3,"mantap jiwa","",netral
39,"Taman Nasional Gunung Ciremai (Pusat Balai TNGC)","Pusat Balai TNGC",3,"Ulasan kurang lengkap","",netral
40,"Taman Nasional Gunung Ciremai (Pusat Balai TNGC)","Pusat Balai TNGC",3,"Taman Nasional Gn. Ciremai","",netral
41,"Taman Nasional Gunung Ciremai (Pusat Balai TNGC)","Pusat Balai TNGC",3,"Kaki gunung ciremai","",netral
42,"Taman Nasional Gunung Ciremai (Pusat Balai TNGC)","Pusat Balai TNGC",3,"Suasana asri.","",netral
43,"Taman Nasional Gunung Ciremai (Pusat Balai TNGC)","Pusat Balai TNGC",3,"Panorama indah.","",netral
44,"Taman Nasional Gunung Ciremai (Pusat Balai TNGC)","Pusat Balai TNGC",3,"Sisi lain view gunung ciremai...sayang kaak cibuluh...","",netral
45,"Taman Nasional Gunung Ciremai (Pusat Balai TNGC)","Pusat Balai TNGC",3,"Dari Jalaksana terus ke Linggajati. Adapun pos pendakian sampai puncak berturut-turut Pos Cibunar-Leuweung Datar-Kondang Amis-Kuburan Kuda-Pangalap dan Tanjung Seruni. Dilanjutkan Pos Bapa Tere-Batu Lingga-Sangga Buana I dan Ii-Pos Pangasinan lalu Puncak.","",netral
46,"Taman Nasional Gunung Ciremai (Pusat Balai TNGC)","Pusat Balai TNGC",3,"Syudah k 2 summit ke puncak Ciremai gada bosennya, akoh sih slllu via apuy hhe","",netral
47,"Taman Nasional Gunung Ciremai (Pusat Balai TNGC)","Pusat Balai TNGC",3,"Tempat yang sejuk dan indah","",netral
48,"Taman Nasional Gunung Ciremai (Pusat Balai TNGC)","Pusat Balai TNGC",4,"Bulan mei 2024 kesini via apuy, seru bgt walaupun cm ber5 dan dapet tembok, tp it was unforgettable memories karena ini adalah 3000mdpl pertamaku. Semoga nanti bisa kesini lagi dengan view yg sesuai ekspektasi!","",positif
49,"Taman Nasional Gunung Ciremai (Pusat Balai TNGC)","Pusat Balai TNGC",4,"Review Pendakian Gunung Ciremai via Jalur Sadarehe  Jalur Sadarehe, yang resmi dibuka pada tahun 2022, menawarkan pengalaman mendaki Gunung Ciremai yang cukup menantang namun penuh petualangan. Jalur ini terkenal dengan trek panjang dan terjal yang benar-benar menguji fisik dan mental pendaki.  Trek Panjang dan Menantang Perjalanan dimulai dari Pos 1 hingga Pos 6 yang terasa sangat melelahkan karena jalurnya cukup panjang dan terus menanjak. Trek ini didominasi oleh tanah padat yang licin saat hujan serta akar pohon yang kerap menjadi tantangan tersendiri. Namun, suasana hutan yang rimbun dan asri menjadi sedikit penghibur selama perjalanan.  Memasuki Pos 7 ke Pos 8, yang dikenal sebagai Sangkar Burung, pendaki akan menghadapi medan yang lebih sulit. Tanjakan curam dan sempit menjadi ujian nyata. Tidak hanya itu, kawasan ini juga menjadi salah satu titik pemantauan harimau, memberikan nuansa misteri dan kehati-hatian ekstra saat mendaki.  Biaya Pendakian yang Tidak Murah Untuk mendaki melalui jalur Sadarehe, pendaki harus mempersiapkan dana lebih. Biaya yang harus dikeluarkan mencakup:  Tiket Simaksi: Perizinan resmi untuk mendaki.  Pengecekan Dokter: Wajib dilakukan untuk memastikan kesehatan pendaki.  Ranger Pendakian: Untuk keamanan dan pemanduan selama perjalanan.  Transportasi Transit: Mengantarkan pendaki dari basecamp ke titik awal jalur.  Meskipun biayanya lumayan mahal, pelayanan yang diberikan cukup memadai dan memastikan pendakian berlangsung dengan aman.  Kesimpulan Jalur Sadarehe adalah pilihan yang tepat untuk pendaki berpengalaman yang ingin merasakan tantangan baru di Gunung Ciremai. Trek panjang, medan terjal, dan pemandangan alam yang luar biasa akan memberikan kepuasan tersendiri. Namun, persiapan fisik dan mental yang matang serta dana yang memadai sangat diperlukan. Bagi pendaki pemula, sebaiknya memilih jalur lain yang lebih ramah untuk pengalaman pertama mendaki.","",positif
50,"Taman Nasional Gunung Ciremai (Pusat Balai TNGC)","Pusat Balai TNGC",4,"Naik ke gunung Ciremai via Apuy Simaksi 125.000 include HTM, cek kesehatan, sertifikat dan 1 x makan gratis. Ada penyewaan losbak sebesar rp.50.000 PP homestay - basecamp dan basecamp - homestay. Durasi perjalanan dari basecamp ke pos 5 area camp 8 jam, dari area camp ke puncak 2 jam. Turun dari area camp ke basecamp 3 jam. Kemarin dapetnya full tembok jadi harus remedial lagi. Tapi gapapa pas turun dari puncak kabutnya  kebuka walau kadang ketutup lagi.","",positif
51,"Taman Nasional Gunung Ciremai (Pusat Balai TNGC)","Pusat Balai TNGC",4,"Lokasi paling okay buat mengisi waktu liburan bersama keluarga dan teman- teman,bisa meningkatkan team work dan quality time. Kebetulan waktu naek di jalur Linggarjati track nya curam dan nanjak terus. Saran isi airnya di pos ke 2 biar ga terlalu capek bawa barang berat di atas tidak ada mata air lagi. Hemat air dan jalan santai","",positif
52,"Taman Nasional Gunung Ciremai (Pusat Balai TNGC)","Pusat Balai TNGC",4,"Kuningan itu pemandangannya luar biasa apapun tempat wisatanya, subhanallah indah bangeet.. tapi akses jalannya astaghfirullah hehe.. semoga jalan-jalan di daerah kuningan khususnya yang menuju tempat wisata bisa lebih baik lagi, yang rusak, yang berlubang, dan lainnya dapat diperbaiki. Biar para wisatawan lebih betah lagi. Mari eksplor kuningan","",positif
53,"Taman Nasional Gunung Ciremai (Pusat Balai TNGC)","Pusat Balai TNGC",4,"Perjalanan ke balai desa terakhir jauh banget dari kota dan lebih baik dilakukan dalam keadaan jalan terang soalnya cukup sempit buat mobil, sih. Parkir terakhir mobil di desa terakhir, tapi ada banyak homestay di sini dan kebanyakan sudah menyediakan persewaan pickup buat naik sampe basecamp. Motor bisa sih naik sampe basecamp & parkir di sana, tapi perhatikan keamanan motor y, soalnya jalannya cukup curam & kalo pas selipan sama mobil mepet bgt itu. Basecamp tutup dari tengah malam sampe pagi jam 7an. Pendakian lewat tengah malam g diijinkan, paling pagi baru jam 6 boleh naik. Kami tektok waktu itu, jadi start nya y jam 6 itu, nyampe basecamp lagi jam 3 sore. Di basecamp kita bayar 75rb sudah termasuk makan 1x di warung yg ditunjuk & sertifikat. Gelang karet tanda masuk dipinjamkan aja pas naik, kalo turun harus balik. Kehilangan gelang harus bayar denda 50rb.","",positif
54,"Taman Nasional Gunung Ciremai (Pusat Balai TNGC)","Pusat Balai TNGC",4,"Jalur pendakian yang luar biasa. Sebagai pendaki pemula dan pertama kali mendaki merasa bangga bisa menggapai atap jawa barat.","",positif
55,"Taman Nasional Gunung Ciremai (Pusat Balai TNGC)","Pusat Balai TNGC",5,"Taman Wisata Gunung Ciremai merupakan salah satu destinasi alam unggulan di Jawa Barat yang menawarkan keindahan pegunungan yang masih asri dan menenangkan. Terletak di kawasan Gunung Ciremai, gunung tertinggi di Jawa Barat, tempat ini menjadi daya tarik bagi para pecinta alam, pendaki, maupun wisatawan yang sekadar ingin menikmati udara segar dan pemandangan hijau yang memanjakan mata.  Keunggulan utama dari taman wisata ini adalah lanskap alamnya yang beragam, mulai dari hutan tropis yang rimbun, jalur pendakian yang menantang, hingga sumber mata air alami yang jernih. Suasana di kawasan ini terasa sejuk dan jauh dari hiruk-pikuk perkotaan, menjadikannya tempat yang cocok untuk melepas penat dan menenangkan pikiran. Selain itu, kicauan burung dan suara alam lainnya menambah kesan damai yang sulit ditemukan di tempat lain.  Fasilitas yang tersedia cukup memadai untuk menunjang kegiatan wisata, seperti area parkir, jalur trekking yang tertata, serta beberapa titik istirahat. Bagi pendaki, tersedia beberapa jalur resmi dengan tingkat kesulitan yang bervariasi, sehingga bisa disesuaikan dengan kemampuan masing-masing. Petugas juga cukup sigap dalam memberikan informasi dan menjaga keamanan pengunjung.  Namun, ada beberapa hal yang perlu diperhatikan. Pengunjung diharapkan menjaga kebersihan dan tidak merusak lingkungan, karena kelestarian kawasan ini sangat bergantung pada kesadaran bersama. Selain itu, kondisi cuaca yang cepat berubah di area pegunungan menuntut wisatawan untuk selalu mempersiapkan perlengkapan dengan baik.  Secara keseluruhan, Taman Wisata Gunung Ciremai adalah pilihan tepat bagi siapa saja yang ingin menikmati keindahan alam yang autentik. Dengan panorama yang memukau dan suasana yang menenangkan, tempat ini layak menjadi destinasi favorit bagi wisatawan lokal maupun luar daerah.","",positif
56,"Taman Nasional Gunung Ciremai (Pusat Balai TNGC)","Pusat Balai TNGC",5,"Saya lewat BC Apuy, parkiran luas, fasilitas toilet bersih banyak, mushola bersih, banyak warung. Tapi sayang di jalur pendakian masih banyak sampah. Untuk kawan² pendaki yuk belajar menjaga alam dan peduli terhadap sampah. Saya Mendaki pada bulan Mei 2025","",positif
57,"Taman Nasional Gunung Ciremai (Pusat Balai TNGC)","Pusat Balai TNGC",5,"Salah satu wisata yang paling menarik di Kuningan. Disebut sebagai Atap Tertinggi di Jawa Barat, jadi penasaran untuk mencapai puncak Gunung Ciremai. Tapi ternyata belum berhasil juga, semoga di suatu saat bisa kembali lagi buat mencapai puncak di sini. Sepanjang perjalanan menuju puncak via Palutungan dihampiri pemandangan hutan sampe di Pos 6. Setelah itu barulah bisa menikmati pemandangan di atas awan. Klo mau mengisi logistik lokasinya ada di Pos 1 Cigowong, ada banyak jual makanan dan minuman. Banyak juga orang-orang yang latihan tektok naik turun gunung di Pos 1 ini.","",positif
58,"Taman Nasional Gunung Ciremai (Pusat Balai TNGC)","Pusat Balai TNGC",5,"Ciremai via sadarehe, ngga akan pernah kapok buat ngulang ke ciremai, ladang edelweisnya cantikk banget, sayangnya udah mulai banyak sampah di jalur pendakian+area camp nya.. buat yg naik minta tolong tanggungjawab sama sampahnya, buat gunung cantik ini tetep cantik dgn bawa turun sampahnya... (-) semoga ada perbaikan transportasi dan sarana dari basecamp ke pintu rimba biar lebih nyaman","",positif
59,"Taman Nasional Gunung Ciremai (Pusat Balai TNGC)","Pusat Balai TNGC",5,"Di titik kumpul ada banyak warung makanan & tolilet. Sebelum melakukan pendakian ads briefing dulu oleh tim ranger, suasana sangat sejuk & masih sangat alami. Di sarankan tambahan bawa sarung tangan & kaus kaki hangat, kondisi dingin banget wkt malem & di puncak wkt sumit subuh2. Waspada masih banyak BAGAS","",positif
60,"Taman Nasional Gunung Ciremai (Pusat Balai TNGC)","Pusat Balai TNGC",5,"Pengalaman pertama mendaki gunung. Langsung gas Gunung Ciremai via Majalengka.  Moment sangat berarti. Walaupun lelah harus terus mendaki.  Meskipun gak sampai ke summit karena cuaca. Tapi kesampean ngopi diatas gunung, Alhamdulillah.☕️","",positif
61,"Taman Nasional Gunung Ciremai (Pusat Balai TNGC)","Pusat Balai TNGC",5,"Gunung tertinggi di Jawa Barat yang menjadi favorit bagi para pendaki karena tantangan medannya dan keindahan puncaknya. Ketinggian 3.078 meter di atas permukaan laut (mdpl). Berada di tiga kabupaten: Kuningan, Majalengka, dan Cirebon. ​Status: Gunung api kuarter aktif tipe A dan merupakan bagian dari Taman Nasional Gunung Ciremai (TNGC).","",positif
62,"Taman Nasional Gunung Ciremai (Pusat Balai TNGC)","Pusat Balai TNGC",5,"Alhamdulillah akhirnya kami sampai puncak tertinggi Jawa Barat. Terimakasih Ya Allah 🤲🙏 15 Mei 2026","",positif
63,"Taman Nasional Gunung Ciremai (Pusat Balai TNGC)","Pusat Balai TNGC",5,"""Atap Jawa Barat yang Menantang dan Membayar Lelah"" Gunung Ciremai adalah salah satu gunung yang wajib didaki bagi para penggiat alam. Dengan ketinggian 3.078 mdpl, gunung ini menawarkan pengalaman pendakian yang sangat lengkap dan berkesan.  Gunung Ciremai bukan sekadar mendaki puncak, tapi tentang menikmati setiap langkah di dalam hutan yang masih asri. Sangat direkomendasikan bagi pendaki yang ingin menguji stamina sekaligus menikmati salah satu pemandangan matahari terbit terbaik di tanah Sunda.","",positif
64,"Taman Nasional Gunung Ciremai (Pusat Balai TNGC)","Pusat Balai TNGC",5,"Entah kenapa pendakian ciremai ini berbeda , seakan-akan bukan perjalanan mendaki tetapi seperti pulang kerumah ❤️ . Terimakasih Ciremai sudah mengizinkan kita menapaki atapnya","",positif
65,"Taman Nasional Gunung Ciremai (Pusat Balai TNGC)","Pusat Balai TNGC",5,"Sangat rekomended jalurnya juga ramah. Jalur Apuy lebih singkat dan treknya tertata baik. Simaksi dan cek kesehatan terjangkau. Dapat sertifikat dan dapat free 1x makan. Transport dari parkiran ke basecamp tersedia antar jemput. Orangnya ramah dan baik. Pemandangan nya bagus, view kawah dan lautan awan sunrise nya asik.","",positif
66,"Taman Nasional Gunung Ciremai (Pusat Balai TNGC)","Pusat Balai TNGC",5,"ATAP JAWA BARAT, VIEW LAUTAN AWAN.  Via : Basecamp Palutungan Tiket Online : 8rb Tiket Offline : 50rb Cek Kesehatan : 20rb Parkir Motor : 10rb  Include : Cek kesehatan, makan minum 1x, e-sertifikat pendakian, peta, kantong sampah.  Via jalur Palutungan tergolong cocok buat pemula. View cantik sepanjang jalur pendakian, banyak lutung-lutung liar di pohon pinggir jalur pendaki. Buat yg males jalan kaki bisa juga ngojeg sampe pos 1. Saya wajibkan untuk kalian agar membawa sleeping bag karena suhu yg sangat dingin saat sore-malam hari.  Saya sarankan juga jangan bawa makanan yg amis amis atau bau menyengat karena masih banyak babi hutan. Bagasnya gede gede serem njir, kasian tetangga tendanya diserang bagas gara2 bawa ikan. Btw tempat paling cocok buat camp adalah di pos 6.  Estimasi pendaki pemula yg baru pertama kali naik gunung diatas 3000mdpl sekitar 8-12 jam.  Basecamp - Pos 1 : 1 Jam Pos 1 - Pos 6 : 6 Jam Pos 6 - Puncak : 4 Jam  Salam Lestari, MTMA Losari. November, 2023.","",positif
67,"Taman Nasional Gunung Ciremai (Pusat Balai TNGC)","Pusat Balai TNGC",5,"Jalur Apuy the best lah...  Kalo mau ngecamp enak di pos 5 sebenernya, soalnya ke puncak udah deket, paling 2-3 jam. Tapi pas turun ke BC berasa juga jauhnya, dan lumayan di dengkul..  Di pos 4 juga enak sih buat ngecamp. Jadi pas turun berasa cepet sampe di BC.  Dimanapun asal hati senang ya asik2 aja..hehehee ...Nah  nanti dr pos 5 ke arah puncak, kalo cuaca bagus, dari simpang apuy kamu bisa liat Gunung Guntur, Cikuray, Papandayan, Galunggung, kota Garut beserta dodolnya keliatan semua ituuu..🤭🤭. And Goa walet kalo musim ujan gini airnya banyak, malah ada ember penampungan buat kalian yg haus kasih sayang..🤭🤭. Beberapa tegukan bikin dahaga kamu terobati.  Once again, kata gw mah jalur Apuy the best, soalnya gw blm pernah jajal jalur lain..🤣🤣","",positif
68,"Taman Nasional Gunung Ciremai (Pusat Balai TNGC)","Pusat Balai TNGC",5,"Pendakian terakhir di tahun 2023 Gunung Ciremai (3.078 mdpl) via Sadarehe, Majalengka, Jawa Barat Senin-Selasa,  25-26 Desember 2023, untuk ketiga kalinya menggapai atap negeri Jawa Barat. Kalo sebelumnya lewat jalur Linggar Jati dan Palutungan di Kuningan, kali ini lewat jalur Sadarehe di Majalengka, jalur pendakian yang panjang, berat dan  tidak ada sumber air. Adanya padang sabana di pos terakhir sebelum mendaki puncak, memberikan sensasi yang berbeda dalam pendakian Gn. Ciremai melalui jalur Sadarehe ini.. Sekali2 layak dicoba.. 😊","",positif
69,"Taman Nasional Gunung Ciremai (Pusat Balai TNGC)","Pusat Balai TNGC",5,"Salah satu Gunung dengan hutan yang masih cukup bagus, rapat, dengan satwa dan floranya yang masih beragam. Ada 5 jalur pendakian resmi. Linggarjati, Palutungan, Apuy, Linggasana, Sadarehe. Masing-masing punya karakter dan keindahan sendiri-sendiri. Menurut saya pribadi, jalur paling enak jalur Sadarehe, jalur paling baru diantara jalur lainnya. Ada savana yang tidak ada di jalur lainnya. Sayangnya, harga tiket masuk/simaksi/retribusi nya tergolong mahal dibanding gunung-gunung Jawa Tengah.","",positif
70,"Taman Nasional Gunung Ciremai (Pusat Balai TNGC)","Pusat Balai TNGC",5,"Ke gunung Ciremai ini tahun 2017, berangkat dari Depok mampir dulu ke UNPAD bareng teman tengah malam. Lewat jalur mana lupa, sepertinya jalur yang paling sering dilewati pendaki. Jalurnya lumayan, ga begitu sulit. Bangun tenda di pos tiga kalau ga salah, agak ke bawah lagi karena tidak ada tempat yang cukup melindungi dari angin. Angin di Ciremai ini cukup kencang, terlebih di puncaknya karena tidak ada pohon yang bisa melindungi dari terpaan angin.  Oh iya di tempat camp itu banyak babi hutan, jadi sekitar tenda harus bersih tidak boleh ada sisa-sisa makanan berserakan. Sampah harus digantung atau disimpan di dalam carrier. Biaya simaksinya sekitar 50 ribuan sudah termasuk makan dan sertifikat.","",positif
71,"Taman Nasional Gunung Ciremai (Pusat Balai TNGC)","Pusat Balai TNGC",5,"Jalur pendakian di gunung ini sangat ekstrim. Kondisinya masih sangat asri dengan banyak pepohonan besar. Jika kondisi hujan jalurnya sangat licin. Jalan pos terakhir hingga ke puncak sangat ekstrim, didominasi bebatuan dan pasir. Jika cuaca tidak mendukung diharapkan tidak nekad mendaki gunung ini karena di daerah jalur menuju puncaknya sering ada badai. Jarak antar pos sangat jauh. Di tiap pos juga tidak selalu ada orang yang berjualan sehingga diharapkan membawa bekal yang mencukupi. Walau terkesan cukup menyeramkan jalur menuju puncak gunung ini, pemandangan di puncaknya sangat indah jika sedang tidak berawan. Banyak terdapat bunga Edelweis. Selain itu wilayah kota Kuningan terlihat sangat jelas dari puncak gunung ini.","",positif
72,"Taman Nasional Gunung Ciremai (Pusat Balai TNGC)","Pusat Balai TNGC",5,"Management pendakian yang tertib marka yang jelas, petunjuk arahnya sangat memudahkan.. lewat Palutungan akan menemui hutan yang sangat panjang tapi bagus sekali, kadang kita akan menemui rusa kecil, keren banget sih ..... 👍","",positif
73,"Taman Nasional Gunung Ciremai (Pusat Balai TNGC)","Pusat Balai TNGC",5,"MasyaAllah gunung ciremai via palutungan perjalanan panjang dan mengasikkan niat camp di pos 6 jadi di pos 5 krn sdh kemalaman. Detail pemeriksaan barang, cek kesehatan,  jika bawa sampah kembali dpt ditukar voucher makan setelah turun gunung. Sungguh mengajarkan tanggung jawab dan gunung jd bersih. Ranger yg selalu ramah dan menolong teman2 yg krg sehat. Sumber air di pos 1, perhatikan bnr kebutuhan air yg dibutuhkn jgn sampai krg atau dehidrasi. Alhamdulillah ada warung di pos 6 bg km yg kurang perhitungan bisa beli air disini harga nya lumayan namanya jg di gunung butuh perjuangan kn bawanya.hee Ada ojek gunung mulai di pos 3 dan pos 1 bagi kamu yg krg sehat bs alternatif pake ojek ini saat turun gunung. Ataupun utk keperluan yg lain.","",positif
74,"Taman Nasional Gunung Ciremai (Pusat Balai TNGC)","Pusat Balai TNGC",5,"Sebuah perjalanan yang amat sangat mengesankan,, tidak bisa terlupakan,, perjalanan mendaki gunung tertinggi di Jawa Barat, atapnya Jawa Barat, yaitu gunung Ciremai,,, bersama sabet adventure,,, Seruuu, asyiiik, menyenangkan,, capeee jugaa,, pegel,, karena lewat jalur linggarjati, jalur pendakian terpanjang untuk mencapai puncak gunung Ciremai....  😁😁😁😁😁  One Of The Best Memories ⭐⭐⭐⭐⭐  👍👍👍👍👍","",positif
75,"Taman Nasional Gunung Ciremai (Pusat Balai TNGC)","Pusat Balai TNGC",5,"Naek ciremai via apuyy untuk biaya pendakian 55rb + cek kesehatan sama makan satu kali,,  Pemandangan pas di puncak nya mantappp enakkkk cuman kalau mau camp  ati ati banyak bagong harus rapih bekas makanan","",positif
76,"Taman Nasional Gunung Ciremai (Pusat Balai TNGC)","Pusat Balai TNGC",5,"gunung ciremai via apuy, ranger nya banyak dan ramah"" jadi ga perlu takut, dari pos 5 k atas naik trs treknya mantap bgt deh","",positif
77,"Taman Nasional Gunung Ciremai (Pusat Balai TNGC)","Pusat Balai TNGC",5,"Pendakian tahun 2016 waktu itu ijin dua hari buat naik ke cermai, lupa dulu lewat jalur mana, yang jelas perjalanan nya seru bgt, dari pos 1 ke  pos  2 sempat ketemu kabut sampai kita gk bisa liat apa apa dan akhirnya kita istirahat buat nunggu kabutnya ilang setelah kabut ilang kita lanjut lagi perjalanan ke pos 2 ,    tracknya lumayan terjal dan licin karena waktu itu hujan grimis,. Pengalaman yang tak terlupakan disini kita sadar bahwa kita sebagai manusia terlihat sangat kecil dari ciptaan Allah yang lainnya. MashaAllah setelah sampai puncak, rasa capek  pegel itu hilang, pemandangan yg luar biasa indah mmpu menghilang kan segala rasa.","",positif
78,"Taman Nasional Gunung Ciremai (Pusat Balai TNGC)","Pusat Balai TNGC",5,"Salah satu taman nasional yang ada dipulau jawa dengan obyek utama gunung ciremai yang berketinggian 3078 meter diatas permukaan laut. Menjadi habitat beberapa flora dan fauna khas jawa, salah satunya kukang jawa dan anaphalis javanica atau yang populer disebut bunga edelweis. Ditaman nasional gunung ciremai terdapat beberapa jalur pendakian diantaranya jalur apuy, palutungan, linggasana, dan linggarjati. Untuk simaksi dikenakan biaya 55.000 per orang dan tercatat terakhir kali 1 mei 2019","",positif
79,"Taman Nasional Gunung Ciremai (Pusat Balai TNGC)","Pusat Balai TNGC",5,"Gunung yang jalurnya panjaaaang dan tentu terbilang sulit. Banyak hewan yang jadi teman perjalanan, kami bertemu sapa dengan kupu-kupu, kancil, bahkan bagas. Sebelum naik ke gunung ini, harus melakukan registrasi secata daring. Melengkapi syarat dan melakukan pembayaran sesuai ketentuan. Akan ada pemeriksaan kesehatan, serta peralatan yang dibawa. Via Palutungan, terdiri dari 8 pos pendakian, pos 6 adalah batas maksimal diperbolehkan bangun tenda. Angin di puncak sangat kencang, hingga berdiri saja susah. Terima kasih Ciremai, pengalaman yang tak terlupakan. Xo","",positif
80,"Taman Nasional Gunung Ciremai (Pusat Balai TNGC)","Pusat Balai TNGC",5,"Masya Allah pemandangan yang luar biasa menakjubkannya. Untuk para pemula cocok juga kok mendaki kesini. Meskipun ini termasuk atap Jawa barat. Tapi trackingnya tidak terlalu menyulitkan. Jadi aku rekomendasikan ini tempatnya.","",positif
81,"Taman Nasional Gunung Ciremai (Pusat Balai TNGC)","Pusat Balai TNGC",5,"Kesini lewat jalur Apuy..... Suka banget sama pemandangannya. Untuk tiket masuk harganya 50 kalo tidak salah, sudah termasuk 1 kali makan dan biaya kebersihan. Jalurnya cukup bagus dan tidak terlalu curam. Ga nyesal kesini, dan selalu ga tahan dengan dinginnya gunung tapi terbayar dengan pemandangannya yang indah. Yang bawa kendaraan, bisa diparkir di bawah gunung, di basecamp","",positif
82,"Taman Nasional Gunung Ciremai (Pusat Balai TNGC)","Pusat Balai TNGC",5,"Gunung tertinggi di Jawa barat dengan pemandangan yang cukup bagus. Hutan masih bagus dan rimbun. Banyan wisata alam di sekitar kaki Gunung Ciremai. Tiket /Simaksi pendakian gunung Ciremai cukup mahal. Total sekitar 75.000 termasuk cek kesehatan (belum parkir dll).","",positif
83,"Taman Nasional Gunung Ciremai (Pusat Balai TNGC)","Pusat Balai TNGC",5,"Pemandangan yang ditwarkan sangatlah indah dan asri. Team pengelolanya pun sudah sangat baik. Kebersihan nya sangat baik, baik di basecamp maupun di sepanjang jalan menuju puncak. Hanya sedikit sampah yang pastinya dibuang oleh orang-orang tidak bertanggung jawab.  Jadwal mendaki dan turun pun sudah jelas. Di atas pun kita di periksa dan sudah disuruh turun apabila sudah jamnya turun. Hangan khawatir apabila ada barang tertinggal karena pengurusnya sangat baik akan menyimpannya di basecamp.  Terkait dengan protokol kesehatan, yaaa di tempat ini memang kurang menerapkan protokol kesehatan. Mengingat menggunakan masker mungkin akan menghambat okigen masuk padahal keadaan kira sedang kekurangan oksigen dan butuh bernafas lega. Tetapi tetap selalu cuci jangan dan sebisa mungkin jauhi kerumunan yaa!","",positif
84,"Taman Nasional Gunung Ciremai (Pusat Balai TNGC)","Pusat Balai TNGC",5,"Saya Sangat Menyukai Alam,Apalagi Saat Perjalanan Menuju Puncak,Bisa Mendapat Teman Baru,Bisa Bersenda Gurau Dengan Teman Teman dan masih banyak lagi,dan Intinya Seletah Sampai Puncak Itu Lah Membuat Lelah Kita Terbayar Lunas dengan Melihat Ciptaan Dia(Allah) Yang Sangat Luar Biasa Indahnya.","",positif
85,"Taman Nasional Gunung Ciremai (Pusat Balai TNGC)","Pusat Balai TNGC",5,"Sudah tiga kali muncak,  walaupun usia tidak muda lagi rasanya tiada bosannya menikmati dan mengagumi indahnya ciptaan Illahi, cape dan letih hilang begitu sampai di puncak,","",positif
86,"Taman Nasional Gunung Ciremai (Pusat Balai TNGC)","Pusat Balai TNGC",5,"Nanjak via sadarehe. Simaksi 620 rb untuk 4 org. Udah include carter mobil dari pos registrasi ke basecamp yg jauh. Pulangnya juga dapet carteran dari basecamp turun ke bawah. Treknya cukup sulit untuk pemula.","",positif
87,"Taman Nasional Gunung Ciremai (Pusat Balai TNGC)","Pusat Balai TNGC",5,"Nyobain pendakian gunung ciremai via jalur baru Trisakti Sadarehe. Dari basecamp awal naik truk ke pintu start pendakian. Warung cuma tersedia satu aja di pintu pendakian ini. Toilet juga terbatas. Jalur ini ada 8 pos tapi yang paling luas dan bisa camping cuma pos 6 dan 8. Pos yang paling kecil adalah pos 7 dan karena kecil banget gak bisa lama lama di sini. Jalur paling menyiksa adalah dari pos 7 ke pos 8 yang penuh debu, trekking pole hampir gak guna, untung beberapa bagian udah ada webbing. Ke puncak masih 1 - 1.5 jam dari pos 8. Ke sini pas musim kemarau dan suhunya sempat drop ke -2°C","",positif
88,"Taman Nasional Gunung Ciremai (Pusat Balai TNGC)","Pusat Balai TNGC",5,"Naik dari base camp apuy jalur nya sangat menantang sekitar 90 % menanjak mulai dari Pos 1, minimalkan barang yg di bawa, jika tidak di butuhkan lebih baik di titip di Basecamp, persiapkan fisik Klo pas pasan disarankan ditunda saja, Karena sangat menguras stamina jalur via Apuy, di Pos 5 ada ranger yg standby, bisa membantu jika butuh pertolongan, papan petunjuk sepanjang jalur sangat jelas dengan jarak nya, untuk waktu tempuh tergantung fisik masing2, normal nya sampai pos1 sampai 5 enam sampai 7 jam, pos 5 sampai puncak 2-3 jam,","",positif
89,"Taman Nasional Gunung Ciremai (Pusat Balai TNGC)","Pusat Balai TNGC",5,"Persiapkan fisik dan mental saat mau kesini. Bonus landai sedikit, track tanjakan variasi dari tanah, tangga akar, hingga bebatuan saat menuju puncak.","",positif
90,"Taman Nasional Gunung Ciremai (Pusat Balai TNGC)","Pusat Balai TNGC",5,"Udah 6x summit ceremai gak pernah bosen selalu via linggarjati, sekarang udah bagus rapi banget marka lengkap disetiap pos ada tempat duduk, kavling buat ngecamp udah diatur dengan rapi. The best sih. Kalo buat menyepi atau sekedar tektok. 😍😍","",positif
91,"Taman Nasional Gunung Ciremai (Pusat Balai TNGC)","Pusat Balai TNGC",5,"Gunung yg mempunyai puncak tertinggi di jawa barat , dengan ketinggian 3078 mpdl layak untuk di daki, karena akan memperlihatkan kemegahan puncaknya. Jalur linggasana cukup menantang dengan 9  pos sampai di puncaknya. Dari pos awal pendakian sampai dengan puncak di tempuh waktu 12 jam. Setelah dari puncak dan kembali lagi ke lembah hanya membutuhkan 7 jam.","",positif
92,"Taman Nasional Gunung Ciremai (Pusat Balai TNGC)","Pusat Balai TNGC",5,"Harga simaksi 50 rb, dapet makan pas udah turun sampai basecamp, dapat piagam penghargaan juga, disarankan membawa air berlebih karena sumber air cuma ada di pos 6, bawa logistik yang cukup karena tidak ada yang jualan saat mendaki,jalur pendakian apuy cukup curam,kendaraan roda 4 hanya bisa sampai balai desa,selanjutnya harus naik pickup milik warga tarif perorang 25 rb, kalo pulang pergi bisa lebih murah. Parkir motor 5 rb perhari,tersedia kamar mandi gratis di basecamp dan penjual cendramata  Tidak dianjurkan membawa tisu basah,karena disita nanti pas pengecekan tas:)  Terimakasihh:))","",positif
93,"Taman Nasional Gunung Ciremai (Pusat Balai TNGC)","Pusat Balai TNGC",5,"Pemandangannya bagus , sejuk cuman sampai puncak agak gersang. Dimalam hari cuaca semakin dingin saya lupa - berapa pokoknya hampir hipotermia grgr tenda robek .. diatas banyak edelweis menjulang tinggi but sumpek debu banyak bgt perjuangan sekali sampai puncak eh turun puncak malah jatuh dengan membawa oleh² cidera serius btw turun dari puncak kaki gue paksa soalnya gamau nyusahin tim . 3 hari setelah pulang kaki kaku Alhamdulillah cederanya gabuat saya saya lumpuh karna kt dokter ada kemungkinan saya lumpuh. Kangen pangen nanjak lagi!!!","",positif
94,"Taman Nasional Gunung Ciremai (Pusat Balai TNGC)","Pusat Balai TNGC",5,"hutan yang indah dan asri pemandangan yang menakjubkan menyegarkan mata","",positif
95,"Taman Nasional Gunung Ciremai (Pusat Balai TNGC)","Pusat Balai TNGC",5,"Jalur via Apuy, relatif santai. Dijamin gak terlalu nyiksa kok. Cuma pas kemarau, debu beterbangan, musim hujan jalan super licin. Simaksi 50rb, dapet makan di warung 1 kali, asuransi, dan tentu saja untuk pelestarian alam No tisu basah, sampah bawa pulang ya.","",positif
96,"Taman Nasional Gunung Ciremai (Pusat Balai TNGC)","Pusat Balai TNGC",5,"Muncak lewat jalur sadarehe... akses jalan menuju BC nya parah jalan bebatuan besar2 di BC post registrasi pendakian msh blm ada petugas standby.. dan lbh repot di BC ini jaringan seluler tdk terjangkau.. utk trek via sadarehe ini.. asiik vegetasi yg rimbun & d sajikan kebun /savanah edelweis d pos 8 keren keren... utk pendaki pemula yg melakukan tektok dari BC ke pos 8 sktr 4jam pos 8 k puncak kuleb 1jam.. jd klo tektok baik nya dari BC sblm jam 7","",positif
97,"Taman Nasional Gunung Ciremai (Pusat Balai TNGC)","Pusat Balai TNGC",5,"Tempatnya enak, untuk kalian yang baru atau sudah master mohon sampah jangan di biarkan begitu saja.. Kita harus bisa menjaga ekosistem biar anak cucu kita bisa menikmati di kemudian hari..","",positif
98,"Taman Nasional Gunung Ciremai (Pusat Balai TNGC)","Pusat Balai TNGC",5,"Gunung Ciremai tertinggi di Jawa Barat, bersih namun sumber air sangat sedikit, para pendaki harus membawa air yg Banyak untuk mencapai puncak.","",positif
99,"Taman Nasional Gunung Ciremai (Pusat Balai TNGC)","Pusat Balai TNGC",5,"Gunung Ciremai tak pernah ingkar janji. Setiap kali ku langkahkan kaki menuju puncak. ia selalu memberikan kenangan yang indah dan  pelajaran yang baru. Tiap jalur berbeda tantangan, akan tetapi satu tujuan. Yakni Atap Jawa Barat. :)","",positif
100,"Taman Nasional Gunung Ciremai (Pusat Balai TNGC)","Pusat Balai TNGC",5,"Luar biasa Mt.Ciremai untuk yang hobby hiking bagus trek nya, pemandangan nya indah, Simaksi untuk kesan 75K All.","",positif
101,"Taman Nasional Gunung Ciremai (Pusat Balai TNGC)","Pusat Balai TNGC",5,"Salah satu tujuan favourite para pendaki.  Memiliki 4 jalur resmi pendakian: 1. Jalur Apuy. 2. Jalur Linggarjati 3. Jalur Linggasana 4. Jalur Palutungan  Jaur Palutungan ini adalah jalur paling favorite karena punya trek yang paling bervariasi dan cocok untuk pemula.  Trek yang sangat bervariasi, aneka habitat flora yang sangat menawan, dan beberapa habitat fauna.","",positif
102,"Taman Nasional Gunung Ciremai (Pusat Balai TNGC)","Pusat Balai TNGC",5,"14/10/2025 12.00 puncak ciremai. terimakasih ciremai sudah mengizinkan kami menginjakan kaki dipuncak mu, kenangannya akan abadi bersama dengan orang terindah.","",positif
103,"Taman Nasional Gunung Ciremai (Pusat Balai TNGC)","Pusat Balai TNGC",5,"Selain pendakian gunung, taman nasional ini juga punya banyak camping ground yg bisa dicoba dan juga perkebunan terasering yg sangat luas di Majalengka.","",positif
104,"Taman Nasional Gunung Ciremai (Pusat Balai TNGC)","Pusat Balai TNGC",5,"Indah luar biasa puncak tertinggi no.1 di Jawa Barat, semoga keindahannya dan alamnya terjaga, tp d pos 6 bnyak sampah d semak2, moga aja bisa di sapu bersih 😁😁😁,","",positif
105,"Taman Nasional Gunung Ciremai (Pusat Balai TNGC)","Pusat Balai TNGC",5,"Masyaalloh memang top 1 JABAR jalur menantang harus dgn kesabaran..bonusnya keindahan Ciptaan-NYA","",positif
106,"Taman Nasional Gunung Ciremai (Pusat Balai TNGC)","Pusat Balai TNGC",5,"Ada pemeriksaan kesehatan, daftar via online. Pendakian lewat jalur Patulungan. Biaya parkir mobil 30rb. Biaya sewa ojek biasa 15rb, motor cross 150rb.","",positif
107,"Taman Nasional Gunung Ciremai (Pusat Balai TNGC)","Pusat Balai TNGC",5,"Tempatnya nyaman, orang2nya ramah, MCK nya rapih,cuma sayang buat istirahat sejenak para pendaki kurang memadai.","",positif
108,"Taman Nasional Gunung Ciremai (Pusat Balai TNGC)","Pusat Balai TNGC",5,"Via apuy...  Pendakian sungguh mengesankan menguras energi terbayar dengan pemandangan yg sangat indah gunung ceremai, kawah, goa walet, terlihat gunung slamet dr kejauhan mantulll 👍","",positif
109,"Taman Nasional Gunung Ciremai (Pusat Balai TNGC)","Pusat Balai TNGC",5,"Track yg sangat menantang dan butuh fisik yg prima tp kl dah nyampe puncak hilang semua lelah","",positif
110,"Taman Nasional Gunung Ciremai (Pusat Balai TNGC)","Pusat Balai TNGC",4,"Bersih, simaksi ga terlalu mahal. Tapi saat ini sedang dingin saat malam. Bukan untuk pendaki pemula","",positif
111,"Taman Nasional Gunung Ciremai (Pusat Balai TNGC)","Pusat Balai TNGC",5,"Pertama kali saya mendaki gunung. Meski tertinggi di jawa barat, namun jalan-jalan di pos awal mudah untuk pemula. Worth, Pemandangannya mantab! Perlu hati-h ati dari pos 5 ke puncak karena jalan licin.","",positif
112,"Taman Nasional Gunung Ciremai (Pusat Balai TNGC)","Pusat Balai TNGC",4,"Tempat yg selalu ramai pengunjung (pendaki) ketika musim pendakian tiba dan selalu menjadi primadona para pendaki pemula/pro...atap jabar dgn ketinggian 3078 ini tak pernah bosan utk menyuguhkan pemdangan yg tak kalah indah jika d bandingkan dgn atap2 gunung lain nya d nusantara...  #Cinta Alam Indonesia","",positif
113,"Taman Nasional Gunung Ciremai (Pusat Balai TNGC)","Pusat Balai TNGC",5,"merupakan atap tertinggi Jawa barat, 3078 mdpl, gunung yg gk pernah sepi dari pendaki lokal maupun mancanegara. Kemaren lewat jalur Palutungan, tanjakan asoy nya beneran asoooyy 😂 tapi gk kapok, mau kesini lagi.","",positif
114,"Taman Nasional Gunung Ciremai (Pusat Balai TNGC)","Pusat Balai TNGC",5,"Gunung ciremai adalah gunung yang berketinggian 3078mdpl, walaupun hanya 3ribuan mdpl tapi jangan dianggap remeh gunung yang satu ini, karena basecampnya bukan dari ketinggian yang akan membuat waktu pendakian menjadi lama, dipuncak ada kawah yang masih aktif dan gunung ciremai ini ada beberapa jalur, seperti palutungan, apuy dan linggarjati..","",positif
115,"Taman Nasional Gunung Ciremai (Pusat Balai TNGC)","Pusat Balai TNGC",5,"Pertama kali muncak ke Gunung Ciremai via Apuy jalurnya menantang bagi pemula, Htm 50k dapat sertifikat+makan","",positif
116,"Taman Nasional Gunung Ciremai (Pusat Balai TNGC)","Pusat Balai TNGC",5,"Negri di atas awan Alam yg indah.... Banyak hikmah pelajaran yg kita dapat di kala mendaki. Semuanya itu tak ada yg pura2 perasaan sikap kita sesungguhnya itu muncul disini.  Selamat mencoba dan tetap semangat","",positif
117,"Taman Nasional Gunung Ciremai (Pusat Balai TNGC)","Pusat Balai TNGC",5,"Suasana nyaman sejuk dan sedingin es...masih alami dengan pemandangan kebun dan pegunungan yang memanjakan mata","",positif
118,"Taman Nasional Gunung Ciremai (Pusat Balai TNGC)","Pusat Balai TNGC",5,"Cool track, real forest, motor trail bisa naik sampe pos 1, jalur linggasana memang paling menantang compare to others","",positif
119,"Taman Nasional Gunung Ciremai (Pusat Balai TNGC)","Pusat Balai TNGC",4,"Puncak ciremai yang indah via apuy, waktu perjalanan dari pos Apuy sampai puncak sekitar 6-8 jam, jalur ini jalur yang paling mudah dibandingkan jalur yang lain","",positif
120,"Taman Nasional Gunung Ciremai (Pusat Balai TNGC)","Pusat Balai TNGC",5,"Manajemen taman nasionalnya bagus, rangernya sangat peduli terhadap hikers, cepat tanggap, dan ramah. Jalan untuk hikers jelas. Jalan make juga oke.  Ada 3 jalur, palutungan, apuy, dan linggar jati. Rekomendasi lewat apuy. Palutungan jalannya muter banget, akhirnya saya ga nyampe puncak. Tapi ada mata air di POS 1 palutungan, jadi lumayan bgt buat santai2. Ada pondokkan buat api unggun di situ.  Hati2 salah belok di persimpangan apuy dan palutungan. Banyak yang nyasar akhirnya Naik lagi. Kasian bgt. Tp kalo ketemu ranger bisa dibantu nyebrang dari jalur palutungan ke apuy atau sebaliknya.  Di POS lain ga ada air, jadi bawa yang banyak kalo Mau ke puncak. Agustus kering Dan berangin, jadi perlu buff. Malem lebih dingin Karena lebih berangin.  Stay safe, enjoy the nature.","",positif
121,"Taman Nasional Gunung Ciremai (Pusat Balai TNGC)","Pusat Balai TNGC",5,"Gunung Ceremai (seringkali secara salah kaprah dinamakan ""Ciremai"") (Aksara Sunda Baku: ᮌᮥᮔᮥᮀ ᮎᮨᮛᮨᮙᮦ, Latin: Gunung Ceremé) adalah gunung berapi kerucut yang secara administratif termasuk dalam wilayah dua kabupaten, yakni Kabupaten Kuningan  dan Kabupaten Majalengka, Provinsi Jawa Barat. Posisi geografis puncaknya terletak pada 6° 53' 30"" LS dan 108° 24' 00"" BT, dengan ketinggian 3.078 m di atas permukaan laut. Gunung ini merupakan gunung tertinggi di Jawa Barat.  Gunung Ciremai  Gunung Ceremai dari arah Cigugur, Kuningan Titik tertinggi Ketinggian 3078 m (10098 ft)[1] Puncak 2792 m (9160 ft) Masuk dalam daftar Ultra Ribu Koordinat 6°32′S 108°14′E﻿ / ﻿6.53°S 108.24°E Geografi Gunung Ciremai Jawa Barat, Indonesia Geologi Jenis gunung Stratovolcano Letusan terakhir Maret 1951 Pendakian Rute termudah Palutungan Rute normal Apuy Linggarjati Linggasana  Gunung Ceremai dari Jalan Tol Cikopo-Palimanan arah Cirebon  Gunung Ceremai dari Desa Loji, Kecamatan Jatiwangi, Kabupaten Majalengka  G. Careme di awal abad ke-20. Foto koleksi Tropenmuseum Amsterdam. Gunung ini memiliki kawah ganda. Kawah barat yang beradius 400 m terpotong oleh kawah timur yang beradius 600 m. Pada ketinggian sekitar 2.900 m dpl di lereng selatan terdapat bekas titik letusan yang dinamakan Gowa Walet.  Kini G. Ceremai termasuk ke dalam kawasan Taman Nasional Gunung Ciremai (TNGC), yang memiliki luas total sekitar 15.000 hektare.  Nama gunung ini berasal dari kata cereme  (Phyllanthus acidus, sejenis tumbuhan perdu berbuah kecil dengan rada masam), namun seringkali disebut Ciremai, suatu gejala hiperkorek akibat banyaknya nama tempat di wilayah Pasundan yang menggunakan awalan 'ci-' untuk penamaan tempat.","",positif
122,"Taman Nasional Gunung Ciremai (Pusat Balai TNGC)","Pusat Balai TNGC",5,"Kami Naik melalui jalur pendakian Apuy .. BC nya trnyata udah ada di atas gunung , akses mnuju BC bsa sewa pick up atau pakai sepeda motor bergerigi bagi yg berani .jujur prjalanan nya sangat asyik , menantang Dan mnarik prkebunan sayur, mbentang luas di kanan kiri Jalan . Kamar Mandi BC banyak bersih ada mushola , warung"" .pihak BC welcome banget lah ramah , meski aku pakai Bahasa jawa kromo inggil mereka ttap Aja komunikatif .ranger"" pun bgtu, cuaca di sana sangat dingin tentunya jadi lbih baik persiapan prlengkapan  ,dsini jg tidak ada Sumber mata air.NB yg takut Sama babi lbih baik pilih tmpat camp yg ramai,  , Dan jng lupa trash bag iya . Bawa turun sampah ok.terimakasih 🙏","",positif
123,"Taman Nasional Gunung Ciremai (Pusat Balai TNGC)","Pusat Balai TNGC",5,"Bagus buat muncak, masih alami meski masih ada aja yg buang sampah sembarngan. Mudah2an kedepannya, pendaki lebih sadar diri membawa sampahnya turun lagi👌","",positif
124,"Taman Nasional Gunung Ciremai (Pusat Balai TNGC)","Pusat Balai TNGC",5,"Gunung ini memiliki kawah ganda. Kawah barat yang beradius 400 m terpotong oleh kawah timur yang beradius 600 m. Pada ketinggian sekitar 2.900 m dpl di lereng selatan terdapat bekas titik letusan yang dinamakan Gowa Walet.  Kini G. Ceremai termasuk ke dalam kawasan Taman Nasional Gunung Ciremai (TNGC), yang memiliki luas total sekitar 15.000 hektare.  Secara administratif termasuk dalam wilayah dua kabupaten, yakni Kabupaten Kuningan dan Kabupaten Majalengka, Provinsi Jawa Barat. Posisi geografis puncaknya terletak pada 6° 53' 30"" LS dan 108° 24' 00"" BT, dengan ketinggian 3.078 m di atas permukaan laut. Gunung ini merupakan gunung tertinggi di Jawa Barat.","",positif
125,"Taman Nasional Gunung Ciremai (Pusat Balai TNGC)","Pusat Balai TNGC",5,"Mahakarya Allah ciptakan yang akan kalian lihat dipuncak ciremei.. Mau liat lebih, ayo naik kesini...!!","",positif
126,"Taman Nasional Gunung Ciremai (Pusat Balai TNGC)","Pusat Balai TNGC",5,"Taman Nasional Gunung Ciremai (TNGC) adalah sebuah kawasan konservasi yang terletak di provinsi Jawa Barat, Indonesia. Taman nasional ini dimaksudkan untuk melindungi kekayaan hayati dan lingkungan di wilayah Gunung Ceremai. Penunjukannya dilakukan dengan SK Menhut RI No. 424/Menhut-II/2004 bertanggal 19 Oktober 2004, yang mengubah status hutan lindung di Gunung Ceremai menjadi kawasan taman nasional. Bentuk wilayah TN Gunung Ciremai cenderung melonjong, dengan sumbu panjang nyaris tepat di arah utara-selatan, dan dengan tiga tonjolan memanjang serupa tanjung di arah utara, barat, dan barat daya. Wilayah ini berada di antara garis-garis bujur 108°21'35""—108°28'00"" BT dan garis-garis lintang 6°50'25""—6°58'26"" LS. Topografinya sebagian besar bergelombang (64%) dan curam (22%), bergunung-gunung, dengan puncak tertinggi pada ketinggian 3.078 m dpl. Kawasan TNGC ini sebagian masuk wilayah Kabupaten Kuningan (8.931,27 ha), dan sebagian lagi di wilayah Kabupaten Majalengka (6.927,9 ha). Namun luas kawasan TNGC yang sah secara hukum dan sesuai dengan SK Menhut adalah ± 15.500 Ha. Di sebelah utara kawasan hutan ini berbatasan dengan wilayah Kabupaten Cirebon; sementara batas-batasnya di sisi timur terletak di kecamatan-kecamatan Cilimus, Jalaksana, dan Kramatmulya. Di selatan, batas-batas ini berada di wilayah Cigugur, Kadugede, Nusaherang, serta Darma; di barat berada di wilayah Majalengka.","",positif
127,"Taman Nasional Gunung Ciremai (Pusat Balai TNGC)","Pusat Balai TNGC",5,"Kemarin muncak ciremai lewat jalur apuy majalengka, htm 50k mantapp sama rombongan silat dari cirebon, cuaca bagus Alhamdulillah pulang selamat semua...thanks ciremai","",positif
128,"Taman Nasional Gunung Ciremai (Pusat Balai TNGC)","Pusat Balai TNGC",5,"Ciremai via Sadarehe, view indah pake banget, tapi jalur bikin jari2 kaki menangis... Worth it sih... mantap pokoknya","",positif
129,"Taman Nasional Gunung Ciremai (Pusat Balai TNGC)","Pusat Balai TNGC",5,"Gunung yang berlokasi di Kuningan ini memiliki tinggi 3.078mdpl yang merupakan gunung tertinggi di Jawa barat Mendaki gunung Ciremai menjadi salah satu pengalaman yang seru bagi saya sendiri karena banyak nya cerita dan kenalan baru yang di dapat di gunung Ciremai.","",positif
130,"Taman Nasional Gunung Ciremai (Pusat Balai TNGC)","Pusat Balai TNGC",5,"Gunung Ciremai adalah Gunung Tertinggi di Jawa Barat, dengan ketinggian 3078, waktu terbaik untuk mengunjungi Gunung Ciremai adalah bulan Juni sd Agustus, kita bisa menikmati matahari terbit.","",positif
131,"Taman Nasional Gunung Ciremai (Pusat Balai TNGC)","Pusat Balai TNGC",4,"Mantap tempat yang sangat sejuk dan indah. trak jalur pendakian yang menantang dan udara yang sejuk tapi puas karna disana kita bisa nenangkan pikiran.","",positif
132,"Taman Nasional Gunung Ciremai (Pusat Balai TNGC)","Pusat Balai TNGC",5,"Cuacanya Dingin Banget....alhamdulillah bisa sampe puncaknya...meskipun pas turunya ada insiden.","",positif
133,"Taman Nasional Gunung Ciremai (Pusat Balai TNGC)","Pusat Balai TNGC",5,"Salah satu kawasan konservasi di Jawa Barat, terletak di tiga kabupaten yaitu Cirebon, Kuningan dan Majalengka. Taman nasional ini mempunyai pesona tersendiri sehingga banyak memikat wisatawan untuk berkunjung terutama yang punya hobi mendaki gunung, di karenakan gunung ciremai merupakan gunung tertinggi di provinsi Jawa Barat.","",positif
134,"Taman Nasional Gunung Ciremai (Pusat Balai TNGC)","Pusat Balai TNGC",5,"Ini adala gunung yg bener2 indah gunung yg mengajarkan artinya menghemat air, kalina harus coba kesini karena gunung ini menurut saya mengajarkan arti sebuah perjalanan kehidupan ( bkn lebay tapi ini menurut versi saya) 😊😊","",positif
135,"Taman Nasional Gunung Ciremai (Pusat Balai TNGC)","Pusat Balai TNGC",5,"Cobain naik sampe puncaknya dan disana elo bakal ngerasai kepuasan yg ga pernah oramg lain rasain","",positif
136,"Taman Nasional Gunung Ciremai (Pusat Balai TNGC)","Pusat Balai TNGC",4,"Lokasi Desa Wisata Cibuntu yang kami kelola memang bersinggungan dengan Taman Nasional Gunung Ciremai. Ada beberapa aturan yg kami rasa kurang bijaksana terhadap masyarakat yg dulu LMDH atau PHBM. Mudah2an dengan dialog yg intesif dapat memperbaiki kesepahaman antara masyarakat dan TNGC","",positif
137,"Taman Nasional Gunung Ciremai (Pusat Balai TNGC)","Pusat Balai TNGC",5,"Naik via apuy padahal terkenal dengan track lumayan mudah, tapi menurutku yang baru pertama kali lumayan agak menyusahkan.","",positif
138,"Taman Nasional Gunung Ciremai (Pusat Balai TNGC)","Pusat Balai TNGC",5,"Have a great hiking di Gunung tertinggi di Jawa Barat ini. Sempat sangsi dengan kondisi cuaca dan fisik yang lama ga ditempa. Tapi karena semangat dan tekad keyakinan bersama sampailah kami semua di puncak ciremai","",positif
139,"Taman Nasional Gunung Ciremai (Pusat Balai TNGC)","Pusat Balai TNGC",5,"Gapernah bosen ke kawasan ini,  terlebih kenangan lihat kawah gunung ciremai sama orang yang beda-beda sebagai partner naik gunung","",positif
140,"Taman Nasional Gunung Ciremai (Pusat Balai TNGC)","Pusat Balai TNGC",5,"Mt Ciremai via bc apuy. Treknya enak, bnyak bonus nya. Pemandangan di atas masya allah luarrrrr byazah sekali. Suatu hr pngen naik ksini lagi.","",positif
141,"Taman Nasional Gunung Ciremai (Pusat Balai TNGC)","Pusat Balai TNGC",5,"Sabtu 17-11-18, saya dg 2 tmn saya mnghabiskan liburan d.gunung Ciremai(via Palutungan) untuk Medan pendakian lumayan buat kaki pegel😁.. view d.puncak pun tak mengecewakan (asal cuaca bagus),klo mau naik musim ujan kurng  recomanded psti jalanan licin apalagi pas summit Krn jalur ny adlh jalur air byk pasir+ batu, overall puas😁,","",positif
142,"Taman Nasional Gunung Ciremai (Pusat Balai TNGC)","Pusat Balai TNGC",5,"Untuk menuju puncak ciremai bisa melalui jalur Apuy yg berada di Majalengkau, untuk mencapai basecamp lumayan agak jauh dan harus menggunakan kendaraan umum seperti penyewaan mobil pick up kisaran 50  rb/orang dan kita di basecamp bisa menikmati keindahan air terjun Ciremai","",positif
143,"Taman Nasional Gunung Ciremai (Pusat Balai TNGC)","Pusat Balai TNGC",5,"Muncak ciremai the best... 3078 mdpl... Pas sampai puncak tidak terasa ya hilang sudah semua beban pas dalam perjalanan","",positif
144,"Taman Nasional Gunung Ciremai (Pusat Balai TNGC)","Pusat Balai TNGC",5,"Baru pertama merasakan naik Gunung..exiting banget..perasaan cape, pegel dan napas ngos-ngosan..ma'lum pendaki tua..tapi  setelah sampai puncak...indah sekali...cape nya terbayar..dan pengalaman nya akan selelu dikenang..","",positif
145,"Taman Nasional Gunung Ciremai (Pusat Balai TNGC)","Pusat Balai TNGC",5,"Puncai Ciremai 3078 Mdpl Butuh waktu sekitar 6-8 jam jika mendaki santai.","",positif
146,"Taman Nasional Gunung Ciremai (Pusat Balai TNGC)","Pusat Balai TNGC",5,"Taman nasiaonal gunung ciremai adalaha gunung yang terletak di kabupaten majalengka,  cirebon dan kuningan. Memiliki ketinggian 3078mdpl dan termasuk gunung tertinggi di jawa barat.","",positif
147,"Taman Nasional Gunung Ciremai (Pusat Balai TNGC)","Pusat Balai TNGC",5,"Gunung yang selalu kelihatan dari desa saya, sekarang saya lihat dari kereta. Memang viewnya bagus banget","",positif
148,"Taman Nasional Gunung Ciremai (Pusat Balai TNGC)","Pusat Balai TNGC",5,"Malam diganggu bagas, pagi diterjang kabut Atap Jawa Barat memang indah dan sulit dilupakan","",positif
149,"Taman Nasional Gunung Ciremai (Pusat Balai TNGC)","Pusat Balai TNGC",5,"Menyenangkan, banyak hutan lumut, hati2 kalau camp di pos 5, karena ada babi hutan","",positif
150,"Taman Nasional Gunung Ciremai (Pusat Balai TNGC)","Pusat Balai TNGC",4,"Puncak gunung yang luas, kawah yang membentang dipadu kabut adalah penyatuan keindahan dan kesejukan....","",positif
151,"Taman Nasional Gunung Ciremai (Pusat Balai TNGC)","Pusat Balai TNGC",5,"Lewat jalur Palutungan. Jalur lumayan apalagi pas tanjakan asoy...bene2 Asoy😂. Hati2 tas yg berisi makanan jangan letakkan diluar tenda, bisa diseret bagong a.k babi hutan.","",positif
152,"Taman Nasional Gunung Ciremai (Pusat Balai TNGC)","Pusat Balai TNGC",5,"Keren kalo muncak kesini, dan di puncak juga ada sinyal internet 4G LTE untuk kartu Telkomsel dan Smartfren","",positif
153,"Taman Nasional Gunung Ciremai (Pusat Balai TNGC)","Pusat Balai TNGC",5,"Gunung tertinggi di jawa barat, lewat jalur palutungan trek yg lumayan ber variasi namun panjang.","",positif
154,"Taman Nasional Gunung Ciremai (Pusat Balai TNGC)","Pusat Balai TNGC",5,"Lumayan , trek untuk summit ke puncak nya ..  Sangatlah menantang ..","",positif
155,"Taman Nasional Gunung Ciremai (Pusat Balai TNGC)","Pusat Balai TNGC",5,"Disini merupakan tempat gunung mendaki untuk menuju gunung ciremai yang masuk melalui jalur apuy yang merupakan pos 1 puncak ciremai memiliki 6 pos dan recomendt banget bagi kalian yang mau mendaki gunung kesini karena merupakan puncak gunung tertinggi di jawa barat","",positif
156,"Taman Nasional Gunung Ciremai (Pusat Balai TNGC)","Pusat Balai TNGC",5,"Ka Ciremai kalo ga summit sayang banget, kalo kuat mending sampe summit karena langit nya menyejukkan hati dan pikiran apalagi sambil ditemani segelas kopi dan cemilan, tapi kalo gakuat buat summit gapapa jangan maksa yaaa...","",positif
157,"Taman Nasional Gunung Ciremai (Pusat Balai TNGC)","Pusat Balai TNGC",5,"melihat pemandangan gunung slamet, papndayan, cikuray, gede...dari pucuk tertinggi di jawa barat","",positif
158,"Taman Nasional Gunung Ciremai (Pusat Balai TNGC)","Pusat Balai TNGC",5,"Jagalah flora, fauna serta lingkungannya, bagi para pengunjung buanglah sampah pada tempatnya agar alam selalu terjaga tetap seperti ini  Nyaman, banyak satwa yg dapat kita amati dari kejauhan","",positif
159,"Taman Nasional Gunung Ciremai (Pusat Balai TNGC)","Pusat Balai TNGC",4,"Mantap buat yang suka ngecamp.. Ada air terjun pula.. Nyesel kalo gak mandi","",positif
160,"Taman Nasional Gunung Ciremai (Pusat Balai TNGC)","Pusat Balai TNGC",5,"Pemandangan bagus, jalur yg melelahkan tp puas","",positif
161,"Taman Nasional Gunung Ciremai (Pusat Balai TNGC)","Pusat Balai TNGC",5,"jalur Trisakti Saderahe .. jalur yang suka tantangan dalam pendakian .. keren abis pokok nya ..","",positif
162,"Taman Nasional Gunung Ciremai (Pusat Balai TNGC)","Pusat Balai TNGC",5,"Yuk kesana yuk Semoga bisa kesana melihat ciptaan Allah subhanahu watala Aamiin","",positif
163,"Taman Nasional Gunung Ciremai (Pusat Balai TNGC)","Pusat Balai TNGC",5,"Via Linggarjati track nya ajib gak salah klo di bilang jalur wali dan penuh dengan cerita , mitos , dan sejarah","",positif
164,"Taman Nasional Gunung Ciremai (Pusat Balai TNGC)","Pusat Balai TNGC",5,"Sooo ciremaii Is beautiful mountain, thankk mu boy friends udahh buat ngajak nanjak ke gunung tertinggi se-Jawa barat , OMG nggak nyangka banget 😭 next time kitaaaa ke gunung yg lainya yaa😘😘","",positif
165,"Taman Nasional Gunung Ciremai (Pusat Balai TNGC)","Pusat Balai TNGC",5,"Tempat yang sangat indah, wajib untuk dikunjungi bagi para pendaki !!","",positif
166,"Taman Nasional Gunung Ciremai (Pusat Balai TNGC)","Pusat Balai TNGC",5,"Pengalaman yg beneran keren bangt bisa sampe puncak 😆😆","",positif
167,"Taman Nasional Gunung Ciremai (Pusat Balai TNGC)","Pusat Balai TNGC",5,"Gunung tertinggi di jawa barat ini sangat saya rekomendasikan untuk pendaki, karena ketika sampai puncak rasa lelah anda akan terbayar dengan pemandangan yang luar biasa","",positif
168,"Taman Nasional Gunung Ciremai (Pusat Balai TNGC)","Pusat Balai TNGC",5,"Treknya cukup berat, namun semua terbayar dengan pemandangan yg sangat Indah ketika berada di puncak","",positif
169,"Taman Nasional Gunung Ciremai (Pusat Balai TNGC)","Pusat Balai TNGC",5,"Puncak tertingginya jawa barat. Sebaiknya lebih asik melalui jalur apuy bro","",positif
170,"Taman Nasional Gunung Ciremai (Pusat Balai TNGC)","Pusat Balai TNGC",5,"Puncak tertinggi di Jawa Barat, sangat di sayangkan padang edelweiss nya banyak yg terbakar akibat kebakaran hutan","",positif
171,"Taman Nasional Gunung Ciremai (Pusat Balai TNGC)","Pusat Balai TNGC",5,"Jalur pendakian via Apuy Argapura Majalengka merupakan trek terpendek dari jalur pendakian yang ada. Cuma 8 jam anda bisa sampai di atap Jawa Barat tersebut.","",positif
172,"Taman Nasional Gunung Ciremai (Pusat Balai TNGC)","Pusat Balai TNGC",5,"Ngetrip via palutungan muantab jiwa smpe Kaki Pada melehoy.... Tapi... Pas smpe puncaknya rasa Lelah terbayar dgn Keindahan pemandangannya....","",positif
173,"Taman Nasional Gunung Ciremai (Pusat Balai TNGC)","Pusat Balai TNGC",5,"Meledak pokoknya... 😅 Trek & jalurnya sedap2 gmn gth, heheh","",positif
174,"Taman Nasional Gunung Ciremai (Pusat Balai TNGC)","Pusat Balai TNGC",5,"Gunung favourite sebagian para pendaki dengan banyak pilihan jalur pendakian sesuai kemampuan kita. di suguhi pemdandangan nan eksotis dan membuat para pendaki betah berada di sini dan membuat rindu.","",positif
175,"Taman Nasional Gunung Ciremai (Pusat Balai TNGC)","Pusat Balai TNGC",5,"TNGC... adem... bersih..lapor dulu sebelum naik...jgn lupa bawa turun lagi sampah nya....","",positif
176,"Taman Nasional Gunung Ciremai (Pusat Balai TNGC)","Pusat Balai TNGC",5,"Gunung ciremai adalah negeri diatas awan, tidak banyak orang juga yang ingin mendaki Karena mereka berpendapat katanya lelah trus buat apa hanya untuk mendaki dan berselfie. Tapi menurutku beda, gunung ciremai adalah negeri diatas awan yang membuat kita menikmati proses betapa lelahnya sampai kepuncak dengan berbagai keluhan tetapi itu lah yang menarik, bukan hanya ingin menikmati hasilnya saja.","",positif
177,"Taman Nasional Gunung Ciremai (Pusat Balai TNGC)","Pusat Balai TNGC",5,"Nice mountain, keren abis, ga bosan bosan kesini terus","",positif
178,"Taman Nasional Gunung Ciremai (Pusat Balai TNGC)","Pusat Balai TNGC",4,"Pagi jam 3.... Bili kambing ubtuk konsumsi qurban kambing jakarta...","",positif
179,"Taman Nasional Gunung Ciremai (Pusat Balai TNGC)","Pusat Balai TNGC",4,"View yang bagus dan udara yang sejuk. Ada beberapa tempat dengan spot foto yang bagus bagi yang suka selfie atau pun para pecinta landscape","",positif
180,"Taman Nasional Gunung Ciremai (Pusat Balai TNGC)","Pusat Balai TNGC",5,"Tempat yg keren untuk pendakian,, nuansa tropis nya berasa banget dengan banyak pohon rindang di dalam nya.","",positif
181,"Taman Nasional Gunung Ciremai (Pusat Balai TNGC)","Pusat Balai TNGC",5,"Wajib banget nanjak ke Gunung Ciremai, tertinggi di Jawa Barat!","",positif
182,"Taman Nasional Gunung Ciremai (Pusat Balai TNGC)","Pusat Balai TNGC",5,"Kalau ingin naik puncak ceremai jalurnya mendingan via apuy bagi saya itu paling dekat","",positif
183,"Taman Nasional Gunung Ciremai (Pusat Balai TNGC)","Pusat Balai TNGC",5,"Pemandangan sangat indah tiket masuk cukup mahal tapi worth it sih, jalanan menuju ke basecamp sempit dan curam","",positif
184,"Taman Nasional Gunung Ciremai (Pusat Balai TNGC)","Pusat Balai TNGC",5,"Jalur pendakian Linggarjati sangat wow, tanpa bonus jek.. bagi yg pemula jgn lewat sini, lebih baik pilih jalur pendakian Palutungan atau Apuy 👍","",positif
185,"Taman Nasional Gunung Ciremai (Pusat Balai TNGC)","Pusat Balai TNGC",5,"Summit gunung ciremai 3078 mdpl melalui jalur apuy majalengka.","",positif
186,"Taman Nasional Gunung Ciremai (Pusat Balai TNGC)","Pusat Balai TNGC",4,"Bumi pelangi Babakan mulya Sukamukti... kunjungi pasti puas... sejuk dan dikin hati adem😂😂😂🖒","",positif
187,"Taman Nasional Gunung Ciremai (Pusat Balai TNGC)","Pusat Balai TNGC",5,"pendakian tahun 2017 via Linggarjati dan tahun 2019 via Linggasana Baru","",positif
188,"Taman Nasional Gunung Ciremai (Pusat Balai TNGC)","Pusat Balai TNGC",5,"Gunung tertinggi di Jawa barat ini memiliki ketinggian 3017 mdpl gunung Ciremai dapat kita dari dari tiga bc yaitu bc Palutungan bc Linggajati dan bc Apuy","",positif
189,"Taman Nasional Gunung Ciremai (Pusat Balai TNGC)","Pusat Balai TNGC",5,"gunung ciremai via apuy🙏🙏🙏","",positif
190,"Taman Nasional Gunung Ciremai (Pusat Balai TNGC)","Pusat Balai TNGC",4,"Termasuk dalam kategori Gunung tertinggi di jawa tengah, Gunung ciremai bisa menjadi salah satu rekomendasi untuk dijelajahi. Masuk dalam kawasan Taman Nasional Gunung Ciremai menjadikannya asri.","",positif
191,"Taman Nasional Gunung Ciremai (Pusat Balai TNGC)","Pusat Balai TNGC",5,"Jalur pendakian cukup bervariasi, wajib persiapan fisik baik pendakian tektok maupun yang camp","",positif
192,"Taman Nasional Gunung Ciremai (Pusat Balai TNGC)","Pusat Balai TNGC",5,"Penuh cerita, udah mh di bohongi pas d terminal, dapet bus jelek, d jln malah kelabasan, kudu balik lagi pakai ojek, berhenti di restarea hp ilang, pas mau ke basecamp malah mobil angkotnya ga bisa anter, dgn muka melas ahirnya di anter, smp base dapet sambutan hangat, tidur gratis di rumah warga, kasih slimut hangat, yg laen mh tdur di luar, ini tdur di dalem, emang ya usaha perjuangn tu endingnya ga mngecewakan, berikut momen2nya.","",positif
193,"Taman Nasional Gunung Ciremai (Pusat Balai TNGC)","Pusat Balai TNGC",5,"pendakian yg lumayan menguras tenaga tapi sampe puncak view nya indah banget","",positif
194,"Taman Nasional Gunung Ciremai (Pusat Balai TNGC)","Pusat Balai TNGC",5,"Jalur track via apuy  beberapa waktu silam sebelum pandemi","",positif
195,"Taman Nasional Gunung Ciremai (Pusat Balai TNGC)","Pusat Balai TNGC",5,"Track nya lumayan","",positif
196,"Taman Nasional Gunung Ciremai (Pusat Balai TNGC)","Pusat Balai TNGC",5,"tempatnya indah dan sejuk","",positif
197,"Taman Nasional Gunung Ciremai (Pusat Balai TNGC)","Pusat Balai TNGC",5,"pengalaman ok","",positif
198,"Taman Nasional Gunung Ciremai (Pusat Balai TNGC)","Pusat Balai TNGC",5,"Seru di situ","",positif
199,"Taman Nasional Gunung Ciremai (Pusat Balai TNGC)","Pusat Balai TNGC",5,"pendakian ciremai Yng berkesan","",positif
200,"Taman Nasional Gunung Ciremai (Pusat Balai TNGC)","Pusat Balai TNGC",5,"Aku akan lebih berhati-hati, Berbahagialah tanpa melihat ke arahku lagi🤪🔥❤️‍🔥","",positif
201,"Taman Nasional Gunung Ciremai (Pusat Balai TNGC)","Pusat Balai TNGC",5,"Pertama kali naik gunung, langsung tektok di gunung tertinggi di jabar hahahaha. Seru banget! Bisa tektok ges, kalian pasti kuat. Mulai jam 3 malam dari basecamp, turun sampe di basecamp lagi set 8 malam wkwkwkw. Tapi jujur puncaknya worth it banget sih, walaupun memang perjuangan banget sampe sana. Mau banget naik gunung lainnya!","",positif
202,"Taman Nasional Gunung Ciremai (Pusat Balai TNGC)","Pusat Balai TNGC",5,"Absolutely one of my best experience of hiking and camping in a mountain. Highest mountain in West Java, once you get to the top, the view is absolute surreal and breath taking. You could also see couple mountains from Ciremai. I went there through Palutungan route. Just watch out for the wild boar!!","",positif
203,"Taman Nasional Gunung Ciremai (Pusat Balai TNGC)","Pusat Balai TNGC",5,"rekomendasi kue ulang tahun dan snack acara","",positif
204,"Taman Nasional Gunung Ciremai (Pusat Balai TNGC)","Pusat Balai TNGC",5,"SOOOOO GOOOOOOOOODDDDDDDDDDDDDDDD","",positif
205,"Taman Nasional Gunung Ciremai (Pusat Balai TNGC)","Pusat Balai TNGC",5,"This is the highest point of West Java point, this grade is difficult. Whichever paths you take, prepare yourself well. Climb in the dry season is the best time.","",positif
206,"Taman Nasional Gunung Ciremai (Pusat Balai TNGC)","Pusat Balai TNGC",5,"sanagt baik pelayanan nya","",positif
207,"Taman Nasional Gunung Ciremai (Pusat Balai TNGC)","Pusat Balai TNGC",5,"Tempat yg sangat indah dan sejuk","",positif
208,"Taman Nasional Gunung Ciremai (Pusat Balai TNGC)","Pusat Balai TNGC",5,"Baitul kamil jayaaa","",positif
209,"Taman Nasional Gunung Ciremai (Pusat Balai TNGC)","Pusat Balai TNGC",5,"beautiful","",positif
210,"Taman Nasional Gunung Ciremai (Pusat Balai TNGC)","Pusat Balai TNGC",5,"Gunung cantik di Jawa Barat saya suka pemandangan dari gunung ciremai","",positif
211,"Taman Nasional Gunung Ciremai (Pusat Balai TNGC)","Pusat Balai TNGC",5,"Cocok buat uji daya tahan","",positif
212,"Taman Nasional Gunung Ciremai (Pusat Balai TNGC)","Pusat Balai TNGC",5,"Its very good","",positif
213,"Taman Nasional Gunung Ciremai (Pusat Balai TNGC)","Pusat Balai TNGC",5,"Nature of healing","",positif
214,"Taman Nasional Gunung Ciremai (Pusat Balai TNGC)","Pusat Balai TNGC",5,"pemandangan nya bagus, menjadi momen yang tidak pernah saya lupakan sampai detik ini","",positif
215,"Taman Nasional Gunung Ciremai (Pusat Balai TNGC)","Pusat Balai TNGC",5,"Alhamdulilah","",positif
216,"Taman Nasional Gunung Ciremai (Pusat Balai TNGC)","Pusat Balai TNGC",5,"Wonderful Indonesia","",positif
217,"Taman Nasional Gunung Ciremai (Pusat Balai TNGC)","Pusat Balai TNGC",5,"sangat bagus","",positif
218,"Taman Nasional Gunung Ciremai (Pusat Balai TNGC)","Pusat Balai TNGC",5,"Gunung yang indah","",positif
219,"Taman Nasional Gunung Ciremai (Pusat Balai TNGC)","Pusat Balai TNGC",5,"Wahh bagus bet sih pemandangan nya tapi cape pegel waktu naek","",positif
220,"Taman Nasional Gunung Ciremai (Pusat Balai TNGC)","Pusat Balai TNGC",5,"Tempat yang sejuk, damai dan dipenuhi dengan keramah tamahan warga sekitar","",positif
221,"Taman Nasional Gunung Ciremai (Pusat Balai TNGC)","Pusat Balai TNGC",5,"Ngadem dg view yg memukau..","",positif
222,"Taman Nasional Gunung Ciremai (Pusat Balai TNGC)","Pusat Balai TNGC",5,"The best pokok nya","",positif
223,"Taman Nasional Gunung Ciremai (Pusat Balai TNGC)","Pusat Balai TNGC",5,"Tekok deket dari rumah","",positif
224,"Taman Nasional Gunung Ciremai (Pusat Balai TNGC)","Pusat Balai TNGC",5,"Kereen view nya","",positif
225,"Taman Nasional Gunung Ciremai (Pusat Balai TNGC)","Pusat Balai TNGC",5,"The breathtaking view of Mount Ciremai from the Hotel Santika Linggarjati is cool and great. It's never boring to gaze at this mountain, it seems to beckon you to visit. The crisp, fresh morning air creates a sacred and romantic atmosphere.","",positif
226,"Taman Nasional Gunung Ciremai (Pusat Balai TNGC)","Pusat Balai TNGC",5,"Alam dan hukum alam","",positif
227,"Taman Nasional Gunung Ciremai (Pusat Balai TNGC)","Pusat Balai TNGC",5,"Toko wijaya niaga terbaik. Pengiriman cepat.","",positif
228,"Taman Nasional Gunung Ciremai (Pusat Balai TNGC)","Pusat Balai TNGC",5,"Sangat indah, aman bagus untuk wisata keluarga, tpi hati2 jalan menuju lokasi berkelok","",positif
229,"Taman Nasional Gunung Ciremai (Pusat Balai TNGC)","Pusat Balai TNGC",5,"Sungguh luar biasa wisata ini dengan view gunung ciremai,dan suasana alam segarr","",positif
230,"Taman Nasional Gunung Ciremai (Pusat Balai TNGC)","Pusat Balai TNGC",5,"bestest view ever!","",positif
231,"Basecamp Pendakian Jalur Palutungan & Apuy","Jalur Pendakian & Basecamp",1,"Rating basecamp ciremai via apuy: ⭐️ Kita mulai pertama dari akeses jalan yang jelek banget (tidak di rekomendasikan pake motor sampe basecamp) ditambah banyak pungli di sepanjang jalannya, kedua untuk fasilitas seperti tempat istirahat yg terlalu kecil dan kurang nyaman kira kira untuk 10 orang pun kayaknya tidak cukup, yang ketiga km/toilet umum sangat” kotor sekali dan toilet udah banyak yg rusak, yang ke empat untuk pelayanan orang basecamp yg kureng seperti segistrasi buka jam 8 pagi sampe jam 11 doang wkwkwk baru kali ini liat basecamp hanya buka 3 jam doang, pokoknya menurut aku serba aneh lah, dan terakhir untuk biaya simaksi yg cukup mahal dibandingkan dengan basecamp” gunung lain yaitu 125rb perorang itu belum sama parkir, untuk registrasi online sendiri cukup murah yaitu 40rb perorang tetapi pas sampe basecamp di kenakan tambahan biaya lagi wkwkwk (dapet makan tahu,tempe,telor+sertifikat yg tidak di sertai nama dan tidak jelas sertifikat itu untuk apa di bikinnya), menurut saya dengan biaya segitu tingginya tidak pass dengan fasilitas dan pelayanan yg di berikan oleh pihak basecamp. Mungkin hanya sedikit kritik untuk pihak basecamp semoga cepat” di benahi🙏 RATING: -1000","",negatif
232,"Basecamp Pendakian Jalur Palutungan & Apuy","Jalur Pendakian & Basecamp",1,"wc bau banget ... tempat wudhu miring dan ada air menggenang yang sudah lama jamuran .. keran buat wudhu cuman cuman 1 itupun hampir bocor .. tempat singgah istirahat pendaki tdk terurus bngt seperti bangunan yg lama tdk terpakai entah knpa al hasil pendaki lbh baik tdr d homestay yg ada d sekitar bc apuy aja ...  padahal bayar lumayan mahal loh 125rb per orang ..tp fasilitas yg d dapetin kya gtt ... sayang bngt ... ngga rekomendasi bngt ke Ciremai via apuy menurut saya ..","",negatif
233,"Basecamp Pendakian Jalur Palutungan & Apuy","Jalur Pendakian & Basecamp",1,"Banyak warung. Ada pos ranger. Ada gedung breafing. Sayangnya shelter hanya ada di pos 1. Pos 2 -5 gak ada shelter. Padahal pendaki sangat bth uth brteduh jika hujan","",negatif
234,"Basecamp Pendakian Jalur Palutungan & Apuy","Jalur Pendakian & Basecamp",1,"basecamp tergajelas dateng jam 10 malem di bc gada siapa siapa, pas dichat malah bilang “penjaganya pada dirumah semua” lah terus yang mau mendaki gimana kocak trus disuruh ke pusat informasi aja buat nginep semalem yang katanya ada lampu dan listrik,  ternyata gada wkwkw mati semua. terus uda komplen gada listrik malah bilang “aduh” doang wkwkw gajelass. katanya pendaftaran buka jam 7, ini malah jam 8 wkwkkw mana warung cuma buka 1 lagi fyi: jangan sewa alat di basecamp, mahal doang gear nya seadanya wkwkw kyk ganiat nyewain tapi harganya muahal bgt gajelass gakan lagi ke ciremai lewat apuy kecewa berat  besoknya ditanya sama salah satu pendaki kenapa listrik nya mati. malah jawab “belum dibayar” kocakk simaksi doang mahal bayar listrik buat bc gabisa","",negatif
235,"Basecamp Pendakian Jalur Palutungan & Apuy","Jalur Pendakian & Basecamp",1,"Mahal harga tiketnya 120ribu... Padahal dftr di online jauh lebih murah...","",negatif
236,"Basecamp Pendakian Jalur Palutungan & Apuy","Jalur Pendakian & Basecamp",1,"Gak ramah pos regist wkwkkw,kalo ga di izinin MH gapapa sy MH, cuman gausah nyinyir juga atuh,saya Dateng juga baik baik,legeg","",negatif
237,"Basecamp Pendakian Jalur Palutungan & Apuy","Jalur Pendakian & Basecamp",1,"penjaga bc nya ga ramah, apalagi yg di pos 5 toxic banget orangnya","",negatif
238,"Basecamp Pendakian Jalur Palutungan & Apuy","Jalur Pendakian & Basecamp",1,"Gunung ciremai memang mantap 🤩","",negatif
239,"Basecamp Pendakian Jalur Palutungan & Apuy","Jalur Pendakian & Basecamp",2,"Teruntuk para pendaki yang ingin ke BC malam hari hati-hati ada oknum karang taruna meminta Pungli Retribusi Jalan, lokasinya setelah pemukiman didekat perkebunan sayur sebelum villa saung apuy, saya salah satu korban bersama teman lainya dimintai 10.000 per/motor dengan tatapan intimidasi dan memaksa, saya ada bukti karcisnya kejadinya di malam jumat tanggal 27 juni 2025. Dan anehnya ketika kami selesai pendakian siang hari dilokasi tersebut tidak ada pungutan liar retrisusi jalan, padahal kalo pagi dan siang itu ramai pendaki bawa motor mereka bisa untung, tapi ini gak ada jelas sekali ini PUNGLI KEPADA PENDAKI MALAM BC APUY SANGAT MERUGIKAN kami bayar mahal 125.000 simaksi dan harus bayar juga Pungli jalan ? memalukan sekali lagi ini mencoreng nama baik BC apuy semoga ditindak lanjuti aksi PUNGLI PREMAN KAMPUNG ! Jalan desa adalah tanggung jawab perangkat desa, ada dana desa untuk jalan apalagi jalan itu hidup sebagai penyambung perekonomian warga berkebun sayur dan ke BC apuy pedagang dan staf BC kenapa harus membebankan kepada pengunjung yg juga berkontribusi menaikan pendapatan warga setempat. Kami bayar tidak gratis dan murah. Tolong berlaku adil","",negatif
240,"Basecamp Pendakian Jalur Palutungan & Apuy","Jalur Pendakian & Basecamp",2,"Enakan y kalo bisa ke situ lagih😊","",negatif
241,"Basecamp Pendakian Jalur Palutungan & Apuy","Jalur Pendakian & Basecamp",2,"17 AGUSTUS 2002 AKBAR","",negatif
242,"Basecamp Pendakian Jalur Palutungan & Apuy","Jalur Pendakian & Basecamp",3,"Terdapat MCK yang bersih, Warung2 yang menyediakan cemilan dan makanan ringan. Suasanya masih asri. Naik motor bayar tiket parkir 5000.","",netral
243,"Basecamp Pendakian Jalur Palutungan & Apuy","Jalur Pendakian & Basecamp",3,"Fasilitas seperti wc, mushola dan parkiran sudah memadai, tapi fasilitas tersebut masih kurang terawat, seperti di dalam wc masih banyak sampah, parkiran juga banyak sampah, dan di mushola sajadahnya kotor padahal mushola diharuskan bersih dan suci agar ibadah kita diterima, mushola kotor karena banyak pendaki yang tidur di mushola, alangkah baiknya para pendaki dilarang tidur di mushola agar mushola tetap bersih, dan alasan para pendaki tidur di mushola sepertinya karena kurangnya fasilitas untuk beristirahat, ada fasilitas istirahat lainnya di bawah pos pendaftaran (bayar parkir) tapi fasilitas itu tidak terawat dengan baik, didalamnya banyak sampah dan lampunya mati, mungkin itu salah satu alasan para pendaki lebih memilih tidur di mushola ketimbang tidur di fasilitas sana, saya harap juga para penjaga pos pendakian via apuy membuat peraturan jam malam, di atas jam 10 agar pendaki bisa beristirahat dengan tenang, soalnya waktu saya beristirahat, sekitar jam 12 malam ranger apuy memutar musik, musiknya dj lagi 😭, melalui pengeras suara(speaker) dan saya dan teman-teman pendaki lain merasa terganggu akan hal tersebut, padahal ranger tersebut melarang para pendaki untuk membawa speaker saat pendakian. Untuk biaya 125k menurut saya, penjaga pos pendakian via apuy masih kurang bisa menjaga dan merawat fasilitas yang ada di pos pendakian. Semoga untuk kedepannya penjaga pos pendakian via apuy bisa merawat dan menjaga kebersihan fasilitas dan area pos dengan baik. Semoga kritik dan saran saya tersampaikan. TERIMAKASIH 🙏","",netral
244,"Basecamp Pendakian Jalur Palutungan & Apuy","Jalur Pendakian & Basecamp",3,"Ntah kenapa saya mengikuti titik map disini nyasar dan kebablasan.  Jika memutuskan untuk ke apuy tanyakan jalurnya ke pangkalan ojek yang dekat apuy dan parkirkab saja motornya dibawah. Naik ke atas bisa sewa mobil grumpung 25k/orang.","",netral
245,"Basecamp Pendakian Jalur Palutungan & Apuy","Jalur Pendakian & Basecamp",3,"Mungkin tambahan aja. Untuk toilet dan musholla kalau rutin dibersihkan dan dirapihkan, kran dan pintu yg rusak dibetulin akan semakin perfect si","",netral
246,"Basecamp Pendakian Jalur Palutungan & Apuy","Jalur Pendakian & Basecamp",3,"Lokasinya jauh dari jalan raya, melewati Medan perkebunan dapat di susuri menggunakan sepeda motor atau mobil pick up. Sebenarnya tempat parkir nya luas, memangkas waktu pendakian Ciremai jauh lebih cepat.  Hanya saja selama covid-19, semua wisata di kabupaten Majalengka ditutup untuk sementara. Untuk kawasan.wisata di kecamatan agrapura sendiri ditutup dari tanggal 23 Desmember 2020 - 8 Januari 2021. Mudahnya bagi yang belum.pernah kesini, bisa mengikuti poin di Google maps. Rekomendasi semoga jalur ke Basecamp yang melalui perbukitan bisa di semen/cor bukannya tanah.","",netral
247,"Basecamp Pendakian Jalur Palutungan & Apuy","Jalur Pendakian & Basecamp",3,"Mines Akses jalan sulit. Curam dan bebatuan belum di aspal. Plusnya pendakian tercepat via apuy cocok buat pemula","",netral
248,"Basecamp Pendakian Jalur Palutungan & Apuy","Jalur Pendakian & Basecamp",3,"Lokasi memiliki panorama yang indah.","",netral
249,"Basecamp Pendakian Jalur Palutungan & Apuy","Jalur Pendakian & Basecamp",3,"Warungnya banyak dan lumayan rame, cuman pas dijalan sering di pinta uang sampe 3x","",netral
250,"Basecamp Pendakian Jalur Palutungan & Apuy","Jalur Pendakian & Basecamp",3,"Nanggung. Antara mau dimodernkan atau ttp alami. Karena banyak warung2 tapi kondisinya kurang baik.","",netral
251,"Basecamp Pendakian Jalur Palutungan & Apuy","Jalur Pendakian & Basecamp",3,"Karna lumayan mengasah buat yang perdana atau yang pertama kali mendaki gunung","",netral
252,"Basecamp Pendakian Jalur Palutungan & Apuy","Jalur Pendakian & Basecamp",3,"Registrasinya mahal fasilitasnya juga kurang layak seperti toilet dll","",netral
253,"Basecamp Pendakian Jalur Palutungan & Apuy","Jalur Pendakian & Basecamp",3,"Tempat nyaa pokonya bersih.","",netral
254,"Basecamp Pendakian Jalur Palutungan & Apuy","Jalur Pendakian & Basecamp",3,"Pintu masuk via apuy yang terjal","",netral
255,"Basecamp Pendakian Jalur Palutungan & Apuy","Jalur Pendakian & Basecamp",3,"Jlur terdekat. Mnurut saya","",netral
256,"Basecamp Pendakian Jalur Palutungan & Apuy","Jalur Pendakian & Basecamp",3,"Pelayanan and kurang memuaskan","",netral
257,"Basecamp Pendakian Jalur Palutungan & Apuy","Jalur Pendakian & Basecamp",4,"Gunung diatas 3000mdpl Tektok pertama akuu! Daftar Open trip sendirian di bulan musim hujan. Kena badai di pos 5 menuju puncak wkwk","",positif
258,"Basecamp Pendakian Jalur Palutungan & Apuy","Jalur Pendakian & Basecamp",4,"Menurut saya tempat singgah pendakinya cukup kotor dan tidak terurus. Dan juga saat saya datang sekitaran jam 5 sore tidak ada satupun orang yang menjaga di BC. (hanya saya berdua bersama teman).Tapi mushola dan toletnya cukup bersih 👍🏼 fyi : warung yang buka saat weekday hanya 2","",positif
259,"Basecamp Pendakian Jalur Palutungan & Apuy","Jalur Pendakian & Basecamp",4,"pemandangan sekitarnya indah. Fasilitas lengkap, warung, mushola, Mck, parkir motor. bisa utk singgah & wisata menikmati keindahan lembah.","",positif
260,"Basecamp Pendakian Jalur Palutungan & Apuy","Jalur Pendakian & Basecamp",4,"Basecamp pendakian gunung ceremai yang terletak di dusun apuy ( jalur apuy )desa argapura kec. Argamukti kab. Majalengka yang menjadi titik awal pendakian. Untuk fasilitas umum seperti toilet, tempat parkir untuk yang membawa kendaraan pribadi ( motor ) mushola, medical room, sudah tersedia dan cukup nyaman, serta warung dan ruangan istirahat untuk pendaki.","",positif
261,"Basecamp Pendakian Jalur Palutungan & Apuy","Jalur Pendakian & Basecamp",4,"pos pendakian BC apuy berada di ketinggian 1400 mdl.. sebenarnya pemandangan di bc apuy juga dah lumayan mantap karna ada sdi ketinggian 1400 mdpl.. di tempat ini juga tersedia shelter warung warung berjejeran toilet mushola.. lengkap kalo ingin sekedar nerkujung ke tmpat ini","",positif
262,"Basecamp Pendakian Jalur Palutungan & Apuy","Jalur Pendakian & Basecamp",4,"Dari jalan utama majalengka lumayan ke bc lumayan, dr desa terakhir ke bc ada mobil. 125k diborong pickup atau pake motor bc diketinggian 2000 bs buat tidur parkir motor 10k, tiket 50k dikasih makan nasi telor dadar tahu tempe sambal dan kol bilangin jgn banyak dikasih penyedap 5k asuransi 20k kesehatan dibuka jam 7 am  Trak enak dari bc ke puncak, akar kokoh siapkan buat poto sesudah pos 5  sesudah puncak apuy hrs mutar bw ke puncak sejati ciremei 4078 mdpl","",positif
263,"Basecamp Pendakian Jalur Palutungan & Apuy","Jalur Pendakian & Basecamp",4,"Harga tiket sama fasilitas lumayan lahhh... Buat kantong pengangguran kaya kami....!!!  Sangat di sayangkan Masih ada saja AKAMSI di masuk desa2 Terimakasih.....","",positif
264,"Basecamp Pendakian Jalur Palutungan & Apuy","Jalur Pendakian & Basecamp",4,"Pos pendakian via Apuy disuguhkan dengan pemandangan pertanian masyarakat lokal,udara sejuk nyaman dengan lingkungan yang bersahabat,singgal ditempat mang.tata orangnya super ramah","",positif
265,"Basecamp Pendakian Jalur Palutungan & Apuy","Jalur Pendakian & Basecamp",4,"ada 12 warung yg melayani para pendaki sebelum memulai pendakian Toilet banyak dan cukup bersih","",positif
266,"Basecamp Pendakian Jalur Palutungan & Apuy","Jalur Pendakian & Basecamp",4,"Mantap untuk kami pencinta alam","",positif
267,"Basecamp Pendakian Jalur Palutungan & Apuy","Jalur Pendakian & Basecamp",4,"Basecampnya enak, rapih dan lumayan bersih juga","",positif
268,"Basecamp Pendakian Jalur Palutungan & Apuy","Jalur Pendakian & Basecamp",4,"Tmpat nya enak. Basecamp dengan warung makan dan warung kopi yg banyak. Untuk ambil pendakian via apuy yaa. Harus menggunakan surat kesehatan di hari pendakian. Selain itu tidak boleh. Semoga di lenggang kan yaa. Salam lestari. 🙏","",positif
269,"Basecamp Pendakian Jalur Palutungan & Apuy","Jalur Pendakian & Basecamp",4,"Jalur lebih landai dari palutungan n linggarjati, simaksi 50rb perorang dapat nasi bungkus isi telor, gak ada sungai dijalan n d camp","",positif
270,"Basecamp Pendakian Jalur Palutungan & Apuy","Jalur Pendakian & Basecamp",4,"area persiapan sebelum nanjak","",positif
271,"Basecamp Pendakian Jalur Palutungan & Apuy","Jalur Pendakian & Basecamp",4,"layanannya bagus, namun perlu ada pembenahan dari pengurus setempat. dan sertifikat untuk pendaki itu bagus sekali","",positif
272,"Basecamp Pendakian Jalur Palutungan & Apuy","Jalur Pendakian & Basecamp",4,"Jalur apuy, perjalan pos pertama dari hascamp berod","",positif
273,"Basecamp Pendakian Jalur Palutungan & Apuy","Jalur Pendakian & Basecamp",4,"Trakking Landai Naik Atap Jaw Barat","",positif
274,"Basecamp Pendakian Jalur Palutungan & Apuy","Jalur Pendakian & Basecamp",4,"Barang bawaan yang di titipkan tolong di jaga ya budjank, jangan ada larangan doang tapi penjagaannya kurang. Gua beli tisu pake duit ya Bambang!","",positif
275,"Basecamp Pendakian Jalur Palutungan & Apuy","Jalur Pendakian & Basecamp",4,"Di pos pendakian ini bagus untuk pendaki gunung,  dengan suasana yang nyaman serta warga sekitar pendakian yang ramah,","",positif
276,"Basecamp Pendakian Jalur Palutungan & Apuy","Jalur Pendakian & Basecamp",4,"sempet shock ajh sama jalan dri masuk ke perkampungan desanya ke bc","",positif
277,"Basecamp Pendakian Jalur Palutungan & Apuy","Jalur Pendakian & Basecamp",4,"Cuman bisa dilewatin sama motor dan pick up warga","",positif
278,"Basecamp Pendakian Jalur Palutungan & Apuy","Jalur Pendakian & Basecamp",4,"Trek yg dilalui pos apuy ini lumayan untuk pendaki pemula","",positif
279,"Basecamp Pendakian Jalur Palutungan & Apuy","Jalur Pendakian & Basecamp",4,"Pos pendakian gunung ciremai dengan jarak yg cukup pendek Cocok buat pemula","",positif
280,"Basecamp Pendakian Jalur Palutungan & Apuy","Jalur Pendakian & Basecamp",4,"Lumayan bagus buat peristirahatan pendaki dan tempat buat persiapan","",positif
281,"Basecamp Pendakian Jalur Palutungan & Apuy","Jalur Pendakian & Basecamp",4,"Layanan bagus cuman administrasinya mahal baget","",positif
282,"Basecamp Pendakian Jalur Palutungan & Apuy","Jalur Pendakian & Basecamp",4,"Jalur tercepat dan bersahabat.. dpt makan sertifikat pula.. mantap!","",positif
283,"Basecamp Pendakian Jalur Palutungan & Apuy","Jalur Pendakian & Basecamp",4,"Jalur Apuy, Orang nya ramah tamah Disini semua dimulai proses registrasi dan list barang","",positif
284,"Basecamp Pendakian Jalur Palutungan & Apuy","Jalur Pendakian & Basecamp",4,"Buat yg hobi mendaki silahkan rapatkan baeisan","",positif
285,"Basecamp Pendakian Jalur Palutungan & Apuy","Jalur Pendakian & Basecamp",4,"Nyaman dan tenang.. walaupun Medan nya lumayan curam..","",positif
286,"Basecamp Pendakian Jalur Palutungan & Apuy","Jalur Pendakian & Basecamp",4,"Jalurnya aman buat pendakian ke puncak ciremai","",positif
287,"Basecamp Pendakian Jalur Palutungan & Apuy","Jalur Pendakian & Basecamp",4,"Ada yg ketinggalan? Semua bisa dibeli disini! Great exps!","",positif
288,"Basecamp Pendakian Jalur Palutungan & Apuy","Jalur Pendakian & Basecamp",4,"Pos terdekat dengan jalir termudah menuju gunung ciremai.","",positif
289,"Basecamp Pendakian Jalur Palutungan & Apuy","Jalur Pendakian & Basecamp",4,"Dingin berkabut, ada toilet","",positif
290,"Basecamp Pendakian Jalur Palutungan & Apuy","Jalur Pendakian & Basecamp",4,"Basecamp paling indah,view nya kece","",positif
291,"Basecamp Pendakian Jalur Palutungan & Apuy","Jalur Pendakian & Basecamp",4,"Kalo mau naik perlu daftar online","",positif
292,"Basecamp Pendakian Jalur Palutungan & Apuy","Jalur Pendakian & Basecamp",4,"view nya bagus","",positif
293,"Basecamp Pendakian Jalur Palutungan & Apuy","Jalur Pendakian & Basecamp",4,"Track bagus dan menantang","",positif
294,"Basecamp Pendakian Jalur Palutungan & Apuy","Jalur Pendakian & Basecamp",4,"Yahhhuiiiiy!!!","",positif
295,"Basecamp Pendakian Jalur Palutungan & Apuy","Jalur Pendakian & Basecamp",5,"Parkiran luas, fasilitas toilet bersih banyak, mushola bersih, banyak warung. Tapi sayang di jalur pendakian masih banyak sampah. Untuk kawan² pendaki yuk belajar menjaga alam dan peduli terhadap sampah. Saya Mendaki pada bulan Mei 2025","",positif
296,"Basecamp Pendakian Jalur Palutungan & Apuy","Jalur Pendakian & Basecamp",5,"Sebelum masuk ada retribusi 10k Simaksi mahal 100k kesehatan 20k Parkir 5k, baliknya bayar parkir lagi 5k.","",positif
297,"Basecamp Pendakian Jalur Palutungan & Apuy","Jalur Pendakian & Basecamp",5,"29/03/2026 CIREMAI VIA APUY SERU BANGET pastiin kalian naik sama temen yang seru juga yaaa btw cowokku bawa galon haha lucu bgt","",positif
298,"Basecamp Pendakian Jalur Palutungan & Apuy","Jalur Pendakian & Basecamp",5,"Briefing jam 2am sampai pos 5 jam 8 am, karena badai jadi ga dilanjut sampai puncak huhu Simaksi 125k (regis online 35k + 90  Regis ulang offline) hari libur nasional Pulang dapet sertifikat dan makan gratis nasi sebakul tempe tahu telor sambel ijo + satu gelas air aqua 😋 Terimakasih gunung ciremai","",positif
299,"Basecamp Pendakian Jalur Palutungan & Apuy","Jalur Pendakian & Basecamp",5,"Alhamdulillah atap Jabar berhasil saya daki. Treknya benar-benar menguras tenaga & pikiran wkwk harus kuat & jangan pantang menyerah pokonya. Naik setelah beres lebaran, treknya akar, tanah, batu. Kebetulan waktu itu ramai jga di pendakian karena momentnya bertepatan libur lebaran. Pengalaman yg ga akan pernah dilupakan sih. Alhamdulillahnya cuacanya juga cerah, viewnya indah banget, bisa menikmati keindahan gunung lain ketika di puncak. Ciremai via apuy memang cihuyy hihi.. yg mau ke atap Jabar pokonya hrs persiapkan segalanya jgn sampai ada yg tertinggal, terutama fisik sih hrs benar-benar kuat. Simaksinya agak pricy sih, tapi terbayarkan dg keindahan alamnya.","",positif
300,"Basecamp Pendakian Jalur Palutungan & Apuy","Jalur Pendakian & Basecamp",5,"21/09/2025 melakukan pendakian gn ciremai via apuy tektok. Dimulai jam 01.00 naik dr rumah singgah ke basecamp berod dg sewa pickup 50k/org perjalanan sekitar 15menit. Tiba d bc registrasi. Krn sudh booking online 35k/org jd hanya tambah 75k/org tunai d bc utk pendakian tektok. Jam 02.00 dimulai briefing dari ranger apuy. Pendakian dimulai puku 02.22. Sepanjang jalan dari pos 1-5 masih tergolong banyak bonus & landai. Jalanan luas setapak tanah merah, tidak begitu susah. Karena tdk ad sumber air & mushola disarankan bawa air yg berlebih utk jaga2. Shelter hanya ada d pos 1 arban & pos 5 camp area. Sampai puncak pukul 08.55 dan cerah, lautan awan & ramai para pendaki. Disarankan utk latihan fisik yg maksimal terlebih dahulu, krn trek yg akan dilalui dr pos 5 sampai puncak cukup terjal & susah. Utk turun hanya 3jam dg berlari. Sampah masih banyak ditemukan sekitar trek. Smg para pendaki yg berkunjung tetap sadar kawasan & jd pendaki yg bertanggung jawab. Oh iya d basecamp terdapat banyak warung juga jd jgn takut kelaparan atau tdk bsa sarapan sblm pendakian. Mushola pun tersedia. Hanya saja toilet ada 5 yg tdk terdapat air.","",positif
301,"Basecamp Pendakian Jalur Palutungan & Apuy","Jalur Pendakian & Basecamp",5,"Jalur yang lumayan menguji kesabaran pendaki pemula seperti aku, meskipun di jalur juga banyak dijumpai pendaki yang tak lagi muda. Jalurnya beragam, ga bosen melaluinya. Sayangnya tidak ada sumber air dan toilet di setiap pos nya, jadi pendaki harus menyediakan persediaan air sesuai kebutuhannya sendiri. Disarankan menggunakan porter, untuk memastikan dapat tempat untuk mendirikan tenda di pos 5, karena di waktu tertentu, jumlah pendaki relatif ramai. Tapi jika tidak tersedia tempat di pos 5, di pos 4 juga banyak tempat yang bisa digunakan untuk mendirikan tenda. Bawa kembali sampahmu turun, karena masih ada saja sampah yg terlihat di sisi jalur..","",positif
302,"Basecamp Pendakian Jalur Palutungan & Apuy","Jalur Pendakian & Basecamp",5,"4 Agustus 2025 pendakian saat itu seruu bgt, ciremai via apuy, sekaligus merakan ulang tahunku👋🏻","",positif
303,"Basecamp Pendakian Jalur Palutungan & Apuy","Jalur Pendakian & Basecamp",5,"Trek ramah tapi menyiksa. Hati² bagas pos 4 5bayangan dan pos 5 aga agresif","",positif
304,"Basecamp Pendakian Jalur Palutungan & Apuy","Jalur Pendakian & Basecamp",5,"Mendaki via apuy pasti nya lumayan seru.. dari basecamp ke pos satu bisa naik pikup , kalau ga naik pikup lumayan jauh.. jalur via apuy pasti seru selamat mencoba, photo yang saya sematkan ini pendakian sesudah pos 5 terus ada simpang apuy menuju puncak sekitar 1 jam lah sampe","",positif
305,"Basecamp Pendakian Jalur Palutungan & Apuy","Jalur Pendakian & Basecamp",5,"18-20 April 2025  Jalannya lebih banyak nanjak. Tanah juga. Jadi kalau hujan, licin bgt. Waktu itu krn sudah mau maghrib dan juga mau turun hujan, jadi kami memutuskan untuk membangun tenda di pos 4 dan melanjutkan perjalanan summit di esok hari nya. Hanya saja, saya tidak ikut summit krn harus menyiapkan makanan. Berdasarkan cerita, rute pos 4 ke 5 agak sulit krn jalanan banyak akarnya dan juga saat itu banyak kabutnya.  Makanan berat yang disediakan di warung hanya lauk telor, tempe,tahu,sambal (hanya beberapa warung) tapi seporsi segitu 17k😭. Waktu itu saya makan di warung nomor 4,nasinya blm full mateng hehe dan tidak dapat sambal. Jadi kurang menikmati.  Brg saya juga ada yg tertinggal di warung, tapi sampai saat ini (sudah sebulan berlalu) blm dikirim juga. Ya mungkin ke tempat ekspedisi nya juga jauh. Maaf merepotkan. (Edit. Akhirnya setelah 2 bulan diterima juga brg yg tertinggal nya. Thanks)  Estimasi perjalanan ciremai via apuy Nanjak  Bc ke pos 1    1.5 jam Pos 1 ke pos 2   2.5 jam Pos 2 ke pos 3    2 jam Pos 3 ke pos 4    1.5 jam  Turun Pos 4 ke pos 3    30 menit Pos 3 ke pos 2    45 menit Pos 2 ke pos 1     1 jam Pos 1 ke bc        1 jam","",positif
306,"Basecamp Pendakian Jalur Palutungan & Apuy","Jalur Pendakian & Basecamp",5,"Jalur yang cukup menyiksa kaki, tapi pengalaman yang baru bisa melewati 8 pos  Rekomended camp di pos 8 karena ke puncak hanya perlu 1.5 jam","",positif
307,"Basecamp Pendakian Jalur Palutungan & Apuy","Jalur Pendakian & Basecamp",5,"mau cerita disini dong, Pendakian ke Gunung Ciremai yg paling gokil dari yg sebelum”nya, Otw dari Jakarta ke Cirebon Majalengka naik motor, sendirian wkwkwk gokil, karena kelelahan diperjalanan, akhirnya pas treking juga lelah, kecapean, start treking jam 3 pagi, sampe puncak jam 8:30. turun jam 10 dari puncak, sampe pos regis jam 12:34 lumayan. ga kapok sih, malah mau lagi, kalo dikasih kesempatan wkwk. sempet kabut tebel pas di pos 5, pesimis bgt ga dapet view, trnyt takdir berkata lain, sampe puncak dikasih view full cerah🤩🤙🏼","",positif
308,"Basecamp Pendakian Jalur Palutungan & Apuy","Jalur Pendakian & Basecamp",5,"Pertamakali mendaki langsung atap jabar, seru banget trek landai diawal hihi, semua orangnya ramah polll dibasecamp, 80rb cek kesehatan sama simaksi parkir 5rb udah free makan ga termasuk minum. Semoga tahun depan bisa main kesini lagii makasi atas pelayanan yang ramah🫶","",positif
309,"Basecamp Pendakian Jalur Palutungan & Apuy","Jalur Pendakian & Basecamp",5,"Basecampnya nyaman banget, ada wc yg dilengkapi dgn shower & toilet duduk/jongkok, mushola, shelter, tempat parkir, dan warung2. Untuk biaya pendaftaran pendakian sebesar 50k + 20k untuk tes kesehatan, untuk parkir bisa di dalam basecamp atau ke warung sebelum gapura pendaftaran, yg warung itu kayanya lebih aman soalnya indoor fan dijaga 24jam sama yg punya warungnya, tarifnya 10k (motor)","",positif
310,"Basecamp Pendakian Jalur Palutungan & Apuy","Jalur Pendakian & Basecamp",5,"mantap memadai untuk pos via apuy, terdapat musholla, kamar mandi cukup, warung makan & ngopi. pendaftaran bisa offline/online. simaksi 75rb per orang dan include voucher makan sekali, nginep, cas an, mandi. disarankan unt sewa pickup dari bawah","",positif
311,"Basecamp Pendakian Jalur Palutungan & Apuy","Jalur Pendakian & Basecamp",5,"Basecamp pendakian Gn. Ciremai jalur Apuy Argamukti Majalengka  Untuk jalan menuju basecamp bisa pakai motor saja, jalannya beberapa bagian udah beton 2 jalur. Agak ngeri2 kalo pas malem, ujan+berkabut wkwk Parkirannya ada 2, dibawah penitipan(Rp.10.000) dan diatas gratis Ranger nya baik2 semua, kalo kita masih bingung, tanya2 pun informatif banget. Petugas registrasi nya pun sama smpe ngingetin tracking pole ketinggalan.  Tempat istirahat nya lega, ada 2 gedung walaupun gedung yg satunya agak ngeri2. Masjidnya enak poll dan wc nya pun buanyak. Gakkan kekurangan.  Registrasi - 115.000 weekdays dapet voucher makan+sertifikat","",positif
312,"Basecamp Pendakian Jalur Palutungan & Apuy","Jalur Pendakian & Basecamp",5,"Basecamp sebelum memulai pendakian Gunung Ciremai via Apuy. Untuk mencapai kesini bisa menggunakan sepeda motor atau naik mobil pick up milik warga, dan sangat tidak disarankan membawa kendaraan pribadi karena jalan yang dilalui cukup curam dan bahaya😁  Banyak warung makan di sini, ada juga yang jual souvenir-souvenir pendakian. Tersedia beberapa toilet juga untuk mandi setelah melakukan pendakian.  Overall basecamp ini cukup nyaman dan menyenangkan😁","",positif
313,"Basecamp Pendakian Jalur Palutungan & Apuy","Jalur Pendakian & Basecamp",5,"treknya cocok buat pemula🤘🤘","",positif
314,"Basecamp Pendakian Jalur Palutungan & Apuy","Jalur Pendakian & Basecamp",5,"Nyaman untuk pendakian gunung Ciremai. Biaya 77.5k untuk daftar online, simaksi dan kesehatan. Dapat voucher 1x makan. Dapat sertifikat pendakian Jemputan mobil pickup pp ke balai desa Argamukti, bs hubungi mang Marsa 0857-9741-5004","",positif
315,"Basecamp Pendakian Jalur Palutungan & Apuy","Jalur Pendakian & Basecamp",5,"Basecampnya bersih banget, tertata rapih banyak toilet dan banyak warung untuk trek mantaplah jalur apuy...salam lestari","",positif
316,"Basecamp Pendakian Jalur Palutungan & Apuy","Jalur Pendakian & Basecamp",5,"Kgn ririn, maaf ya ririn aku ngerepotin. Aku seneng bgt jalan jalan sm kamu","",positif
317,"Basecamp Pendakian Jalur Palutungan & Apuy","Jalur Pendakian & Basecamp",5,"Tektok via Apuy Jam 2 pagi star bikin linu dengkul 🥲","",positif
318,"Basecamp Pendakian Jalur Palutungan & Apuy","Jalur Pendakian & Basecamp",5,"Basecamp pendakian Gunung Ciremai tertinggi (1.400 mdpl) yang terletak di lereng timur Gunung Ciremai, tepatnya di Kab. Majalengka . Kelebihan : - Manajemen Tiket & Service bagus, dapat kupon makan 1x dan sertifikat jika sudah mendaki gunung Ciremai - Jalur tercepat untuk menuju puncak . Kekurangan : - Akses jalan sempit, belum beraspal dan sangat curam. Maka dari itu kita wajib menyewa Mobil bak dari batas pemukiman dan perkebunan","",positif
319,"Basecamp Pendakian Jalur Palutungan & Apuy","Jalur Pendakian & Basecamp",5,"Base camp awal para pendaki gunung ciremai via apuy. Ada 11 kantin yang terdapat di bagian dalam, dua mushola dibagian selatan dan bagian utara yang masuk setelah pos pendaftaran, pengunjungnya ramai, dikasih sertifikat pendaki. Hanya saja pada saat pagi air yang keluar untuk MCK sangat sedikit. Dan pencahayaan yang masih kurang.","",positif
320,"Basecamp Pendakian Jalur Palutungan & Apuy","Jalur Pendakian & Basecamp",5,"Pendakian ciremai via apuy memang jalur tercepat dan jalu yg tanjakanya extrem pake banget namun semua itu menjadikan pelajaran bahwa kesuksesan tak semudah membalikan telapak tangan.","",positif
321,"Basecamp Pendakian Jalur Palutungan & Apuy","Jalur Pendakian & Basecamp",5,"Pengalaman yg menyenangkan 🤭","",positif
322,"Basecamp Pendakian Jalur Palutungan & Apuy","Jalur Pendakian & Basecamp",5,"Terus semangat, sebagai salah satu upaya filter meminimalisir keadaan yang kurang baik bagi pendaki, yang biasanya jika di paksakan akan banyak merepotkan teman 😅, saudara sesama pendaki, juga ranger. Semoga menjadi sarana pendewasa-an bagi para pendaki, sehingga pendaki juga aware terhadap kondisinya juga efek terhadap teman/ grup dan sekitarnya.","",positif
323,"Basecamp Pendakian Jalur Palutungan & Apuy","Jalur Pendakian & Basecamp",5,"Ciremai via apuy bintang 5😭🙏🙏","",positif
324,"Basecamp Pendakian Jalur Palutungan & Apuy","Jalur Pendakian & Basecamp",5,"Tektok Ciremai yg sangat ghokil menurut saya 😂😂  Pemandangan nya masyaallah banget Indah ciptaan Tuhan ini 🏔️🏔️😍","",positif
325,"Basecamp Pendakian Jalur Palutungan & Apuy","Jalur Pendakian & Basecamp",5,"Basecamp : Menu makanan minuman ready Terdapat aksesoris untuk oleh2🤗 layanan ramah. Fasilitas : Musholla, Kamar Mandi Bersih Tracking : Mantap (Pos 1, 2, 3, 4) Pos 5 (utk ngecamp sebelum summit) Medan Summit : Luar Biasa Puncak : Mempesona","",positif
326,"Basecamp Pendakian Jalur Palutungan & Apuy","Jalur Pendakian & Basecamp",5,"ada mushola dengan kran air wudhu yang cukup banyak, toilet yang banyak juga, warung menyediakan makanan dan jajanan, warung juga menyediakan accessories pendakian.","",positif
327,"Basecamp Pendakian Jalur Palutungan & Apuy","Jalur Pendakian & Basecamp",5,"Udara segar dan pemandangan alam yang indah selalu bikin betah ya kalau lagi rekreasi outdoor Nggak ada yang ngalahin seru dan asyiknya eksplorasi alam bebas Kegiatan outdoor itu penting banget buat kesehatan fisik dan mental","",positif
328,"Basecamp Pendakian Jalur Palutungan & Apuy","Jalur Pendakian & Basecamp",5,"Jalur barat pendakian Gunung Ciremai. Berada di ketinggian 1.400 mdpl. View menuju basecamp kereeen","",positif
329,"Basecamp Pendakian Jalur Palutungan & Apuy","Jalur Pendakian & Basecamp",5,"Treknya dari pos 5 menuju puncak asoy pisan euyyy, tapi seru siiih. Dinikmatin aja tiap langkah yang dipijak 😉","",positif
330,"Basecamp Pendakian Jalur Palutungan & Apuy","Jalur Pendakian & Basecamp",5,"Jalur pendakian yang cukup menantang walapun hujan tapi tetap semangat.","",positif
331,"Basecamp Pendakian Jalur Palutungan & Apuy","Jalur Pendakian & Basecamp",5,"Banyak warung tapi agak mahal. Medan menuju pos belum diaspal. Agak berbahaya untuk perjalanan di malam hari. Disini sinyal 3 sama Smartfren masih 4G dan kenceng lho. Pemandangan udah kece parah sih di atas sini. Dingin? Pasti. Hati-hati saat akan berperjalanan keisini. Oh iya, tiket 50K per orang ya.","",positif
332,"Basecamp Pendakian Jalur Palutungan & Apuy","Jalur Pendakian & Basecamp",5,"basecampnya rapih dan tertata, toiletnya juga banyak, musholla bersihhh jadi aman buat istirahat disini. salam lestari dan semoga bisa kembali lagi 🤩","",positif
333,"Basecamp Pendakian Jalur Palutungan & Apuy","Jalur Pendakian & Basecamp",5,"tahun 90an awal..  naik dari apuy.. subuh2.. gak nemu pos pendakian.. entah belum ada.. atau masih tutup.. langsung naik aja.. gak ada bayar apa2.. jaman dulu naik gunung memang buat mendekatkan diri ke alam, bukan untuk update status... oh iya.. dulu lapornya ke 'kuncen' wkwkwk.. itu juga gak saya lakukan.. sekarang sudah ada pos pendakian, jadi yang naik lebih terpantau.. sehingga klo terjadi sesuatu cepat ditanganinya.. walau sekarang harus bayar.. tapi mungkin sepadan bagi yang mampu..","",positif
334,"Basecamp Pendakian Jalur Palutungan & Apuy","Jalur Pendakian & Basecamp",5,"Jalur apuy mantab, fasilitasnya cukup banyak mulai dari warung, toilet, musholah pokoknya ramah... Gunung ceremai bikin kangen","",positif
335,"Basecamp Pendakian Jalur Palutungan & Apuy","Jalur Pendakian & Basecamp",5,"Kalo mau nanjak Ciremai mending lewat jalur ini aja, treknya lumayan landai engga terlalu berat, Simaksi 50Rb dapet Makan + Piagam + Asuransi, Saran aja mending bawa motor, jd bisa di simpan di Basecamp parkir cuma 5Rb/Malam, kalo bawa Mobil cuma bisa sampe kantor desa maja, ke Basecampnya naek pickup/kolbak tarifnya 300rb PP....  Keep Safety Your Adventure and Salam Lestari","",positif
336,"Basecamp Pendakian Jalur Palutungan & Apuy","Jalur Pendakian & Basecamp",5,"Fasilitasnya benar benar diperhatikan sekali ,tempatnya bersih dan rapih,ibu warungnya juga ramah ramah","",positif
337,"Basecamp Pendakian Jalur Palutungan & Apuy","Jalur Pendakian & Basecamp",5,"pas banget dapet matahari di musim hujan","",positif
338,"Basecamp Pendakian Jalur Palutungan & Apuy","Jalur Pendakian & Basecamp",5,"QPos awal pendakian jalur Apuy. Banyak kantin, tempat parkir luas, ada MCK, buat camp juga nyaman asri.","",positif
339,"Basecamp Pendakian Jalur Palutungan & Apuy","Jalur Pendakian & Basecamp",5,"Saat ulasan ini dibuat, ciremai menjadi gunung yang pertama dan terakhir didaki melalui jalur apuy ini, Alhamdulillah bisa sampai puncak kapan ya bisa naik lagi","",positif
340,"Basecamp Pendakian Jalur Palutungan & Apuy","Jalur Pendakian & Basecamp",5,"Mantap... Asik trek nya... 80% tanjakan memang lebih pendek untuk jaraknya 🏁👍⛰️","",positif
341,"Basecamp Pendakian Jalur Palutungan & Apuy","Jalur Pendakian & Basecamp",5,"Homestay nya lumayan bagus, saya saranin untuk nginap d homestay.","",positif
342,"Basecamp Pendakian Jalur Palutungan & Apuy","Jalur Pendakian & Basecamp",5,"Mushola kurang terawat,..tapi yang lainya sudah nikmat...buat yang memanjat","",positif
343,"Basecamp Pendakian Jalur Palutungan & Apuy","Jalur Pendakian & Basecamp",5,"Mantaf keren track'y juara cmn di area camp pos 5 harus beres nyimpen logistik sama sampah jngn nyimpen di bawah rawan babi hutan","",positif
344,"Basecamp Pendakian Jalur Palutungan & Apuy","Jalur Pendakian & Basecamp",5,"Dengan mendaki kita bakal tau sifat asli seseorang, apakah dia egois atau engga nya","",positif
345,"Basecamp Pendakian Jalur Palutungan & Apuy","Jalur Pendakian & Basecamp",5,"Pendakian gn ciremai via apuy melewati 6 pos dan di area setiap pos nya sangat luas .. muat untuk 10 tenda lebih.. ada juga bbrp pos bayangan.. di base camp apuy banyak sekali warung makan dengan harga yg terjangkau","",positif
346,"Basecamp Pendakian Jalur Palutungan & Apuy","Jalur Pendakian & Basecamp",5,"Sebelum melakukan pendakian, manfaatkan warung di sekitar Basecamp. Tukarkan kupon makan yang didapat dari pembelian Tiket Masuk Kawasan Rp 50.000, bisa ditukar sebelum pendakian. Bisa juga ditukar setelah turun dari pendakian. Harga 1 porsi jika tidak menggunakan Kupon Rp 15.000","",positif
347,"Basecamp Pendakian Jalur Palutungan & Apuy","Jalur Pendakian & Basecamp",5,"Gagal muncak, tpi basecamp nya jadi penenang karena keren bangeet","",positif
348,"Basecamp Pendakian Jalur Palutungan & Apuy","Jalur Pendakian & Basecamp",5,"Rekomendasi banget buat kalian pecinta alam nihh guys.","",positif
349,"Basecamp Pendakian Jalur Palutungan & Apuy","Jalur Pendakian & Basecamp",5,"Treknya jelas dan estimasi perjalanan cukup singkat 👍","",positif
350,"Basecamp Pendakian Jalur Palutungan & Apuy","Jalur Pendakian & Basecamp",5,"jadikan agenda prioritasutk yg berdarah MUDA, utk ekplor keindahan alam, go to summit ciremai","",positif
351,"Basecamp Pendakian Jalur Palutungan & Apuy","Jalur Pendakian & Basecamp",5,"Kalau mau muncak jangan malam minggu rame. Nikmatnya mendaki kurang. Kalau mau padang temda via apuy di pos 5","",positif
352,"Basecamp Pendakian Jalur Palutungan & Apuy","Jalur Pendakian & Basecamp",5,"Atap Jawa barat via Apuy...🔥🔥 Ceraaahhhh...","",positif
353,"Basecamp Pendakian Jalur Palutungan & Apuy","Jalur Pendakian & Basecamp",5,"Ini merupakan pos pendaftaran ciremai jalur apuy untuk tiket masuk 50 rb itu juga di kasih vocer makan dan sertifikat pendakian recoment","",positif
354,"Basecamp Pendakian Jalur Palutungan & Apuy","Jalur Pendakian & Basecamp",5,"Parkir luas Medan sedang cukup untuk pemula warga Baik ramah","",positif
355,"Basecamp Pendakian Jalur Palutungan & Apuy","Jalur Pendakian & Basecamp",5,"Jalur trek yg sangat pendek & mudah di jangkau","",positif
356,"Basecamp Pendakian Jalur Palutungan & Apuy","Jalur Pendakian & Basecamp",5,"Lokasinya Nyaman, petugas dan pemilik warung nya baik"". Yang pasti kopinya jadi tambah enak karna liat KAMU...","",positif
357,"Basecamp Pendakian Jalur Palutungan & Apuy","Jalur Pendakian & Basecamp",5,"Jalurnya sangat menantang jadi harus pakai kendaraan yg prima","",positif
358,"Basecamp Pendakian Jalur Palutungan & Apuy","Jalur Pendakian & Basecamp",5,"Jalur pendakian yang OK,puas banget nyampe puncak","",positif
359,"Basecamp Pendakian Jalur Palutungan & Apuy","Jalur Pendakian & Basecamp",5,"Dinginnya ajibbb","",positif
360,"Basecamp Pendakian Jalur Palutungan & Apuy","Jalur Pendakian & Basecamp",5,"Pos Pendakian Puncak Gunung Ciremai Via Apuy paling Cepat sampai Puncak Gunung Ciremai. SALAM ""My Trip"" dari Indramayu 😁","",positif
361,"Basecamp Pendakian Jalur Palutungan & Apuy","Jalur Pendakian & Basecamp",5,"Bisa banget buat nenangin hati dan pikiran","",positif
362,"Basecamp Pendakian Jalur Palutungan & Apuy","Jalur Pendakian & Basecamp",5,"Menuju basecamp dari kota majalengka dengan kendaraan sendiri mengikuti panduan google map. Sungguh perjalanan uji nyali dan uji ketrampilan nyopir. Mobil harus benar2 sehat krn jalur sempit sebagian hanya utk satu mobil (termasuk jalan/gang desa) dan menanjak. Kelebihannya pemandangan yg bagus dan melewati wisata baru yaitu panyaweuyan. Ternyata ada jalur lain yg lebih lebar jalannya dan saya pakai utk jalur pulang. Bagi yg akan bawa kendaraan sendiri, perlu meyakinkan diri akan melalui jalur mana, apalagi kalau sdh malam. Mobil tidak bisa sampai basecamp, parkir di desa Argamukti. Ke basecamp bisa pakai motor sendiri atau diantar dg mobil yg banyak tersedia di desa. Basecamp rapi tertata dengan baik termasuk perdes tentang distribusi ekonomi kawasan basecamp","",positif
363,"Basecamp Pendakian Jalur Palutungan & Apuy","Jalur Pendakian & Basecamp",5,"2017 . Good dapet sertifikat jg","",positif
364,"Basecamp Pendakian Jalur Palutungan & Apuy","Jalur Pendakian & Basecamp",5,"Banyak pemandangan bagus di sepenjang jalur pendakian yang membuat mata menjadi terpesona untuk melihatnya di awali dari hutan di pepihonan yang di tumbuhi lumut, bebatuan bekas letusan sampai hutan mati di jalur pendakian","",positif
365,"Basecamp Pendakian Jalur Palutungan & Apuy","Jalur Pendakian & Basecamp",5,"Fasilitas lengkap + view milky way malam hari...","",positif
366,"Basecamp Pendakian Jalur Palutungan & Apuy","Jalur Pendakian & Basecamp",5,"buat simaksi lumayan mahal tapi include makan sama sertifikat dari pihak bc buat yang tektok pas turun","",positif
367,"Basecamp Pendakian Jalur Palutungan & Apuy","Jalur Pendakian & Basecamp",5,"Pendakian perdana yang memuaskan, disuguhkan dengan suasana alam yang sulit untuk diungkapkan dengan kata-kata.","",positif
368,"Basecamp Pendakian Jalur Palutungan & Apuy","Jalur Pendakian & Basecamp",5,"Barangnya bagus, lengkap, harganya murah","",positif
369,"Basecamp Pendakian Jalur Palutungan & Apuy","Jalur Pendakian & Basecamp",5,"Untuk pemula & yang tidak siap mendaki silahkan ngecamp di bascamp Apuy","",positif
370,"Basecamp Pendakian Jalur Palutungan & Apuy","Jalur Pendakian & Basecamp",5,"Tempat yg nyaman untuk bersiap mendaki atau istirahat setelah mendaki","",positif
371,"Basecamp Pendakian Jalur Palutungan & Apuy","Jalur Pendakian & Basecamp",5,"Omg super keren pemandangan nya","",positif
372,"Basecamp Pendakian Jalur Palutungan & Apuy","Jalur Pendakian & Basecamp",5,"Pos pendakian Gunung Ciremai jalur Apuy ini adalah pos 4 ketika hendak mendaki ke puncak Gunung Ciremai. Teman-teman bisa menitipkan sepeda motor disini dengan harga 1 malam ± Rp 10.000 di jamin aman. Pos ini adalah titik awal untuk mulai mendaki ke puncak Gunung Ciremai. Ketinggian disini sudah mencapai 1400 MDPL dengan rata-rata suhu 19°C setiap harinya. Curah hujan pun sangat besar di tempat ini, tidak heran kabut pekat menyelimuti dan hawa dingin mulai merasuk ke dalam tubuh. Untuk akses jalan tidak 100 persen bagus, hati-hati saat mencapai pos 4 ini karena jalanan yang terjal dan tebing juga jalan kecil sehingga harus hati-hati untuk melewatinya","",positif
373,"Basecamp Pendakian Jalur Palutungan & Apuy","Jalur Pendakian & Basecamp",5,"Penghuni kost Dago Timur 🇮🇩🔥","",positif
374,"Basecamp Pendakian Jalur Palutungan & Apuy","Jalur Pendakian & Basecamp",5,"Tempatnya enak, luas dan lumayan bersih Suasananya syahdu karena ada di atas bukit, tapi jalan menuju basecamp nya bikin senam jantung","",positif
375,"Basecamp Pendakian Jalur Palutungan & Apuy","Jalur Pendakian & Basecamp",5,"Pos pendakian yang lumayan lengkap, dimana terdapat mushola, warung tempat makan, toilet umum dan tempat parkir, ada juga tempat beristirahat sebelum memulai mendaki, biaya registrasi 50k, itu termasuk tiket masuk, sertifikat, makan,","",positif
376,"Basecamp Pendakian Jalur Palutungan & Apuy","Jalur Pendakian & Basecamp",5,"Gerbang awal pendakian Gunung Ciremai dari Desa Apuy. Disini anda dapat beristirahat di pondok yang telah disediakan untuk pendaki atau mendirikan sendiri tenda anda pada lokasi camping ground yang cukup luas. Terdapat banyak warung yang menyediakan makanan untuk bekal tenaga anda sebelum melakukan pendakian. Juga terdapat toilet dan musholla yang sangat nyaman.","",positif
377,"Basecamp Pendakian Jalur Palutungan & Apuy","Jalur Pendakian & Basecamp",5,"Pos pendakian paling tinggi yang pernah saya kunjungi, Warung juga tersedia disini dan untuk ngecamp ceria bareng keluarga juga bisa di pos ini.  Pemandangan dari sini juga sudah bikin klepek-klepek apalagi pas di puncak ya 😁👍","",positif
378,"Basecamp Pendakian Jalur Palutungan & Apuy","Jalur Pendakian & Basecamp",5,"Bukan hanya wisata alam akan tetapi kemandirian energi listrik yang berpedoman pada energi hijau ada di sini.  Bukan hanya konservasi alam saja akan tetapi di sini juga kita bisa belajar tentang konservasi energi. Kemandirian energi listrik di bc berod merupakan konservasi energi ramah lingkungan dan terbarukan walau masih sederhana dan butuh pengembangan terutama di sistem pembangkit antara lain turbin crossflow yang masih sederhana dan butuh pengembangan, generator yang belum menggunakan setabilizer seperti AVR(automatic voltage regulator) ataupun ELC(electronic load controller). Bagi sahabat yang ingin belajar dan ikut berpartisipasi dalam pengembangan kemandirian energi bisa jadi referensi untuk dikunjungi","",positif
379,"Basecamp Pendakian Jalur Palutungan & Apuy","Jalur Pendakian & Basecamp",5,"mantapp, tracknya menantang rispek","",positif
380,"Basecamp Pendakian Jalur Palutungan & Apuy","Jalur Pendakian & Basecamp",5,"sejuk & nyaman fasilitas warung jajanan, kamar mandi & musholla","",positif
381,"Basecamp Pendakian Jalur Palutungan & Apuy","Jalur Pendakian & Basecamp",5,"Bikin nyaman dan betah gan, Apuy, yang merupakan jalur yang paling mudah dan paling singkat walaupun akses menuju basecamp nya lumayan sulit. Sedikit intermesso mengenai Ciremai, lanjut menuju cerita pendakian Gunung Ciremai kali ini.","",positif
382,"Basecamp Pendakian Jalur Palutungan & Apuy","Jalur Pendakian & Basecamp",5,"Pendakian ceremei lewat apuy yang katanya jalur paling melehoy diantara yang lainnya. Kesini diantar via mobil losbak karna mobil kecil kita, kita titipkan di desa dekat masjid.","",positif
383,"Basecamp Pendakian Jalur Palutungan & Apuy","Jalur Pendakian & Basecamp",5,"Basecamp pendakian yang cukup bersih dan nyaman","",positif
384,"Basecamp Pendakian Jalur Palutungan & Apuy","Jalur Pendakian & Basecamp",5,"Sebuah cerita perjalanan pendakian dimulai dari sini😁","",positif
385,"Basecamp Pendakian Jalur Palutungan & Apuy","Jalur Pendakian & Basecamp",5,"Pos Pendakian Gunung Ciremai via Apuy, Buper Berod - Argamukti, majalengka. Fasilitas : - Bumi Perkemahan - Curug Batu Bereum - Jalur Pendakian - Wisata Religi (Napak Tilas Gunung Pucuk) - Warung Makan - Toilet - Mushola - Mandiri Energi (PLTA) - Panorama - Agro Wisata - Flora dan Fauna","",positif
386,"Basecamp Pendakian Jalur Palutungan & Apuy","Jalur Pendakian & Basecamp",5,"Lokasi jalur pendakian Gunung Ciremai yang aman dan juga warga nya ramah"" Di tambah ada paket nasi yang bisa di ambil baik sebelum berangkat mau pun setelah turun mendaki","",positif
387,"Basecamp Pendakian Jalur Palutungan & Apuy","Jalur Pendakian & Basecamp",5,"Sebuah tempat untuk memperoleh perijinan bagi yang mau melakukan aktivitas hiking atau pendakian ke gunung cereme via jalur apuy, untuk registrasi kita di kenakan biaya sebesar Rp.50000 dari biaya tersebut kita mendapatkan kan simaksi, kupon makan dan yang tak kalah penting setelah melakukan pendakian kita akan mendapatkan piagam penghargaan sebagai bukti telah berpartisipasi dalam kegiatan pendakian gunung ciremai.","",positif
388,"Basecamp Pendakian Jalur Palutungan & Apuy","Jalur Pendakian & Basecamp",5,"Pokoknya mantap suasananya bisa ngecamp disini juga, tpi jangan lupa bawa jaket n bawa kendaraan nya yg sehat ya hati2 pas mau naek ke pos pendakian nya ya","",positif
389,"Basecamp Pendakian Jalur Palutungan & Apuy","Jalur Pendakian & Basecamp",5,"Semoga bisa ke sini lagi ☕☕","",positif
390,"Basecamp Pendakian Jalur Palutungan & Apuy","Jalur Pendakian & Basecamp",5,"Desember mau kesini","",positif
391,"Basecamp Pendakian Jalur Palutungan & Apuy","Jalur Pendakian & Basecamp",5,"Enak banget sih jalan nya tidak terjal","",positif
392,"Basecamp Pendakian Jalur Palutungan & Apuy","Jalur Pendakian & Basecamp",5,"Fasilitas ok Toilet banyak Air melimpah Guest host gratis.. Suhu dingin. 25°","",positif
393,"Basecamp Pendakian Jalur Palutungan & Apuy","Jalur Pendakian & Basecamp",5,"Pemandangannya indah & sungguh memuaskan","",positif
394,"Basecamp Pendakian Jalur Palutungan & Apuy","Jalur Pendakian & Basecamp",5,"jalur pendakian gunung ciremai atau cireme paling ringan jika dibandingkan dengan jalur lain.meskipun jalur ini terkenal nyaman,santai,enak,tidak bisa dianggap enteng juga.. ingin jelasnya silahkan dicoba.","",positif
395,"Basecamp Pendakian Jalur Palutungan & Apuy","Jalur Pendakian & Basecamp",5,"Jalur tracking terfavorit di majalengka.","",positif
396,"Basecamp Pendakian Jalur Palutungan & Apuy","Jalur Pendakian & Basecamp",5,"Pos pendakian ternyaman dari beberapa pos pendakian gn ciremai. Petugas pendakian yang siap siaga. Pelayanan petugas yg ramah. Jalur paling nyaman. #salam lestari","",positif
397,"Basecamp Pendakian Jalur Palutungan & Apuy","Jalur Pendakian & Basecamp",5,"Gagal muncak karena lg enak tidur tenda di sruduk bagas","",positif
398,"Basecamp Pendakian Jalur Palutungan & Apuy","Jalur Pendakian & Basecamp",5,"Kabutnya mantap Treknya oke  Mantul","",positif
399,"Basecamp Pendakian Jalur Palutungan & Apuy","Jalur Pendakian & Basecamp",5,"Pos pertama Ciremai memiliki perbedaan dgn pos-pos lain yakni pelayanannya lebih ramah disini 😊  #itu menurut saya, tapi kalian harus coba kesini mendakilah","",positif
400,"Basecamp Pendakian Jalur Palutungan & Apuy","Jalur Pendakian & Basecamp",5,"enak tempatnya, warung bnyak, makan kenyang enak, mck banyak, ada masjid jg, ah pengen lagi kesini","",positif
401,"Basecamp Pendakian Jalur Palutungan & Apuy","Jalur Pendakian & Basecamp",5,"Menarik  , jalur menuju basecamp nya menantang, cuma ngga ada sumber air","",positif
402,"Basecamp Pendakian Jalur Palutungan & Apuy","Jalur Pendakian & Basecamp",5,"Bagus, rindang nan nyaman. Banyak tersedia warung untuk beristirahat dan melengkapi logistik ketika mendaki","",positif
403,"Basecamp Pendakian Jalur Palutungan & Apuy","Jalur Pendakian & Basecamp",5,"Nyaman basecamp nya","",positif
404,"Basecamp Pendakian Jalur Palutungan & Apuy","Jalur Pendakian & Basecamp",5,"Yuh gas lagi February 2024","",positif
405,"Basecamp Pendakian Jalur Palutungan & Apuy","Jalur Pendakian & Basecamp",5,"Untuk yang akan mendaki ke Gunung Ciremai (Puncak tertinggi Jawa Barat), saya rekomendasikan untuk lewat jalur Apuy, Majalengka","",positif
406,"Basecamp Pendakian Jalur Palutungan & Apuy","Jalur Pendakian & Basecamp",5,"Pelarian banget sih ini tempat kalo lagi ada di lembur😅😅 keramahan alam dan orang-orangnya terlalu jahat untuk dilewatkan","",positif
407,"Basecamp Pendakian Jalur Palutungan & Apuy","Jalur Pendakian & Basecamp",5,"Area nyaman bnyak fasilitas.","",positif
408,"Basecamp Pendakian Jalur Palutungan & Apuy","Jalur Pendakian & Basecamp",5,"Pos pendakian apuy,, berada di majalengka","",positif
409,"Basecamp Pendakian Jalur Palutungan & Apuy","Jalur Pendakian & Basecamp",5,"Atap jawa barat! gokil sih pendakian kali ini seru banget dan banyak cerita, pas kesini lagi debu bangetttt terus trail nya juga lumayan teknikal banyak batu batu pas summit nya dan yang bikin seru tuh dari bc ke pintu rimba naik pick up","",positif
410,"Basecamp Pendakian Jalur Palutungan & Apuy","Jalur Pendakian & Basecamp",5,"Basecamp yang nyaman.. terimakasih telah mengizinkan saya untuk menggapai Atap Jabar..","",positif
411,"Basecamp Pendakian Jalur Palutungan & Apuy","Jalur Pendakian & Basecamp",5,"one day aku taklukin kamu ya!🤍","",positif
412,"Basecamp Pendakian Jalur Palutungan & Apuy","Jalur Pendakian & Basecamp",5,"GOKIL TREK NYAAAA","",positif
413,"Basecamp Pendakian Jalur Palutungan & Apuy","Jalur Pendakian & Basecamp",5,"Menurut saya simaksi Gunung Ciremai ini mahal, tapi fasilitas yang disediakan sepadan, di basecamp ini banyak warung, toilet, tempat parkir luas, ada mushola, dan ada juga tempat istirahat yang cukup untuk menampung banyak orang. Pos registrasi buka pukul 01.00 untuk para pendaki yang ingin tektok, namun pendaki dapat mulai perjalanan pukul 02.00 setelah menjalani sesi briefing terlebih dahulu dengan pihak basecamp. Gunung Ciremai via Apuy terdapat 6 pos yang menurut saya dari basecamp sampai pos 5 itu masih cukup mudah untuk didaki, namun dari pos 5 sampai puncak jalannya berubah menjadi cukup menguras tenaga, meskipun begitu jalan menuju puncak disuguhi pemandangan yang cantik, oleh karena itu sebelum mulai mendaki disarankan untuk latihan fisik terlebih dahulu.","",positif
414,"Basecamp Pendakian Jalur Palutungan & Apuy","Jalur Pendakian & Basecamp",5,"Bersih luas dan nyaman ....pelayanannya gercep...mantul","",positif
415,"Basecamp Pendakian Jalur Palutungan & Apuy","Jalur Pendakian & Basecamp",5,"Mantul sehat sll buat smuanya","",positif
416,"Basecamp Pendakian Jalur Palutungan & Apuy","Jalur Pendakian & Basecamp",5,"Pengalaman yg seru bgt bisa sampai di atap jabar . Terimaksih ciremai 🥰","",positif
417,"Basecamp Pendakian Jalur Palutungan & Apuy","Jalur Pendakian & Basecamp",5,"Alamnya indah, menyenangkan, banyak tempat mampir ut kuliner","",positif
418,"Basecamp Pendakian Jalur Palutungan & Apuy","Jalur Pendakian & Basecamp",5,"mayaan nyeri cangkeng sukabumi majalengka","",positif
419,"Basecamp Pendakian Jalur Palutungan & Apuy","Jalur Pendakian & Basecamp",5,"Gunung tertinggi di Jawa Barat, sgt cantik, untuk yg ingin sejuk bisa di ambil di musim hujan ke kemarau, untuk lihat sunrise bisa ambil di musim kemarau...","",positif
420,"Basecamp Pendakian Jalur Palutungan & Apuy","Jalur Pendakian & Basecamp",5,"Recommended","",positif
421,"Basecamp Pendakian Jalur Palutungan & Apuy","Jalur Pendakian & Basecamp",5,"Semua berawal dr sini Fasilitas lengkap Mulai dr mck dan warung","",positif
422,"Basecamp Pendakian Jalur Palutungan & Apuy","Jalur Pendakian & Basecamp",5,"The fastest track to hike mount ciremai","",positif
423,"Basecamp Pendakian Jalur Palutungan & Apuy","Jalur Pendakian & Basecamp",5,"The Best sih 👍🏻","",positif
424,"Basecamp Pendakian Jalur Palutungan & Apuy","Jalur Pendakian & Basecamp",5,"Siap di antar","",positif
425,"Basecamp Pendakian Jalur Palutungan & Apuy","Jalur Pendakian & Basecamp",4,"Seru banget","",positif
426,"Basecamp Pendakian Jalur Palutungan & Apuy","Jalur Pendakian & Basecamp",5,"cocok buat nongkrong","",positif
427,"Basecamp Pendakian Jalur Palutungan & Apuy","Jalur Pendakian & Basecamp",5,"Pengalaman baru teman baru","",positif
428,"Basecamp Pendakian Jalur Palutungan & Apuy","Jalur Pendakian & Basecamp",5,"Jalur ramah","",positif
429,"Basecamp Pendakian Jalur Palutungan & Apuy","Jalur Pendakian & Basecamp",5,"This trip feels so great with tigadewa support 💪🏼","",positif
430,"Basecamp Pendakian Jalur Palutungan & Apuy","Jalur Pendakian & Basecamp",5,"Mantul surendul. tracknya mantul","",positif
431,"Basecamp Pendakian Jalur Palutungan & Apuy","Jalur Pendakian & Basecamp",5,"Indah menangtang","",positif
432,"Basecamp Pendakian Jalur Linggarjati","Jalur Pendakian & Basecamp",1,"Slow respon, low attitude kacau lah. NOT RECOMMENDED","",negatif
433,"Basecamp Pendakian Jalur Linggarjati","Jalur Pendakian & Basecamp",3,"Nyaman, tempat yg pas utk Rehat setelah cape mendaki","",netral
434,"Basecamp Pendakian Jalur Linggarjati","Jalur Pendakian & Basecamp",3,"Pelayanan ramah","",netral
435,"Basecamp Pendakian Jalur Linggarjati","Jalur Pendakian & Basecamp",3,"Historical Agreement Indonesia and Netherland","",netral
436,"Basecamp Pendakian Jalur Linggarjati","Jalur Pendakian & Basecamp",4,"Pengalaman pribadi saya sangat menyenangkan memicu adrenalin dan membuat kita semakin semangat untuk sampai puncak karena jalur yang luar biasa. #sobatciremai","",positif
437,"Basecamp Pendakian Jalur Linggarjati","Jalur Pendakian & Basecamp",4,"bagus dengan pelayanan crew yang ramah dan tempat yang memadai buat para pendaki","",positif
438,"Basecamp Pendakian Jalur Linggarjati","Jalur Pendakian & Basecamp",4,"Posisi jalan depan rumah penduduk di daerah sini sdh berada di kemiringan 30-45°","",positif
439,"Basecamp Pendakian Jalur Linggarjati","Jalur Pendakian & Basecamp",4,"Naik gunung lwt pos linggarjati, jalur nya mantap,,","",positif
440,"Basecamp Pendakian Jalur Linggarjati","Jalur Pendakian & Basecamp",4,"Petugasnya baik, helpful,","",positif
441,"Basecamp Pendakian Jalur Linggarjati","Jalur Pendakian & Basecamp",5,"Pada hari Minggu 1 Febuari 2025 saya mengunjungi tempat ini untuk Hiking menuju Pos 3 Untuk Tiketnya 20RB free Stiker.","",positif
442,"Basecamp Pendakian Jalur Linggarjati","Jalur Pendakian & Basecamp",5,"Pelayanannya ramah sekali, Rangernya sangat protektif terhadap para pendaki dan sangat ketat sistem pendakiannya. Dilarang bawa tisue basah, perorang diwajibkan membawa 5L air segala hal yang mengandung sampah wajib hukumnya dibawa turun kembali. Salah satu trek terekstrem di Asia. Memiliki 14 Pos, terdapat 4 Pos Camp Area, 1 Shelter tepatnya di pos 3 Kondang Amis. Vegetasinya masih lebat, edelweis tumbuh suburu diketinggian 3.000mdpl. Jalur ini memiliki 2 puncak, puncak Pangolokan dan Puncak Tertinggi adalah Puncak Sunan Gunung Jati elevasi 3.078mdpl. Ranger memiliki peran penting dalam pendakian dan mereka memiliki tanggungjawab yang bukan main-main, para ranger disini akan menjemput grup pendakian yang sudah 3 hari namun belum juga turun gunung, hal ini dimaksudkan sebagai antisipasi terhadap hal-hal yang tidak diinginkan.","",positif
443,"Basecamp Pendakian Jalur Linggarjati","Jalur Pendakian & Basecamp",5,"Staff dan rangernya super duper ramah.. Salluuttt banget deh!  Terima kasih atas info dan wejangannya pak Zul...  Tanggal 1 februari 2020 via jalur ini harga tiket 70rb ++ nasi bungkus!  Parkir mobil 25rb sampai puas..","",positif
444,"Basecamp Pendakian Jalur Linggarjati","Jalur Pendakian & Basecamp",5,"Pendakian yang sangat berkesan,kami rombongan dari Batang,Jateng sangat puas dengan trek pendakian ini,perjalanan panjang & cukup menguji kesabaran😁.di sepanjang trek baik di pos resmi maupun pos bayangan terdapat tempat untuk duduk yang cukup untuk team.hanya memang untuk fasilitas basecamp kurang luas ,sehingga ketika kami tiba,harus beristirahat & packing di emperan penginapan depan basecamp .","",positif
445,"Basecamp Pendakian Jalur Linggarjati","Jalur Pendakian & Basecamp",5,"Pos perijinan pendakian jalur Linggarjati.  Pengurusan simaksi atau Surat Izin Masuk Kawasan Konservasi. Surat izin ini ibarat tiket masuk sebelum melakukan pendakian ke gunung. Gunung ciremai sendiri memiliki ketinggian 3078 meter diatas permukaan air laut.  Salam lestari alamku Bersahabat erat dengan alam.","",positif
446,"Basecamp Pendakian Jalur Linggarjati","Jalur Pendakian & Basecamp",5,"Pada hari Minggu 2 Agustus 2020 , pos pendakian belum di buka untuk umum karena masa pandemi covid-19. Belum tahu sampai kapan akan di buka kembali. 😭","",positif
447,"Basecamp Pendakian Jalur Linggarjati","Jalur Pendakian & Basecamp",5,"Pos perizinan masuk kawasan Taman Nasional gunung Ciremai, Via Linggarjati. Bc Deket dengan Jalan Utama Cirebon-Kuningan","",positif
448,"Basecamp Pendakian Jalur Linggarjati","Jalur Pendakian & Basecamp",5,"Tracknya lumayan menguras tenaga,apalagi ditanjakan bapa tere luar biasa","",positif
449,"Basecamp Pendakian Jalur Linggarjati","Jalur Pendakian & Basecamp",5,"Tempatnya nyaman,warga sekitas juga ramah,para ranger yg asik dan welcome","",positif
450,"Basecamp Pendakian Jalur Linggarjati","Jalur Pendakian & Basecamp",5,"Kalo mau uji fisik lewat sini emang udah paling bener","",positif
451,"Basecamp Pendakian Jalur Linggarjati","Jalur Pendakian & Basecamp",5,"Jalur pendakian yang sangat panjang,. Cocok buat jiwa adventure","",positif
452,"Basecamp Pendakian Jalur Linggarjati","Jalur Pendakian & Basecamp",5,"Yuk yang mauu naik ke gunung ciremai,bisa banget kak naik jalur pendakian linggarjati nyaa,, jalur nyaa jugaa menantang bgt kak..  Pkoknyaa bakalan seru banget kak diperjalanan.... Abis turun dari pendakian jangan lupa nginep dulu di penginapan pondok family nya kak ada pemandian air panas nya dan harga juga murah kak...","",positif
453,"Basecamp Pendakian Jalur Linggarjati","Jalur Pendakian & Basecamp",5,"Smua'y dapet pokok'y mantaf deh Keren jalur linggajati","",positif
454,"Basecamp Pendakian Jalur Linggarjati","Jalur Pendakian & Basecamp",5,"jalur yang sangat rekomendasi untuk pemula karena sangat bersahabat untuk kaki dan mental","",positif
455,"Basecamp Pendakian Jalur Linggarjati","Jalur Pendakian & Basecamp",5,"Enak di Cibunar sebenarnya pos nya disini area parkir nya sempit dan kurang nyaman buat istirahat. Atau transit pendaki.","",positif
456,"Basecamp Pendakian Jalur Linggarjati","Jalur Pendakian & Basecamp",5,"Tempatnya adem warga sekitar pun insyaallah ramah, baik dan tentram hehehe sesambil ngopi berbicara tentang sejarah hehe","",positif
457,"Basecamp Pendakian Jalur Linggarjati","Jalur Pendakian & Basecamp",5,"Waktu pendaftaran dari 07:00 -09:00 & harus membawa rapid tes..","",positif
458,"Basecamp Pendakian Jalur Linggarjati","Jalur Pendakian & Basecamp",5,"Mau naik gunung dimanapun musti terdaftar dan izin resmi dari pihak yang berwenang.  Termasuk di gunung Ciremai ini...","",positif
459,"Basecamp Pendakian Jalur Linggarjati","Jalur Pendakian & Basecamp",5,"pos resmi yg sepi pengunjung ajib buat nenangin diri","",positif
460,"Basecamp Pendakian Jalur Linggarjati","Jalur Pendakian & Basecamp",5,"Sangat membantu","",positif
461,"Basecamp Pendakian Jalur Linggarjati","Jalur Pendakian & Basecamp",5,"Jos, jalur nya mantap gak dikasih nafas","",positif
462,"Basecamp Pendakian Jalur Linggarjati","Jalur Pendakian & Basecamp",5,"Tempat yang bisa memberikan kita wawasan tentang sejarah republik indonesia","",positif
463,"Basecamp Pendakian Jalur Linggarjati","Jalur Pendakian & Basecamp",5,"Jalanan yg dapat dilalui dengan kendaraan roda 4","",positif
464,"Basecamp Pendakian Jalur Linggarjati","Jalur Pendakian & Basecamp",5,"Bagusnya dibuat lebih di atas lg posnya..","",positif
465,"Basecamp Pendakian Jalur Linggarjati","Jalur Pendakian & Basecamp",5,"Luar biasaaaa mantul","",positif
466,"Basecamp Pendakian Jalur Linggarjati","Jalur Pendakian & Basecamp",5,"Mang joell...ramah banget sehat selalu..","",positif
467,"Basecamp Pendakian Jalur Linggarjati","Jalur Pendakian & Basecamp",5,"Pos pendaftaran pendakian gunung ciremai","",positif
468,"Basecamp Pendakian Jalur Linggarjati","Jalur Pendakian & Basecamp",5,"Jalur pendakian terberat Gn. Ciremai.","",positif
469,"Basecamp Pendakian Jalur Linggarjati","Jalur Pendakian & Basecamp",5,"Sangat bagus...","",positif
470,"Basecamp Pendakian Jalur Linggarjati","Jalur Pendakian & Basecamp",5,"Nyaman lur","",positif
471,"Basecamp Pendakian Jalur Linggarjati","Jalur Pendakian & Basecamp",5,"Admin nya welcome","",positif
472,"Basecamp Pendakian Jalur Linggarjati","Jalur Pendakian & Basecamp",5,"Pas posisinya","",positif
473,"Basecamp Pendakian Jalur Linggarjati","Jalur Pendakian & Basecamp",5,"Jadi kangen puncak ciremai","",positif
474,"Basecamp Pendakian Jalur Linggarjati","Jalur Pendakian & Basecamp",5,"Stay safe Stay healhty Keep the proceedure","",positif
475,"Basecamp Pendakian Jalur Linggarjati","Jalur Pendakian & Basecamp",5,"25 Januari 2020","",positif
476,"Basecamp Pendakian Jalur Linggarjati","Jalur Pendakian & Basecamp",5,"great view","",positif
477,"Basecamp Pendakian Jalur Linggarjati","Jalur Pendakian & Basecamp",5,"Recommended","",positif
478,"Basecamp Pendakian Jalur Linggarjati","Jalur Pendakian & Basecamp",5,"Jalur terextrim","",positif
479,"Basecamp Pendakian Jalur Linggasana","Jalur Pendakian & Basecamp",1,"Jadi kemarin temen saya nanya ke cp nya via WhatsApp buat nanyain tentang jalur Linggasana, tapi jutek banget balesnya. Terus pas ditanya harga tiket nya 75K. Buset, mending pake jalur lain. Ada buktinya kok.","",negatif
480,"Basecamp Pendakian Jalur Linggasana","Jalur Pendakian & Basecamp",2,"Fasilitas tdk di pelihara dng baik","",negatif
481,"Basecamp Pendakian Jalur Linggasana","Jalur Pendakian & Basecamp",3,"Minim peminat jd minim pemeliharaan juga","",netral
482,"Basecamp Pendakian Jalur Linggasana","Jalur Pendakian & Basecamp",3,"Tempatnya sejuk","",netral
483,"Basecamp Pendakian Jalur Linggasana","Jalur Pendakian & Basecamp",4,"Nyobain lari melalui jalur Linggasana menuju pos 3 pendakian Gunung Ciremai. Tracknya lebih enak sih.","",positif
484,"Basecamp Pendakian Jalur Linggasana","Jalur Pendakian & Basecamp",4,"Mau lewat sini harus rajin olah raga, dari pos 8 sampe puncak ciremai bisa di tempuh 3,5 jam","",positif
485,"Basecamp Pendakian Jalur Linggasana","Jalur Pendakian & Basecamp",4,"Pos pendaftaran untuk yang ingin mendaki ke gunung Ciremai. Ada banyak toilet yang bersih dan warung makan","",positif
486,"Basecamp Pendakian Jalur Linggasana","Jalur Pendakian & Basecamp",4,"Mantap, buat pendaki pemula","",positif
487,"Basecamp Pendakian Jalur Linggasana","Jalur Pendakian & Basecamp",4,"Pos pendakian menuju puncak Gunung Ceremai dari jalur Linggasana. Sangat layak menjadi tempat transit bagi para pendaki atau untuk umum karena tersedia fasilitas MCK yg bersih, barak untuk tidur (beratap tanpa dinding depan), warung bp. Opik, pos tiket, musholla, camping ground dan spot2 foto dengan view yg indah.  Tempat parkir luas, area bersih dan penjaga2nya ramah serta mau memberikan keterangan yang baik seputar lokasi dan pendakian. Para penjaga juga merangkap ranger, guide atau sebagai tim SAR. Para pengunjung diharapkan mematuhi peraturan yg ditetapkan dan mengikuti arahan para ranger disana serta di pos ini lokasinya sudah bersih dan ada tempat-tempat sampah.  Bagi yang akan Camping atau mendaki tapi kekurangan perlengkapan utama seperti tenda, sleeping bag, matras tidur dll bisa langsung menyewa disini dengan harga yg relatif murah.  Udara disini cukup dingin terutama di musim kemarau, pepohonan berupa hutan heterogen karena ini adalah batas Taman Nasional Gunung Ceremai. Suara berbagai macam satwa dilindungi masih ada, seperti burung, tupai dan  monyet. Jika sedang beruntung di pagi hari di musim tertentu kita akan melihat monyet2 bergerombol di seberang lembah.  Menuju lokasi ini dicapai dari jalan raya Linggardjati, Jika dari arah jalan raya Cirebon - Kuningan, setelah masuk jalan Linggardjati lurus terus sd desa Linggasana lalu jalan ini akan mentok di pos pendaki ini.  Bagi yang berencana membuat kegiatan atau akan melakukan pendakian dengan jalur ini, bisa menghubingi: 1. Bp Taufiq (Opik) WA 0857-2426-7235 2. Bp. Adi Sunadi WA 0896-6456-7541 Beliau2 adalah petugas Ranger resmi disana.","",positif
488,"Basecamp Pendakian Jalur Linggasana","Jalur Pendakian & Basecamp",4,"Jalur yang dilewati cukup berat walau begitu amat menyenangkan.","",positif
489,"Basecamp Pendakian Jalur Linggasana","Jalur Pendakian & Basecamp",4,"Jalur ciremai linggasana trek nya mantap","",positif
490,"Basecamp Pendakian Jalur Linggasana","Jalur Pendakian & Basecamp",4,"Lumayan.. melelahkan karena terdapat jalur baru di via linggarsana","",positif
491,"Basecamp Pendakian Jalur Linggasana","Jalur Pendakian & Basecamp",4,"Tempat parkir luas, ada warung untuk beristirahat dan ngopi2 santuy & spot foto instagramable","",positif
492,"Basecamp Pendakian Jalur Linggasana","Jalur Pendakian & Basecamp",4,"Tempat bascamp yg sangat bagus rapi dan sarana mck yg lengkap","",positif
493,"Basecamp Pendakian Jalur Linggasana","Jalur Pendakian & Basecamp",4,"Lumayan bagus palkiran ny luas basecamp ny bersih","",positif
494,"Basecamp Pendakian Jalur Linggasana","Jalur Pendakian & Basecamp",4,"Jalur baru tapi seru ada sumber air","",positif
495,"Basecamp Pendakian Jalur Linggasana","Jalur Pendakian & Basecamp",4,"Pelayanan nya bagus, asik, dapet makan, sertifikat, dan peduli","",positif
496,"Basecamp Pendakian Jalur Linggasana","Jalur Pendakian & Basecamp",4,"Membantu dam memberi petunjuk jalur","",positif
497,"Basecamp Pendakian Jalur Linggasana","Jalur Pendakian & Basecamp",4,"Pendakian yg memacu adrenalin","",positif
498,"Basecamp Pendakian Jalur Linggasana","Jalur Pendakian & Basecamp",4,"Ckup puas","",positif
499,"Basecamp Pendakian Jalur Linggasana","Jalur Pendakian & Basecamp",4,"the best bet ni jalur","",positif
500,"Basecamp Pendakian Jalur Linggasana","Jalur Pendakian & Basecamp",4,"Mantap trek ya pedes","",positif
501,"Basecamp Pendakian Jalur Linggasana","Jalur Pendakian & Basecamp",4,"Bagus ,nyaman","",positif
502,"Basecamp Pendakian Jalur Linggasana","Jalur Pendakian & Basecamp",4,"Helpful for those who want to ascent to mount ceremai","",positif
503,"Basecamp Pendakian Jalur Linggasana","Jalur Pendakian & Basecamp",5,"Hai teman-teman! 👋 Saya baru aja balik dari petualangan mendaki di Gunung Ciremai via Basecamp Linggasana di Kuningan, Jawa Barat, pada bulan April 2025, dan saya harus bilang kalau ini pengalaman yang super menantang! 🔥  Saya membayar tiket masuk Rp. 50.000 dan cek kesehatan Rp. 20.000, jadi totalnya Rp. 70.000. Saya rasa itu investasi yang worth it untuk pengalaman yang saya dapatkan! 💸 Gunung Ciremai ini memiliki ketinggian 3078 mdpl, dan jalur pendakiannya terdiri dari 12 pos, dengan estimasi waktu 1 jam untuk setiap pos.  Saya harus bilang bahwa jalur pendakian di Gunung Ciremai ini cukup panjang dan naik turun, jadi kurang cocok untuk pemula. Tapi, saya tetap menikmati perjalanan ini dengan suasana yang sepi dan alam yang indah. 🌳  Saya memilih untuk camping di pos 3 dan 8, yang cukup luas dan nyaman. Di pos 3, ada sumber air yang sangat berguna untuk kebutuhan sehari-hari. 🌊  Sayangnya, karena musim hujan, view yang saya dapatkan adalah kabut yang menutupi puncak Gunung Ciremai. Tapi, kabut ini juga memiliki keindahan tersendiri, membuat saya merasa seperti berada di dunia lain! 🌫️  Saya sangat puas dengan pengalaman mendaki di Gunung Ciremai ini! Jika kamu mencari tempat untuk menantang diri sendiri dan menikmati keindahan alam, maka Gunung Ciremai adalah pilihan yang tepat! 🌴👍 Tapi, pastikan kamu sudah siap secara fisik dan mental sebelum mendaki! 💪","",positif
504,"Basecamp Pendakian Jalur Linggasana","Jalur Pendakian & Basecamp",5,"G ktemu pendaki lain. Tetep aman, jalur terlihat jelas. Cocok buat latihan fisik.","",positif
505,"Basecamp Pendakian Jalur Linggasana","Jalur Pendakian & Basecamp",5,"BC cukup lengkap, petugas yang ramah membantu, sarana istirahat dan parkir yang luas, warung makan minum juga siap. Yang bagusnya lagi dibantu 3 anjing guide untuk pendaki. Minus jalur Linggasana yakni rambu/petunjuk arah kurang, petunjuk jarak banyak salah, track yg kurang jelas/bagus untuk ukuran jalur resmi pendakian,,, kurang aman dan membingungkan bagi pendaki pemula atau yang baru melewati jalur ini.","",positif
506,"Basecamp Pendakian Jalur Linggasana","Jalur Pendakian & Basecamp",5,"Pos ini merupakan pos dari jalur baru untuk ke puncak ciremai. Di pos ini ketinggian sudah 600 mpdl. Di pos ini ada tempat istirahat ( kasur yg lumayan luas ) ada toilet dan mushola. Tempat parkir luas. Petugasnya ramah. Mereka info jalur2 pendakian dari linggasana ini. Pendaftaran 50k. Sudah dapat teh manis hangat dan makan sebelum dan sesudah pendakian. Serta dapat sertifikat pendakian setelah kita mendaki. Kalau hari jumat sabtu minggu di pos linggasana ini buka 24 jam. Tapi hari biasa cuma sampai jam 10 malem. Di sini juga ada penyewaan tenda dan perlengkapan camping. Tapi di pastikan dulu ke petugasnya apakah masih tersedia di peak season.","",positif
507,"Basecamp Pendakian Jalur Linggasana","Jalur Pendakian & Basecamp",5,"Tempat yg asri dan tenang.","",positif
508,"Basecamp Pendakian Jalur Linggasana","Jalur Pendakian & Basecamp",5,"Jalur pendakian yang cocok untuk pecinta petualang","",positif
509,"Basecamp Pendakian Jalur Linggasana","Jalur Pendakian & Basecamp",5,"Suasana nya enak sekali syahdu buat niis, ramah, area parkiranya sangat luat, terdapat mushola, toilet pria dan wanita, pokoknya recommended buat basecamp linggasana  buat para pendaki yang pengen naik gunung ceremai, vegetasi yang masih rapat, suasananya asri, mata air melimpah.","",positif
510,"Basecamp Pendakian Jalur Linggasana","Jalur Pendakian & Basecamp",5,"Pelayana dan fasilitas oke banget,trek nya   recommended  utk haiking /pendaki penikmat sepi .pokok'a treck na Masi virgin dech","",positif
511,"Basecamp Pendakian Jalur Linggasana","Jalur Pendakian & Basecamp",5,"jalur terlalu berkelok2 terlalu lama dan terlalu membosankan dan pegel dan sakit dan nyeri segala macem saya kapok lewat situ mending dari linggajati saja meskipun treknya lurus keatas jug itu lebih menantang","",positif
512,"Basecamp Pendakian Jalur Linggasana","Jalur Pendakian & Basecamp",5,"Pos pendakian gunung ciremai tertinggi di jawa barat. Pertama kali saya mendaki . Langsung atap jawa barat. banyak banget kenangan bareng temen temen Gegana😄😄","",positif
513,"Basecamp Pendakian Jalur Linggasana","Jalur Pendakian & Basecamp",5,"Mantap pelayanan linggasana treknya mantap view-nya luar biasa. Ciremai Top Jawa barat","",positif
514,"Basecamp Pendakian Jalur Linggasana","Jalur Pendakian & Basecamp",5,"basecamp nyaman sangat, kang ranger’nya ramah sekali. fasilitas lengkap ada parkir mobil & motor, toilet, warung makan.  Recomended basecamp","",positif
515,"Basecamp Pendakian Jalur Linggasana","Jalur Pendakian & Basecamp",5,"Jalur pendakian yang cukup menantang, sejuk, jauh dari hiruk pikuk. Untuk basecamp, fasilitasnya lengkap ada wifi juga. Ada banyak gazebo untuk beristritahat, toilet pria dan wanita, musola, tempat parkir yang luas, warung makan, dekat ke jalan raya.  Mudah di akses 👍","",positif
516,"Basecamp Pendakian Jalur Linggasana","Jalur Pendakian & Basecamp",5,"Basecamp pendakian Gunung Ciremai via Linggasana. Sudah terdapat tempat untuk beristirahat walau terbatas, terdapat kamar mandi yang bersih dan tempat parkir yang luas.","",positif
517,"Basecamp Pendakian Jalur Linggasana","Jalur Pendakian & Basecamp",5,"Pengalaman seru..mudik lebaran camping ground di lima kisah kopi ..kaki gunung ceremai","",positif
518,"Basecamp Pendakian Jalur Linggasana","Jalur Pendakian & Basecamp",5,"Trek pendakian masih fresh...banyak sumber air nya juga...selamat mencoba..","",positif
519,"Basecamp Pendakian Jalur Linggasana","Jalur Pendakian & Basecamp",5,"Lumayan fasilitasnya,ga susah buat ke WC umum.","",positif
520,"Basecamp Pendakian Jalur Linggasana","Jalur Pendakian & Basecamp",5,"Bagi yang kurang suka keramaian, jalur ini cocok","",positif
521,"Basecamp Pendakian Jalur Linggasana","Jalur Pendakian & Basecamp",5,"Basecamp Gn. Ciremai via Linggasana, ada bale-bale untuk istirahat, toilet, musholla, dan warung untuk isi perbekalan","",positif
522,"Basecamp Pendakian Jalur Linggasana","Jalur Pendakian & Basecamp",5,"Sangat2 indah sekali ... Bagus bersih menantang.. Sejuk","",positif
523,"Basecamp Pendakian Jalur Linggasana","Jalur Pendakian & Basecamp",5,"Tanjakannya mantul","",positif
524,"Basecamp Pendakian Jalur Linggasana","Jalur Pendakian & Basecamp",5,"Happy leg yang sesungguhnya","",positif
525,"Basecamp Pendakian Jalur Linggasana","Jalur Pendakian & Basecamp",5,"Mantap, ibu nya ramah, kopi nya enak, parkiran luas","",positif
526,"Basecamp Pendakian Jalur Linggasana","Jalur Pendakian & Basecamp",5,"Tempatnya asik, udaranya sejuk,  dan bersih.  Petugasnya ramah,  mushola dan toilet nya bersih serta terawat.  Ini adalah Base pertama sebelum mulai mendaki, dengan ketinggian sekitar 600 MDPL. Setiap pendaki harus daftar disini dgn menunjukkan ktp dan uang pendaftaran sebesar 50rb , jadi lebih baik bawa fotokopi aja dari rumah, lalu isi form pendaftaran. Setiap pendaki diberi jatah 1 kali makan gratis dan teh manis.  Penyewaan peralatan mendaki,  tenda,  dll terdapat dsini. Untuk beristirahat,  banyak terdapat saung atau bale2 untuk rebahan melepas kepenatan. Disini juga bisa minta sertifikat pendakian. Selalu ingat untuk tidak buang sampah sembarangan dan berdoa sebelum mendaki.","",positif
527,"Basecamp Pendakian Jalur Linggasana","Jalur Pendakian & Basecamp",5,"Basecamp dengan fasilitas yang cukup nyaman dengan toilet 10 pintu dan mushola, tempat parkir luas terjaga 24 jam","",positif
528,"Basecamp Pendakian Jalur Linggasana","Jalur Pendakian & Basecamp",5,"Bisa ngopi enak sambil ngadem","",positif
529,"Basecamp Pendakian Jalur Linggasana","Jalur Pendakian & Basecamp",5,"Tempatnya luas, pelayanan & fasilitasnya baik, dapet teh manis gratis, plus dapet sertifikat pula. Jalur ini saya rekomendasikan untuk anda, Silakan di coba.","",positif
530,"Basecamp Pendakian Jalur Linggasana","Jalur Pendakian & Basecamp",5,"Parkir luas mck & mushola cukup baik,,","",positif
531,"Basecamp Pendakian Jalur Linggasana","Jalur Pendakian & Basecamp",5,"Enak ramah dibandingkan dengan jLur pendakian TNGC lainnya  Jangan lupa mampir di chanel saya yah Youtube : SM GERANIUM","",positif
532,"Basecamp Pendakian Jalur Linggasana","Jalur Pendakian & Basecamp",5,"Cari porter namanya Andi. Rekomendasi untuk menemani naik gunung","",positif
533,"Basecamp Pendakian Jalur Linggasana","Jalur Pendakian & Basecamp",5,"Tempat yang asik untuk camp, outbound dan pos pendakian yang tidak kalah dengan jalur lainnya","",positif
534,"Basecamp Pendakian Jalur Linggasana","Jalur Pendakian & Basecamp",5,"Terdapat musholla dan toilet bersih ..penjaga ramah dan keamanan oke..harga terjangkau","",positif
535,"Basecamp Pendakian Jalur Linggasana","Jalur Pendakian & Basecamp",5,"Pos pendakian jalur selain cibunar/pengganti parkir luas dan aman","",positif
536,"Basecamp Pendakian Jalur Linggasana","Jalur Pendakian & Basecamp",5,"Pelayanan disini sangat ramah. Rangger nya cepat tanggap. Makanan di warung pun relatif murah","",positif
537,"Basecamp Pendakian Jalur Linggasana","Jalur Pendakian & Basecamp",5,"Terdapat mushola. Warung jalan bisa di lalui motor sampai pos linggasana","",positif
538,"Basecamp Pendakian Jalur Linggasana","Jalur Pendakian & Basecamp",5,"Tempatnya asri dan menantang","",positif
539,"Basecamp Pendakian Jalur Linggasana","Jalur Pendakian & Basecamp",5,"Tempat camp sebelum pendakian ke gunung ciremai via jalur linggasana","",positif
540,"Basecamp Pendakian Jalur Linggasana","Jalur Pendakian & Basecamp",5,"Pas buat foto2 sebelum melakukan pendakian...","",positif
541,"Basecamp Pendakian Jalur Linggasana","Jalur Pendakian & Basecamp",5,"Not the best hiking trail to reach the summit of Mount Ceremai, but it offers a shaded path under the forest before reaching the sandy terrain near the peak. This location provides many other tourist attractions and culinary spots. The Linggasana trail is known for having no water sources, so hikers or trail runners must bring sufficient water.","",positif
542,"Basecamp Pendakian Jalur Linggasana","Jalur Pendakian & Basecamp",5,"Hard and painful trail but it's amazing","",positif
543,"Basecamp Pendakian Jalur Linggasana","Jalur Pendakian & Basecamp",5,"The best","",positif
544,"Basecamp Pendakian Jalur Linggasana","Jalur Pendakian & Basecamp",5,"Tempat yg indah dan sejuk","",positif
545,"Basecamp Pendakian Jalur Linggasana","Jalur Pendakian & Basecamp",5,"sanagat sejuk dan aman","",positif
546,"Basecamp Pendakian Jalur Linggasana","Jalur Pendakian & Basecamp",5,"One of the hardest route to climb Mt. Ciremai","",positif
547,"Basecamp Pendakian Jalur Linggasana","Jalur Pendakian & Basecamp",5,"dingiinnn","",positif
548,"Basecamp Pendakian Jalur Linggasana","Jalur Pendakian & Basecamp",5,"Lovely place","",positif
549,"Basecamp Pendakian Jalur Linggasana","Jalur Pendakian & Basecamp",5,"Trak nya ajib","",positif
550,"Basecamp Pendakian Jalur Linggasana","Jalur Pendakian & Basecamp",5,"Kempiiiiiing...!!!","",positif
551,"Basecamp Pendakian Jalur Linggasana","Jalur Pendakian & Basecamp",5,"Great service from great people","",positif
552,"Basecamp Pendakian Jalur Linggasana","Jalur Pendakian & Basecamp",5,"Good service","",positif
553,"Basecamp Pendakian Jalur Linggasana","Jalur Pendakian & Basecamp",5,"Selain jadi pos pendakian, disini juga bisa didatangi untuk yang tidak ingin mendaki. Disini ada spot foto kekinian dan curug / air terjun. Pihak pengelola pun ramah sekali dengan kami. Menceritakan banyak hal tentang gunung ceremai , khususnya di jalur Linggasana. Di pos ini juga ada warung, mushola, dan toilet. Tempat parkir pun luas, dan ada pondok untuk istirahat.","",positif
554,"Basecamp Pendakian Jalur Linggasana","Jalur Pendakian & Basecamp",5,"Asik walapun melelahkan...","",positif
555,"Basecamp Pendakian Jalur Linggasana","Jalur Pendakian & Basecamp",5,"Terbaik buat mendinginkan suasana","",positif
556,"Basecamp Pendakian Jalur Linggasana","Jalur Pendakian & Basecamp",5,"Satu kata buat pendakian linggasa. Sumpah horor! Untuk pertama kalinya nyoba jalur linggasa apa dan itu cukup bikin saya bilang ""ga akan mau lewat jalur situ lagi"", tapi ya entah lah kita liat saja berapa tahun ke depan karena mungkin saja jalur ini sudah tidak horor lagi. Oh iya kenapa horor karena jalur yang dibuat baru beberapa bulan ini masih hutan lebat yang membuat kesan org yg lewat jalur sini sdkt horor. So far saya seneng sih bisa dikasih kesempatan untuk naik lewat jalur sini, jadi punya pengalaman sendiri gitu (bisa di ceritain ke temen temen) haha","",positif
557,"Basecamp Pendakian Jalur Linggasana","Jalur Pendakian & Basecamp",5,"Mantullll perubahan nya jauh drastis saya dulu ndaki 2011 daki lagi 2019 perubahan tempat dan taman nya indah banyak ayunan nya, dan jangan lupa kalo kesini bawa oleh2 kopi gunung Ciremai nya juga gak kalah enak di minum di rumah","",positif
558,"Basecamp Pendakian Jalur Linggasana","Jalur Pendakian & Basecamp",5,"First hiking pp pake motor dari bogor sendiri pake mio, ajibbbb","",positif
559,"Basecamp Pendakian Jalur Linggasana","Jalur Pendakian & Basecamp",5,"Jalur pendakian yang pemandangan nya luar biasa indah,tempat yang bersih nyaman dan tenang","",positif
560,"Basecamp Pendakian Jalur Linggasana","Jalur Pendakian & Basecamp",5,"Tempatnya luas, penjaganya ramah","",positif
561,"Basecamp Pendakian Jalur Linggasana","Jalur Pendakian & Basecamp",5,"Parkir kendaraan luas, toilet bersih, ada musholla, petugasnya ramah","",positif
562,"Basecamp Pendakian Jalur Linggasana","Jalur Pendakian & Basecamp",5,"Area parkir dan pos pendaftaran","",positif
563,"Basecamp Pendakian Jalur Linggasana","Jalur Pendakian & Basecamp",5,"Recomen bgt via linggasana","",positif
564,"Basecamp Pendakian Jalur Linggasana","Jalur Pendakian & Basecamp",5,"Jalur baru yg sangat menantang. Tak kalah dengan jalur linggarjati","",positif
565,"Basecamp Pendakian Jalur Linggasana","Jalur Pendakian & Basecamp",5,"Ramah pemilik base camp nya, lokasinya bersih","",positif
566,"Basecamp Pendakian Jalur Linggasana","Jalur Pendakian & Basecamp",5,"Tempat yang sangat sangat tenang dan sejuk...back to nature","",positif
567,"Basecamp Pendakian Jalur Linggasana","Jalur Pendakian & Basecamp",5,"Mantul euy.. ayo muncak gn ciremai lewat jalur linggasana..","",positif
568,"Basecamp Pendakian Jalur Linggasana","Jalur Pendakian & Basecamp",5,"Keren dan bersih...ada musholahnya yg nyaman...","",positif
569,"Basecamp Pendakian Jalur Linggasana","Jalur Pendakian & Basecamp",5,"Kampung ane tahun 2010 camera masih VGA","",positif
570,"Basecamp Pendakian Jalur Linggasana","Jalur Pendakian & Basecamp",5,"Jadi ketagihan muncak lagi gunung gede pangrango,,, kreeeeeen","",positif
571,"Basecamp Pendakian Jalur Linggasana","Jalur Pendakian & Basecamp",5,"Jalur pendakian dengan segudang mata air..","",positif
572,"Basecamp Pendakian Jalur Linggasana","Jalur Pendakian & Basecamp",5,"Suwasananya sangat menyenangkan","",positif
573,"Basecamp Pendakian Jalur Linggasana","Jalur Pendakian & Basecamp",5,"Tempat registrasi bagi pendaki puncak gunung ciremai","",positif
574,"Basecamp Pendakian Jalur Linggasana","Jalur Pendakian & Basecamp",5,"Perjalanan mendaki yang menakjubkan","",positif
575,"Basecamp Pendakian Jalur Linggasana","Jalur Pendakian & Basecamp",5,"Unruk santai lihat pemandangan yg indah","",positif
576,"Basecamp Pendakian Jalur Linggasana","Jalur Pendakian & Basecamp",5,"Akses mudah, toilet bersih, dan ada musholah","",positif
577,"Basecamp Pendakian Jalur Linggasana","Jalur Pendakian & Basecamp",5,"Tempat yang nyaman dan suasana yang tenang....","",positif
578,"Basecamp Pendakian Jalur Linggasana","Jalur Pendakian & Basecamp",5,"Para Ciremai Hasher beraksi","",positif
579,"Basecamp Pendakian Jalur Linggasana","Jalur Pendakian & Basecamp",5,"Menyenangkan dan menantang adrenalin","",positif
580,"Basecamp Pendakian Jalur Linggasana","Jalur Pendakian & Basecamp",5,"Jalur nya mantap","",positif
581,"Basecamp Pendakian Jalur Linggasana","Jalur Pendakian & Basecamp",5,"Pemandangan yang sangat luar biasa","",positif
582,"Basecamp Pendakian Jalur Linggasana","Jalur Pendakian & Basecamp",5,"Kenangan bersama Tyo kala itu 😁","",positif
583,"Basecamp Pendakian Jalur Linggasana","Jalur Pendakian & Basecamp",5,"Mantaaap tracknya","",positif
584,"Basecamp Pendakian Jalur Linggasana","Jalur Pendakian & Basecamp",5,"Tempatnya strategis","",positif
585,"Basecamp Pendakian Jalur Linggasana","Jalur Pendakian & Basecamp",5,"Jalur pendakian linggasana - kuningan","",positif
586,"Basecamp Pendakian Jalur Linggasana","Jalur Pendakian & Basecamp",5,"Enak, nyaman, adem","",positif
587,"Basecamp Pendakian Jalur Linggasana","Jalur Pendakian & Basecamp",5,"Jalur yg Luar Biasa..","",positif
588,"Basecamp Pendakian Jalur Linggasana","Jalur Pendakian & Basecamp",5,"Perdana kesini, mantap jalurnya","",positif
589,"Basecamp Pendakian Jalur Linggasana","Jalur Pendakian & Basecamp",5,"Perlu dilestarikan, dijaga","",positif
590,"Basecamp Pendakian Jalur Linggasana","Jalur Pendakian & Basecamp",5,"Pelayanan Ramah","",positif
591,"Basecamp Pendakian Jalur Linggasana","Jalur Pendakian & Basecamp",5,"Jalurnya mantao","",positif
592,"Basecamp Pendakian Jalur Linggasana","Jalur Pendakian & Basecamp",5,"Linggasana Basecamp","",positif
593,"Basecamp Pendakian Jalur Linggasana","Jalur Pendakian & Basecamp",5,"Tempat petualangan saya","",positif
594,"Basecamp Pendakian Jalur Linggasana","Jalur Pendakian & Basecamp",5,"Pos pendakian linggasana","",positif
595,"Basecamp Pendakian Jalur Linggasana","Jalur Pendakian & Basecamp",5,"Udaranya segar","",positif
596,"Basecamp Pendakian Jalur Linggasana","Jalur Pendakian & Basecamp",5,"Fasilitas kamar mandi/mushola/kantin cukup bersih.. mlh lbh cenderung paling bersih kamar mandinya dari semua BC pendakian Ciremai. tp Herman ko malah sepi yaa..","",positif
597,"Basecamp Pendakian Jalur Linggasana","Jalur Pendakian & Basecamp",5,"Fasilitas yg lengkap untuk pos pendakian dengan jalur terpanjang dan terberat untuk menuju Ciremai Mt. Yg menginginkan jalur lebih landai dan pendek, bisa memilih pos dan jalur pendakian lainya..","",positif
598,"Basecamp Pendakian Jalur Linggasana","Jalur Pendakian & Basecamp",5,"Tempatnya adem bersih, warung cuma 1, yg mau sholat ada mushola hmmm","",positif
599,"Jalur Pendakian Trisakti Sadarehe","Jalur Pendakian & Basecamp",1,"Kecewa dengan sistem kendaraan angkutan yang harus menunggu seluruh pendaki turun, saya harus menunggu 2 jam lebih dengan kondisi habis kehujanan, kedinginan tanpa minum, rekan cidera karena terjatuh, tetap dipaksa menunggu sampai Maghrib, saya mendaki berdua dengan rekan, rekan dalam keadaan cidera karena terpeleset, kita memaksakan kondisi agar sampai di basecamp pukul 4 sore, tetapi tetap saja kita harus menunggu.","",negatif
600,"Jalur Pendakian Trisakti Sadarehe","Jalur Pendakian & Basecamp",1,"Simaksi/regist paling mahal. Fasilitas BC ga sesuai harga, kamar mandi sedikit dan airnya tiap mck dimatiin, ga banyak stop kontak, mau istirahat setelag pendakian aja sulit. Kapok hahaha","",negatif
601,"Jalur Pendakian Trisakti Sadarehe","Jalur Pendakian & Basecamp",1,"Kecewa dengan sistem kendaraan angkutan, tidak memperdulikan keadaan pendaki, rekan saya dipaksa menunggu 2 jam lebih dengan keadaan cidera dan basah karena diguyur hujan lebat, dan tanpa diberi minum atau apapun selama menunggu.","",negatif
602,"Jalur Pendakian Trisakti Sadarehe","Jalur Pendakian & Basecamp",1,"Bayar mahal tapi manajemen nya gak becus  #edit saya bayar Rp. 155.000 per orang untuk air di pos 6 tidak ada untuk penjemputan berangkat harus nunggu dari jam 07:30 dan baru berangkat di jam 10:20 nunggu kelompok yang dari KUNINGAN giliran pulang saya ditinggal padahal kelompok SAYA dan yang dari KUNINGAN JARAK WAKTU TIDAK LEBIH DARI 2 JAM","",negatif
603,"Jalur Pendakian Trisakti Sadarehe","Jalur Pendakian & Basecamp",1,"pelayanan tidak ramah, simaksi mahal, katanya home stay tapi suruh istirahat di bc. mana ada bascamp bayar","",negatif
604,"Jalur Pendakian Trisakti Sadarehe","Jalur Pendakian & Basecamp",1,"Bayar mahal ternyata manajemennya sangat buruk menurut saya bayar total perorangan 155k ga worit sama pelayanan dan fasilitas mungkin pihak pengelola bisa di perhatikan lebih baik","",negatif
605,"Jalur Pendakian Trisakti Sadarehe","Jalur Pendakian & Basecamp",1,"saya temen arza merasa kecewa dengan pelayanannya, dengan harga 100rb menurut saya tidak sepadan dengan pelayanannya, mulai dari uang parkir yang dibilang bilang 10rb kemudian saya ditagih menjadi 30rb, kedua di post 6 tidak ada ranger sehingga saya tidak mendapatkan air, terakhir menurut saya harus diperbaiki lagi sistem penjemputan engkelnya karena saya harus menunggu sambai maghrib jika ingin menuju balai dari basecamp karena harus menunggu semua pendaki turun ( merugikan saya karena saya pikir turun dengan cepat maka akan sampai balai dengan cepat)","",negatif
606,"Jalur Pendakian Trisakti Sadarehe","Jalur Pendakian & Basecamp",1,"saya merasa kecewa dengan pelayanannya, dengan harga 100rb menurut saya tidak sepadan dengan pelayanannya, mulai dari uang parkir yang dibilang bilang 10rb kemudian saya ditagih menjadi 30rb, kedua di post 6 tidak ada ranger sehingga saya tidak mendapatkan air, terakhir menurut saya harus diperbaiki lagi sistem penjemputan engkelnya karena saya harus menunggu sambai maghrib jika ingin menuju balai dari basecamp karena harus menunggu semua pendaki turun ( merugikan saya karena saya pikir turun dengan cepat maka akan sampai balai dengan cepat)","",negatif
607,"Jalur Pendakian Trisakti Sadarehe","Jalur Pendakian & Basecamp",1,"Mahal doang tapi fasilitas ga sepadan. Di luar nurul emang.","",negatif
608,"Jalur Pendakian Trisakti Sadarehe","Jalur Pendakian & Basecamp",3,"pendakian ciremai via sadarehe dimulai dari sini. jaraknya sangat jauh -+1 jam dari pos registrasi di desa. dengan jalan yang kondisinya berbatu (belum di aspal). secara adrenalin sih emang menantang dan seru karena kita pakai engkel atau kolbak yang disediakan oleh balai (berbayar), tapi jadinya mau ga mau kita harus pake jasa transport tsb karena kalo bawa kendaraan sendiri pasti ga nyaman. di infokan bahwa bisa ngambil air di sini, kenyataannya nanjak kamis tgl 27 sept disini ga ada air, warung tutup. untung udah beli air dibawah, kebayang kan kalo blm bawa air trus ternyata disini juga ga ada. tapi pas turun jumat sore airnya diisi buat para pendaki yang datang weekend.","",netral
609,"Jalur Pendakian Trisakti Sadarehe","Jalur Pendakian & Basecamp",3,"Manajemen keberangkatan pendakinya tolong di beresin lagi, apalagi disaat ada rombongan OT, jangan dahulukan orang yang memberikan cuan lebih kepada pihak panitia, sedangkan kami pendaki mandiri di kesampingkan.","",netral
610,"Jalur Pendakian Trisakti Sadarehe","Jalur Pendakian & Basecamp",3,"Pos kecil. Warung cuma ada 1. Ada ranger yang berjaha sepanjang jalur dan di pos ini juga.","",netral
611,"Jalur Pendakian Trisakti Sadarehe","Jalur Pendakian & Basecamp",3,"TNG dengan Simaksi termahal se-jawa barat. Titik mata air / jalur air hanya ranger yg tau. Tapi bagi yg paham sih pasti ktemu, karena cukup curam posisi nemu air.","",netral
612,"Jalur Pendakian Trisakti Sadarehe","Jalur Pendakian & Basecamp",4,"Pos cukup nyaman  Tapi yang aneh adalah di sini signal provider seperti mati dan jadi terpaksa beli vocher wifi  Padahal kalau jalan2 sekitar masjid situ ada signal  Apa ada permainan yak🤔  Tapi pelayanan nya ok untuk pengantaran ke pintu rimba dan jemputannya  Simaksi juga tergolong mahal ketimbang gunung2 lain yang sejenis di sekitar jawa tengah","",positif
613,"Jalur Pendakian Trisakti Sadarehe","Jalur Pendakian & Basecamp",4,"Akses nya sangat perlu di perbaiki. Karena kalau tidak bisa sepi, dari semua jalur Gunung Ciremai yg jauh dari jalan raya (Apuy dan Palutungan) ini paling jelek akses dari desa ke atas.  Untuk jalur pendakian nya: Lebih cepat ini dari Apuy, mulai nanjak sejak pos 2 dan ada bonus landai nya tidak sebanyak Apuy. Semakin nanjak mirip Linggarjati sejak pos 5-8. Tanjakan nya 11-12 sama Jalur Linggarjati tapi ini lebih panjang karena ada bonus landai dan naik turun punggungan.  Hanya Linggarjati dan Linggasana yang paling dekat jalan raya Provinsi atau Nasional.","",positif
614,"Jalur Pendakian Trisakti Sadarehe","Jalur Pendakian & Basecamp",4,"Basecamp yang menyediakan dokter ditempat untuk cek kesehatan sebelum trekking. Informasi disini cukup lengkap, dari pricelist simaksi, porter, jasa dokter ditempat, pemaparan tentang keselamatan dan rute yang jelas.","",positif
615,"Jalur Pendakian Trisakti Sadarehe","Jalur Pendakian & Basecamp",4,"Tempat ini bisa diakses melalui Desa Payung Kecamatan Rajagaluh Kabupaten Majalengka dengan memakai moda transportasi roda dua (pribadi) atau mobil (yang disediakan pengelola). Apabila memakai motor, pastikan kendaraan dalam kondisi prima  karena jalan yang ditempuh sepanjang 6 kilometer masih rusak di beberapa bagian. Untuk paket pendakian, terdapat dua jenis yaitu paket ekonomi 150k dan bisnis 280k, tinggal dipilih sesuai anggaran.","",positif
616,"Jalur Pendakian Trisakti Sadarehe","Jalur Pendakian & Basecamp",4,"Hampir sepanjang jalur pendakian didominasi jalur bedebu.. Disaranin bawa masker/buff.. Sepanjang jalur ga ada mata air.. Area camp terbuka kalo cuaca lagi cerah panas di dalem tenda panasnya mantep 😂😂 Di saranin ke sini pas musim panas.. Kalo musim ujan bisa dipastiin licin karna mayoritas jalur debunya lumayan tebel 😂","",positif
617,"Jalur Pendakian Trisakti Sadarehe","Jalur Pendakian & Basecamp",4,"Semoga kedepannnya lebih baik lg dari segi fasilitas umumnya","",positif
618,"Jalur Pendakian Trisakti Sadarehe","Jalur Pendakian & Basecamp",4,"Cantik dan hijau","",positif
619,"Jalur Pendakian Trisakti Sadarehe","Jalur Pendakian & Basecamp",4,"Nice basecamp","",positif
620,"Jalur Pendakian Trisakti Sadarehe","Jalur Pendakian & Basecamp",5,"Basecamp ciremai via sadarehe ini sederhana namun nyaman .walaupun rombongan saya sampai sana jam set 3 pagi tapi tetap dilayani dan diizinkan untuk rest selagi menunggu pagi hari untuk registrasi . Oh iya di area sini  tidak ada sinyal internet, jd kalau mau pakai internet pihak BC menyediakan Wifi berbayar seperti membeli voucher internet. Murah kok saya beli untuk 15jam 4ribu rupiah saja.","",positif
621,"Jalur Pendakian Trisakti Sadarehe","Jalur Pendakian & Basecamp",5,"Semoga jalan segera di perbaiki, agar kita   mudah ke lokasi base camp nya, dan semoga jalur sadarehe semakin ramai di kunjungi para pendaki amiin 🤲🤲","",positif
622,"Jalur Pendakian Trisakti Sadarehe","Jalur Pendakian & Basecamp",5,"Tiap Sabtu ramai pengunjung/pendaki. Pemandu sangat penduli. Terutama pak kordinator pak Kadus Badak 2. Tks pak Kadus sudah diajak naik ke base camp","",positif
623,"Jalur Pendakian Trisakti Sadarehe","Jalur Pendakian & Basecamp",5,"Jalur pendakian Gunung Ciremai via Trisakti Sadarehe salah satu trek terindah di gunung Jabar. Begitu sampe di pos 8 Kawah Burung, seketika rasa lelah hilang, pemandangannya indah. 👍👍","",positif
624,"Jalur Pendakian Trisakti Sadarehe","Jalur Pendakian & Basecamp",5,"Ciremai via trisakti sadarehe jalurnya atap jawa barat premium. Bagus bgt hutannya masih asri ditambah lagi ada padang savana beuh kayak bukan ciremai inimah","",positif
625,"Jalur Pendakian Trisakti Sadarehe","Jalur Pendakian & Basecamp",5,"Seru banget jalur baru nya saya mah malah justru menikmati jalur pendakiannya.banyak santai banyak istirahat hehehehe","",positif
626,"Jalur Pendakian Trisakti Sadarehe","Jalur Pendakian & Basecamp",5,"Jalur paling nyaman dibandingkan dengan jalur pendakian lainnya, cuma puncaknya agak sempit..","",positif
627,"Jalur Pendakian Trisakti Sadarehe","Jalur Pendakian & Basecamp",5,"Bagus bangett🤩 walau jalurnya banyak yang mau ketutup","",positif
628,"Jalur Pendakian Trisakti Sadarehe","Jalur Pendakian & Basecamp",5,"Full team Kelurahan Papanggo menuju puncak ciremai","",positif
629,"Jalur Pendakian Trisakti Sadarehe","Jalur Pendakian & Basecamp",5,"Orang nya ramah di basecamp, fasilitas memadai ya cuma itu jalan menuju BC nya yg masya Allah sampe motor ngebul, untung masih ada sinyal didaerah itu jadi langsung hubungi ranger nya, fast respon terus langsung jemput ke lokasi motor pas sekarat, utk jalur nya full nanjak sampe pos 8 tapi dari BC sampe pos 3 banyak bonus nya","",positif
630,"Jalur Pendakian Trisakti Sadarehe","Jalur Pendakian & Basecamp",5,"Jalur yang unik  menantang dengan sedikit bonusan sepanjang trekk pendakian...butuh semangat dan fisik yang kuat untuk mencapai puncak","",positif
631,"Jalur Pendakian Trisakti Sadarehe","Jalur Pendakian & Basecamp",5,"Mantap pertahankan terus","",positif
632,"Jalur Pendakian Trisakti Sadarehe","Jalur Pendakian & Basecamp",5,"Ini sudah masuk pintu rimba, mohon kunjungi pos registrasi dulu sebelum kesini.","",positif
633,"Jalur Pendakian Trisakti Sadarehe","Jalur Pendakian & Basecamp",5,"Akses menggunakan mobil pribadi tidak disarankan, menggunakan motor cukup sulit tapi bisa","",positif
634,"Jalur Pendakian Trisakti Sadarehe","Jalur Pendakian & Basecamp",5,"gunung ciremai ranger nya bintang lima","",positif
635,"Jalur Pendakian Trisakti Sadarehe","Jalur Pendakian & Basecamp",5,"Track menuju bc GockilL wkwk","",positif
636,"Jalur Pendakian Trisakti Sadarehe","Jalur Pendakian & Basecamp",5,"Jalur yg wajib dicoba","",positif
637,"Jalur Pendakian Trisakti Sadarehe","Jalur Pendakian & Basecamp",5,"Sangat Seru dan bnyk moment.. Kereeeen banget perdana muncak","",positif
638,"Jalur Pendakian Trisakti Sadarehe","Jalur Pendakian & Basecamp",5,"Salam dari banjarnegara.... Mga cepat sembuh alamku😘😍...","",positif
639,"Jalur Pendakian Trisakti Sadarehe","Jalur Pendakian & Basecamp",5,"Gunung tertinggi terindah di jawa barat","",positif
640,"Jalur Pendakian Trisakti Sadarehe","Jalur Pendakian & Basecamp",5,"Mantap pokonamah semua view dapet","",positif
641,"Jalur Pendakian Trisakti Sadarehe","Jalur Pendakian & Basecamp",5,"Lelahya tergantikan, hawa yg masih asri","",positif
642,"Jalur Pendakian Trisakti Sadarehe","Jalur Pendakian & Basecamp",5,"jalur ke bc jalannya masih kurang enak","",positif
643,"Jalur Pendakian Trisakti Sadarehe","Jalur Pendakian & Basecamp",5,"Ibu warung dan penjaganya ramah ramah","",positif
644,"Jalur Pendakian Trisakti Sadarehe","Jalur Pendakian & Basecamp",5,"Terindah","",positif
645,"Jalur Pendakian Trisakti Sadarehe","Jalur Pendakian & Basecamp",5,"Atap Jawa Barat","",positif
646,"Jalur Pendakian Trisakti Sadarehe","Jalur Pendakian & Basecamp",5,"Tantangannya luar biasa","",positif
647,"Jalur Pendakian Trisakti Sadarehe","Jalur Pendakian & Basecamp",5,"Jalurnya cihuy","",positif
648,"Jalur Pendakian Trisakti Sadarehe","Jalur Pendakian & Basecamp",5,"Liked the atmosphere and the view.  Nice camping ground (in Kawah Burung) and not too crowded. Really enjoy the trip!","",positif
649,"Jalur Pendakian Trisakti Sadarehe","Jalur Pendakian & Basecamp",5,"Good route to climb Ciremai with many great views. Especially the edelweis when blooming","",positif
650,"Jalur Pendakian Trisakti Sadarehe","Jalur Pendakian & Basecamp",5,"Mantablah Poko e","",positif
651,"Curug Putri Palutungan","Wisata Alam & Buper TNGC",1,"Harga Tiket terlalu Mahal Rp.26.000 dengan fasilitas yang biasa saja, Curug juga standar bukan yang wow banget,  Sekelas Tumpak Sewu aja yang udah Go Internasional tiketnya mulai dari 10 Ribu - 20 Ribu,  Curug-Curug di Baturaden Banyumas Jawa Tengah bahkan cuma bayar 5 Ribu sudah bisa menikmati Curug Jernih Kebiruan","",negatif
652,"Curug Putri Palutungan","Wisata Alam & Buper TNGC",1,"Minggu, Tgl 25 Agustus 2024  Curugnya Sa'at,  air terjunnya ga deras sama sekali, Pas nyari info Airnya kemanain, katanya di alihkan Ke Sawah 🤣🤣 Kocakk, Udah mah biaya masuknya MAHAL...  Banyak KECEWA !!!  EMANG YG PALING BENER mendingan Kulineran, Ngenyangin lagi 🤣🤣🤣","",negatif
653,"Curug Putri Palutungan","Wisata Alam & Buper TNGC",1,"Week end HTM muahal berdua sama parkir mtr 50rb cm buat liat curug yg ga bgtu tinggi","",negatif
654,"Curug Putri Palutungan","Wisata Alam & Buper TNGC",1,"mahal banget 40k dua orang, kemahalan, ga banyak tempat duduknya. view nya juga ga terlalu bagus. intinya nyesel.","",negatif
655,"Curug Putri Palutungan","Wisata Alam & Buper TNGC",1,"biaya mahal, sampah banget pokok nya udah gitu Curug gajelas pokoknya ga worth it","",negatif
656,"Curug Putri Palutungan","Wisata Alam & Buper TNGC",1,"Tiketnya mahal banget, weekend 17.500 per orang.. kalau 2 orang 35.000.. parkir motor 6.000...","",negatif
657,"Curug Putri Palutungan","Wisata Alam & Buper TNGC",1,"jelek, biaya masuk mahal. ga worth it dengan biaya segitu","",negatif
658,"Curug Putri Palutungan","Wisata Alam & Buper TNGC",1,"mahal tiketnya no worth it","",negatif
659,"Curug Putri Palutungan","Wisata Alam & Buper TNGC",1,"Teduh, tempat yang nyaman menepi sejenak dari keramaian","",negatif
660,"Curug Putri Palutungan","Wisata Alam & Buper TNGC",1,"Tiket masuk berapa harga nya kak","",negatif
661,"Curug Putri Palutungan","Wisata Alam & Buper TNGC",1,"Udah mahal jelek trmpatnya bau lagi","",negatif
662,"Curug Putri Palutungan","Wisata Alam & Buper TNGC",1,"Pelayanan kurang baik","",negatif
663,"Curug Putri Palutungan","Wisata Alam & Buper TNGC",1,"Bismilalah","",negatif
664,"Curug Putri Palutungan","Wisata Alam & Buper TNGC",1,"Was offered 50k+ for 2 people, even tho we intended to visit for less than 15 minutes just to check the vibes. But we were finally given a fair price. Spent a bit too much for a crappy view. One of the ladies at the ticketing counter was also unfriendly.","",negatif
665,"Curug Putri Palutungan","Wisata Alam & Buper TNGC",1,"Tidak dibolehkan survey oleh penjaga tiket","",negatif
666,"Curug Putri Palutungan","Wisata Alam & Buper TNGC",2,"tiket kemahalan, ga worth it buat sekelas curug, masih banyak curug rekomended yang lebih bagus dan murah dubanding curug putri, tahun 2022 kesini tempatnya masih bagus ada bangku ditengah air nya yang estetik sekarang malah tempatnya kaya ga keurus","",negatif
667,"Curug Putri Palutungan","Wisata Alam & Buper TNGC",2,"Tukang parkir nya GK bisa d andelin..helem 3hilang semua di tanya malah jawabnya GK ngawasin satu dua motor..","",negatif
668,"Curug Putri Palutungan","Wisata Alam & Buper TNGC",2,"👎👎👎👎👎","",negatif
669,"Curug Putri Palutungan","Wisata Alam & Buper TNGC",2,"BAYAR TIKET LUMAYAN TAPI WC DI AIR TERJUN BODOLLL","",negatif
670,"Curug Putri Palutungan","Wisata Alam & Buper TNGC",2,"Indonesia","",negatif
671,"Curug Putri Palutungan","Wisata Alam & Buper TNGC",3,"Pas kesitu suasana sangat dingin tempat nongkrong ada dan mengenai curugnya lumayan buat mandi","",netral
672,"Curug Putri Palutungan","Wisata Alam & Buper TNGC",3,"Air terjunnya biasa aja, aman untuk bawa anak2 karena air terjunnya tidak deras & mengalir di sungai yang dangkal. Dari pakiran menuju air terjun tidak terjalu jauh, tiket masuknya 20rb/orang","",netral
673,"Curug Putri Palutungan","Wisata Alam & Buper TNGC",3,"Bagus, bersih, tapi banyak banget pungli. Mulai dari masuk kata pihak tiketnya itu pungli jadi bukan dari mereka karena kami datangnya pagi sekali..untung tidak ditagih kembali oleh pihak ticketing. Lalu untuk mobil+5 org sudah bayar 100 rb tp ada juru parkir liar minta 10 rb untuk mobil saat mau keluar. Ya memang ya destinasi gini banyak pungli tapi ayolah benahi bersama warga sekitarnya juga..","",netral
674,"Curug Putri Palutungan","Wisata Alam & Buper TNGC",3,"Pemandangan dan suasana oke. Tapi nggak dikasitau sama petugasnya kalau curugnya lagi kering, bawa rombongan udah bayar tiket semua, rada zonk🙏🙏 sebaiknya lain kali nanya dulu kalau mau ke curug dan liat2 musim.","",netral
675,"Curug Putri Palutungan","Wisata Alam & Buper TNGC",3,"lumayan mahal tiket nya weekend 50k 2 orang plus parkir","",netral
676,"Curug Putri Palutungan","Wisata Alam & Buper TNGC",3,"kami kesini 15 oktober 2023, bayar tiket untuk 7 orang+ mobil (130rb)ternyata hanya di beri 4 tiket+ mobil. saya baliklagi buat komplain. diberi lagi tiket yang setelah dihitung termasuk tiket asuransi 113rb. ya sudahlah. dilokasi curugnya toilet tidak ada kunci dan air. di area perkemahan minim sarana toilet .","",netral
677,"Curug Putri Palutungan","Wisata Alam & Buper TNGC",3,"Kangen kesini sebelum tahun 2020 karena kolamnya masih dalam, bisa buat berenang Sekarang tidak enak buat berenang semua kolamnya dangkal","",netral
678,"Curug Putri Palutungan","Wisata Alam & Buper TNGC",3,"Tempatnya Luas Harusnya Bisa lebih Banyak Spot Foto Tambahan atau Tempat Area Bermain Anak Lagi Yang Lainnya.Harus di kelola lebih baik lagi biar ga kalah pamor dgn tempat wisata lainnya.","",netral
679,"Curug Putri Palutungan","Wisata Alam & Buper TNGC",3,"Segini biaya yg harus di bayarkan, 26rb per orang.. lumayan mahal","",netral
680,"Curug Putri Palutungan","Wisata Alam & Buper TNGC",3,"Seru sih tapi bingung sama tiekt masuknya. Berdua + naik motor kan, di kasi harga 41rb. Pdhl ada tulisannya harga yg harus dibayar. Its oke sih tapi agak aneh aja. 9500+9500+5000+5000=41.000???? Mungkin salah itung kali ya, ITS ok kok hehe","",netral
681,"Curug Putri Palutungan","Wisata Alam & Buper TNGC",3,"Lumayan buat selfie2,hanya masalahnya jarak n rute yg ditempuh lumayan jauh n terjal ya namanya juga gunung ya 😅😅😅.tempat nya juga masih dalam tahap dibangun jadi klo mau ke atas bukit nya uuh butuh tenaga ekstra buat mendaki , rekomendasi deh buat yg mau nurunin BB kaya aku 😂😂😂.soalnya klo mau naik ke bukitnya belum dibikinin anak tangga jadi lumayan susah","",netral
682,"Curug Putri Palutungan","Wisata Alam & Buper TNGC",3,"Kurang adanya perawatan yg baik sehingga jalan ke t4 curug juga perlu di perbaiki lagi","",netral
683,"Curug Putri Palutungan","Wisata Alam & Buper TNGC",3,"Biasa aja dan debit airnya kecil, mungkin karena masuk musim kemarau","",netral
684,"Curug Putri Palutungan","Wisata Alam & Buper TNGC",3,"Tiket lumayan mahal untuk fasilitas yg kurang terawat.","",netral
685,"Curug Putri Palutungan","Wisata Alam & Buper TNGC",3,"Per orang tiket masuknya 15 rb","",netral
686,"Curug Putri Palutungan","Wisata Alam & Buper TNGC",3,"Suasana cukup bagus","",netral
687,"Curug Putri Palutungan","Wisata Alam & Buper TNGC",3,"Masih perlu pengelolaan yg profesional","",netral
688,"Curug Putri Palutungan","Wisata Alam & Buper TNGC",3,"Sepi hari weekdays.. Ke kekuburan","",netral
689,"Curug Putri Palutungan","Wisata Alam & Buper TNGC",3,"Lumayan rame","",netral
690,"Curug Putri Palutungan","Wisata Alam & Buper TNGC",3,"Bagus 👍","",netral
691,"Curug Putri Palutungan","Wisata Alam & Buper TNGC",3,"pemandangan mah mantab","",netral
692,"Curug Putri Palutungan","Wisata Alam & Buper TNGC",3,"Kotorrrrrr sayang bgt","",netral
693,"Curug Putri Palutungan","Wisata Alam & Buper TNGC",3,"Tempatnya bagus air terjunnya indah tapi tiketnya mahal","",netral
694,"Curug Putri Palutungan","Wisata Alam & Buper TNGC",3,"The place was nice and the air have cold breeze, also the place surrounding have pine trees, the waterfall have nice sightseeing too, there's some improper when you wanna try enjoying inside, due of the ticket quiet pricey from you gonna get. 25K IDR per person, i think 10K IDR enough","",netral
695,"Curug Putri Palutungan","Wisata Alam & Buper TNGC",3,"Tempat pangulinan gigireun Buper palutungan","",netral
696,"Curug Putri Palutungan","Wisata Alam & Buper TNGC",4,"Tempatnya sangat bagus, airnya dingin, suasana sejuk. Cocok untuk berlibur bersama keluarga. Sayang sekali tempat sampahnya kurang sehingga banyak sampah yang berceceran. Saran untuk pengelola agar menambah tempat sampah & diberikan pengumuman larangan untuk membuang sampah sembarangan.","",positif
697,"Curug Putri Palutungan","Wisata Alam & Buper TNGC",4,"Kalo mau suasana asri, mending dateng pas weekday yaa 🌿 Soalnya kalo weekend biasanya rame + agak banyak sampah. Tapi tempatnya oke banget, adem, dingin kaya di AC gitu 🥶 Jadi kalo ga kuat dingin bisa bawa jaket tipis aja. Cocok juga buat remaja jompo yang biasanya betah di kasur 😆✨","",positif
698,"Curug Putri Palutungan","Wisata Alam & Buper TNGC",4,"Ada beberapa curug... Keseluruhan keren dan berkesan","",positif
699,"Curug Putri Palutungan","Wisata Alam & Buper TNGC",4,"Curug Putri Palutungan adalah salah satu destinasi wisata alam populer di Kabupaten Kuningan, Jawa Barat. Terletak di kawasan Palutungan, objek wisata ini menyuguhkan keindahan air terjun yang alami dengan suasana sejuk khas pegunungan.  Akses dan Lokasi Curug Putri berada di kawasan wisata Palutungan, sekitar 1 jam perjalanan dari pusat kota Kuningan. Akses jalan menuju lokasi relatif baik, dan tersedia area parkir yang cukup memadai. Dari area parkir, pengunjung perlu berjalan kaki sekitar 10–15 menit melewati jalan setapak yang dikelilingi hutan pinus.  Keindahan Alam Air terjun ini memiliki ketinggian sedang dengan aliran air yang cukup deras, jatuh di antara tebing bebatuan yang dikelilingi oleh pepohonan hijau. Suasana alam yang masih asri membuat Curug Putri sangat cocok untuk melepas penat, berfoto, atau sekadar menikmati udara segar.  Fasilitas Di sekitar kawasan wisata tersedia fasilitas umum seperti toilet, warung makanan, serta tempat duduk atau gazebo untuk beristirahat. Ada pula spot-spot foto yang sengaja dibuat untuk menambah daya tarik bagi pengunjung, terutama wisatawan muda.  Tiket dan Jam Operasional Harga tiket masuk cukup terjangkau, umumnya di bawah Rp20.000 per orang (harga bisa berubah tergantung kebijakan pengelola). Tempat ini buka setiap hari, biasanya dari pagi hingga sore hari.  Kelebihan: Pemandangan alam yang indah dan masih alami. Cocok untuk wisata keluarga maupun solo trip. Lokasi yang relatif mudah dijangkau.  Kekurangan: Jalan setapak bisa licin saat musim hujan. Fasilitas masih sederhana dan bisa lebih ditingkatkan. Bisa ramai saat akhir pekan atau libur panjang.","",positif
700,"Curug Putri Palutungan","Wisata Alam & Buper TNGC",4,"Persiapkan kesehatan mobil.bila ingin ke curug karena terus menanjak dan jalannya semakin menyempit ke atas jd hrs berhati2.  Tiket masuk hari biasa total 20k/org  (termasuk pelayanan dan asuransi)dan parkir mobil 11k. Mobil.bs masuk ke daerah glamping(perkemahan) dan ke curug. Parkiran teduh karena pepohonannya sangat tinggi2, ada mushola dan toilet. Hati2 bila angjn kencang jangan parkir terlalu dkt dg pepohonan.  Dari parkiran ke curug cukup berjalan kaki melalui tangga  sekitar 5 menit. Curug tdk terlalu tinggi dan air di sekitarnya tidak terlalu dalam, di atas pergelangan kaki. Airnya cukup dingjn. Begitu juga udara di sekitarnya. Lingkungan rindang banyak pepohonan dan bebatuan. Toilet darurat ada di bawah. Sayang sampah menumpuk tdk di ambil.","",positif
701,"Curug Putri Palutungan","Wisata Alam & Buper TNGC",4,"Curugnya bagus. Aksesnya gampang. Tiket masuk standar. Sayang kebersihan di sekitar curug kurang dijaga.","",positif
702,"Curug Putri Palutungan","Wisata Alam & Buper TNGC",4,"first time ke situ b aja sih seneng air nya doang wc sama dobeldet sedikit kantin nya sedikit tapi bagus air terjun nya sedikit bening 99% 1% nya ada daun dan lumut"" gitu","",positif
703,"Curug Putri Palutungan","Wisata Alam & Buper TNGC",4,"Ini tiketnya ngga gitu jelas, karena kalo di total ngga sejumlah tiket yg diterima. Masuk ber-3 dengan 2 motor hitungannya aneh bangett. But disini curugnya ngga begitu tinggi, dan air nya super duper dingin. Banyak toilet bersih yang tersedia, terutama di dalem tempat wisatanya yah. Ada mushola juga yang nyaman dan bersih. Selain wisata ke curug, bisa juga ngecamp disini karena vibes nya kaya green grass di Bandung","",positif
704,"Curug Putri Palutungan","Wisata Alam & Buper TNGC",4,"Jarak dari tempat parkir ke curug putri cukup dekat, bisa berjalan kaki santai sekitar 10 menit  Terdapat penjaja makanan diseputar tempat parkir dan area campingnya juga lumayan luas dengan pemandangan pohon pinus  Jarak dari kota kuningan jawa barat sekitar 10 km dan jalannya mulus .","",positif
705,"Curug Putri Palutungan","Wisata Alam & Buper TNGC",4,"Enak buat nge-camp, khususnya yg bawa anak2 sekolah. Cuma jalan d area perkemahan ga rata.","",positif
706,"Curug Putri Palutungan","Wisata Alam & Buper TNGC",4,"Pertama kalinya main ke Curug putri, tmptnya sejuk,Asri,bisa dipake berenang anak""jg bisa karena tidak terlalu dalam tp tetap hrs dlm pengawasan orang tua, tmpt nya luas enakeun buat botram bersama keluarga atau buat yg suka nongkrong bareng temen,pacar/bestie","",positif
707,"Curug Putri Palutungan","Wisata Alam & Buper TNGC",4,"Bagus ,suasananya asri,byk yg camping jg,tp syg pas k sana Curugnya agak kecil,lokasi Curugnya g terlalu jauh Dr loket","",positif
708,"Curug Putri Palutungan","Wisata Alam & Buper TNGC",4,"Lebih ke suasana alam di kaki Gunung Ciremai, udara dingin dan area cukup luas. Curugnya sih biasa' namun pinter2nya kita ambil momment nya.","",positif
709,"Curug Putri Palutungan","Wisata Alam & Buper TNGC",4,"Curug Landung yg terletak di desa cisantana Cigugur Kuningan, Curug Landung yg artinya air yg mengalir dari ketinggian, memiliki ketinggian  30 meter, Curug ini tertinggi di kab. Kuningan.  Buka jam 08.00 SD jam 17.00 wib. Jalur menuju Curug Landung sdh bagus, dan kita harus melewati anak tangga yg lumayan bikin badan berkeringat..dan letaknya Deket dengan tempat parkir, untuk spot foto ada, sepeda terbang, balon udara, permadani terbang, untuk fasilitas dicurug Landung antara lain mushola,  area parkir, toilet, warung, gazebo, berdasarkan cerita  curug landung selain menjadi destinasi wisata, air dari Curug landung dipercaya dpt mengobati berbagai penyakit, Wallahu a'lam bish shawab.","",positif
710,"Curug Putri Palutungan","Wisata Alam & Buper TNGC",4,"Nyaman dan dingin, yang bawa makanan harus dijaga karwna kadang ada anjing yang barangkali ubek2 tas/etc","",positif
711,"Curug Putri Palutungan","Wisata Alam & Buper TNGC",4,"Curug ny bagus dan bersih banget ccok dikunjungi saat liburan dengan family😍sejuk posisi ny dibawah buper pinus👍🏻✨","",positif
712,"Curug Putri Palutungan","Wisata Alam & Buper TNGC",4,"Air terjunnya cukup tinggi dan bagus","",positif
713,"Curug Putri Palutungan","Wisata Alam & Buper TNGC",4,"Tempat nya Indah, Sejuk.. Nyaman.. Dan Asr  Hanya Saja utk Toilet'nya (Ruang Ganti Bilas) ga tersedia air dan bus pesing..","",positif
714,"Curug Putri Palutungan","Wisata Alam & Buper TNGC",4,"Restoran Highland, memiliki parkir mobil yg luas, ada tempat bermain anak, makanya tergolong lumayan dengan harga yg cukup terjangkau.. Pemandangan nya bagus..","",positif
715,"Curug Putri Palutungan","Wisata Alam & Buper TNGC",4,"Wisata alam dibawah kaki gunung ciremai. Tempat bumi perkemahan suasana teduh banyak rimbunan pohon pinus. Ada musholah yg cukup luas.","",positif
716,"Curug Putri Palutungan","Wisata Alam & Buper TNGC",4,"Datang di long weekend Desember 2023 kemaren.. Auto ramai dan banyak pengunjung sehingga kurang menikmati suasananya","",positif
717,"Curug Putri Palutungan","Wisata Alam & Buper TNGC",4,"Curug yang ramah untuk anak-anak dan ada camping ground juga. Ketersediaan warung makan juga ada. Harga tiket masuk terjangkau.","",positif
718,"Curug Putri Palutungan","Wisata Alam & Buper TNGC",4,"Curug nya bagus, kses ke curug mudah dan tidak terllau jauh, masih aman bawa anak2, suasanannya sejuk","",positif
719,"Curug Putri Palutungan","Wisata Alam & Buper TNGC",4,"Klo mau k sini di bulan sekarang lagi adem,sejuk cuacanya tiket masuk Rp 41.000 2 orang udah termasuk sama tiket parkir motor untuk mobil mungkin berbeda","",positif
720,"Curug Putri Palutungan","Wisata Alam & Buper TNGC",4,"Saat ke curug Putri pas weekday jadi sepi pengunjung, juga pas musim kemarau/panas jadi air terjun nya kecil. Menuju kelokasi juga tidak terlalu sulit. Semoga saat kesana lagi airnya udah banyak agar bener² liat air terjun","",positif
721,"Curug Putri Palutungan","Wisata Alam & Buper TNGC",4,"Wisata legend. Asri, sejuk, bersih & repih","",positif
722,"Curug Putri Palutungan","Wisata Alam & Buper TNGC",4,"Curug airny adem seger otak fres klu denger gemericik air .... Tiket masuk sm parkir kmrn byr 120 rb untuk 6 orang","",positif
723,"Curug Putri Palutungan","Wisata Alam & Buper TNGC",4,"Asri, rindang, sejuk, nyaman untuk healing dan olahraga","",positif
724,"Curug Putri Palutungan","Wisata Alam & Buper TNGC",4,"tempt parkir luas dingin cocok bgt buat ngecamp anak skolah sip lah","",positif
725,"Curug Putri Palutungan","Wisata Alam & Buper TNGC",4,"dingin nya oke mantap di kaki","",positif
726,"Curug Putri Palutungan","Wisata Alam & Buper TNGC",4,"Bagus tempat nya, bisa buat camping.","",positif
727,"Curug Putri Palutungan","Wisata Alam & Buper TNGC",4,"Bumi perkemahan Palutungan petunjuk ke daerah ini ada tapi kurang jelas, tempat yg nyaman utk bawa keluarga belajar berkemah, toilet bersih, air melimpah ada Curug Putri yg mudah dijangkau. Kru pengelola komunikatif","",positif
728,"Curug Putri Palutungan","Wisata Alam & Buper TNGC",4,"tempat nya sangat indah, suasana adem sejuk, cocok buat nenangin pikiran buat yang lagi galau hha😅","",positif
729,"Curug Putri Palutungan","Wisata Alam & Buper TNGC",4,"tempatnya bgs sejuk adem air curugnya waktu kesana kaya es dingin bgt 👍","",positif
730,"Curug Putri Palutungan","Wisata Alam & Buper TNGC",4,"Sejuk alami sangat indah pemandangan nya","",positif
731,"Curug Putri Palutungan","Wisata Alam & Buper TNGC",4,"bagus curuk'a tapi turun dan naik harus butuh perjuangan","",positif
732,"Curug Putri Palutungan","Wisata Alam & Buper TNGC",4,"Cukup pamiliar. Kelihatannya bakal pass buat kuliner dan party disini","",positif
733,"Curug Putri Palutungan","Wisata Alam & Buper TNGC",4,"مكان روعة للعوائل وممتع ونظيف وسهل الوصول اليه","",positif
734,"Curug Putri Palutungan","Wisata Alam & Buper TNGC",4,"Nice not too big waterfall.. The distance from the car park area is also quite near.","",positif
735,"Curug Putri Palutungan","Wisata Alam & Buper TNGC",4,"Sejuk udara di sini","",positif
736,"Curug Putri Palutungan","Wisata Alam & Buper TNGC",4,"Cool air, science view, beautiful, best for healing","",positif
737,"Curug Putri Palutungan","Wisata Alam & Buper TNGC",4,"Tempatnya bgs dan sejuk","",positif
738,"Curug Putri Palutungan","Wisata Alam & Buper TNGC",4,"Small waterfall in the camping area","",positif
739,"Curug Putri Palutungan","Wisata Alam & Buper TNGC",4,"Bagus seru sejuk indah.. 🥰🥰","",positif
740,"Curug Putri Palutungan","Wisata Alam & Buper TNGC",4,"Highland Ipukan, rekomen lah. Mangga dicobi.","",positif
741,"Curug Putri Palutungan","Wisata Alam & Buper TNGC",4,"Adeeeeeem","",positif
742,"Curug Putri Palutungan","Wisata Alam & Buper TNGC",4,"Adem & tiris 😂","",positif
743,"Curug Putri Palutungan","Wisata Alam & Buper TNGC",5,"Bagus, airnya dingin segar. Curugnya tidak terlalu tinggi tapi bagus. Lokasinya mudah dijangkau. Tiket masuk 25.000 sudah sekalian parkir (April,2026). Ada wahana lain seperti ATV.    Dari tempat parkir ke lokasi curug tidak jauh, tidak harus naik turun tangga yg banyak. Ada tempat untuk ganti baju juga kalau mau main air. Pas kesini ada jasa fotografer juga, next bisa dicoba kali ya. Di jalan sebelum curug banyak warung, ada penjual jajanan seperti telur gulung dan sempol, cocok untuk ngemil.","",positif
744,"Curug Putri Palutungan","Wisata Alam & Buper TNGC",5,"Akhirnya berhasil ngajak anak-anak main ke air terjun untuk pertama kalinya, dan pilihan kami jatuh ke Curug Putri Kuningan. Ternyata tempatnya cocok banget untuk keluarga yang bawa anak kecil.  Yang paling saya suka, akses menuju curugnya tidak jauh dari area parkir. Jadi nggak perlu trekking panjang atau jalan kaki yang bikin anak-anak keburu capek. Curugnya memang bukan tipe air terjun yang tinggi dan spektakuler, tapi justru itu yang membuatnya ramah untuk keluarga. Pemandangannya tetap cantik, suasananya asri, dan airnya jernih.  Area bermain airnya juga relatif aman untuk anak-anak karena tidak terlalu dalam. Anak-anak puas banget main air, ciprat-cipratan, dan eksplorasi alam. Kami datang sekitar jam 2 siang dan suasananya tidak terlalu ramai, jadi terasa lebih nyaman dan santai.  Di sekitar area parkir juga banyak warung makan dengan harga yang sangat bersahabat. Senang rasanya menemukan tempat wisata yang makanan dan minumannya masih masuk akal, tidak seperti beberapa tempat wisata lain yang harganya bikin kaget. Ada juga area camping bagi yang ingin menikmati suasana alam lebih lama.  Beberapa hal yang menurut saya perlu diperbaiki adalah fasilitas toiletnya yang masih kurang layak, serta tidak adanya tempat bilas yang dekat dengan area curug. Setelah selesai main air, agak repot kalau mau bersih-bersih.  Meski begitu, pengalaman keseluruhannya menyenangkan. Cocok untuk wisata keluarga, terutama yang ingin mengenalkan anak-anak pada keindahan air terjun tanpa harus melakukan perjalanan yang terlalu berat. Pasti akan kembali lagi kalau sedang berkunjung ke Kuningan.","",positif
745,"Curug Putri Palutungan","Wisata Alam & Buper TNGC",5,"Curug Palutungan benar-benar tempat yang asik sekali buat ngumpul bareng teman-teman komunitas motor! Suasananya sangat adem dan tenang, pas banget untuk melepas penat setelah perjalanan riding. Di sini kita bisa duduk santai sambil makan dan ngopi menikmati pemandangan alam yang asri dan udara yang sejuk. Fasilitas yang tersedia juga sudah cukup memadai, mulai dari area parkir hingga tempat istirahatnya. Selain seru untuk nongkrong bareng anak motor, tempat ini juga sangat saya rekomendasikan untuk acara liburan keluarga maupun gathering kantor karena tempatnya luas dan nyaman. Pengalaman yang berkesan dan pasti bakal balik lagi ke sini!","",positif
746,"Curug Putri Palutungan","Wisata Alam & Buper TNGC",5,"Tempatnya sejuk,kalau malam dingin menusuk🥶 Indah sekali,camping disini seperti tidak mau pulang. Kamar mandi tersedia cukup banyak,tahun depan mau kesini lagiii❤️","",positif
747,"Curug Putri Palutungan","Wisata Alam & Buper TNGC",5,"Underrated, Curugnya bagus besar, airnya jernih banget dan yang paling penting KIDS FRIENDLY! Jalan masuknya ga jauh cuma sekitar 100m dari parkiran, naik turunnya tidak terlalu curam dan tidak terlalu ramai. Untuk ganti pakaian dan bilas lebih baik di area parkir dekat mushola. Ada juga jajanan bakso, batagor, dll dekat area parkir.","",positif
748,"Curug Putri Palutungan","Wisata Alam & Buper TNGC",5,"Weekend, dewasa 25rb/org, mobil 11rb. Tempatnya dirawat dan bersih. Ada tempat camping, jalan menuju curug nya 200m dan sudah dibuat area jalan kaki yang rapi.","",positif
749,"Curug Putri Palutungan","Wisata Alam & Buper TNGC",5,"Dateng pas sabtu pagi gak terlalu ramai serasa curug pribadi karena kita masih bisa menikmati dan mondar mandir main air. Happy 🫶🏻🫶🏻🫶🏻","",positif
750,"Curug Putri Palutungan","Wisata Alam & Buper TNGC",5,"Curugnya bagus, bersih, indah juga. Akses jalan nya bagus tapi emg berkelok kelok. Pokoknya baguss bangett, banyak warung, terawat harga juga murah. Sukses terus buat semua tempat wisata di Kuningan ❤️❤️","",positif
751,"Curug Putri Palutungan","Wisata Alam & Buper TNGC",5,"Curugnya tidak terlalu tinggi , tetapi bagus , jernih , jalan menuju curugnya tidak terlalu jauh dari parkiran , family friendly , htm nya juga tidak mahal","",positif
752,"Curug Putri Palutungan","Wisata Alam & Buper TNGC",5,"Bersih banget bagus, kesini pas lagi sepi bisa puas main tapi airnya dingin banget gak kuat lama😅","",positif
753,"Curug Putri Palutungan","Wisata Alam & Buper TNGC",5,"Tiket murah. Jalan bagus. Kalo soal pemandangan jgn di ragukan lag. Curug Putri emang bagus pollll. Airnya adem bgt, petugasnya juga rajin bersihin dedaunan yang di curug. Jd ttp estetik saat di foto","",positif
754,"Curug Putri Palutungan","Wisata Alam & Buper TNGC",5,"Biaya tiket masuk dan parkir di bundle jadi satu. Kalau mau camping beda lagi harganya, ada harga tambahan. Kalo ada niat camping tapi ga ada tenda bisa sewa disitu. Harga start mulai 150ribu sedah dengan tikar 1 buah, dan tenda muat 4 orang. Hati hati naik tangga ke air terjun. Licin banget. Di bawah pas air terjun ada abang2 penjual tahu khas Cirebon terus ada jasa foto cetak. Harga jasa foto cetak start mulai 25rb katanya ketahanan foto bisa sampai 25 tahun.","",positif
755,"Curug Putri Palutungan","Wisata Alam & Buper TNGC",5,"Tempat wisata yang sangat menarik. Area bersih dan terawat, fasilitas lengkap. Kamar mandi ada banyak dan bersih dengan air melimpah. Di area lapangan banyak tersedia stop kontak out door yang diamankan dengan kotak sehingga terhindar dari hujan. Area parkir luas, bayar 10 ribu untuk parkir mobil.","",positif
756,"Curug Putri Palutungan","Wisata Alam & Buper TNGC",5,"Pertama kalinya anakku ke alam, tempatnya luas air dingin kabut sepanjang jalan, ini foto dari jam 4-5 sudah gelap sekali, karena jalanan kecil minim penerangan dan berkabut hati2 yg bermobil ya, cocok untuk camp juga","",positif
757,"Curug Putri Palutungan","Wisata Alam & Buper TNGC",5,"Cocok buat kumpul teman-teman ngecamp bisa sambil main air atau piknik keluarga, tempat ramah anak, kalo ke Curug tetap harus dijagain ya anaknya ☺️‼️ Kalo males bekel juga gapapa, banyak yang jualan, cilor juga banyak 😭👍  Ini serius dingin 😌 kalo ngga main air yaa pake jaketmu itu 🫵","",positif
758,"Curug Putri Palutungan","Wisata Alam & Buper TNGC",5,"Baguss,, tracknya tidak begitu susah, hanya turun sekali. Datang pagi lebih sepi","",positif
759,"Curug Putri Palutungan","Wisata Alam & Buper TNGC",5,"Aksesnya mudah, treknya ga jauh dari parkiran utama. Airnya jernih, dingin, tp dangkal, jd aman jg buat anak2 yg mau main air (tp tetap dalam pengawasan orgtua ya!)","",positif
760,"Curug Putri Palutungan","Wisata Alam & Buper TNGC",5,"Tempat yg ramah buat liburan keluarga, sejuk, bisa buat main air dibawah atau cuma sekedar piknik","",positif
761,"Curug Putri Palutungan","Wisata Alam & Buper TNGC",5,"Dr kota kuningan cm 20 menitan aja. Jalan ke arah wisata curugnya bagus aspal dan cukup 2 mobil. Cuma nanjak terus harus pastikan kondisi mobil sehat. Dan banyak tempat wisata sepanjang jalan ke arah curug. Biaya masuk 20rb saat wiken. Parkir mobil 10rb. Dr parkiran ke curug ga terlalu jauh. Mungkin kurleb 100-150 meter. Anak tangga turun ke curugnya juga ga banyak. Masih puluhan ga samle ratusan. Bisa buat camping juga lumayan rame saat wikend. Dan banyak tukang jajanan. Bisa gelar tiker nimbel dr rumah. Air nya bersih curugnya ga terlalu besar. Sempet liat tulisan ""saat hujan besar dilarang turun ke curug"" Setelah ngelihat lokasinya pas turun tangga ke arah curugnya memang kayanya bahaya sekali ketika tau2 air bah datang untuk berlari menjauhnya itu harus nyebrang jembatan dan area sekita curug sempit. Bisa berpotensi terjebak. Semoga tidak terjadi hal2 yg tidak diinginkan.","",positif
762,"Curug Putri Palutungan","Wisata Alam & Buper TNGC",5,"Sudah beberapa kali ke sini, dari jaman sekolah, sampai sekarang bawa anak. Area luas, bisa untuk piknik keluarga, camp, barbeque-an, dsb. Fasilitas lengkap, dan yang jadi kelebihannya adalah tidak perlu jalan jauh ke curug.","",positif
763,"Curug Putri Palutungan","Wisata Alam & Buper TNGC",5,"Cantiiikk...tdk terlalu ramai, pdhal ini hari sabtu pukul 10.30. Airnya dingiiin...udaranya sejuk dan bersih...better diberi peringatan spy tdk merokok, jd udaranya tdk tercemar mengingat ini temp wisata keluarga. Toilet jg tersedia sebelum ke titik lokasi air terjun dan bersih. Ada bbrp pedagang juga di dlm lokasi wisata","",positif
764,"Curug Putri Palutungan","Wisata Alam & Buper TNGC",5,"tiket masuk bayar Rp. 25,000 sudah termasuk biaya parkir (motor)  tempat yang sejuk untuk refreshing dan ngadem di tengah panas nya Cirebon...  curug nya cukup tinggi dan air nya dingin banget, akses menuju curug nya juga mudah...  ada banyak warung2 berjualan makanan dan cemilan, dan ada sewa ATV juga...","",positif
765,"Curug Putri Palutungan","Wisata Alam & Buper TNGC",5,"Sangat indah dan tempatnya gampang sekali GX jauh dari jln raya","",positif
766,"Curug Putri Palutungan","Wisata Alam & Buper TNGC",5,"PERTAMA KALI KE SINI MINGGU 22 MARET 2026,TEMPATNYA TEDUH,ADEM DAN SPOT NYA BAGUS BANGET DARI ATAS KELIATAN INDAH,TAPI DI SAYANGKAN SAAT MAEN DI CURUG NYA SAYA BANYAK DI TEMPELIN LINTAH ATAU PACET KECIL-KECIL JADI BERMAIN AER JADI GA AMAN SAN NYAMAN","",positif
767,"Curug Putri Palutungan","Wisata Alam & Buper TNGC",5,"Kesini dalam acara Rihlah Mt Darussalam permata biru bandung.  Rombongan 2 bis, Jarak ke curugnya tidak terlalu jauh.","",positif
768,"Curug Putri Palutungan","Wisata Alam & Buper TNGC",5,"tiket masuk hari libur 25k/orang termasuk parkir motor, enakan pagi masih sepi, siang rameeeee... tempatnya sejuk, bisa untuk berkemah, ada mushola, ada kamar bilas.... pengen datang lagi kapan-kapan","",positif
769,"Curug Putri Palutungan","Wisata Alam & Buper TNGC",5,"Pemandangan nya bagus, airnya jernih, sejuk banget dateng jam 9.00 pagi","",positif
770,"Curug Putri Palutungan","Wisata Alam & Buper TNGC",5,"Curug nya asik sih, ga jauh juga dari parkiran. Jalanannya juga tergolong mudah walau ada anak tangganya. Untuk orang tua masih friendly lah. Jauhnya sekitar kurang lebih 100m. Ada kamar bilas di bagian atas saat are hutan atau area kamping. Dibagian bawahpun ada kamar mandi portable kecil 2 ruang, bisa untuk ganti baju juga. Posisinya saat turun nyebrang jembatan di sebelah kanan.  Ada beberapa tmpt spot foto, bagus-bagus kalau tidak ramai. Sampai jam 9 di tempat, masih sepi. Kalau lagi ada rombongan baru deh penuh harus gantian.  Banyak jajanan di area campnya saat siang - istirhat. Ada ATV kecil Rp30rb. Popmie Rp10rb. Jasuke Rp7rb, dll.  Tiket masuknya masih lumayan murah. Perorang Rp17,500 dan parkir kendaraan Rp20rb untuk mobil.","",positif
771,"Curug Putri Palutungan","Wisata Alam & Buper TNGC",5,"Buat yg bawa orang tua sebaiknya parkir kendaraan dalam dekat Curug nya... Kalo parkir di depan dekat pujasera pasti orang tua ga kuat jalan...","",positif
772,"Curug Putri Palutungan","Wisata Alam & Buper TNGC",5,"Curug yang sangat ramah untuk kaum kaum mageran, karena medannya tidak berat. Dari parkiran menuju curug ini sangat dekat, tidak perlu tracking jauh. Udaranya sejuk, Airnya Dingin, Curugnya bersih, Tenang (karena kebetulan saat saya berkunjung sedang tidak ramai pengunjung). Sangat menenangkan jiwa dan pikiran dari penatnya hiruk pikuk perkotaan. Oh iya saat hujan turun dilarang masuk ke area curug.","",positif
773,"Curug Putri Palutungan","Wisata Alam & Buper TNGC",5,"Lokasi lumayan bagus Debit air krn sdh musim hujan jd banyak air'a tapi akses menuju lokasi yg sempit jd kalau 2 mobil papasan agak repot Kunjungan pd tgl 26 Desember 2024 dan efek pengunjung membludak pengunjung dr botanika jd macet panjang sehingga jalur dibuat oneway Jalur tembus k puncak dengan lebar jalan yg kecil menurun curam jd hrs hati-hati apa lagi dlm kondisi hujan Yg mau ke area sekitar ini apabila saat libur nasional lbh baik pagi"" Agar tdk kejebak macet dan sulit jg hrs yg handal krn jalur sempit","",positif
774,"Curug Putri Palutungan","Wisata Alam & Buper TNGC",5,"Buat camping asyik , saat KCI komunitas captiva indonesia wilayah Pantura hut ke 7 ditempat yang sama saat pengukuhannya Toilet bersih, ada listrik disediakan oleh pengelola dan hanya bayar 20 rb setipa orang yang ingin berkemah","",positif
775,"Curug Putri Palutungan","Wisata Alam & Buper TNGC",5,"Tempat ini ga banyak perubahan tp tetap berkesan makanya sering kesini, tempat kempingnya nyaman, yang jualan banyak, dan kebersihan terjaga. Recomended c inj","",positif
776,"Curug Putri Palutungan","Wisata Alam & Buper TNGC",5,"Lokasi curugnya tidak jauh dari tempat parkir hanya jalan sekitar 5-10menit dari tempat parkir. Ada tempat camp, mushala,toilet dan jajanan. Cocok untuk keluarga dg udara yg sejuk dg banyak pepohonan.","",positif
777,"Curug Putri Palutungan","Wisata Alam & Buper TNGC",5,"Segeeerr banget... dateng pagi2 jadi sepi enak suasananya Jalan dr parkiran mobil lumayan juga, track nya turun naik. Lumayan rempong apalagi kl bawa balita Tapi terbayar puas main air di curug ini","",positif
778,"Curug Putri Palutungan","Wisata Alam & Buper TNGC",5,"Nice,.bangun tidur berasa segar banget..mata kita dimanjakan dengan sunrise yang terbit diantara pohon pinus..kids friendly, toilet bersih,air curugnya dingin,ada mushola,ada ATV, keliling pakai ATV anak2 jadi happy..","",positif
779,"Curug Putri Palutungan","Wisata Alam & Buper TNGC",5,"Suasana yg sejuk dan alami Airnya yg jernih Cocok banget buat ngecamp, ada toilet yg sangat terawat dan bersih juga. Kalau mau ngopi ada warung. Akses mudah dijangkau, ada tempat yg cocok utk bermeditasi disana.","",positif
780,"Curug Putri Palutungan","Wisata Alam & Buper TNGC",5,"Luas, bisa digunakan untuk kegiatan sekolah seperti camping, inagurasi dan lain-lain. Dapat dijadikan tempat wisata bersama keluarga, curug putrinya bagus dan aestetik. Bersih.","",positif
781,"Curug Putri Palutungan","Wisata Alam & Buper TNGC",5,"Kesini sekalian camping, sebenernya bagus y apalagi pas sunrice masyaALLAH bagus banget, cuma sayang untuk colokan listrik y sedikit, penerangan lampunya jg kurang.. jd klo mau ngecamp d sana d sarankan bawa lampu tambahan ya & banyak guguk liar y.. selebih y bagus sih, ada banyak toilet y, daan ad mushola y..  satu lagi yg paling penting y, mari belajar untuk selalu MEMBUANG SAMPAH PADA TEMPATNYA ya..","",positif
782,"Curug Putri Palutungan","Wisata Alam & Buper TNGC",5,"Harga tiket sangat terjangkau. - Tiket masuk roda 4 Rp. 11.000 - Tiket masuk dewasa di weekend Rp. 7.500 - Tiket jasa pelayanan Rp. 12.000  Di area depan ada sentral jajanan. Cukup tertata rapih.  Masuk ke area perkemahan, suasananya masih asri, pohon pinus tinggi menjulang. Bersih,, satu kata yg terlintas di awal, sangat sedikit melihat sampah berserakan, mungkin karena banyak disediakan tempat sampah di berbagai titik, dan juga dari kesadaran para pengunjung untuk membuang sampah pada tempatnya.  Fasilitas yang disediakan juga cukup baik. Toilet disediakan di beberapa area. Toilet nya terjaga dan bersih. Ada mushola juga untuk rekan rekan muslim yang hendak melaksanakan ibadah solat.  Curug putrinya pun cukup terjaga dan bersih. Airnya dingin dan bening.  Overall saya pribadi cukup senang trip ke destinasi wisata ini.","",positif
783,"Curug Putri Palutungan","Wisata Alam & Buper TNGC",5,"Best untuk segi trekking karena tidak jauh, tidak terjal dan tidak curam. air curugnya sangat cetek sekali. hanya semata kaki mungkin, tapu cukup dingin. disini gak bisa adegan mandi2. cuma bisa basahin kaki ajah menurutku.","",positif
784,"Curug Putri Palutungan","Wisata Alam & Buper TNGC",5,"Cocok untuk liburan keluarga nih bisa piknik seharian atau pun camping disini, suasananya alami sekali, dingin ya jangan lupa bawa jaket hihihi. Kalau mau mandi di curug jgn lupa bawa baju ganti yaa.. tiketnya terjangkau","",positif
785,"Curug Putri Palutungan","Wisata Alam & Buper TNGC",5,"Tiket masuk weekend 40k 2 org + motor Kalo pagi masih sepi, mulai rame jam 9.  Airnya seger Mayan buat healing","",positif
786,"Curug Putri Palutungan","Wisata Alam & Buper TNGC",5,"Cocok untuk keluarga ❤️😍","",positif
787,"Curug Putri Palutungan","Wisata Alam & Buper TNGC",5,"Curugnya tidak begitu besar, tetapi tetap bagus untuk dikunjungi. Airnya dingin sekali, sangat menyegarkan.","",positif
788,"Curug Putri Palutungan","Wisata Alam & Buper TNGC",5,"Lebih ke bumi perkemahan ya.. Curug nya harus jalan dulu, kl bawa anak² siap²in baju ganti ya.. Abis main air, bisa ngopi² di warung² dei tempat parkir.","",positif
789,"Curug Putri Palutungan","Wisata Alam & Buper TNGC",5,"Satu kata: mantabbbs  Tambahan: Jika Anda dan atau keluarga mencari lokasi wisata, kemping, penginapan, dan hiburan lainnya, silakan berkunjung ke objek wisata ini. Lokasinya berada di kaki gunung ciremai, gunung tertinggi di Jawa Barat. Sepanjang jalan menuju lokasi, Anda takkan melihat apapun, kecuali keindahan, keindahan, dan keindahan.  Jadikan lokasi ini sebagai lokasi wajib dalam agenda liburan rutin untuk menghilangkan penat, khususnya untuk Anda yang berada di wilayah Jabar dan sekitarnya.","",positif
790,"Curug Putri Palutungan","Wisata Alam & Buper TNGC",5,"Jarak dari gerbang menuju air terjunnya sekitar 100 meter dengan menuruni anak tangga. Suasana sejuk segar langsung terasa saat sampai di tujuan seiring dengan suara gemericik air terjun yang bikin tenang. cucok lah buat yang mah healing. Tapi harap perhatikan juga nih kalau mau balik ke atasnya karena harus menaiki anak tangga yang cukup curam. Jadi siapkan fisik yang prima yah karena bakalan ngos ngosan.","",positif
791,"Curug Putri Palutungan","Wisata Alam & Buper TNGC",5,"Enak banget tempatnya😍😍","",positif
792,"Curug Putri Palutungan","Wisata Alam & Buper TNGC",5,"Daya Tarik Curug Putri Palutungan · 1. Panorama Air Terjun dan Hutan Hijau Asri · 2. Bermain di Air yang Sangat Jernih 3. Bersantai di Hammock. 4. Berkemah di Tempat yang Telah Disediakan","",positif
793,"Curug Putri Palutungan","Wisata Alam & Buper TNGC",5,"Sambil Glamping di Ruang Alam bisa main ke Curug Putri. Cukup bersih dan akses baik untuk anak2 dan lansia masih aman.","",positif
794,"Curug Putri Palutungan","Wisata Alam & Buper TNGC",5,"Jalan menuju Curug mulus 👍 Masuk area curug bayar 25rb/orang Dari parkiran jalan ga jauh2 amat….  Daerah curug cukup terawat rapi 👍  Visit di sore hari Ga terlalu rame Enak buat foto2  Airnya ademmmmmm 👌","",positif
795,"Curug Putri Palutungan","Wisata Alam & Buper TNGC",5,"Tempat wisata di daerah kuningan yang terdiri dari beberapa objek. Seperti buper, air terjun, tempat selvi, dan view keindahan alam. Dengan udara yang sejuk  nuansa alam pegunungan keindahan yang alami.","",positif
796,"Curug Putri Palutungan","Wisata Alam & Buper TNGC",5,"Tempat nya Asri ...tuk Tiket masuk harga terjangkau ....sdh termasuk kendaraan... Pokoknya Rekomen Dach tuk Liburan Klg, Camping dan Refreshing .....","",positif
797,"Curug Putri Palutungan","Wisata Alam & Buper TNGC",5,"Menikmati air terjun kaki gunung ciremai","",positif
798,"Curug Putri Palutungan","Wisata Alam & Buper TNGC",5,"Tmptnya sgt  sejuk, bgs, pemandangannya  bgs, main air d curug .., seneng bgt, kpn2 k sini lg","",positif
799,"Curug Putri Palutungan","Wisata Alam & Buper TNGC",5,"tempatnya sejuk, asri","",positif
800,"Curug Putri Palutungan","Wisata Alam & Buper TNGC",5,"tempat ini cukup memuaskan walau ada beberapa yang kurang terawat, tapi dengan harga tiket 20 rbu dan parkir 5 rbu cukup memuaskan dengan adanya sepot foto yg banyak dan air terjun yg masih terawat, dan untuk harga makanan yg di jual di warung deket curug pun gak teralu mahal.","",positif
801,"Curug Putri Palutungan","Wisata Alam & Buper TNGC",5,"Tempatnya luas,hawanya sejuk Cocok untuk menyegarkan pikiran","",positif
802,"Curug Putri Palutungan","Wisata Alam & Buper TNGC",5,"Curugnya agak turun ke bawah, untuk lansia agak susah. Musim kemarau airnya sedikit, baiknya kesini pas hujan. Di atas ada camp area yg bisa digunakan untuk piknik. Ada juga motor avp sewaan, per lap 30K. 4 orang dewasa, 1 mobil 80Kan.","",positif
803,"Curug Putri Palutungan","Wisata Alam & Buper TNGC",5,"Harga murah dan nyaman, banyak pohon pinus semakin hawanya adem banget...cocok utk camping","",positif
804,"Curug Putri Palutungan","Wisata Alam & Buper TNGC",5,"Minggu lalu ksana jalannya bagus,, di parkiran banyak warung2 makan.. Tiket masuk 20rb per org dewasa, anak2 free + mobil 10rb.. Air terjun nya bagus ga terlalu dalam.. Seru buat berenang anak2, di dalam jg ada penyewaan ATV sekali puteran 30rb.. tracknya seru, menantang, wajib coba deh..","",positif
805,"Curug Putri Palutungan","Wisata Alam & Buper TNGC",5,"Rekomen banget kesini, dingin, sejuk, masih asri, air terjunya juga bagus & ga jauh dari parkiran.","",positif
806,"Curug Putri Palutungan","Wisata Alam & Buper TNGC",5,"Jalan ke curug nya dekat dari tempat parkir, walaupun harus naik dan turun aksesnya oke hanya agak licin jadi harus berhati-hati. Airnya bening bersih dingin","",positif
807,"Curug Putri Palutungan","Wisata Alam & Buper TNGC",5,"Tempatnya mah bagus  Di tiket udah termasuk parkir tapi tetep aja pas pulang bayar parkir hehee","",positif
808,"Curug Putri Palutungan","Wisata Alam & Buper TNGC",5,"Kalo Bebek Kaleyo mah gak usah diragukan lagi enaknya..bebeknya empuk dan sambelnya mantapp","",positif
809,"Curug Putri Palutungan","Wisata Alam & Buper TNGC",5,"Untuk melepas lelah, menikmati kesejukan udara pegunungan di antara lebatnya pohon pinus, berkemah dengan teman2, tempat ini sangat rekomended","",positif
810,"Curug Putri Palutungan","Wisata Alam & Buper TNGC",5,"Tempat kemping dari semenjak masih di SMK, kenangan masa masa pendidikan Pecinta Alam, kini sudah banyak berubah, area makin luas, fasilitas bertambah, sarana prasana makin lengkap, kemping menyenangkan disini, aman dan nyaman, air terjun yang indah airnya sejuk dan bening, sangat asik buat healing","",positif
811,"Curug Putri Palutungan","Wisata Alam & Buper TNGC",5,"Salah satu air terjun terindah yang pernah saya kunjungi, panorama alamnya pun masih asri , udaranya sejuk adem, cocok untuk melepas penat kehidupan di kota , ada tempat buat camping juga , tersedia toilet umum dan saung / mushola untuk beribadah , semoga tetap terjaga alamnya ,","",positif
812,"Curug Putri Palutungan","Wisata Alam & Buper TNGC",5,"Bagus tempatnya, bisa buat main air anak2. Bersih, cuaca dingin","",positif
813,"Curug Putri Palutungan","Wisata Alam & Buper TNGC",5,"Terakhir kesini 2018 dan skrg temptnya masih sama bersih airnya dingin,  nympe sini jam 12 siang dan sepi, jam 1 ada rombongan anak TK 🤭","",positif
814,"Curug Putri Palutungan","Wisata Alam & Buper TNGC",5,"Curug adalah air terjun Sumber air yang juga tempat wisata indah ini,luar biasa Alamnya yang tenang meneduhkan hati Cocok untuk Jiwa - jiwa yang suka panas hati Haha","",positif
815,"Curug Putri Palutungan","Wisata Alam & Buper TNGC",5,"Mantep bgt bagus cmn tiket nya lumayan ya skrng banyak biaya lain²","",positif
816,"Curug Putri Palutungan","Wisata Alam & Buper TNGC",5,"Mudah di jangkau Pemandangan alami Destinasi untuk wisata bersama orang terkasih. Pengen kesana teruus. Recommended 👍👍👍","",positif
817,"Curug Putri Palutungan","Wisata Alam & Buper TNGC",5,"Lokasi mudah ditemukan, area parkiran luas bisa untuk banyak mobil dan motor, ada loket masuk dan banyak warung di dekat area parkiran, area wisata sangat luas, banyak spot foto ada pepohonan ada juga air terjun, ada toilet dan mushola, bisa untuk kegiatan bersantai, keluarga, ataupun outbound berkelompok, yukk mampiiirrr...","",positif
818,"Curug Putri Palutungan","Wisata Alam & Buper TNGC",5,"Dateng kesini pagi jam 10 di hari weekday sepi bgt cocok buat yang mau healing.Alamny syahdu","",positif
819,"Curug Putri Palutungan","Wisata Alam & Buper TNGC",5,"Tempat Ngademmmmm...  sekarang udah lebih terawat 👍👍 lebih bersih dan lebih rame 👍. Tiket masuk klo weekend lebih mahal guys... Jadi jangan kaget ya","",positif
820,"Curug Putri Palutungan","Wisata Alam & Buper TNGC",5,"Tempat nya sejuk dan nyaman apalagi yg butuh healing dengan pemandangan yg bagus dan yg suka suara air  tempat ini cocok bgt","",positif
821,"Curug Putri Palutungan","Wisata Alam & Buper TNGC",5,"Tempatnya lumayan bersih, airnya dingin banget, saran aja kalo mau kesini mendingan pagi-pagi banget, udh diatas jam 9 pasti rame pengunjung, jd ga leluasa buat main air dan foto-foto.","",positif
822,"Curug Putri Palutungan","Wisata Alam & Buper TNGC",5,"Curug yg dingin dan sejuk. Gampang diakses. Yg jelas rame kalo wiken.","",positif
823,"Curug Putri Palutungan","Wisata Alam & Buper TNGC",5,"pertengahan 2024 kesini sama mantan, tempatnya bagus keren terima kasih karna akses yang baik akhirnya ada kenangan disini 🙏🏻","",positif
824,"Curug Putri Palutungan","Wisata Alam & Buper TNGC",5,"Tempat camping dikaki gunung ciremai, ada air terjun. Masih asri, sejuk msh banyak pohon² pinus","",positif
825,"Curug Putri Palutungan","Wisata Alam & Buper TNGC",5,"Tempat ini sangat asri, namun sedikit pengunjung, bantu yuk tempat ini utk ramai","",positif
826,"Curug Putri Palutungan","Wisata Alam & Buper TNGC",5,"Cocok buat healing nih.... Ada air terjun... Luas juga  tempatnya...  Banyak peralatan camp juga...","",positif
827,"Curug Putri Palutungan","Wisata Alam & Buper TNGC",5,"Air terjun yang dekat dengan parkiran, hanya ditemuh dengan jalan kaki sekitar 200m","",positif
828,"Curug Putri Palutungan","Wisata Alam & Buper TNGC",5,"Tempat nya bagus Sayang pengelolaan nya kurang maksimal Banyak fasilitas yang kurang terawat","",positif
829,"Curug Putri Palutungan","Wisata Alam & Buper TNGC",5,"MasyaAllah Tempat nya Bagus masih Asri, air terjunya bagus aman buat anak2 juga, airnya dingin sekali. Bisa buat kemah juga. Klo ke kuningan wajib mampir kesini.","",positif
830,"Curug Putri Palutungan","Wisata Alam & Buper TNGC",5,"Curugnya ramah anak.. ngga dalem..  HTM / Des 23 40k,untuk 1 motor 2 orang,1 motor 1 orang 25k.","",positif
831,"Curug Putri Palutungan","Wisata Alam & Buper TNGC",5,"Nyaman buat camping,wisata alam & family friendly. Cuaca dimalam hari Masya Allah dinginnya,Curug putri juga Deket dan mudah diakses.... Jadi andalan kalau liburan bareng keluarga si","",positif
832,"Curug Putri Palutungan","Wisata Alam & Buper TNGC",5,"Keren banget, airnya hangat nga dingin , seru deh touring Cirebon Kuningan 👍 Curug Putri mantap","",positif
833,"Curug Putri Palutungan","Wisata Alam & Buper TNGC",5,"Curug nya lumayan bagus, tempatnya juga asri, untuk buper palutungan nya pas buat camp dan healing, Lahan untuk camp atau mendirikan tenda nya sangat luas dan kita bisa memarkirkan kendaraan kita di sebelah tenda. Sumber air nya juga melimpah walaupun musim kemarau","",positif
834,"Curug Putri Palutungan","Wisata Alam & Buper TNGC",5,"tempat ramah untuk anak toilet bersih untuk yang mau nginap siapin tenda yang dobel trus selimut jaket jangan lupa kalau sudah larut malam dini hari dingin nya pool.. kalau musim hujan disaranin bikin tenda di bawah gajebo aula","",positif
835,"Curug Putri Palutungan","Wisata Alam & Buper TNGC",5,"Pemandangan nya bagus sejuk enak buat rehat sejenak","",positif
836,"Curug Putri Palutungan","Wisata Alam & Buper TNGC",5,"Yang penting di bawa happy","",positif
837,"Curug Putri Palutungan","Wisata Alam & Buper TNGC",5,"Aksesnya mudah cuma 5 menit dari parkiran. Topografi urugnya landai, cocok buat bocil2, ada bumi perkemahan yang mau camp.","",positif
838,"Curug Putri Palutungan","Wisata Alam & Buper TNGC",4,"T4 sama suasananya lumayan nyaman, apresiasi sama satpam nya ramah,, kalo boleh masukan ke pihak hotel kalo yg cuma pesen room doang tanpa sarapan alangkah baiknya tetap ditawarkan untuk sarapan terpisah dengan basa basi dr resepsionis ke tamu serta menjelaskan harga dan menu yg ada, mungkin ada sebagian yg ga PD untuk sarapan krn malu dan takut kemahalan padahal harganya mungkin msh masuk akal dan terjangkau","",positif
839,"Curug Putri Palutungan","Wisata Alam & Buper TNGC",5,"Air terjun yang relatif mudah dijangkau, bahkan untuk anak-anak tidak kesulitan untuk menuju lokasi, terdapat lokasi perkemahan juga, tiket masuk murah, kebersihan terjaga, pertahankan","",positif
840,"Curug Putri Palutungan","Wisata Alam & Buper TNGC",5,"Bersih, tidak jauh treking dari tempat parkir, pemandangan nya indah dan sejuk,  airnya dingin sekaliii...mantap.., ada musholla dan toilet disekitar, kapan kapan mau kesini lagi, kerennn..., semoga selalu terjaga kebersihan dan kenyamanannya..","",positif
841,"Curug Putri Palutungan","Wisata Alam & Buper TNGC",5,"oke banget jalur mudah di lalui harga oke","",positif
842,"Curug Putri Palutungan","Wisata Alam & Buper TNGC",5,"seru tempat nya...bisa buat camping jg kok","",positif
843,"Curug Putri Palutungan","Wisata Alam & Buper TNGC",5,"Tempatnya sangat sejuk , penandangan bagus, rasa lelah diperjalanan terbayar dengan sejuknya air terjun","",positif
844,"Curug Putri Palutungan","Wisata Alam & Buper TNGC",5,"Baru pertama Dan lngsung takjub banget liat keindahan nya 😍","",positif
845,"Curug Putri Palutungan","Wisata Alam & Buper TNGC",5,"Kalau kesini jgn lupa bawa perlengkapan piknik sendri..","",positif
846,"Curug Putri Palutungan","Wisata Alam & Buper TNGC",5,"Tempat nya adem ,airnya murni bersih , Pokonya rekomended buat kalian","",positif
847,"Curug Putri Palutungan","Wisata Alam & Buper TNGC",5,"Asri dan sejuk. Cocok untuk liburan keluarga. Jalan kaki tidak terlalu jauh dan cukup aman.","",positif
848,"Curug Putri Palutungan","Wisata Alam & Buper TNGC",5,"Bagus tempatnya. Tiket masuk naik motor bareng boncengan=Rp 41.000:termasuk parkir motor.","",positif
849,"Curug Putri Palutungan","Wisata Alam & Buper TNGC",5,"Wisata juruh terindah airnya dingin banget","",positif
850,"Curug Putri Palutungan","Wisata Alam & Buper TNGC",5,"Tempat asri, bersih, alami,,, subhanallah... sungguh indah ciptaan Mu yaa Robb","",positif
851,"Curug Putri Palutungan","Wisata Alam & Buper TNGC",5,"curugnya baguss banyak spot foto alam","",positif
852,"Curug Putri Palutungan","Wisata Alam & Buper TNGC",5,"Hutan kuningan yang alami, udara sejuk dan air curug yang dingin.","",positif
853,"Curug Putri Palutungan","Wisata Alam & Buper TNGC",5,"𝘼𝙠𝙪 𝙙𝙧𝙞 𝙩𝙖𝙣𝙜𝙚𝙧𝙖𝙣𝙜 𝙨𝙪𝙠𝙖𝙖𝙖 𝙗𝙜𝙩𝙩 𝙨𝙖𝙢𝙖 𝙩𝙚𝙢𝙥𝙖𝙩 𝙧𝙚𝙨𝙩𝙤 𝙘𝙞𝙗𝙞𝙪𝙠 𝙠𝙖𝙧𝙣𝙖 𝙩𝙚𝙧𝙟𝙖𝙣𝙜𝙠𝙖𝙪 𝙚𝙣𝙖𝙠 puas🥰🥰🥰","",positif
854,"Curug Putri Palutungan","Wisata Alam & Buper TNGC",5,"Sejuk Tiket masuk 1 mobil 41rb","",positif
855,"Curug Putri Palutungan","Wisata Alam & Buper TNGC",5,"Tempat yg slalu aku ingin datangi kalo mudil.. suasana nya tenang","",positif
856,"Curug Putri Palutungan","Wisata Alam & Buper TNGC",5,"Merupakan salah 1 tempat wisata di kabupaten Kuningan, dimana ditempat ini kita akan di suguhkan pemandangan pegunungan di kaki gunung Ciremai dan dapat merasakan kesegaran udara yg masih asri","",positif
857,"Curug Putri Palutungan","Wisata Alam & Buper TNGC",5,"Camping asyik bareng teman, keluarga .... Tempat luas, mobil bisa masuk, fasilitas lengkap htm terjangkau","",positif
858,"Curug Putri Palutungan","Wisata Alam & Buper TNGC",4,"Dari saya pribadi curug nya ini kurang cakep kaya begitu’ aja, But it's okay—there's plenty of beautiful scenery, too.","",positif
859,"Curug Putri Palutungan","Wisata Alam & Buper TNGC",4,"Tempat asri,ada tempat camping","",positif
860,"Curug Putri Palutungan","Wisata Alam & Buper TNGC",5,"bagus cuma airnya lagi ngga terlalu deras","",positif
861,"Curug Putri Palutungan","Wisata Alam & Buper TNGC",5,"Seger bgt airnya, jernih bgt pula...","",positif
862,"Curug Putri Palutungan","Wisata Alam & Buper TNGC",5,"Healing ke alam itu adalah sesuatu yang sangat baik untuk melepaskan penat aktifitas wkwkwk, salah satunya Dateng ke Curug putri, lihat airnya aja seger berasa langsung pengen mandi coy wwkwkwk, airnya jernih, aku saranin jangan datang pas musim hujan, soale biasanya airnya bakal keruh warna coklat, jadi Dateng pas musim panas aja....","",positif
863,"Curug Putri Palutungan","Wisata Alam & Buper TNGC",5,"Lumayan recomendasi untuk kegiatan siswa/i untuk tadabur alam.","",positif
864,"Curug Putri Palutungan","Wisata Alam & Buper TNGC",4,"Above standard views, quite packed, accessibility isn't so bad. Four out of five atmosphere. Would probably visit again.","",positif
865,"Curug Putri Palutungan","Wisata Alam & Buper TNGC",5,"Indonesia","",positif
866,"Curug Putri Palutungan","Wisata Alam & Buper TNGC",5,"mantap buat buang kejenuhan","",positif
867,"Curug Putri Palutungan","Wisata Alam & Buper TNGC",4,"Adem ayem","",positif
868,"Curug Putri Palutungan","Wisata Alam & Buper TNGC",4,"Lumayan untuk melepas penat","",positif
869,"Curug Putri Palutungan","Wisata Alam & Buper TNGC",5,"A pleasant little nature spot near Cisantana, Kuningan, with a calm atmosphere that makes it easy to slow down and enjoy the surroundings. I also liked spotting the monkeys along the way, which added a fun touch to the visit. It felt peaceful and a bit different from the usual sightseeing stop, so I’d happily come back.","",positif
870,"Curug Putri Palutungan","Wisata Alam & Buper TNGC",5,"Akses cukup mudah, debit air terjun kecil ketika kemarau. Ketinggian juga tidak terlalu tinggi","",positif
871,"Curug Putri Palutungan","Wisata Alam & Buper TNGC",5,"Tiket masuk buat hari weekend 25k 1 orang sudah termasuk parkir, udara mantap sejuk dingin diusahakan agak pagi biar gk terlalu rame, tempat bagus, bersih, nyaman untuk air terjunnya bagus cantik dangkal juga","",positif
872,"Curug Putri Palutungan","Wisata Alam & Buper TNGC",5,"Curug indah dan sejuk, jalan dekat dari parkiran","",positif
873,"Curug Putri Palutungan","Wisata Alam & Buper TNGC",5,"Sukaakkkkk","",positif
874,"Curug Putri Palutungan","Wisata Alam & Buper TNGC",5,"Suasana yang bikin kangen untuk selalu ingin kembali kesana.","",positif
875,"Curug Putri Palutungan","Wisata Alam & Buper TNGC",5,"Alhdulillah menikmati indahnya alam semesta penhijauan serta air terjun yg sangat indah dan sejuknya udara asri  yg jauh dari folusi udara🍀🌹🌼💐 Terimakasih curug putri kuningan semoga selalu rame pengunjuknya💚","",positif
876,"Curug Putri Palutungan","Wisata Alam & Buper TNGC",4,"Tepatnya bagus","",positif
877,"Curug Putri Palutungan","Wisata Alam & Buper TNGC",5,"Good vibes,, but the way from parking lot is quite far,, need to bring slipper, Umbrella and if its rain just dont go down","",positif
878,"Curug Putri Palutungan","Wisata Alam & Buper TNGC",5,"Sukses sllu","",positif
879,"Curug Putri Palutungan","Wisata Alam & Buper TNGC",5,"Bagus sangat terjaga","",positif
880,"Curug Putri Palutungan","Wisata Alam & Buper TNGC",5,"Main mobil RC di curug putri...","",positif
881,"Curug Putri Palutungan","Wisata Alam & Buper TNGC",5,"1994 Camping, STM Gunung Keling","",positif
882,"Curug Putri Palutungan","Wisata Alam & Buper TNGC",5,"Family friendly curug, vwry clean with shallow places to play for kids.","",positif
883,"Curug Putri Palutungan","Wisata Alam & Buper TNGC",5,"good waterfall for refreshing , air nya sejuuuk pisan","",positif
884,"Curug Putri Palutungan","Wisata Alam & Buper TNGC",5,"A clean waterfall & only 150m from entrances","",positif
885,"Curug Putri Palutungan","Wisata Alam & Buper TNGC",5,"tempatnya sejuk, dan sangat ramai","",positif
886,"Curug Putri Palutungan","Wisata Alam & Buper TNGC",5,"Baru pertama kali ke sini wih cakep banget","",positif
887,"Curug Putri Palutungan","Wisata Alam & Buper TNGC",5,"Air nya tiris pisan 🥶🥶","",positif
888,"Curug Putri Palutungan","Wisata Alam & Buper TNGC",5,"Suasanya segerrrr apalagi kalau embunnya turunnn kayak lagi diatas awan wkwk","",positif
889,"Curug Putri Palutungan","Wisata Alam & Buper TNGC",5,"Sekian kalinya","",positif
890,"Curug Putri Palutungan","Wisata Alam & Buper TNGC",4,"Curuk bersahabat buat family","",positif
891,"Curug Putri Palutungan","Wisata Alam & Buper TNGC",5,"It's a wonderful place, refreshing..","",positif
892,"Lembah Cilengkrang","Wisata Alam & Pemandian TNGC",1,"tempatnya bagus pemandangannya indah, tp saya kasih bintang 1 soalnya tukang parkirnya ga ramah","",negatif
893,"Lembah Cilengkrang","Wisata Alam & Pemandian TNGC",1,"Disini tertera pungutan/tiket masuk nya hari kerja 10 ribu pas dateng ke sana jadi 20 ribu 1 kali lipat di pungli nya wkwkk Gimana mau maju dimana2 pungliin. Padahal beberapa bulan sebelumnya datng di weekend tiketnya 15 ribu. Sesuai sama aturan pemerintah ini. Pas dateng lagi malah kena pungli","",negatif
894,"Lembah Cilengkrang","Wisata Alam & Pemandian TNGC",1,"baru tau kalo akamsi masuknya gratis, tau gitu tiap kesana bilang aja akamsi","",negatif
895,"Lembah Cilengkrang","Wisata Alam & Pemandian TNGC",1,"Bayar Parkir inap buat yang ngecampnya gak NgOtakkkkkkk...... 1 motor 15K🥵, cuman mintain duitnya aja, jagain kagak, pas malem ngecek parkiran gak ada yg jagain. Apa kontribusi nya?  Destinasi wisata Hancur karena oknum.","",negatif
896,"Lembah Cilengkrang","Wisata Alam & Pemandian TNGC",1,"beberapa bulan lalu kesana. menurut saya lebih di tingkat kan lagi fasilitas seperti pagar pembatas antara jurang karena sangat berbahaya. tong sampah di setiap beberapa tempat, serta tempat duduk di area kolam curug kurang memadai, lalu toilet atau ruang ganti yg bersih soalnya pas saya kesana kumuh sekali serta banyak bau tidak sedap.","",negatif
897,"Lembah Cilengkrang","Wisata Alam & Pemandian TNGC",1,"Ngga espek ngecamp disitu motor ngga dijaga parkir ngga masuk akal,tolong parkir yang wajar aja htm masuk aja udah gede ditambah parkir mahal tau cukup sekali aja maaf mengecewakan wisata yang lain aja deh lain kali.","",negatif
898,"Lembah Cilengkrang","Wisata Alam & Pemandian TNGC",1,"Tiket parkir motor buat camping mahal banget sampe 15k, terus juga engga di jaga sama petugasnya","",negatif
899,"Lembah Cilengkrang","Wisata Alam & Pemandian TNGC",1,"saya disasarin ke curug lain sampe sampe saya pulang lagi gajadi masuk ke lembah sialan bintang 1 ga ramah gak membantu ngga jadi","",negatif
900,"Lembah Cilengkrang","Wisata Alam & Pemandian TNGC",1,"Salah jalaaan, lokasinya ga sesuai. Nyasar, bukan ke Cilengkrang, tapi ke Ipukan. Kata Bapak penjaganya udah 4 motor selain saya yang salah alamat🥲 tolong google maps dibetulkan alamatnya.","",negatif
901,"Lembah Cilengkrang","Wisata Alam & Pemandian TNGC",1,"Enak rendem air angetnya,,,tpi syng prkiran mtr smpe lokasi jauh bgt","",negatif
902,"Lembah Cilengkrang","Wisata Alam & Pemandian TNGC",1,"Parkir motor mahal bgt 15k sendiri","",negatif
903,"Lembah Cilengkrang","Wisata Alam & Pemandian TNGC",1,"Harus pake helikopter biar cepet sampe lokasi curugnya","",negatif
904,"Lembah Cilengkrang","Wisata Alam & Pemandian TNGC",1,"Yang paling utama adalah kebersihan WC, tolong ditingkatkan secepatnya","",negatif
905,"Lembah Cilengkrang","Wisata Alam & Pemandian TNGC",1,"Harga parkir yang tidak masuk akal 👎🏽","",negatif
906,"Lembah Cilengkrang","Wisata Alam & Pemandian TNGC",1,"Pengiriman lambat","",negatif
907,"Lembah Cilengkrang","Wisata Alam & Pemandian TNGC",2,"Pertama kali ke lembah cilengkrang Kecewa banget parkir disitu helm jatoh sampe pada lecet percuma bayar parkir tapi barang pengunjung tidak dijaga🤦🏻‍♂️🤦🏻‍♂️ Untuk tempat wisata nya sih bagus tapi agak terganggu ditempat ganti baju yang dibagian atas,gelap pengap gada penerangan dan ga semua ruang ganti ada airnya + bauu pesing banget. Mohon di perbaiki lagi. 🙏🏻","",negatif
908,"Lembah Cilengkrang","Wisata Alam & Pemandian TNGC",2,"Bau Pesing WC nya+kolam nya keruh banyak lumut nya yah harus nya bersihin lah kalau waktu di tutup tuh biar nyaman","",negatif
909,"Lembah Cilengkrang","Wisata Alam & Pemandian TNGC",2,"Tempatnya sih enak tapi sayang tempat salin bajunya bau pesing banget, tolong kalo bisa di bersihin ke","",negatif
910,"Lembah Cilengkrang","Wisata Alam & Pemandian TNGC",2,"Tempat nya masih asri nyaman buat jalan kaki, parkirnya aja kemahalan 10rb","",negatif
911,"Lembah Cilengkrang","Wisata Alam & Pemandian TNGC",2,"Ada saat menyesatkan saya","",negatif
912,"Lembah Cilengkrang","Wisata Alam & Pemandian TNGC",3,"Pertama kali kesini, dari awal sudah ditarik parkir dibayar di depan untuk Mobil 10 rbu.  Untuk jalur lumayan landai namun di spot tertentu banyak batu batu yang membuat menjadi licin.  Setelah jalan 30 menit ternyata diatas kolam yg disediakan cenderung tidak terawat dan kotor. Sebenarnya bagus tempatnya cuma kurang terawat aja, jadi kurang worth it dengan jalanya.","",netral
913,"Lembah Cilengkrang","Wisata Alam & Pemandian TNGC",3,"Tempatnya lumayanan bagus, aksen jalannya udah enak aspal, cuma perlu tenaga lebih untuk ke air terjun sama air panasnya","",netral
914,"Lembah Cilengkrang","Wisata Alam & Pemandian TNGC",3,"kurang nya petugas kebersihan lingkungan,  minim ruang ganti pakaian dan ruang bilas.","",netral
915,"Lembah Cilengkrang","Wisata Alam & Pemandian TNGC",3,"Wisata n jogging...... suasana nyaman banget","",netral
916,"Lembah Cilengkrang","Wisata Alam & Pemandian TNGC",3,"disini itu asri banget geng, inget jngan tinggalin sampah jadilah wisatawan yang bijak  dari parkiran masuk sampe tiket itu lumayan geng -+ 1kg dan dari situ ga kita udah bisa nikmatin alam yang masih asri tapi tetep harus hati* so masih banyak jurang, jauh memang tapi bakalan terbayar saat sampai disport wisatanya geng. dari cuma parkir 5000/motor dan tiket masuk yang cuma 10000 dihari biasa dan 12000 dihari libur itu udah cukup geng puas deh","",netral
917,"Lembah Cilengkrang","Wisata Alam & Pemandian TNGC",3,"untuk mendapatkan pemandian air panas dilokasi ini melewati jalanan yang terjal. Semua terbayar jika sudah berendam dikolam air panas, hanya saja fasilitasnya tolong diperbaiki mengingat lokasinya yang cukup jauh dari pemukiman warga","",netral
918,"Lembah Cilengkrang","Wisata Alam & Pemandian TNGC",3,"Parkir motor mahal, 1 motor 15k","",netral
919,"Lembah Cilengkrang","Wisata Alam & Pemandian TNGC",3,"Tempat sangat jauh dan juga harus berjalan kaki tapi sangat nyaman untuk yg suka berendam air panas","",netral
920,"Lembah Cilengkrang","Wisata Alam & Pemandian TNGC",3,"Air terjun tidak ada kolam yang luas untuk berenang","",netral
921,"Lembah Cilengkrang","Wisata Alam & Pemandian TNGC",3,"Lumayan jauh,,,bikin kaki pegel Tpi akan hilang ketika berendam d aer panas (anget)","",netral
922,"Lembah Cilengkrang","Wisata Alam & Pemandian TNGC",3,"Dari gambar emang bagus. Tapi ko paa ngikutin rutenya malah nyasar ke ipukan?? Coba tolong mapsnya dibenerin lagi","",netral
923,"Lembah Cilengkrang","Wisata Alam & Pemandian TNGC",3,"Tempat jauh jalan kaki sekitar 2.4 km Dari tmpt parkir","",netral
924,"Lembah Cilengkrang","Wisata Alam & Pemandian TNGC",3,"Perjalannya tidak bisa diakses oleh kendaraan jd harus jalan kaki 2 km lebih","",netral
925,"Lembah Cilengkrang","Wisata Alam & Pemandian TNGC",3,"jalannya 1 jam kurleb dari parkiran mobil ke Curug nya.","",netral
926,"Lembah Cilengkrang","Wisata Alam & Pemandian TNGC",3,"Bukan objek wisata keluarga. Untuk camping lumayan bagus","",netral
927,"Lembah Cilengkrang","Wisata Alam & Pemandian TNGC",3,"Kurangnya fasilitas istirahat dan ibadah","",netral
928,"Lembah Cilengkrang","Wisata Alam & Pemandian TNGC",3,"Jalanya Sudah ada perbaikan..","",netral
929,"Lembah Cilengkrang","Wisata Alam & Pemandian TNGC",3,"Lokasi wisata yang masih baru","",netral
930,"Lembah Cilengkrang","Wisata Alam & Pemandian TNGC",3,"Lembah yg msh alami","",netral
931,"Lembah Cilengkrang","Wisata Alam & Pemandian TNGC",3,"Tempat yg sangat indah sekali","",netral
932,"Lembah Cilengkrang","Wisata Alam & Pemandian TNGC",3,"Penasaran, jadi pengen main ke situ ??","",netral
933,"Lembah Cilengkrang","Wisata Alam & Pemandian TNGC",3,"Toilet krg bersih","",netral
934,"Lembah Cilengkrang","Wisata Alam & Pemandian TNGC",3,"trmpat represing badan dan pikiran","",netral
935,"Lembah Cilengkrang","Wisata Alam & Pemandian TNGC",3,"Jalan sangat menantang","",netral
936,"Lembah Cilengkrang","Wisata Alam & Pemandian TNGC",3,"lumayan bgus","",netral
937,"Lembah Cilengkrang","Wisata Alam & Pemandian TNGC",3,"Tiket seringkali tidak dikasih semestinya misalnya 5 orang hanya dikasih 2, tapi tempatnya sangat nyaman dan asri","",netral
938,"Lembah Cilengkrang","Wisata Alam & Pemandian TNGC",3,"Recomend","",netral
939,"Lembah Cilengkrang","Wisata Alam & Pemandian TNGC",4,"Track hiking yang cukup aman dilakukan bersama anak dengan pemandangan yang mengagumkan dan juga suasa hutan yang masih asri, air sungai mengalir dengan jernih so anak happy bermain air di sungai nmun tetap dengan pendampingan dan pengawasan orang tua. Disamping itu banyak yang melakukan hiking demi sebuah konten sosmed.","",positif
940,"Lembah Cilengkrang","Wisata Alam & Pemandian TNGC",4,"Goks! Jalannyaaa kadang landai, kadang naik turun. Diujung wisata nya ada air terjun, sama pemandian air hangat. Cocok buat piknik sm keluarga, atau sekedar melepas penat dr kerjaan kesini bareng pasangan ato temen. Harga masuknya 25k/orang pas weekend yaaa.. Ada kamar bilas, dan toilet. Dibeberapa titik ada warung.  Boleh kesini, krn parkiran luas, banyak pengunjung, tp inget yaa, jgn buang sampah sembarang.  Enjoy guys!","",positif
941,"Lembah Cilengkrang","Wisata Alam & Pemandian TNGC",4,"Treking menuju air terjun lumayan jauh kurang lebih 45 menit, terdapat beberapa kolam air panas untuk berendam, tiket masuknya 25rb/orang, parkir motor 5rb. Fasilitas toilet tolong diperbaiki, ini dikawasan yang airnya melimpah tapi kamar mandinya gak ada air, udah gitu gelap gak ada lampunya.","",positif
942,"Lembah Cilengkrang","Wisata Alam & Pemandian TNGC",4,"Jalur jalan dari tempat parkir roda 4 & 2 ke curug cilengkrang & kolam air panas lumayan baik. Pemandangan & udara sepanjang jalur jalan 👍.  Hanya ada beberapa titik yg lumayan berbatu & agak licin. Fasilitas kolam air panas, toilet & tempat istirahat perlu peningkatan. Plus tempat sampah yg memadai, utamanya plastik bekas air minum.","",positif
943,"Lembah Cilengkrang","Wisata Alam & Pemandian TNGC",4,"3 kali berkunjung kesini, sampai yang terakhir masih oke,. tempatnya sejuk, ada mata air panas langsung yang mengalir juga air terjun.  yg perlu di perhatikan yaitu kebersihan sampah nya, tolong pastikan dan di berikan himbauan untuk pengunjung membawa sampah nya kembali ke pos pintu masuk dan pintu masuk di sediakan tempat sampah yang besar.. mungkin bulan depan saya akan kesini lagi,.semoga permasalahan kebersihan sudah membaik dan tertangani.","",positif
944,"Lembah Cilengkrang","Wisata Alam & Pemandian TNGC",4,"viewnya cakep, tapi untuk HTM lumayan menurutku. selain itu juga untuk foto² didekat curug mengantri karena dibatasi dan harus bergantian. selebihnya bagusss treknya juga ramah buat pemula","",positif
945,"Lembah Cilengkrang","Wisata Alam & Pemandian TNGC",4,"Seru, keren pemandangan, cuma tiketnya naik terus semoga fasilitas nya jg ikut d perbaiki terutama tebing yg kena longsor.","",positif
946,"Lembah Cilengkrang","Wisata Alam & Pemandian TNGC",4,"Bagi yg suka wisata alam, hiking, di puncak ada air terjun yg jernih bngt dan ada sumber air panas juga... Msh banyak monyet yg bergelantungan ...","",positif
947,"Lembah Cilengkrang","Wisata Alam & Pemandian TNGC",4,"Cukup jauh sekitar 35 menit jalan..  tapi terbayar dengan air panas alaminya.. hati2 untuk yqng ingin berkunjung dibeberapa titik ada longsoran","",positif
948,"Lembah Cilengkrang","Wisata Alam & Pemandian TNGC",4,"Perjalanan luar biasa indahnyaaaa 💛💛 Silahkan dipersiapkan fisiknya, karena perjalanan menuju curug sifatnya hiking.. Gunakan alas kaki yg nyaman (dianjurkan sepatu hiking / sandal gunung), dan air mineral yg cukup. Perjalanan dari gapura lembah Cilengkrang, kurang lebih 1 jam.  Lelahnya perjalanan, akan terbayar dengan indahnya pemandangan insyaa Alloh.  Jangan lupa dzikrulloh (agar lisan tetap terjaga) Maasyaa Alloh, Tabaarokalloh ♡  *notes: ruang ganti dan kamar mandinya, belum sebersih tempat wisata pada umumnya. Semoga segera dilayakkan..  #Haturnuhun #Kuningan","",positif
949,"Lembah Cilengkrang","Wisata Alam & Pemandian TNGC",4,"Cocok untuk tempat rekreasi dengan keluarga, teman dan rekan². Untuk tiket cukup murah dengan harga kisaran 15 ribu untuk hari biasa dan 17 ribu untuk weekend dan hari libur. Ada beberapa kolam air panas yang bisa di gunakan dan ada Curug air dingin. Namun sayangnya untuk pengelolaan sampah masih kurang baik karena disekitar kolam terdapat tempat sampah yang kurang terurus oleh pengelola.","",positif
950,"Lembah Cilengkrang","Wisata Alam & Pemandian TNGC",4,"Bersih, nggak ada pungli. Wisata sehat ini, badan harus fit karena jalan lumayan jauh. Sekitar 2 km perjalanan ke lokasi dan 2 km balik ke parkiran. Total sekitar 4 km bolak balik. Ada Masjid di bawah, warung juga ada beberapa. Datang pas weekend jadi lumayan rame dan menyenangkan. Kalau pas weekdays mungkin lebih baik rombongan. Kalau buat solo travelling pas weekdays mungkin agak ngeri-ngeri sedap. Di atas juga ada warung. Bisa rehat sambil liat lutung bergelantungan.","",positif
951,"Lembah Cilengkrang","Wisata Alam & Pemandian TNGC",4,"Salah satu destinasi wisata di daerah kuningan. Terdapat kolam (sumber) air panas. Bisa berendam. Untuk sampai kolam air panas dan air terjun, perlu berjalan (hiking) sekitar 30-60 menit melewati hutan dan sungai. Cukup menyenangkan jika menyukai wisata petualangan, adventure, alam dan pendakian. Tiket masuk 15.000 kalo tidak salah (april 2023). Terdapat toilet, kamar mandi, mushola. Parkiran cukup luas. Akses cukup mudah dan bagus. Hanya perlu hati-hati bagi pemgendara motor matic saat turun (pulang).","",positif
952,"Lembah Cilengkrang","Wisata Alam & Pemandian TNGC",4,"Tempat yang pasti asri, buat nyampe curugnya kalo ga salah lbh dari 3km jalan kaki dengan trek yang lumayan menguras tenaga, jalanan licin kalo lagi musim ujan, dihimbau bawa perbekalan yang cukup karena warungnya sedikit, ada titik poin buat istirahat di tengah ada saung/musholah yang disampingnya ada kolam air panas bisa buat berendam kaki lanjut jalan baru ketemu curug yang lumayan tinggi, biasanya ada bapak2 yang jadi guide nganter pengunjung yang gak biasa ngedaki jadi gaperlu khawatir nyasar. Jalan masuk ga terlalu jauh dari jalan raya kuningan. Nice view","",positif
953,"Lembah Cilengkrang","Wisata Alam & Pemandian TNGC",4,"Cocok untuk yang gemar berolahraga jalan dan mendaki, karena jarak dari gerbang ke curug lumayan jauh. Pengunjung bisa menikmati keindahan alam, curug sabuk, air yang jernih, dan juga pemandian air panas.  ig : ali.san_id","",positif
954,"Lembah Cilengkrang","Wisata Alam & Pemandian TNGC",4,"Track untuk menuju ke lembah harus ditempuh dengan berjalan kaki, waktu tempuh kurang lebih 1,5 jam. Persiapkan fisik dan mental dengan baik. Pada setiap rute yg dilalui ada beberapa spot foto, namun kondisinya sudah agak lapuk, mungkin kurang terawat","",positif
955,"Lembah Cilengkrang","Wisata Alam & Pemandian TNGC",4,"Tempat hiking yang cukup baik, perjalannya menyenangkan sekali, sangat sejuk dan alami. Hanya saja pembayaran masuk tempat wisata tidak bisa pakai qris, padahal ada barcode-nya, dengan alasan qris tsb di daftarkan atas nama pribadi  sehingga takut jadi temuan (????), alasan lainnya kalau pake qris jadi tidak bisa diberikan tiket fisik (also questionable??), ketika kami bayar cash tetap tidak diberikan tiket anyway haha. Pemerintah dinas pariwisata setempat harusnya bisa di edukasi lagi pelaku wisatanya. Karna potensi wisatanya sangat bagus.","",positif
956,"Lembah Cilengkrang","Wisata Alam & Pemandian TNGC",4,"Asyik tempatnya sejuk dan alami, hanya perlu tata kelola yang baik, mudahan ada investor yang mau mengembangkan supaya lebih baik lagi","",positif
957,"Lembah Cilengkrang","Wisata Alam & Pemandian TNGC",4,"seruu tempatnya baguss","",positif
958,"Lembah Cilengkrang","Wisata Alam & Pemandian TNGC",4,"Suasana masih asri dan sejuk, lokasi curug sangat jauh dari parkiran jalan kaki kira kira 1km untuk sampai di gebang pembelian tiket setelah itu jalan lagi menyusuri bukit yang jalan ada yg berbatu kira kira hampir 1km lebih baru sampai di curug","",positif
959,"Lembah Cilengkrang","Wisata Alam & Pemandian TNGC",4,"Anda akan merasakan pengalaman yg baru,rasa lelah selama perjalanan menuju ke lokasi akan terbayar lunas dengan keindahan alam yg disertai merdunya suara burung berkicau dan kejutan yg akan anda dapatkan setelah sampai diair terjun serta kolam air panasnya.","",positif
960,"Lembah Cilengkrang","Wisata Alam & Pemandian TNGC",4,"Jalur cukup landai. Durasi 30-60menit. Trdapat fasilitas tempat istirahat dan toilet di jalur hikking.","",positif
961,"Lembah Cilengkrang","Wisata Alam & Pemandian TNGC",4,"Bagi anda pecinta alam, tempat ini wajib anda kunjungi. Tempatnya masih asri krna blm banyak perbaikan yg dilakukan. Akses jalan seru dan menantang dg diiringi aliran sungai jernih. Terdapat 2 air terjun dan sumber air panas. Dijamin akan membayar semua kelelahan anda. Perjalanan dr tempat parkir menuju lokasi air terjun cukup jauh. Pastikan anda membawa bekal cukup agar tdk dehidrasi atau kelelahan.","",positif
962,"Lembah Cilengkrang","Wisata Alam & Pemandian TNGC",4,"tiket masuk weekday 20k+parkir 5k, sejuk bgt seru akan tetapi toilet sangat tidak nyaman kotor dan bau tidak ada air juga untuk bilas/bersih2. tolong diperbaiki lagi kebersihan nya agar yg berkunjung nyaman dan tidak repot saat ingin ganti pakaian ketika sudah berendam","",positif
963,"Lembah Cilengkrang","Wisata Alam & Pemandian TNGC",4,"Wisatanya bagus, cuman perlu di perbarui lagi agar lebih menarik, jalan kaki +- 1jam dari parkiran motor. Tiket weekday 15ribu, weekend 17,5k parkir 5ribu","",positif
964,"Lembah Cilengkrang","Wisata Alam & Pemandian TNGC",4,"Salah satu objek wisata di kuningan yang masih alami, ada kolam pemandian air panas, air terjun/curug, spot foto yg oke, sayang trek lumayan terjal, kasihan buat Anak2 atau orang tua, Mudah2an bisa dikelola dengan lebih baik","",positif
965,"Lembah Cilengkrang","Wisata Alam & Pemandian TNGC",4,"Kesini tahun 2024","",positif
966,"Lembah Cilengkrang","Wisata Alam & Pemandian TNGC",4,"Wisata alam di lembah gunung ciremai, yang berlokasi di desa pejambon kuningan. Terdapat air terjun dan pemandian air panas.","",positif
967,"Lembah Cilengkrang","Wisata Alam & Pemandian TNGC",4,"Pemandian air panas alami, tempat masih asri dan masih banyak orang hutan jawa.","",positif
968,"Lembah Cilengkrang","Wisata Alam & Pemandian TNGC",4,"Walaupun perjalannya jauh tapi terbayarkan dengan pemandangannya yang masyaallah begitu indah","",positif
969,"Lembah Cilengkrang","Wisata Alam & Pemandian TNGC",4,"Wisata alam yg benar masih alami..untuk menuju ke curug perlu berjalan sekitar 1 km dari gapura curug..suasana yang masih asri dan sepi membuat kenyamanan yg sangat nikmat..mendengarkan suara air terjuan sambil berendam di kolam air anget tepat di depan curug sangat membuat rileks sekali..semoga tetap terjaga keasriannya..","",positif
970,"Lembah Cilengkrang","Wisata Alam & Pemandian TNGC",4,"Adem, treking lantai","",positif
971,"Lembah Cilengkrang","Wisata Alam & Pemandian TNGC",4,"Tempatnya bagus ,Sayang jalan setapak nya masih licin..dan belum tertata rapi..","",positif
972,"Lembah Cilengkrang","Wisata Alam & Pemandian TNGC",4,"Tempatnya sejuk. Bagi yang mau ke sini, siapkan stamina yang baik. Karena dari tempat parkiran menuju air terjun, jalan kaki lumayan jauh. Tapi enak sih udaranya masih segar dan diiringi suara hewan khas hutan. Pemandangan juga cantik. Air sungainya jernih. Ada beberapa kolam air panas juga. Kantin, Mushola dan toilet tersedia di beberapa titik. Tiket hari biasa 15k, hari libur 17,5k","",positif
973,"Lembah Cilengkrang","Wisata Alam & Pemandian TNGC",4,"Anak2 naik ke curug nya udh siang bada dhuhur, turun udh jam 5 kena hujan pulak. Ada 1 tenda berdiri memanh biasa dipakai org2 utk camping","",positif
974,"Lembah Cilengkrang","Wisata Alam & Pemandian TNGC",4,"Nih sy bagikan .jln kaki -+3km.perjalanan luaaarr biasa pemandangan super. Yg cinta alam jgn lewatkan asli indah.sy bawa anak brngkt 1.5jm pulang 1jm. Ada 2 tempat tp usahakan sampai air terjun ada 2 rendaman air panas alami bwa baju ganti. Nah sepanjang perjalanan aman super di awasi petugas taman nasional nya setiap brp ratus meter. Kolam panas alami dengan pemandangan gila air terjun dan tebing.kalo kesini jgn lewat jm 2 terlalu singkat buat menikmati alam nya usahakn seblm jam2","",positif
975,"Lembah Cilengkrang","Wisata Alam & Pemandian TNGC",4,"Siangpun masih terasa dingin...","",positif
976,"Lembah Cilengkrang","Wisata Alam & Pemandian TNGC",4,"tempat berendam air hangat dan bisa pindah ke aliran air dingin dengan cepat, tempatnya tapi jauh dari parkiran, dari oarkiran sekitar satu jam jalan kaki, tapi disepanjang jalan bisa menikmati pemadangan, hati2 bila di musim hujan, suka ada longsor","",positif
977,"Lembah Cilengkrang","Wisata Alam & Pemandian TNGC",4,"This was the first trekking trip for my kids, and it was a fun experience! The terrain is quite child-friendly, making it a good choice for families. However, we encountered heavy rain during our descent; please be extra careful as the rocky paths can become very slippery when wet. The hot springs at the top were a highlight! My only suggestion would be to add more bathroom/changing room facilities at that spot to reduce the long queuing times. Overall, it was a very enjoyable experience. Recommended for a family adventure ♡","",positif
978,"Lembah Cilengkrang","Wisata Alam & Pemandian TNGC",4,"مكان جميل جدا لكن الطرق اليه صعبه يجب العناية بها لسهولة الوصول","",positif
979,"Lembah Cilengkrang","Wisata Alam & Pemandian TNGC",4,"Perjalanan jauh terbayar dengan sejuknya alam sekitar lembah cilengkrang","",positif
980,"Lembah Cilengkrang","Wisata Alam & Pemandian TNGC",4,"Bagus dan sejuk","",positif
981,"Lembah Cilengkrang","Wisata Alam & Pemandian TNGC",4,"Harika...","",positif
982,"Lembah Cilengkrang","Wisata Alam & Pemandian TNGC",5,"Lembah cilengkrang, sebuah lembah yang ada di kramat mulya kuningan. Lokasi sebelum gapura selamat datang kuningan. Jalannya menanjak jadi hati2 untuk yang tidak terbiasa menyetir kendaraan di tanjakan. Lokasi parkir luas bs motor dan mobil. April 2026 harga tiket untuk tracking 20rb/org di bayar di loket pertengahan jalan saat tracking. Parkir kendaraan 10rb/mobil dibayar sblm naik. Dari parkiran akan menaiki bbrp anak tangga, namun selanjutnya jalanan landai dan mudah diakses untuk semua usia. Lokasinya bersih dan cukup aman nyaman untuk dijadikan jalur hiking tipis2. Fasilitas lengkap dari mushola , toilet, ada warung juga di pintu masuk dan tengah hutannya jari kalo lapar atau haus bisa mampir sambil istirahat. Terdapat air panas alami yg jg sdh ada kolamnya , tp digunakan beramai ramai dan untuk air hangat ini cocok buat pagi atau sore hari jika udara dingin. Ada air terjun yang cukup tinggi dan airnya deras, indah diliat dan airnya sangat sejuk karena berasal dari mata air gunung ciremai. Terdapat lapangan rumput dekat air terjun untuk space camping. Aliran sungai kecil, gemericik air, udara segar, suara burung dan hewan kecil lainnya benar2 merilekskan pikiran. Tenang dan asri. Jika tidak berkemah dan hanya hiking sebaiknya turun sebelum kabut atau hujan (jika dtg musim hujan) Perjalanan sepanjang 2,5km dan ditempuh sekitar 45menit. Gunakan sepatu running, atau sandal gunung yang nyaman dan aman.","",positif
983,"Lembah Cilengkrang","Wisata Alam & Pemandian TNGC",5,"Menuju kesini jalannya lumayan menantang, naik turun curam, belok belok jalan kecil. Pastikan kendaraan sehat yaaa... Jalur trekking aman bgt buat anak, mostly landai, adem krn vegetasi hutan yg rapat. Pilihan kolam banyakk ada air panas & dingin. Jd meskipun rame masih nyaman bgt. Warung ada beberapa di tengah jalan, tapi Di area curug/kolam gak ada warung yaa, jadi klo mau mandi mandi sambil makan, mending bawa bekel.  Overall seruuu bgttt...Pengalaman yg Sangat menyenangkan🤍","",positif
984,"Lembah Cilengkrang","Wisata Alam & Pemandian TNGC",5,"Berangkat dari Cirebon Timur cuma bermodalkan Google Maps dan niat healing tipis-tipis 🤍✨ perjalanan ternyata nggak sesantai itu… banyak tanjakan, jadi wajib banget pakai motor yang proper & kuat nanjak biar tetap aman dan nggak drama di jalan.  Sampai di parkiran, bayar 5k/motor, terus lanjut jalan kaki menuju tiket masuk. Tracking awal sekitar ±15 menit, diawali tangga semen dulu baru lanjut ke jalan tanah yang udah mulai rimbun sama pepohonan 🌿 jujur, bahkan sebelum sampai tiket masuk aja udah cantik banget vibes-nya.  Pas sampai tiket masuk, tiketnya 20k/orang. Setelah itu lanjut lagi perjalanan… dan buat kamu yang jarang olahraga alias kaum rebahan tenang, masih worth it kok🫶 jalan santai aja, nikmatin tiap langkah.  Tracking ke air terjunnya mulai terasa “real struggle” 😭 karena nanjak terus, jalurnya banyak batu dan akar menjalar, jadi harus ekstra hati-hati tiap langkah. Tapi kalau capek, banyak batu besar yang bisa jadi tempat istirahat sebentar. Kita sendiri butuh sekitar ±1 jam sampai atas, karena banyak duduk dan santai juga. Apalagi di camping ground sebelum air terjun kami minum dan ngobrol-ngobrol dulu sekalian atur nafas  FYI, sebelum sampai camping ground cuma ada 1 warung (literally satu-satunya 🥲), jadi wajib bawa bekal makanan & minuman kalau mau lama di atas dekat air terjun, karena di sana nggak ada yang jualan sama sekali.  Dan begitu sampai… semuanya kebayar 💙 Pemandangannya cantik banget, air terjunnya adem, suasananya tenang. Kita sempat foto-foto di depan air terjun (walaupun harus antri gantian, tapi ada aa yang bantu ngatur kok 🙌). Di atas juga ada kamar mandi dan beberapa saung buat duduk, tapi ya… siapa cepat dia dapat 😆  Kita habisin waktu sekitar 1,5 jam buat berendam air panas, foto-foto, dan sekadar nikmatin suasana. Sampai akhirnya rintik hujan mulai turun, dan kita mutusin buat balik.  Perjalanan turun jauh lebih cepat, cuma ±40 menit sampai parkiran karena turunan jadi nggak terlalu capek. Yang paling nguras tenaga justru tangga-tangga sebelum camping ground tadi 😵‍💫  Tapi overall… ini tipe perjalanan yang capeknya dapet, senengnya juga dapet. Worth it banget buat kamu yang lagi butuh rehat sejenak dari riuhnya hari 🌿✨","",positif
985,"Lembah Cilengkrang","Wisata Alam & Pemandian TNGC",5,"Kalau kamu suka wisata alam yang masih asri, Lembah Cilengkrang wajib masuk wishlist! Terletak di kaki Gunung Ciremai, tempat ini menawarkan pengalaman trekking menyusuri hutan yang sejuk, sungai jernih, curug yang indah, hingga pemandian air panas alami yang bikin badan rileks setelah berjalan kaki. ✨ Keunggulan: ✅ Udara sejuk dan menyegarkan ✅ Pemandangan alam masih alami ✅ Ada curug dan pemandian air panas belerang ✅ Cocok untuk healing, camping, dan berburu foto ✅ Banyak spot menarik sepanjang jalur trekking ⚠️ Perlu diperhatikan: • Trekking sekitar 30–60 menit menuju lokasi utama • Beberapa jalur cukup menanjak • Kurang cocok untuk yang ingin wisata santai tanpa jalan kaki","",positif
986,"Lembah Cilengkrang","Wisata Alam & Pemandian TNGC",5,"Tempatnya ada perubahan perubahan akses ke lokasi curug nya, Jalan nya sdh di cor pas mau masuknya. Beberapa jembatan aksss ke curug sudah di cor Juga. Lumayan melatih lutut anak anak remaja dewasa lansia bisa ke sana, boleh juga tuh bawa pakean ganti soalnya bisa rendam air hangat di dekat curug nya. Rekomended pisan...... Ayo jelajah lagi yg ada di kuningan. Parkir nya 5000 Masuknya hari minggu 25.000","",positif
987,"Lembah Cilengkrang","Wisata Alam & Pemandian TNGC",5,"tempat hiking yg family friendly, jalurnya landai bangeet, viewnya juga baguss, kesini pas sore jdi kurangg vibesnya😔😌","",positif
988,"Lembah Cilengkrang","Wisata Alam & Pemandian TNGC",5,"Htm 25.000 Parkir mobil 10.000 Treking dari parkiran sampai ke air terjun kurang lebih 45 menit s/d 1 jam. Jalurnya aman.","",positif
989,"Lembah Cilengkrang","Wisata Alam & Pemandian TNGC",5,"Jalur hiking nya pemula friendly gak ada tanjakan penuh drama…, namun berhati-hati tetap diperlukan.  Parkir motor 5000, tiket masuk 20.000 hari biasa dan 25.000 utk weekend & libur nasional.  Kondisi jalan setapak, tanah rata, tanah penuh akar pohon dan bebatuan. Ada beberapa bagian jalan yang sudah dicor semen.","",positif
990,"Lembah Cilengkrang","Wisata Alam & Pemandian TNGC",5,"recharge energy🍃Tracking santai view maksimal!! puas bgt dengan view nya, tiap sudut banyak spot viral, ada air terjun dan pemandian air panas juga, pokoknya recommend!! w/sabill🫶🏻","",positif
991,"Lembah Cilengkrang","Wisata Alam & Pemandian TNGC",5,"Dari tempat parkir ke sini, kurang lebih sekitar 1 jam. Kalo jalannya cepet & ngga banyak foto-foto bisa nyampe kurang dari sejam. Jaraknya sekitar 2,5km. Trek cukup landai, ada beberapa tanjakan & turunan yang ngga terlalu curam. Udara di sini seger, meskipun siang ngga kerasa panas. Ada musholla dan toilet yang airnya bersih. Jangan lupa bawa bekel kalo ke sini pas weekday. Di dalem ngga ada yang jual makanan. Biaya masuk 20k untuk weekday.","",positif
992,"Lembah Cilengkrang","Wisata Alam & Pemandian TNGC",5,"Tempat hiking yg bagus, krn terhampar pemandangan cantik, bagi yg pemula belajar jalan dulu klo mau kesini yaa, lumayanlah 2kgan jalannya, tapi nanti kaki yg pegal bisa di manjakan dengan view yg indah curug yg cantik bisa main2 di situ, juga kaki dan badan g pegal bisa rendam air hangat disitu, jngn khawatir di tengah perjalanan ada warung juga siapa tau mau makan pop mie hangat2 bisa jajan dulu di situ gaes","",positif
993,"Lembah Cilengkrang","Wisata Alam & Pemandian TNGC",5,"Hiking ceria di Kaki Gunung Ciremai, suasana yang menenangkan, sepanjang jalan disuguhin pemandangan hijau2 yang menyegarkan dan suara air yang mengalir. Rekomen banget buat para pemula, paling seru ketika turun kabut dan hujan aah menambah suasana tambah syahdu","",positif
994,"Lembah Cilengkrang","Wisata Alam & Pemandian TNGC",5,"Sangat cocok untuk mendidik anak supaya mengenal lebih dalam tentang alam, latihan tracking untuk pemula. Tempat bagus bersih serta pelayanan yang ramah","",positif
995,"Lembah Cilengkrang","Wisata Alam & Pemandian TNGC",5,"Seru banget trekking kesini, luckly pas naik bisa liat elang jawa lagi terbang besar bgt, effort ke curug nya lumayan bgt, dan enak bisa ngerasain berendem di tengah hutan. Pas turun suprise bgt ketemu king cobra item bgt dan besarrr, panik sedikit tp ga ngaruh karna cobra nya baik lgsg melipir buru buru kebawah jurang, jd kita bisa lanjut turun walau masi degdegan hahaha. trs pas mau ke pinus liat segerombolan lutung. Happy bgt guyss kesiniii, next time mau trekking lg gakan kapok, karna sesrru itu. Petugas nya juga ramah ramah masyaAllah, sehat sehat selalu bapa² petugas ammmin🌻🌻","",positif
996,"Lembah Cilengkrang","Wisata Alam & Pemandian TNGC",5,"Tempatnya nyaman,sejuk,ada kolam air panas serta aliran sungai kecil yang dingin.","",positif
997,"Lembah Cilengkrang","Wisata Alam & Pemandian TNGC",5,"Trekking ringan yg nyaman ,tiket masuk murah dan tidak ada pungli ,berangkat pagi masih rada sepi siang dikit mulai ramai","",positif
998,"Lembah Cilengkrang","Wisata Alam & Pemandian TNGC",5,"hiking tipis tipis, jalur trackingnya cukup landai, asri enak banget buat healing, sukak karena cukup banyak toilet tapi semoga bisa diperbaiki fasilitas toiletnya karena kurang terawat dan minim penerangan, ada pemandian air panasnya juga, ngga takut buat kelaparan juga karena ada warung di tengah tengah track, pokoknya sangat menarik dan bisa masuk list tempat liburan","",positif
999,"Lembah Cilengkrang","Wisata Alam & Pemandian TNGC",5,"Seger bgt udara nya🍃healing terbaik melihat keindahan Alam yg masyaAllah bgt,sepanjang jalan adem sejuk bgt dengerin suara air terjun✨","",positif
1000,"Lembah Cilengkrang","Wisata Alam & Pemandian TNGC",5,"PENGENNN KE SINI LAGIII PLISSSS CANTIKKKK BANGETTTT, 2024 ke sini masih malu malu buat foto, jadi ga banyak dokumentasi bjir menyesal guehhh 😓😓😓 pokoknya ni tempat cakep pol guys, cocok buat yang ingin menepi dari hiruk pikuk kehidupunk duniawi beh teu jangar xixixi 🫰🫰🫰 semoga aku bisa ke sini lagi yhhh sahabat 🥰🥰🥰","",positif
1001,"Lembah Cilengkrang","Wisata Alam & Pemandian TNGC",5,"TOP BGT, membuat kaum mageran bergerak kepo buat sampai ke ujung tujuannya. Kaki rileks banget jadinya setelah ketemu aliran air dingin dan berendam di air panasnya.  Lebih dipastikan lagi saat melakukan pembayaran, tiket yang di dapat totalnya sesuai ga dengan jumlah yang dibayar.","",positif
1002,"Lembah Cilengkrang","Wisata Alam & Pemandian TNGC",5,"MasyaAllah indahnya wisata alam lembah cikengkrang...😍 Bisa mandi air panas alami fasilitas lengkap tempat parkir,warung2, mushola, toilet . Dan bisa ngopi2 di atas gunung.. Wah mantap lah.. 👍👍","",positif
1003,"Lembah Cilengkrang","Wisata Alam & Pemandian TNGC",5,"kids friendly 4+ yaa, karna jalur treking nya landai dan sangat mudah diakses utk anak² 4 tahun ke atas dgn pengawasan orang dewasa di jalur treking juga banyak kupu² yg bakal nemenin kita kalau beruntung bisa ketemu satwa liar seperti monyet, owa², elang","",positif
1004,"Lembah Cilengkrang","Wisata Alam & Pemandian TNGC",5,"Lembah Cilengkrang vibes-nya adem dan masih alami banget 🌿 Trekking seru, view hutan cakep, air terjunnya jernih. Cocok buat healing tipis-tipis dari rutinitas. Fasilitas oke, pengelola ramah. Datang pagi biar lebih chill, jangan lupa pakai sepatu nyaman yaa, karena jalurnya licin.","",positif
1005,"Lembah Cilengkrang","Wisata Alam & Pemandian TNGC",5,"Cape, tapi terbalaskan dengan mandi air panas dan sungai yg dingin, suasana nan damai sejuk, indah.","",positif
1006,"Lembah Cilengkrang","Wisata Alam & Pemandian TNGC",5,"Jalan kaki kurang lebih 1jam dari parkiran dengan kondisi nyantai dan ada bocil. Track masih ke bilang aman buat pemula.","",positif
1007,"Lembah Cilengkrang","Wisata Alam & Pemandian TNGC",5,"Senang, tempatnya adem, menguji kesabaran dan pokoknya puas bgt klo sdh kesana... Pengen ulang lg krn bikin kangen ngebolang y","",positif
1008,"Lembah Cilengkrang","Wisata Alam & Pemandian TNGC",5,"Perjalanan kurleb 45menit dgn dsuguhi pemandangan yg indah,klo beruntung bs liat elang jawa, HTM weekday 20rbu, weekend 25rbu, pas nympe dpt view air terjun dan kolam pemandian air panas","",positif
1009,"Lembah Cilengkrang","Wisata Alam & Pemandian TNGC",5,"Seru banget tempatnya sejuk asri, ada kolam air panasnya, perjalanan menyenangkan, petunjuk arah jelas, banyak warung pulak, dan ada jual kopi","",positif
1010,"Lembah Cilengkrang","Wisata Alam & Pemandian TNGC",5,"Asri banget,, selama perjalanan sekitar 45 menitan tidak terasa,, adem dimata bisa menghirup udara segar kaki gunung ciremai,, sampe dipemandian pun rasa lelah terobati dengan berendam di pemandian air panas alaminya","",positif
1011,"Lembah Cilengkrang","Wisata Alam & Pemandian TNGC",5,"Kedua kali, tapi yang kali ini sama keluargaaa Disarankan dateng pas weekday soalnya ga yang terlalu rame banget jadi bisa enjoy🤩🫶🏻 Tiket masuk pas weekday 20k/orang, kalo weekend 25k/orang","",positif
1012,"Lembah Cilengkrang","Wisata Alam & Pemandian TNGC",5,"pemandangan yg sangat amat bagus agak sejuk jg krn berada di bawah kaki gunung ciremai, tempatnya cocok banget buat hiking pemula seperti aku, perjalanan dr tempat masuk untuk sampai ke air terjun nya dlm waktu 40 menit an. cukup cape dan melelahkan dengan medan jalan yg naik turun tetapi semua rasa cape terbalaskan dngn view yg sangat bagus. di jalan jg ada pos peristirahatan pengunjung bisa menjadikannya tempat ideal untk berwisata alam dan kegiatan outdoor, pengunjung jg bisa melakukan aktivitas trekking dan berkemah. bagus pol pemandangan nya secandu itu cilengkrang🫰🫰","",positif
1013,"Lembah Cilengkrang","Wisata Alam & Pemandian TNGC",5,"Udah  lumayan  bagusan  skrg  mah.. Bisa ngopi atau  nyoklat  dingin atau  anget  jg di deket musolah yg mau deket2 ke  curuqnya.. Ramah  dikantong  harganya... Mm... Pokoknya the best.. Lah... Pertahankan dan  tingkatkan  lagi  ya kebersihannya  dan keamanan nya 🤗😉🙏","",positif
1014,"Lembah Cilengkrang","Wisata Alam & Pemandian TNGC",5,"Terakhir kesini kelas 6 SD, 2010. Kesini lagi setelah sekian lama, lumayan banyak perubahan. Jalan sudah baik dan mudah untuk dilewati, di beberapa spot juga sudah disediakan pendopo² untuk istirahat, jembatan untuk penyebrangan, dan terlihat sedang ada renovasi lagi disekitar sungai. . Minusnya MCK kurang memadai, air bersihnya gak ada padahal air mengalir deras kenapa gak disalurkan ke MCKnya, kan gak mungkin kalo kita buang air kecil/besar di aliran sungai, semoga ada perbaikan . Overall worth it banget untuk refreshing yang gak terlalu capek, jalannya landai, naik di beberapa rute saja.  Next kesini lagi, soalnya kemarin gak sempet mandi²an","",positif
1015,"Lembah Cilengkrang","Wisata Alam & Pemandian TNGC",5,"tempatnya bersih, warungnya juga lengkap, dan juga trek nya cocok buat pemula","",positif
1016,"Lembah Cilengkrang","Wisata Alam & Pemandian TNGC",5,"Treking menuju air terjun lumayan yaa kadang landai kadang nanjak. Sepanjang perjalanan bener bener disuguhkan dengan pemandangan yg luar biasa indah.","",positif
1017,"Lembah Cilengkrang","Wisata Alam & Pemandian TNGC",5,"Pemandangannya bagus, udara disekitar lokasi sangat sejuk, masih asri sekali. Jalan dari parkiran motor menuju curug kurang lebih sekitar 40 menit, trek nya mungkin bagi pemula cukup melelahkan. Ada pemandian air panas jg di dekat curug cilengkrang ini. Tiket masuk per orang 17.500, parkir 5.000 untuk 1 motor","",positif
1018,"Lembah Cilengkrang","Wisata Alam & Pemandian TNGC",5,"Worth it bngt buat healing kesini, Air terjun, pemandian air panas, dan olahraga treaking jadi satu. Mau ngecamp juga bisa.  Biaya per orang 25 Parkir 5 Ngecamp jadi 30 (Untuk harga saat ini, mungkin suatu saat bisa berubah)  Plus 1. Ada WC di beberapa titik 2. Parkiran luas 3. Pemandangan sebelum lokasi bagus 4. Ada warung di beberapa titik 5. Cukup bersih karna ada petugasnya yg selalu standby sampe jam 5 sore  Minus 1. Di dalem kamar mandi gada lampu 2. Jalan ke lokasinya aspal, tapi agak curam, hati²","",positif
1019,"Lembah Cilengkrang","Wisata Alam & Pemandian TNGC",5,"Tempat untuk trekking alam dengan suasana yang terasa liar.","",positif
1020,"Lembah Cilengkrang","Wisata Alam & Pemandian TNGC",5,"Tempatnya masih asri, sejuk dan tenang. Kanan-kiri sepanjang jalan diisi berbagai macam jenis tanaman, masih sangat alami. Meski harus jalan jauh, naik turun dan sebagainya, semua terbayar begitu sampai. Airnya terasa menyegarkan. Pemandian air panas(yang benar-benar panas) langsung dari sumbernya. Sebelum curug juga ada tempat luas untuk camping. Tempat yang sempurna untung healing 🍃","",positif
1021,"Lembah Cilengkrang","Wisata Alam & Pemandian TNGC",5,"Pertama kali tracking disana jalan cukup nanjak perlu skil berkendara kesana kalo bawa roda 4 bisa ada 2 tempat prkiran, saya parkir dibawah yang di pesantren. Lanjut jalan kaki menuju air terjun. Dan pemandian air hangat sekitar 1 jam karena rombongan dan ada anak kecil 4th dan 2th disuguhi pemandangan kaki gunung ciremai yang masih asri dan suara perikanan air didalam perjalanan . Semoga ada kesempatan jlan2 lagi kesana.","",positif
1022,"Lembah Cilengkrang","Wisata Alam & Pemandian TNGC",5,"Ini hidden gem nya Kuningan bangett, sekilas wisata ini mirip seperti Guci (Tegal), ada pemandian air hangatnya, ada air terjun, ada juga sungai-sungai dari air terjun yang bisa untuk dinikmati jika tidak kuat mandi air hangat.  Objek wisata ini sebenarnya banyak orang tau tapi nggak semua orang mau ke sana. Alasannya masuk akal sih memang.  1. Untuk sampai ke titik curug & pemandian air panasnya butuh jalan kaki menanjak khas mendaki gunung sejauh kurang lebih 1,5 Km.  2. Tempatnya yang sedikit nyempil dan menanjak curam, untuk itu beberapa orang mungkin akan kesulitan dgn kendaraan motornya untuk naik ke area parkir.  Saran anda jika ingin ke Cilengkrang, maka persiapkan: 1. Fisik yg prima 2. Lebih baik jangan bawa orang lanjut usia (tidak disarankan) 3. Bawa jas hujan 4. Pakai sepatu atau sandal gunung 5. Jika anda bawa motor, berhati-hati saat jalan menanjak (disarankan dituntun) 6. Siapkan uang 15k (weekday) atau 17,5k (weekends) per orang untuk tiket masuk 7. Siapkan uang 5 ribu untuk parkir per motor.  Tolong perhatikan poin-poin tsb, agar perjalanan anda selamat dan aman sampai kembali ke rumah. Selamat berlibur!  Kritik dan daran untuk pengelola wisata : 1. Tolong WC atau tempat berganti pakaian diberi penerangan 2. Tolong jaga kebersihan WC, saat kesana saya perhatikan WC nya bau pesing sekali padahal air melimpah. 3. Tolong diberi denah singkat di pintu masuk Wisata agar pengunjung bisa memperkirakan pendakiannya & memutuskan untuk lanjut perjalanan atau putar balik (demi keselamatan).","",positif
1023,"Lembah Cilengkrang","Wisata Alam & Pemandian TNGC",5,"Pertama kali kesini tahun 2014 sama dia waktu masih pacaran, kedua kalinya tahun 2021 bawa anak umur 5th, ketiga kalinya bulan kemaren, cuma sekarang agak kecewa curugnya udah di tutup sama pemerintahnya di ambil alih buat PDAM katanya huhuhu, padahal itu salah satu yg bikin kita rindu sama wisata Cilengkrang ini ☺️","",positif
1024,"Lembah Cilengkrang","Wisata Alam & Pemandian TNGC",5,"Suasananya adem, sejuk, air nya jernih, cocok banget buat healing with bestie or family atau sendiri jg oke banget recommended","",positif
1025,"Lembah Cilengkrang","Wisata Alam & Pemandian TNGC",5,"Tempatnya bagus, bersih, bisa camp, hiking, dan berendam air panas.","",positif
1026,"Lembah Cilengkrang","Wisata Alam & Pemandian TNGC",5,"Kesan saya pada saat datang pertama kali, jalannya nanjak sekali. Jalurnya juga naik-turun, terdapat view yang indah dan cocok buat foto-foto pada saat perjalan menuju Curug nya. Terdapat warung juga di tengah-tengah perjalan bagi yang sudah merasa lelah, dan boleh bawa makanan sendiri. Pesan saya, bawa sampah kembali dan jangan buang sembarangan.","",positif
1027,"Lembah Cilengkrang","Wisata Alam & Pemandian TNGC",5,"Tracknya bersahabat untuk pemula cuma butuh sedikit perawatan aja di beberapa spot khususnya toilet. Sekarang udah ada mushola di spot camp.","",positif
1028,"Lembah Cilengkrang","Wisata Alam & Pemandian TNGC",5,"Pertama ke sini tahun 2022. Tapi Engga sampai ke pemandian air panasnya. datang ke sana sudah agak sore, jadi cuma 100 meter aja dari pintu masuk. tapi alhamdulillah dapet view yang bagus. untuk mencapai tempat pemandian air panasnya, jalannya lumayan sempit, kiri tebing, kanan jurang. jadi perlu extra hati hati. Deket parkiran mobil ada musholla nya.","",positif
1029,"Lembah Cilengkrang","Wisata Alam & Pemandian TNGC",5,"Trek nya landai, kid-friendly, 45 menitan bisa sampe ke curug kalo ga banyak berhenti. Ada pemandian air hangat, mushola, ada joglo juga buat istirahat dan makan.","",positif
1030,"Lembah Cilengkrang","Wisata Alam & Pemandian TNGC",5,"Sudah tiga kali ke Lembah Cilengkrang, kunjungan ketiga lewat jalur Bumi Seni Tarikolot langsung ke pos tiket, memang lebih cepat namun perlu hati-hati karena trek yang cukup terjal.","",positif
1031,"Lembah Cilengkrang","Wisata Alam & Pemandian TNGC",5,"Trek nya lumayan melatih otot kaki, tapi terbayarkan sama pemandangannya yg masih alami. Cocok kalau sama keluarga atau pasangan. Menariknya pas nyampe curug ada 2 mata air, yg dingin dan yg panas. Pokoknya lelah di perjalanan badan langsung rileks lagi. Harga tiketnya juga terjangkau. rekomended!","",positif
1032,"Lembah Cilengkrang","Wisata Alam & Pemandian TNGC",5,"Enakeun buat hiking, jalannya ga begitu terjal masih aman untuk anak2","",positif
1033,"Lembah Cilengkrang","Wisata Alam & Pemandian TNGC",5,"Jalan dari tempat parkir sampai ke curugnya memang agak jauh memakan waktu sekitar 30 menit , tapi semua terbayarkan dengan adanya air terjun yang indah dan kolam air panas yang buat badan rileks. Ditempat ini juga tersedia tempat untuk camping dan tersedian juga ruang ganti/toilet dan mushola. Untuk harga tiket, 10rb untuk senin - jum'at Rp. 12.500 untuk hari sabtu-minggu dan hari libur. Untuk camping dekenakan biaya 15 rb/ orang. Untuk parkir motor 5rb. Dan bila beruntung pengunjung bisa melihat kawanan lutung. Highly recommended","",positif
1034,"Lembah Cilengkrang","Wisata Alam & Pemandian TNGC",5,"cakeup banget seriously.. tracking butuh waktu kurang lebih 1 jam buat sampai ke air terjun udah lama banget engga hiking jadi lumayan ngos2an karena ada jalan yang menanjak tapi terbayarkan dengan pemandanganya, ada air hangatnya juga setelah capek jalan bisa berendam kaki / badan dengan air hangat disitu","",positif
1035,"Lembah Cilengkrang","Wisata Alam & Pemandian TNGC",5,"Destinasi yang tepat bagi yang menyukai hiking dan camping. Dengan jarak tempuh dari parkir kendaraan smpai ke air panas alami atau ke curug sekitar 45 menit.  Untuk camping dikenakan 20rb/org. Lokasi camping deket dengan aliran air sungai, syahdu banget. Pagi pagi masih nemuin bajing, kera hitam dan aneka burung, masih sangat asri.  Alhamdulillah sekarang lebih lengkap dengan adanya gazebo berukuran besar.  Udah beberapa kali ke sini, tp gak bosen2","",positif
1036,"Lembah Cilengkrang","Wisata Alam & Pemandian TNGC",5,"Tempat favorit. Lembah Cilengkrang dimana air panas dan air dingin berdekatan. Lembah yg tenang. Fasilitas umum seperti toilet dan musholah lengkap. Jalan dr parkiran sekitar 2km. Tapi indah pemandangan membuat perjalanan menjadi menyenangkan. Tiket masuk 15rb, bila mau kemping bayar 20rb/orang.","",positif
1037,"Lembah Cilengkrang","Wisata Alam & Pemandian TNGC",5,"Rute nya mudah dilalui...harga makanan terjangkau, dan tdk perlu repot bawa bekal. Ini khusus perjalanan akhir pekan. Warung ada 2, di area parkir 1. Di dalam setelah pos tiket 1","",positif
1038,"Lembah Cilengkrang","Wisata Alam & Pemandian TNGC",5,"Pengalaman yg sangat memuaskan menghapus rasa penasaran di balas dengan keindahan curug lembah cilengkrang , meskipun jalanan naik turun di bebatuan, tanah dan anak tangga.. untuk yg suka berpetualang ke hutan tempat ini reccomend bgt guys !! sarana ada WC juga di dekat curugnya !! Ada pemandian air panas langsung dari gunung .. !!!!","",positif
1039,"Lembah Cilengkrang","Wisata Alam & Pemandian TNGC",5,"Seruu aja sih, ga terlalu dingin suasananya…pas berangkat kerasaa banget capeknya😭😔 tapi pas pulang ga kerasaa cuma ya gtu laperr banget 😆 pemandangannya bagusss 🫶🏻🫶🏻","",positif
1040,"Lembah Cilengkrang","Wisata Alam & Pemandian TNGC",5,"Wisata alam yang masih asri, air terjun dan kolam air panas yang berdampingan. Untuk sampai ke air terjun memerlukan tenaga ekstra bagi yang tidak terbiasa naik gunung. Siapkan tenaga ekstra untuk berjalan dengan trek naik turun dan berbatu yang cukup jauh. Tetapi perjalanan yang melelahkan akan terbayar saat melihat aliran sungai yang indah dan masih alami, apalagi saat sampai ke air terjun dan kolam air panas.","",positif
1041,"Lembah Cilengkrang","Wisata Alam & Pemandian TNGC",5,"Cocok banget buat pencinta alam main ke sini buat liat air terjun dan pemandian air pana yang super deres banget traking dari parkiran menuju air terjun lumayan jauh sekitar 15menitan tapi seru sih bisa liat pemandangan hutan sama kabut","",positif
1042,"Lembah Cilengkrang","Wisata Alam & Pemandian TNGC",5,"Ke prank google map sampai ke Tenjo laut... Balik lagi.. Ahirnya kita tdk memakai goggle map, nanya ke org diarahkan ke pasar kramatmulya, sudah ketemu jalur Lembah cilengkrang eeeh ada orang hajatan.. Nanya lagi diarahkan lwt jalaksana.. Alhamdulillah jad terlaksana juga ke cilengkrang.. Sayang kita tdk ada persiapan baju basahan,jadih tdk bisa main air😀 Sarannya google map nya pakai balai desa Pejambon baru nanti dari situ Lembah cilengkrang... Insya Allah aman..","",positif
1043,"Lembah Cilengkrang","Wisata Alam & Pemandian TNGC",5,"Jalur trekking yang aman buat pemula seperti saya dan view alam yang menyejukkan mata serta air terjun yang indah dan menyegarkan. Mungkin jika ada mini zoo akan lebih bagus dan menarik wisatawan","",positif
1044,"Lembah Cilengkrang","Wisata Alam & Pemandian TNGC",5,"Tempatnya enak banget buat hiking pemula seperti saya, estimasi perjalanan dari tempat masuk sampai ke curug sekitar 30-40 menitan, akses jalan sudah lumayan bagus, ada pos peristirahatan, wc, dan warung juga di dalam, warungnya lumayan lengkap dan harganya masih terjangkau. Viewnya masih asri, misalkan gak kuat jalan sampe curug di perjalanan juga banyak spot foto yang cakep. Jalan ke atas curugnya lumayan licin jadi harus hati-hati, dan ada kolam pemandian air panasnya juga, bisa buat berendam.","",positif
1045,"Lembah Cilengkrang","Wisata Alam & Pemandian TNGC",5,"Keduakalinyaaa, 2007 jaman putih abu-abu bersama Balai Diklat Kehutanan in collaboration Bird Conservation society. Sekarang 2025 bareng kawan kerja yang muda-muda","",positif
1046,"Lembah Cilengkrang","Wisata Alam & Pemandian TNGC",5,"Begitu kita kesana beberapa tahun yang lalu,, lelah terbayarkan sudah. Spot air panas dan air dingin sangat membuat badan relax. Coba yang belum kesana.. pasti nagih 😁","",positif
1047,"Lembah Cilengkrang","Wisata Alam & Pemandian TNGC",5,"Buat menuju curug nya itu emang butuh effort untuk trackingnya ya guys, sekitar 45 menit-1jam tergantung dari cepet/lambatnya kalian jalannya haha, tp worth it kok. Kalian bisa berendam juga di kolam air panasnya disitu. Ada sekitar 3 kolam air panas nya untuk berendam. Nice place to enjoy the nature","",positif
1048,"Lembah Cilengkrang","Wisata Alam & Pemandian TNGC",5,"Rekomendasi tempat healing dikuningan nih, wisata alam asri dengan terlebih dahulu treking santai sekitar 40-1 jam dan lelah akan terbayar lunas dengan berendam menikmati air panas alami. So tipe wisata ini sangat bagus banget buat dikunjungi bareng keluarga bestie atau teman kalian","",positif
1049,"Lembah Cilengkrang","Wisata Alam & Pemandian TNGC",5,"Desa Pajambon, Kecamatan Kramatmulya, Kabupaten Kuningan, ternyata punya potensi wisata menajkjubkan di tengah hutan. Berada di kaki Gunung Ciremai sebelah timur, ada obyek wisata bernama Lembah Cilengkrang.  Di sana, tersaji keindahan alam luar biasa. Rasanya asri dengan udara alami. Cocok untuk melupakan sejenak aktivitas sehari-hari yang sibuk. Tapi, kalau mau ke sana, butuh perjuangan loh!  Lokasinya berada sekitar tujuh kilometer dari Jalan Raya Kuningan-Cirebon. Ada dua titik henti untuk menuju Lembah Cilengkrang. Perjalanannya ditempuh lima kilometer terlebih dahulu untuk mencapai Desa Pajambon. Bisa dengan kendaraan roda dua maupun roda empat.  Eits, itu belum sampai. Dua kilometer lagi harus ditempuh dengan berjalan kaki. Nah, satu kilometer awal dari jalan kaki, baru sampai di pintu masuk loket pembayaran. Tidak mahal kok, biaya masuknya cuma Rp12.500 per orang. Itu sudah termasuk asuransi.  Tak jauh dari loket pembayaran, ada kebun tanaman khas Kuningan. Kebun ini sengaja dibuat petugas pengelola wisata. Selain sebagai bentuk pelestarian alam, juga sering digunakan sebagai bahan penelitian para ilmuan dalam mencari keanekaragaman hayati Gunung Ciremai. Dengan begitu, para ilmuan tak perlu jauh-jauh ke hutan Gunung Ciremai untuk melakukan penelitian.  Selepas dari pintu masuk dari Desa Pajambon, perjalanan berlanjut untuk menyelesaikan satu kilometer berikutnya. Rutenya cukup terjal dan jauh. Dengan medan yang menanjak dan menurun, rasa lelah tak terasa. Soalnya, pemandangan indah kaki Gunung Ciremai dan sejumlah aliran sungai jernih menjadikan perjalanan terasa lebih ringan serta menyenangkan.  “Banyak mahasiswa dari IPB, Trisakti, dan kampus ternama, sengaja datang ke sini untuk meneliti satwa liar serta tumbuhan Gunung Ciremai. Mulai dari kupu-kupu, aneka burung, surili, hingga elang Jawa. Tak sedikit yang meminta saya untuk menemani melakukan penelitian ke tengah hutan hingga bermalam selama beberapa hari,” ungkap Ahmad, petugas jaga obyek wisata Lembah Cilengkrang.  Setelah berjalan hampir 2,5 kilometer dengan medan yang cukup terjal, rasa lelah dan penat langsung terobati. Setibanya di objek wisata Curug Sabuk, pengunjung bisa merasakan sejuknya air pegunungan yang jatuh dari ketinggian hampir 25 meter.  Air Terjun Sabuk deburannya dahsyat. Jika berteriak, mungkin tak terdengar dari radius lima meter. Di bawah air terjun yang dingin, ada kolam pemandian air panas. Tempat tersebut sengaja dibuat agar pengunjung merasa rileks berendam air panas sambil mendengarkan deburan air serta indahnya pemandangan air terjun. Konon, air panas di sana berkhasiat menyembuhkan berbagai penyakit berat seperti stroke, asam urat dan lainnya.  Tak jauh dari Curug Sabuk, juga terdapat curug lain yang lebih eksotis dengan ketinggian mencapai 80 meter bernama Curug Sawer. Namun sayang, cuaca ekstrim akhir-akhir ini dengan curah hujan tinggi, menyebabkan tanah longsor yang menutup akses jalan menuju Curug Sawer. Sehingga untuk sementara waktu tidak dapat dikunjungi wisatawan.  Di lokasi Lembah Cilengkrang juga terdapat musala dan toilet. Rasanya, lokasi ini cocok untuk berswafoto. Tak jarang ketika banyak pengunjung, di setiap sudut Lembah Cilengkrang dipenuhi orang membawa kamera, baik dari smartphone maupun DSLR","",positif
1050,"Lembah Cilengkrang","Wisata Alam & Pemandian TNGC",5,"Temaptnya bagus ,pemandangannya keren bgt, air terjunya lumayan tinggi. airnya jernih bgt. Disana jg ad tmpat bumi perkemahan. Ad toko/warung untk perlengkapan jajanan. Jd ng usah hawatir kekurangan makanan. Ad toilet jg. Yg baling beseller ad air panas belerangnya . Asli buat kamu yg mw berendem tmpatnya sangat cocok dan lengkap.","",positif
1051,"Lembah Cilengkrang","Wisata Alam & Pemandian TNGC",5,"Tempat ini menyuguhkan keindahan alam yang samgat luat biasa, dari pemandangan lembah yang sangat memukau mata, keasrian lokasi yang masih terjaga dan jika beruntung anda bisa bertemu hewan-hewan lokal di sana... Sungguh menyejukan mata...  Selain pemandangan lembah, di sini juga terdapat curug (air terjun) sabuk dengan tinggi +- 20 m dan juga sumber air panas... Cocok sekali untuk relaksasi.. Dan di sini pula anda bisa berkemah.  Untuk fasikitas cukup memadai dari muali WC, Mushollah, dll.. Biaya masuk sebesar Rp. 12.500,- (harga sewaktu2 bisa berubah)  Dan yg penting untuk ke lokasi siapkan tenaga saja karena jarak dari tempat parkir ke lokasi wisata cukup jauh +- 2 km...","",positif
1052,"Lembah Cilengkrang","Wisata Alam & Pemandian TNGC",5,"Treknya sekitar 1,5 km yang jalannya bener² ngelatih otot kaki kita. intinya buat kalian yang nyari kesejukan nan ketenangan alam, bisa banget kesini nihh. Untuk tempatnya bersih terawat dan ada tempat unik ketika mau ke lembah atau curugnya melewati Habitat asli elang jawa","",positif
1053,"Lembah Cilengkrang","Wisata Alam & Pemandian TNGC",5,"Wisata hiking dengan view sekitar lembah gunung ciremai. Perjalanan dimulai dr desa pajambon lalu jalan kaki menuju lokasi tiket sekitar kurang lebih 1km setelah itu lanjut kurang lebih 1,5km kita akan sampai lokasi air panas dan curug cilengkrang. Untuk tiket hari libur 17.500 perorang dan untuk tiket hari biasa 15.00 perorang, biaya parkir mobil 10.000 dan motor 5.000.","",positif
1054,"Lembah Cilengkrang","Wisata Alam & Pemandian TNGC",5,"untuk yg cari ketenangan yuup disini tempatnya tiket masuk 15k/orang parkir 5k dari parkiran menuju ke curug -+1 jam jalan kaki ada kolam renang air panas/hangat, wc, mushola, dan tempat camp pemandangannya baguss bgtttt biarpun cape jalan kaki😁","",positif
1055,"Lembah Cilengkrang","Wisata Alam & Pemandian TNGC",5,"Tempat yang natural, terdapat air terjun dan sungai gunung yang alami dan fresh. Selain itu terdapat Hot Spring (Pemandian Air Panas) yang letak nya berdekatan dengan sungai dan air terjun. Disamping spot wisata air terjun dan pemandian air panas, di Cilengkrang juga masih banyak terdapat habitat Fauna yang jika beruntung kita bisa menemukan/menjumpainya, seperti: Elang Jawa, Sekelompok Monyet dll.","",positif
1056,"Lembah Cilengkrang","Wisata Alam & Pemandian TNGC",5,"Untuk anak2 muda cocok berpetualang Mencintai alam","",positif
1057,"Lembah Cilengkrang","Wisata Alam & Pemandian TNGC",5,"🌿🌿🌿 Suka banget sama udaranya yang sejuk. Aliran airnya yang menenangkan. Perjalanannya mudah dilalui, cuma agak kesulitan saat melewati anak tangga. Pegel banget gaes 🤧.  Tapi secara keseluruhan Lembah Cilengkrang mah oke banget. Lope-lope pokoknya 💚  Dan tiap ke sini tuh always inget si Abah yang selalu mendoakan keselamatan pengunjung. Sehat-sehat, Abah.","",positif
1058,"Lembah Cilengkrang","Wisata Alam & Pemandian TNGC",5,"Hiking k lembah Cilengkrang bener² seru, tetap jaga kelestarian alam dan kebersihan'a ya guys biar tetep asri dan bersih setiap perjalanan'a, bapak² di setiap pos nya juga baik dan ramah²","",positif
1059,"Lembah Cilengkrang","Wisata Alam & Pemandian TNGC",5,"Baru kali ini nemuin tempat wisata air terjun air nya hot and cold. Seperti dispenser saja 😂😂. Mantaplah. Cocok buat latihan fisik dari parkiran sampe lokasi cukup jauh, kisaran 2.2km","",positif
1060,"Lembah Cilengkrang","Wisata Alam & Pemandian TNGC",5,"Sejuk dan bersih siiii, cuman kalo disuruh naik kesana lagi mungkin mikir"" lagi deh soalnya dari parkiran ke Curug 2.4km tapi kalo suka explore alam boleh tuh dicobaaa seru kok🤩🤩","",positif
1061,"Lembah Cilengkrang","Wisata Alam & Pemandian TNGC",5,"⭐️⭐️⭐️⭐️⭐️SO FUNNN GUYSSS!!! recommended bgt buat hiking tipis”, LANDAI BANGETTT👍🏻 note : jangan sendirian ya dateng kesininyaa!!😘🫰🏻","",positif
1062,"Lembah Cilengkrang","Wisata Alam & Pemandian TNGC",5,"kalo buat pemula sangat direkomendasikan, aksesnya bagus dan pemandangannya juga","",positif
1063,"Lembah Cilengkrang","Wisata Alam & Pemandian TNGC",5,"Tempatnya MasyaAllah keren banget... Bisa buat camping juga, saran saya kalo camping disini jangan bawa bocil kalo ga yakin berani... Hehehe Saya bawa dua anak, satu 5th yg satu masih 1th, alhmdllh aman, cuma sayanya yg was2. Hehehe","",positif
1064,"Lembah Cilengkrang","Wisata Alam & Pemandian TNGC",5,"Tempat pemandian air panas dan perkemahan yang sangat bagus kita di suguhkan pemandangan yang amat indah serta saat menuju ke tempat prmandian air panas kita perlu berjalan cukup jauh, daerah yang masih asri indah dan bersih sangat nyaman dipandang oleh mata","",positif
1065,"Lembah Cilengkrang","Wisata Alam & Pemandian TNGC",5,"Tempatnya bagus, viewnya juga bagus, udara segar. Perjalanan jauh menuju ke Lembah, tapi terbayarkan ketika sampai","",positif
1066,"Lembah Cilengkrang","Wisata Alam & Pemandian TNGC",5,"Bisa dicapai dengan motor walaupun cukup tinggi tanjakan jalannya. Sampai di sana masih harus berjalan sekitar 2km lewati lembah gunung Ciremai yg indah pemandangannya baru sampai ke Curug Cilengkrang dan bisa berendam air panas alam. Rekomendasi buat rekreasi keluarga.","",positif
1067,"Lembah Cilengkrang","Wisata Alam & Pemandian TNGC",5,"Tempat parkir ke loker tiket lumayan jauh. Dari loker tiket ke air terjun dan kolam air panasnya lumayan juga. Di sepanjang jalan kita akan di sungguhi oleh pemandangan yang indah. Tersedia warung, kamar mandi, surau dan tempat duduk.","",positif
1068,"Lembah Cilengkrang","Wisata Alam & Pemandian TNGC",5,"Lembah Cilengkrang ini merupakan salah satu destinasi wisata di Kuningan (Jawa Barat) yang berada di kaki gunung Ciremai yang merupakan wilayah Taman Nasional Gunung Ciremai dengan daya tarik utamanya adalah air panas alami, sepanjang perjalanan dari area parkir ke lokasi wisata sangat alami karena merupakan area hutan, sepanjang perjalanan akan melihat beragam pemandangan dan ketika sudah dekat dengan lokasi air panas maka kita akan melewati sungai dengan air yang sangat jernih dan segar. Ada 3 lokasi kolam pemandian air panas, 1 dibawah dan 2 lagi berada diatas dekat air terjun pas pertemuan 2 alur sungai.","",positif
1069,"Lembah Cilengkrang","Wisata Alam & Pemandian TNGC",5,"Sangat alami, suara gemericik sungai, tapi bawa power bank dan lampu soalnya ga ada listrik.","",positif
1070,"Lembah Cilengkrang","Wisata Alam & Pemandian TNGC",5,"Trekking tipis2.. Asri alami sejuk menyenangkan","",positif
1071,"Lembah Cilengkrang","Wisata Alam & Pemandian TNGC",5,"Masih asri,  cocok buat yang mau nyoba tracking dengan wktu tempuh sekitar 40menitan. Alamnya  masih asri. Curug+Kolam air panas","",positif
1072,"Lembah Cilengkrang","Wisata Alam & Pemandian TNGC",5,"Cocok buat yg lagi nyari trekking santai. Ada curug dan kolam air panasnya juga","",positif
1073,"Lembah Cilengkrang","Wisata Alam & Pemandian TNGC",5,"Jalan setapak menuju sehat jasmani dan rohani ,menyerap dan metantu pengetahuan sifat gotong royong, intinya madep mantep tanpa keragu raguan Top deh buat Lembah Cilengkrang, matur nuwun 🙏🙏🙏🙏","",positif
1074,"Lembah Cilengkrang","Wisata Alam & Pemandian TNGC",5,"Mantap banget disini air panasnya, Hot spring alami yg panas ya di cilengkrang disana terdapat 5 kolam air panas dan yg paling panas adalah kolam yg paling dekat dengan air terjun, air terjunnya pun sangat jernih airnya mantaps pokoknya Untuk jalan menuju lembahnya masih tanah jalan setapak, tidak di pavling blok, jdi lumayan jauuh bnget dri parkiran ke lembahnya,... Rekomendasi bgt bagi yg suka hiking dan sport outdoor nih","",positif
1075,"Lembah Cilengkrang","Wisata Alam & Pemandian TNGC",5,"Lembah Cilengkrang...tempat wisata yang benar-benar asri, top bangeut bagi yang suka hiking...dan jalur yang menantang untuk yg suka goes...yang unik dari tempat ini adalah adanya sumber air dingin dari air terjun berdekatan dengan sumber air panas yang sudah di buat kolam untuk tmp berendam...sudah cape-cape goes dan jalan..lgs hilang ketika jebur ke kolam air hangat..bilas lagi dgn air dingin..seger gaes..di sini ada pula yg jual kopi macam di cafe"" gitu, fasilitas lumayan lengkap, ada mck, warung, mushola, tp mck yg dekat loket karcis harus segera di renof, coz kayu atap y dah lapuk, wc y mampet, semoga fasilitas mck dan mushola lebih di rawat lagi, kebersihan OK, ga da sampah plastik, yuuk kita jaga alam ini, jangan buang sampah sembarangan ya gaes","",positif
1076,"Lembah Cilengkrang","Wisata Alam & Pemandian TNGC",5,"Salah satu wisata alam di Kabupaten Kuningan yang menakjubkan. Menggabungkan semua pengalaman, hiking, menikmati pemandangan, udara yang sejuk, air terjun, sungai dan air panas alami. Kebersihan di hampir seluruh lokasi juga terjaga dengan baik.","",positif
1077,"Lembah Cilengkrang","Wisata Alam & Pemandian TNGC",5,"Wisata alam yang menarik, ada air terjun dan sumber air panas nya","",positif
1078,"Lembah Cilengkrang","Wisata Alam & Pemandian TNGC",5,"Tempatnya bagus Harga tiket: Rp. 5000 untuk motor Dan itu harus jalan kaki lagi sejauh 2km Htm: Rp. 12500 Di bawah air terjunnya ada pemandian air hangat","",positif
1079,"Lembah Cilengkrang","Wisata Alam & Pemandian TNGC",5,"Lokasi tracking yg favorit, lokasi di kaki gunung ciremai dengan udara yg sejuk dan bersih, melewati hutan pinus dan sungai yg jernih, air terjun dan kolam rendam air panas alami langsung dari mata airnya","",positif
1080,"Lembah Cilengkrang","Wisata Alam & Pemandian TNGC",5,"Tempat Wisata Pegunungan yg eksotik, air jernih mengalir, suara kicau burung merdu bersautan, wisata air terjun dan air panas yg cocok buat keluarga","",positif
1081,"Lembah Cilengkrang","Wisata Alam & Pemandian TNGC",5,"Lembah ini memberikan pemandangan yang menyegarkan mata dengan pemandangannya yang indah. Selain pemandangan yang indah, tempat ini juga terdapat pemandian air panas dan ini cocok untuk merehatkan diri sejenak dari keramaian kota","",positif
1082,"Lembah Cilengkrang","Wisata Alam & Pemandian TNGC",5,"Trek landai tidak terlalu menanjak. Suasana alam sangat asri dan sejuk","",positif
1083,"Lembah Cilengkrang","Wisata Alam & Pemandian TNGC",5,"Salah satu tempat rekomendasi buat healing  di kuningan karena tempat nya masih sangat asri dan terjaga. Airnya bersih tersedia pemandian air panas dan air biasa dengan pemandangan alam yang sangat memanjakan mata. Harga tiket masuk 15k dengan parkir motor 5k jadi total 20k","",positif
1084,"Lembah Cilengkrang","Wisata Alam & Pemandian TNGC",5,"Hot spring ada 3 kolam di ujung 1 d bupernya, bayar 15k, parkir 5k motor, perjalanan dari parkir kurleb 30mnit olahraga, yg mw kesini enaknya pagi"" Jam 8 masih sepi, tenang","",positif
1085,"Lembah Cilengkrang","Wisata Alam & Pemandian TNGC",5,"Tempat yang sejuk rekomendasi buat yang cari ketenangan ... Ada pemandian air panas .. curug +spot spot foto yang disediakan htm 15:00 tempatnya masih terjaga bersih dari sampah..","",positif
1086,"Lembah Cilengkrang","Wisata Alam & Pemandian TNGC",5,"Dari zaman aku masih sekolah SMK tahun 2006an udah sering kesitu..sampe skrg kesitu bareng anak...seru sih..melatih tanpa mengeluh 😅🤣","",positif
1087,"Lembah Cilengkrang","Wisata Alam & Pemandian TNGC",5,"Kuningan, Indonesia – Ausgust 15, 2021:  Tempatnya adem nyaman, ada air terjun, lapang perkemahan, air panas dan satwa endemik serta hutan yang masih asri. Fasilitas seperti masjid dan kamar mandi cukup bersih dan memadai. Tempat sampah mudah ditemukan. Tempat wisata yang terawat. in Cilengkrang Valley, Kuningan, West Java  Province, Indonesia Ausgust 15, 2021","",positif
1088,"Lembah Cilengkrang","Wisata Alam & Pemandian TNGC",5,"Cocok buat yang ingin olahraga, trekking. Jalan nya tidak terlalu curam. Tiket masuk Rp. 15.000 per orang. Di dekat air terjun ada kolam air panas.","",positif
1089,"Lembah Cilengkrang","Wisata Alam & Pemandian TNGC",5,"Trek pendek: 2,4 km. Elevasinya normal, ada tanjak dan turunnya. Pembuangan sampahnya juga tertata.  Kolam rendam air panas ada dua lokasi: lokasi 1, di Camping Ground. Ada 1 doang, tapi karena lokasinya lapang dan langsung kena matahari, lebih sedikit yang berendam. Lokasi 2, di dekat air terjun. Ada 3 kolam. Yang ini lebih ramai. Kolamnya enak semua.  Pas buat beginner. Banyak orang tua (40-50an) yang ""piknik"", jadi cukup accessible.","",positif
1090,"Lembah Cilengkrang","Wisata Alam & Pemandian TNGC",5,"Tracking lumayan jauh dari parkiran motor untuk menuju waterfall ato spring water ny membutuhkan waktu sekitar 1 jm an dgn jalan kaki Tp sepanjang perjalanan banyak pohon dn buah suasananya msih asri bgt","",positif
1091,"Lembah Cilengkrang","Wisata Alam & Pemandian TNGC",5,"Curug yang tersembunyi di lembah gunung ciremai, ada kolam air panas nya cuma lumayan perjalanan nya","",positif
1092,"Lembah Cilengkrang","Wisata Alam & Pemandian TNGC",5,"Tempat nya enak... sangat asri, cocok buat Main sama keluarga atau  Pacar,Camp juga bisa, Fasilitas bagus, ada Kebun jambu yg bisa ambil sendiri "" Berbayar ya""  Saran kalau kesana mending jangan berdua,minimal 4 orang, +1 Tukang Parkirnya Ramah,Jujur,Santun, Ada Monyet,Ada lutung,Ada 1 lagi tapi lupa namanya,. Jam 5 udah close, Jam 3 kemarin udah sepi,Karena hari kerja, Paling enak juga,Sambil liat pemandangan Ada Suara Mengaji, Rekomendasi Pokonya.. Penjual juga ada, Harga Tiket worth it, Makanan Ya standar Kaya tempat Rekreasi Biasa..","",positif
1093,"Lembah Cilengkrang","Wisata Alam & Pemandian TNGC",5,"Suasana alamnya masih alami cocok untuk yang suka olahraga hiking ada kolam air belerang langsung dari Gunung Ciremai pokoknya bikin pengen balik lagi dah","",positif
1094,"Lembah Cilengkrang","Wisata Alam & Pemandian TNGC",5,"Sebaik nya jika teman-teman ingin berkunjung ke lembah cilengkrang, mempersiapkan fisik yang prima, Karena perjalanan dari area parkir menuju Air terjun dan kolam air panas menempuh jarak sekitar 3KM, dengan medan yang cukup menguras tenaga naik dan turun.","",positif
1095,"Lembah Cilengkrang","Wisata Alam & Pemandian TNGC",5,"Best place to visit I guess. Why? Karena di sini kita diharuskan trekking sepanjang kurang lebih 2 KM sebelum sampai ke air terjun maupun pemandian air panasnya. Double sehat! 😎","",positif
1096,"Lembah Cilengkrang","Wisata Alam & Pemandian TNGC",5,"Sangat alami dan melelahkan untuk menuju ke Curugnya,air hangatnya bisa mengobati rasa capek. HTM hari libur per orang 17500 parkir roda dua 5000","",positif
1097,"Lembah Cilengkrang","Wisata Alam & Pemandian TNGC",5,"Jaraknya sekitar 2,5km PP dari parkiran. Gak terlalu jauh, masih bisa bawa anak2. Weekend jam 10an udah mulai rame bgt. Sayangi lingkungan, jangan nyampah sembarangan 👍","",positif
1098,"Lembah Cilengkrang","Wisata Alam & Pemandian TNGC",5,"Tempat nya bagus banget, tapi harus jalan terlebih dahulu lumayan lama, biaya masuk murah, ada pemandian air panas gratis, bagus lah pokonya","",positif
1099,"Lembah Cilengkrang","Wisata Alam & Pemandian TNGC",5,"Cocok banget buat yang mau main sekaligus olahraga. Bisa hiking sekalian nikmatin pemandangan alam. Walaupun jalan di tengah hutan, tapi jalannya cukup terawat dan banyak petugas yang jaga. Setelah capek jalan jauh bisa nikmatin air terjun dan kolam air panas disana.","",positif
1100,"Lembah Cilengkrang","Wisata Alam & Pemandian TNGC",5,"Salah satu destinasi yang recomend buat kalian para traveler yang ingin santai dengan berendem dengan air panas bisa karena ada sumber air panasnya,Cocok lah tempatnya mantap.","",positif
1101,"Lembah Cilengkrang","Wisata Alam & Pemandian TNGC",5,"Wisata alam yg menyuguhkan sejuknya udara pegunungan, masih ada satwa liar, air terjun, dan sumber mata air panas alami... track aman untuk anak, walo perjuangan menyemangati mereka untuk sampai kesana...","",positif
1102,"Lembah Cilengkrang","Wisata Alam & Pemandian TNGC",5,"Hiking pertama kali ke sini seru! Tempatnya bersih, airnya juga sejuk. Jangan lupa bawa perbekalannya.","",positif
1103,"Lembah Cilengkrang","Wisata Alam & Pemandian TNGC",5,"Waterfallnya bagus, ada permandian air panasnya","",positif
1104,"Lembah Cilengkrang","Wisata Alam & Pemandian TNGC",5,"Bule Belanda di ajak ke Cilengkrang katanya seru, pemandangan bagus.. pokoknya keren","",positif
1105,"Lembah Cilengkrang","Wisata Alam & Pemandian TNGC",5,"Trekking santai dan sejuk. Ada kolam air panas.","",positif
1106,"Lembah Cilengkrang","Wisata Alam & Pemandian TNGC",5,"Asik untuk hiking tipis² bareng dengan anak","",positif
1107,"Lembah Cilengkrang","Wisata Alam & Pemandian TNGC",5,"Kesini untuk yang ketiga kalinya dan bawa 2 anak ( 7 dan 10 tahun) jalurnya seru banyak flora dn fauna khas  hutan. Tracknya masih aman untuk anak². Airnya jernih Masyaa Allāh","",positif
1108,"Lembah Cilengkrang","Wisata Alam & Pemandian TNGC",5,"Jalur hiking cocok untuk pemula, tanjakan dan turunannya masih relatif aman. Vegetasi cukup rapat, ruang terbuka hijau, terdapat curug di akhir jalur yang memanjakan mata dan kolam air hangat.  HTM hari biasa 20K HTM hari libur 25K  Tidak disarankan untuk lansia yang tidak terbiasa trekking karna banyak jalur bebatuan dan di area curug sangat licin.","",positif
1109,"Lembah Cilengkrang","Wisata Alam & Pemandian TNGC",5,"Camping disini cocok untuk yg suka petualangan, karena disini bener-bener lembah, jauh dari keramaian, lokasinya harus jalan kaki dulu 45 menit dari pos parkiran.  Fasilitas camping sudah ada WC + KM, Mushola, gazebo/saung, dekat dengan sungai mata air asli, ada pemandian air panas, tapi tidak ada listrik.  Bisa untuk yg hiking pulang pergi. Saran untuk yang mau kesini pastikan rem motor mobil dalam kondisi fit, karena jalan menuju lokasi nanjak dan berkelok.","",positif
1110,"Lembah Cilengkrang","Wisata Alam & Pemandian TNGC",5,"Untuk akses jalan menuju curug nya harap diperbaiki lagi","",positif
1111,"Lembah Cilengkrang","Wisata Alam & Pemandian TNGC",5,"HTM 💸 Rp20.000 weekday 💸 Rp25.000 weekend  adem bgt, full pohon rimbun. ada sungai, kolam pemandian air panas, dan air terjun juga. ada toilet di awal, pertengahan, sampai dekat air terjun juga.","",positif
1112,"Lembah Cilengkrang","Wisata Alam & Pemandian TNGC",5,"baguss bgttt sukaa udh beberapa kali kesinii","",positif
1113,"Lembah Cilengkrang","Wisata Alam & Pemandian TNGC",5,"tempat healing paling tenangg","",positif
1114,"Lembah Cilengkrang","Wisata Alam & Pemandian TNGC",5,"Trekking gak jauh estimasi 45-60 Menit. Sampe tujuan ada air terjun dan air panas","",positif
1115,"Lembah Cilengkrang","Wisata Alam & Pemandian TNGC",5,"Pengalaman berjualan nasi uduk sangat menyenangkan dan memberikan pelajaran bahwa untuk mendapatkan keuntungan kita harus bekerja keras, sabar, dan pantang menyerah.","",positif
1116,"Lembah Cilengkrang","Wisata Alam & Pemandian TNGC",5,"Lembah Cilengkrang menjadi salah satu tempat yang menarik untuk dikunjungi, terutama bagi yang suka trekking dan menikmati suasana alam. Saya berkunjung ke sini pada September 2022 dan saat itu kondisi track sudah lumayan bagus untuk dilalui. Jarak perjalanan pulang-pergi kurang lebih sekitar 6 km, jadi cukup menguras tenaga, tetapi sepadan dengan pemandangan dan pengalaman yang didapat selama perjalanan.  Hal yang menurut saya cukup unik dari Lembah Cilengkrang adalah adanya dua jenis daya tarik air, yaitu mata air panas yang mengandung belerang dan air terjun dengan air yang lebih biasa. Jadi, selain bisa menikmati suasana hutan dan trekking, pengunjung juga bisa merasakan pengalaman berendam atau menikmati sumber air panas sekaligus melihat air terjun.  Suasana sepanjang perjalanan cukup asri dan cocok untuk yang ingin sejenak menjauh dari keramaian kota. Trekking menuju lokasi juga menjadi bagian yang menyenangkan karena perjalanan tidak hanya berfokus pada tujuan, tetapi juga menikmati suasana alam di sepanjang jalur.  Di area pintu masuk juga terdapat warung, sehingga cukup membantu pengunjung yang ingin membeli makanan atau minuman sebelum atau setelah trekking. Lumayan banget untuk mengisi tenaga setelah menempuh perjalanan sekitar 6 km PP. 😄  Secara keseluruhan, Lembah Cilengkrang cocok untuk yang ingin mencari suasana alam, trekking ringan hingga menengah, dan menikmati keunikan sumber air panas serta air terjun dalam satu kawasan. Kalau berkunjung, sebaiknya siapkan fisik dan gunakan alas kaki yang nyaman karena akan cukup banyak berjalan.","",positif
1117,"Lembah Cilengkrang","Wisata Alam & Pemandian TNGC",5,"Tucked away in Lembah Cilengkrang, this felt like a real hidden gem. The setting has a peaceful, natural vibe that makes it easy to slow down and just enjoy being there. I liked that it felt a little off the beaten path, which made the visit more memorable. I’d happily come back again.","",positif
1118,"Lembah Cilengkrang","Wisata Alam & Pemandian TNGC",5,"Tempat yg pas buat hiking, bakar kalori, wisata alam","",positif
1119,"Lembah Cilengkrang","Wisata Alam & Pemandian TNGC",5,"ga bosen bosennya kesini teruss mana tiap kesini uah selalu upgrade ada aja yang baru dirawatt bangett plus enaknya ada mushola dan ga khawatir kehabisan air karena mengalir","",positif
1120,"Lembah Cilengkrang","Wisata Alam & Pemandian TNGC",5,"tempat heal terbaik after gedebak gedebuk di jkt","",positif
1121,"Lembah Cilengkrang","Wisata Alam & Pemandian TNGC",5,"Ga ada bosan nya k lembah cilengkrang,d jamin betah view nya indah..","",positif
1122,"Lembah Cilengkrang","Wisata Alam & Pemandian TNGC",5,"capee tp seru mau kesana lg mau berendam 😍😍😍","",positif
1123,"Lembah Cilengkrang","Wisata Alam & Pemandian TNGC",5,"pekerjaan rapih cepat dan harga bersahabat🤝","",positif
1124,"Lembah Cilengkrang","Wisata Alam & Pemandian TNGC",4,"suasana alam yang asri, indah, dan sejuk, jalur asik untuk tracking. ditemani suasana dan pemandangan alam yang indah di setiap track. tersedia camping ground, mushola, gazebo, kolam air panas, toilet. ditambah suasana segar alamai dengan adanya air terjun.","",positif
1125,"Lembah Cilengkrang","Wisata Alam & Pemandian TNGC",5,"10 April 2026, seruu trackingnya jugaa masi landaii 😍🌱","",positif
1126,"Lembah Cilengkrang","Wisata Alam & Pemandian TNGC",4,"Cocok untuk pemula yang ingin tracking","",positif
1127,"Lembah Cilengkrang","Wisata Alam & Pemandian TNGC",5,"Petugasnya ramah-ramah. Suasana terbaikk","",positif
1128,"Lembah Cilengkrang","Wisata Alam & Pemandian TNGC",5,"Tempat yang alamin dengan udara yang segar","",positif
1129,"Lembah Cilengkrang","Wisata Alam & Pemandian TNGC",5,"Bagus, bersih, jalan nya tertata dan lebar","",positif
1130,"Lembah Cilengkrang","Wisata Alam & Pemandian TNGC",5,"Sangat menyenangkan dan memberikan sensasi alam yan masih ala","",positif
1131,"Lembah Cilengkrang","Wisata Alam & Pemandian TNGC",5,"Ga pernah bosan ke lembah cilengkrang karena viewnya bagus, ada air terjun dan sungai dengan air yang jernih, ada kolam air panasnya juga. Treknya landai dan family friendly.","",positif
1132,"Lembah Cilengkrang","Wisata Alam & Pemandian TNGC",5,"pantes orang Kuningan gak bosen","",positif
1133,"Lembah Cilengkrang","Wisata Alam & Pemandian TNGC",5,"tempatnyaaa bagusss","",positif
1134,"Lembah Cilengkrang","Wisata Alam & Pemandian TNGC",5,"Indah di musim kemarau","",positif
1135,"Lembah Cilengkrang","Wisata Alam & Pemandian TNGC",5,"sangat mudah dalam perjalanan","",positif
1136,"Lembah Cilengkrang","Wisata Alam & Pemandian TNGC",5,"2025 lembah cilengkrang","",positif
1137,"Lembah Cilengkrang","Wisata Alam & Pemandian TNGC",5,"Lumayan bikin kaki pegel, tp worth it","",positif
1138,"Lembah Cilengkrang","Wisata Alam & Pemandian TNGC",5,"short escape dari hiruk piruk kota","",positif
1139,"Lembah Cilengkrang","Wisata Alam & Pemandian TNGC",5,"Air panas","",positif
1140,"Bumi Perkemahan Tenjo Laut","Bumi Perkemahan TNGC",1,"tempat bagus padahal,cuma disini parah banget kaya hajatan perang soundsystem dari pihak pengelola juga gda ketegasan buat aturan pemakaian sound. harusnya cukup di dengarkan sendiri aja dan itupun di batasi waktunya.tujuan kita camping kan butuh ketenangan,bukan kebisingan","",negatif
1141,"Bumi Perkemahan Tenjo Laut","Bumi Perkemahan TNGC",1,"Kasih batasan waktu untuk sound sistem,padahal yg glamping bayar mahal aja ga berisik,malah yg camping tenda bawa soundsistem.mengganggu bgt,dari luarkota capek2 nyetir jdi g bisa tidur.jgn dinormalisasi yg seperti itu.kebablasan bisa2 yg punya horeg pun bisa dibawa ke gunung.ayolah Tenjo view-nya bagus sayang sekali 😅","",negatif
1142,"Bumi Perkemahan Tenjo Laut","Bumi Perkemahan TNGC",1,"Tempat nyaman, view bagus, tapi sayang banget disini gak ada aturan orang berisik sampe jam berapa, harusnya ada aturan wajib untuk pengunjung biar jangan berisik diatas jam 12 malam, biar jangan mengganggu pengunjung lain yg mau istirahat.","",negatif
1143,"Bumi Perkemahan Tenjo Laut","Bumi Perkemahan TNGC",1,"Tolong buat aturan maksimal jam 22.00.sound system dilarang . Pgn syahdu tapi malah banyak yg brisik karaokean. Faislitas toilet jg di rawat jgn kumuh biar pengunjung nyaman","",negatif
1144,"Bumi Perkemahan Tenjo Laut","Bumi Perkemahan TNGC",1,"Sebenarnya pengelolanya baik2,ramah2.tapi pengunjung yg nge camp pada bawa speaker yg bunyinya keras,nyetel musik super kenceng smp tengah mlm kaya hajatan...sangat mengganggu..harusnya suasana alam tenang ya,ntahlah.semoga kedepanya pengunjung seperti ini bisa lebih ditertibkan,karena dunia bukan milik mereka sdri.","",negatif
1145,"Bumi Perkemahan Tenjo Laut","Bumi Perkemahan TNGC",1,"Tdk nyaman, tdk tenang dan brisik  musik karoke an kenceng² tdk mengenal waktu, tdk ada aturan dari pihak pengelolah","",negatif
1146,"Bumi Perkemahan Tenjo Laut","Bumi Perkemahan TNGC",1,"Sangat bagus suasananya","",negatif
1147,"Bumi Perkemahan Tenjo Laut","Bumi Perkemahan TNGC",1,"Bambu nya pada keropos","",negatif
1148,"Bumi Perkemahan Tenjo Laut","Bumi Perkemahan TNGC",1,"Alam yg menyajikan","",negatif
1149,"Bumi Perkemahan Tenjo Laut","Bumi Perkemahan TNGC",2,"Mau ke cafe nya bayar dulu tiket masuk 20k + 5k motor, pas sampe zonk😩","",negatif
1150,"Bumi Perkemahan Tenjo Laut","Bumi Perkemahan TNGC",2,"Menginap di glamping disini sewa tenda paramount dg rate 400 - 500 per tenda.  Mendapat  air panas dalam termos, pinjaman gelas,  api unggun kecil, dan sarapan nasi goreng.  Secara umum, tenda bersih, ada lampu, dan colokan listrik. Di dalam tenda, ada dua kasur busa, berikut bantal, dan selimut (tipis). Diluar tenda disediakan meja kecil dan kursi yg dibuat dari kayu pallet, tapi sebagian kondisi sdh mulai lapuk. Dini hari cukup dingin. Sebaiknya bawa sleeping bag, supaya enak tidur.  Kamar mandi, bagi yg menyewa tenda, terpisah dari yg gak sewa tenda. Kamar mandinya tentu saja komunal, kira2 ada 4 unit. Jadi ya bergantian saja dg pengunjung/penyewa lain.. Kamar mandi dari bangunan kayu, ada toilet duduk, dan water heater. Cukup bersih, tapi ukuran per bilik tdk terlalu besar.. Water heaternya tdk saya coba. Bagi yg bawa tenda sendiri alias tdk sewa tenda, sepertinya toiletnya terpisah. Saya tdk tau kondisinya spt apa. Sumber air melimpah dan jernih dr mata air sekitar. Airnya tentu saja dingin. Tapi masih oke buat mandi asal gak kelamaan.  Kebetulan pada saat yg sama, sedang ada rombongan sebuah perusahaan. Jadi suasana sangat ramai. Musik non stop hingga jam 2 pagi. Jam 6 pagi lanjut musik lagi. Musiknya juga disetel oleh pihak pengelola glamping. Mungkin bagian dari kebiasaan di glamping ini. Jadi entah apa di tempat lain juga sama. Pokoke dimari yaa musik non setop.  Suasana sekitar hanya hutan pinus, lahan kebun warga. Kalau malam yaa bisa kelihatan sedikit lampu2 kota.  Oh iya. Masuk lokasi perkemahan ini ada biaya per orang dan biaya parkir kendaraan. Plus tetap memberi uang parkir ke tukang parkirnya.","",negatif
1151,"Bumi Perkemahan Tenjo Laut","Bumi Perkemahan TNGC",3,"Tempat wisata camping dekat Cigugur Kuningan. Areanya lumayan luas. Di kawasan hutan pinus. Panoramanya bagus. Kita dapat melihat sunrise.  Ada fasilitas listrik. Hanya fasilitas wc dekat tempat kami camping tidak bersih.","",netral
1152,"Bumi Perkemahan Tenjo Laut","Bumi Perkemahan TNGC",3,"View ny bgs, untuk berfoto"" sangat cocok, cuman kekurangan ny dari wahana bermain ny msh kurang, semoga kedepannya bs dilengkapi lg. Jaya terus objek wisata Kuningan, semoga makin maju.","",netral
1153,"Bumi Perkemahan Tenjo Laut","Bumi Perkemahan TNGC",3,"Wisata kurang bagus tapi pemandangan sangat bagus","",netral
1154,"Bumi Perkemahan Tenjo Laut","Bumi Perkemahan TNGC",3,"Fasilitas toilet kurang terawat dengan baik dan kurang bersih.  Dr sekian banyak jumlah toilet 40% ga bs di gunakan karena pintu rusak. Mohon agar dibenahi untuk kenyamanan pengunjung.terutama yg camping","",netral
1155,"Bumi Perkemahan Tenjo Laut","Bumi Perkemahan TNGC",3,"pas sampai disini hati senang bgt krn disambut dg udara yg sejuk dan dingin, lokasi ini cocok buat km yg suka foto2. kl mau puas2 foto dan jalan2 disini sebaiknya di luar jam kerja ya kl di akhir pekan pasti ramai","",netral
1156,"Bumi Perkemahan Tenjo Laut","Bumi Perkemahan TNGC",3,"Gak di urus, maaf kamar mandinya kotor","",netral
1157,"Bumi Perkemahan Tenjo Laut","Bumi Perkemahan TNGC",3,"Fasilitas umum nya bisa di lengkapi lebih baik lagi","",netral
1158,"Bumi Perkemahan Tenjo Laut","Bumi Perkemahan TNGC",3,"Sayang nya Kurang perawatan..","",netral
1159,"Bumi Perkemahan Tenjo Laut","Bumi Perkemahan TNGC",3,"Tempat camp yg lumayan indah juga","",netral
1160,"Bumi Perkemahan Tenjo Laut","Bumi Perkemahan TNGC",3,"Tiket masuk nya berapa yah??","",netral
1161,"Bumi Perkemahan Tenjo Laut","Bumi Perkemahan TNGC",3,"Enaknya buat camping","",netral
1162,"Bumi Perkemahan Tenjo Laut","Bumi Perkemahan TNGC",3,"Lumayan Sangat indah Dan Bagus","",netral
1163,"Bumi Perkemahan Tenjo Laut","Bumi Perkemahan TNGC",3,"Cocok untuk refreshing","",netral
1164,"Bumi Perkemahan Tenjo Laut","Bumi Perkemahan TNGC",4,"Kemping dengan vibes konser atau vibes hajatan, tenjo laut tempatnya. Info yang saya dapat dari cemper lain, pengelola disini tidak menerapkan aturan soal musik. Jadilah campers pada bawa sound system gede. Abis magrib konser dimulai, suara musik membahana memenuhi hutan pinus yg sejatinya sunyi sepi dan syahdu. Lagu Sunda, pop sampai dangdut ada... Tarik maaang... Sudah ada camper yg menegur tapi mereka ga peduli. Karena harusnya memang  pengelola yg menerapkan aturan batasan suara dan jam musik seperti di camping ground lain. Jam berapa konsernya berakhir? Jam 10? Tidaak. Jam 12?? Masih lanjut dong... Hampir jam 2 dini hari barulah mereka berhenti. Warrrr byasah!!!  Sebenernya tempatnya enak. Banyak spot poto ala puncak.  Harga campervan 150rb/mobil ditambah tiket masuk 20rb/orang. Ada warung di dalam area kemping. Mushola dan toilet tersedia. Glamping tenda dan kabin ada beberapa, cocok untuk yang belum punya balita, karena areanya terasering.","",positif
1165,"Bumi Perkemahan Tenjo Laut","Bumi Perkemahan TNGC",4,"Berada di ketinggian 1100 an mdpl, Dan dikelilingi hutan pinus yang rapat dan besar2, merupakan tempat yang bagus untuk sarang demit,,,,,eits hilangkan stigma itu utk jaman sekarang,,,jaman sekarang kalau mau healing ya gini, ngecamp di tempat yg tinggi utk bsa menjauh dr hingar bingar perkotaan. Viewnya lampu2 kota jika malam dan waduk darma jika siang. suhu malam kira2 18-15 derajat, tapi ketika masuk tenda hangat dan nyaman,,,jangan lupa pastikan tenda sebelah tidak ada yg ngorok jika tidak ingin bernasib seperti saya,,,,susah tidur 😵‍💫 parkir luas, toilet banyak, mushola ada, air duingin, sayangnya kalau angin kenceng debunya banyak,,,,","",positif
1166,"Bumi Perkemahan Tenjo Laut","Bumi Perkemahan TNGC",4,"Alternatif tmp kemping di kaki gunung ciremai dgn view terbaik. Bisa buka tenda dekat mobil atau rooftop tent. 1. MCK tersedia cukup banyak dengan air berlimpah, tapi kurang terjaga kebersihannya 2. Udara ga terlalu dingin 3. Keamanan terjamin 4. Ada warung jual makanan 5. Bisa sewa tenda ataupun glamping","",positif
1167,"Bumi Perkemahan Tenjo Laut","Bumi Perkemahan TNGC",4,"Salah satu tempat camping di kuningan jabar view nya cantik menghadap ke waduk darma kalau malam terlihat lampu lampu kota. Udaranya dingin pakai jaket tebal kalau kemping.banyak anjing berkeliaran tapi jinak semua sangat manner senang mendekati orang kemping ada area glampingnya juga","",positif
1168,"Bumi Perkemahan Tenjo Laut","Bumi Perkemahan TNGC",4,"Tempat kemping yg cukup nyaman, tempatnya luas, ada glamping jg. Bisa memilih tempat kemping di sekitar hutan pinus atau dengan pemandangan gunung. Lumayan sejuk di siang hari karena banyak pohon pinus. Disarankan perbekalan mencukupi karena hanya ada 1 warung yg buka untuk saat ini, itupun kurang lengkap. Toilet memadai hanya kurang terawat.","",positif
1169,"Bumi Perkemahan Tenjo Laut","Bumi Perkemahan TNGC",4,"tempatnya bagus, view nya bagus best bgt deh bisa liat waduk darma. saya nginep di paramount glamping, tendanya bagus lumayan, pelayanannya juga bagus. tapi tolong dong wc nya dibenerin lagi:( air anget nya ga anget jadi tetep aja dingin gitu. lampu di wc nya tolong ganti yang lebih terang. terus juga karna dibuat dari kayu gitu, jadi banyak banget serangga gitu ya, jujur saya ngeri banget kalo harus ke wc. di jalan setapaknya juga gaada lampu jadi gelap, harus hati hati.","",positif
1170,"Bumi Perkemahan Tenjo Laut","Bumi Perkemahan TNGC",4,"Tempat yang cocok untuk self healing tapi kalo lagi hari² biasa yak, kalo weekend seperti biasa lumayan rame cocok untuk mengobrol dan menambah teman. Fasilitas ibadah sudah bagus, wc juga sudah bagus tetapi sebagian wc pintunya ada yang tidak bisa di kunci.","",positif
1171,"Bumi Perkemahan Tenjo Laut","Bumi Perkemahan TNGC",4,"Lebih ke tempat ng-camp sih.. Tempat luas, udara sejuk. View kewren","",positif
1172,"Bumi Perkemahan Tenjo Laut","Bumi Perkemahan TNGC",4,"Tempat ngcamp keluarga dengan view yang indah, nyaman untuk anak anak dan orang tua, rekomended...","",positif
1173,"Bumi Perkemahan Tenjo Laut","Bumi Perkemahan TNGC",4,"Jalannya masih licin ketika hujan, tapi area wisatanya sudah dirapihkan dan menjadi tempat wisata yang menarik untuk melihat kota kuningan dan waduk darma dari ketinggian.","",positif
1174,"Bumi Perkemahan Tenjo Laut","Bumi Perkemahan TNGC",4,"Ketika pertama kali kesini mungkin agak bingung, petunjuk jalan kesini jarang, lalu pos pendaftaran atau loket karcis nya kecil dan di jaga hanya 1 orang pada waktu itu, di dekat loket ada jalan bercabang, jika kita tidak bertanya kita tidak tahu arah ke tenjo laut kemana. Jadi bagi yg pertama kesini pelan pelan aja bawa motor atau mobil nya, biar gak nyasar..","",positif
1175,"Bumi Perkemahan Tenjo Laut","Bumi Perkemahan TNGC",4,"Bagus skli alamnya...siang"" turun kabut dan tdk lama hujan besar","",positif
1176,"Bumi Perkemahan Tenjo Laut","Bumi Perkemahan TNGC",4,"Tenjolaut asri sejuk ramah mushola bersih mck bnyk","",positif
1177,"Bumi Perkemahan Tenjo Laut","Bumi Perkemahan TNGC",4,"Sepi ya dan tidak terurus. Apa karena masih efek pandemi? Yah semoga bisa kembali normal dan ramai kembali tempat nya.","",positif
1178,"Bumi Perkemahan Tenjo Laut","Bumi Perkemahan TNGC",4,"Tempat indah buat foto prewedding","",positif
1179,"Bumi Perkemahan Tenjo Laut","Bumi Perkemahan TNGC",4,"Lumayan tempatnya dingin tp yg diatas airnya tidak lancar dan berdebu","",positif
1180,"Bumi Perkemahan Tenjo Laut","Bumi Perkemahan TNGC",4,"Lumayan ok.","",positif
1181,"Bumi Perkemahan Tenjo Laut","Bumi Perkemahan TNGC",4,"Cuaca berkabut..udara cukup dingin","",positif
1182,"Bumi Perkemahan Tenjo Laut","Bumi Perkemahan TNGC",4,"Terakhir kesini masih alami, belum ada tempat wisata nya. Hanya rumah sakit BNN yg memang halamannya dibuka untuk umum. Semua masih asri, hijau, sepi. Sekarang tempat2 tersebut sudah dibuka untuk komersil, dibangun ini itu. Semoga tidak merusak hijaunya dan air nya","",positif
1183,"Bumi Perkemahan Tenjo Laut","Bumi Perkemahan TNGC",4,"Tempatnya nyaman, sejuk banget, cocok buat santai bareng keluarga/teman/pacar/gebetan, cocok juga buat hunting foto.. karena spot fotonya lumayan banyak + seru Pengelolaannya belum bisa dibilang bagus, masih banyak spot blm jadi... masih banyak tempat2 foto (dengan ketinggian yg cukup berbahaya) kurang pengawasan + keselamatan sangat tidak terjamin (bisa ditambahkan tenaga dengan merekrut warga setempat untuk membantu/memberitahu petunjuk2 disetiap spot foto) Serta petunjuk2 arah yang masih sangat kurang + untuk jalan khusus motor mungkin bisa diperbaiki, karena sangat berbatu + tidak ada pagar pembatas jalan overall sih BAGUS ... Fyi i've been there twice and I'm still fall'in love with this place ❤","",positif
1184,"Bumi Perkemahan Tenjo Laut","Bumi Perkemahan TNGC",4,"Wisata alam tersembunyi, banyak spot selfie/wefie, sayangnya akses jalan menuju tempat ini sempit dan belum tertata dengan rapih","",positif
1185,"Bumi Perkemahan Tenjo Laut","Bumi Perkemahan TNGC",4,"Mantap ada masjidnya ada listrik juga","",positif
1186,"Bumi Perkemahan Tenjo Laut","Bumi Perkemahan TNGC",4,"Asiik nuat ngecamp bersama keluarha, fasilitas toilet n mushola aman..","",positif
1187,"Bumi Perkemahan Tenjo Laut","Bumi Perkemahan TNGC",4,"Alam yg luas serta posisi paling atas didataran palutungan setelah buper ciputri nuansa dinginnya lebih sejuk 😊","",positif
1188,"Bumi Perkemahan Tenjo Laut","Bumi Perkemahan TNGC",4,"Sejauh mata memandang, hilang pesona alam.","",positif
1189,"Bumi Perkemahan Tenjo Laut","Bumi Perkemahan TNGC",4,"Beberapa x melaksanakan outbond bersama teman2 trainner dan organisasi yg menjadi partner kami","",positif
1190,"Bumi Perkemahan Tenjo Laut","Bumi Perkemahan TNGC",4,"Overall fasilitas nya udh bagus, cuman kmren water heater nya ga nyala","",positif
1191,"Bumi Perkemahan Tenjo Laut","Bumi Perkemahan TNGC",4,"Tempatnya bagus,sejuk.pemandangan nya indah bngt.tp jalan nya msh sangat rusak...agak ngeri.","",positif
1192,"Bumi Perkemahan Tenjo Laut","Bumi Perkemahan TNGC",4,"Guys mohon info kalau ke tenjonlaut untuk camping bulan september tahun 2021 di buka tidak ya tempatnya? Terimakasih🙏","",positif
1193,"Bumi Perkemahan Tenjo Laut","Bumi Perkemahan TNGC",4,"Andai bisa lebih dirawat....","",positif
1194,"Bumi Perkemahan Tenjo Laut","Bumi Perkemahan TNGC",4,"Tempat cukup bagus dan terjangkau, sangat cocok untuk bersantai","",positif
1195,"Bumi Perkemahan Tenjo Laut","Bumi Perkemahan TNGC",4,"Klau melihat foto lumayan bagus pada waktunya maen kesana","",positif
1196,"Bumi Perkemahan Tenjo Laut","Bumi Perkemahan TNGC",4,"Saya suka tempat ini, indah, hijau, tenang, tetapi tempat ini juga mengingatkan saya akan masa lalu😅","",positif
1197,"Bumi Perkemahan Tenjo Laut","Bumi Perkemahan TNGC",4,"Suasana Asri, masih cukup bersih, pengelola ramah","",positif
1198,"Bumi Perkemahan Tenjo Laut","Bumi Perkemahan TNGC",4,"Sebenarnya tempatnya indah dan Strategis,tetapi kurangnya mengexplore tempaþ ini","",positif
1199,"Bumi Perkemahan Tenjo Laut","Bumi Perkemahan TNGC",4,"Tempatnya asyik","",positif
1200,"Bumi Perkemahan Tenjo Laut","Bumi Perkemahan TNGC",4,"Clambing ,berkemah,dg fasilitas yang memadai","",positif
1201,"Bumi Perkemahan Tenjo Laut","Bumi Perkemahan TNGC",4,"Nice view, reasonable price","",positif
1202,"Bumi Perkemahan Tenjo Laut","Bumi Perkemahan TNGC",4,"Fresh Place ... 😆","",positif
1203,"Bumi Perkemahan Tenjo Laut","Bumi Perkemahan TNGC",4,"Need improvement for facilities","",positif
1204,"Bumi Perkemahan Tenjo Laut","Bumi Perkemahan TNGC",5,"Tempat camping yang nyaman. Sangat cocok camping bersama keluarga karna bisa parkir mobil samping tenda, penerangan area cukup, bayak colokan listrik, toilet banyak, area cukup luas. Viewnya pun bagus","",positif
1205,"Bumi Perkemahan Tenjo Laut","Bumi Perkemahan TNGC",5,"view nya mantep apalagi pas lg turun kabut, bikin ketagihan camping disini. fasilitas memadai👍","",positif
1206,"Bumi Perkemahan Tenjo Laut","Bumi Perkemahan TNGC",5,"Tempat yang sangat recommended buat yang cuma mau cari udara sejuk dan suasana tenang. Meskipun tidak berkemah, duduk-duduk santai di sini sambil ngopi sudah terasa sangat nyaman karena udaranya adem banget. Banyak gazebo untuk berteduh kalau tiba-tiba hujan, jadi tetap aman buat bersantai. Harganya juga sangat ramah di kantong, mulai dari tiket masuk sampai harga makanan/minuman di sini terjangkau buat anak muda.","",positif
1207,"Bumi Perkemahan Tenjo Laut","Bumi Perkemahan TNGC",5,"Overall bagus disini, terawat dan adem. Tiket masuk juga masih relatif murah. Tinggal nyobain untuk camping disini. Insya Allah next.","",positif
1208,"Bumi Perkemahan Tenjo Laut","Bumi Perkemahan TNGC",5,"Tempat yang nyaman dan tenang untuk berlibur, menenangkan pikiran bersatu dengan alam dengan suasana yang sejuk, suara serangga yang khas di malam hari membuat rileks tubuh, udara yang segar dan banyak spot foto yang menarik, instagramable bangat.  Pokoknya tempat yang rekomendasi untuk berkemah dan kemping, menenangkan pikiran beristirahat dari hiruk pikuk aktivitas pekerjaan.","",positif
1209,"Bumi Perkemahan Tenjo Laut","Bumi Perkemahan TNGC",5,"Tempat yang sejuk, nyaman, cocok untuk tamasya baik bersama pasangan, keluarga, maupun rekan. HTM terjangkau, parkir mobil dan motor luas. Campground tersebar di beberapa tempat, sehingga kita bebas memilih tempat camp yang cocok.","",positif
1210,"Bumi Perkemahan Tenjo Laut","Bumi Perkemahan TNGC",5,"Wisata camping yang unik dan bagus viewnya dikuningan, karena bisa langsung melihat waduk, tempatny jg enak lbh sepi dri yg lain jd bisa leluasa. Kamar mandiny deket dan bnyk. Ada warung jg pinusny jg lumayan rapet jd betah smpe siangan nikmatin udara segarnya","",positif
1211,"Bumi Perkemahan Tenjo Laut","Bumi Perkemahan TNGC",5,"Pengalaman kemping yg menyenangkan, suasana yg adem disiang dan sore hari dengan pemandangan yang Indah, malamnya dingin brrrr..... toilet cukup bersih dan nyaman untuk toilet di bumper. Untung juga g ada angin besar yg kalo sampai ada, g akan mungkin bs diluar tenda di malam haru, saking dinginnya. Kemping disini, jd bikin nagih. Next time go to Tenjo laut again...","",positif
1212,"Bumi Perkemahan Tenjo Laut","Bumi Perkemahan TNGC",5,"Tempat camp menarik di daerah Kuningan view bagus perbukitan ada juga area pinus, ada yg glamping ada juga yg umum utk biaya camp cukup murah per orang dewasa 20 ribu parkir 5 ribu, mck air berlimpah cukup baik, tempat parkir ke tempat camp dekat utk suhu sejuk","",positif
1213,"Bumi Perkemahan Tenjo Laut","Bumi Perkemahan TNGC",5,"Tempat yg nyaman ngecamp brsma klrga / shbat, parkiran sangat luas, mobil bisa masuk smp k tmpat pndirian tenda, ada juga tenda yg dsewakan. HTM nya 20/ org. Jgn lupa siapkan bekal baju/jaket/selimut yg tebal krn udaranya benar2 dingin, kabutnya sngt tebal namun ttp tidak mengurangi keseruan berkemah disini. Ada mushola dan toilet jg, cuma warung wktu saya ksna ada 1 tp tutup, jd  harap siapkn perbekalan yg memadai. Jangan lupa tetap jaga kebersihan ya, jgn smp meninggalkan sampah disana.","",positif
1214,"Bumi Perkemahan Tenjo Laut","Bumi Perkemahan TNGC",5,"Akses jalan menuju lokasi luas, parkir mobil/motor luas, tempat camping banyak pilihan bisa diatas, dekat lembah atau dihutan pinus, kamar mandi kurang terawat, air dikamar mandi berlimpah, ada warung 24jam bisa pesan minuman dll. Bisa untuk wisata keluarga bawa makanan dari rumah gelar tikar sampe sore, ada joglo juga bisa buat neduh saat hujan.","",positif
1215,"Bumi Perkemahan Tenjo Laut","Bumi Perkemahan TNGC",5,"Jalanannya masih bisa dilewati mobil kecil, tanjakan tdk terlalu curam dan cukup baik kondisi jalanannya. Harga sewa cabin agak mahal tp sprei bed cover dan gordynnya wangi. Ga kapok ksna..","",positif
1216,"Bumi Perkemahan Tenjo Laut","Bumi Perkemahan TNGC",5,"Hidden gems banget. Cocok buat camping atau sekedar menghabiskan waktu. Pas banget waktu dateng lagi sepi (atau emang biasanya sepi?) jadi serasa private gitu.","",positif
1217,"Bumi Perkemahan Tenjo Laut","Bumi Perkemahan TNGC",5,"Cocok banget buat camping, pemandangan bagus apalagi pas malem, udara sejuk, dan kerasa dinginnya pas malem. Toilet aman, ada mushola juga.","",positif
1218,"Bumi Perkemahan Tenjo Laut","Bumi Perkemahan TNGC",5,"Tempat yang bagus,apalagi pas turun kabut","",positif
1219,"Bumi Perkemahan Tenjo Laut","Bumi Perkemahan TNGC",5,"Jagoan HTM camping 20 per orang tempat mantap toilet bersih mushola bersih pelayanan top pengurusnya BAPAK2 pakai peci masyaAlloh baik murah senyum listrik full siang malam","",positif
1220,"Bumi Perkemahan Tenjo Laut","Bumi Perkemahan TNGC",5,"HTM murah, air jernih dingin, sejuk banget plis pliss, cocok banget buat healing sama siapapun cuss kesinii jos","",positif
1221,"Bumi Perkemahan Tenjo Laut","Bumi Perkemahan TNGC",5,"It's a good place for take a breath. Entrance ticket is cheap just 30k for motorcycle. Udaranya sangat sejuk walaupun waktu menunjukkan pukul 12 siang tp suasanya seperti masih jam 9. Kitapun dimanjakan oleh pemandangan yang sangat indah saat menuju ke tempat wisata ini.","",positif
1222,"Bumi Perkemahan Tenjo Laut","Bumi Perkemahan TNGC",5,"Tempat Camping yang recommended banget. Tapi sayang waktu itu bertepatan dengan kabut yang tebal, jadi pemandangan kota Kuningan gk kelihatan. Tempat untuk mendirikan tenda banyak. Listrik ada, toilet ada, warung ada, tempat parkir ada, mushola ada, lengkap pokoknya. Terbayarkan dengan trek jalan yang lumayan nanjak. Namun jangan takut, jalannya sudah teraspal dengan baik dan rata 👍👍. Diusahakan membawa perlengkapan yang hangat, karena hawa nya lumayan dingin 🥶","",positif
1223,"Bumi Perkemahan Tenjo Laut","Bumi Perkemahan TNGC",5,"Satu lagi tempat yang asuk buat kemping di Kiningan nih, tenjolaut menyuguhkan suasana yang berbeda, jalan menuju buper indah berjalan di tengah hutan apalagi jika disertai kabut dapet banget mystical moment nya","",positif
1224,"Bumi Perkemahan Tenjo Laut","Bumi Perkemahan TNGC",5,"Akses menuju tempat ini terasa rimbun,..untuk jalan ya seadanya tapi masih bisa dilalui mobil.. usahakan datang atau pergi jangan saat hujan karena jalanan akan cukup becek bahkan bisa merepotkan..untuk parkir cukup luas..  Terlepas dari semua kesulitan anda akan menemukan salah satu tempat terbaik dikuningan jawa barat...view disini luar biasa,pemandangan gunung dan waduk..terasa berada dikaki langit.. selain bisa glamping disini anda juga bisa membawa tenda sendiri...  Untuk tenda glamping disini muat hingga 6 atau 8 orang kalau penghuninya kecil semua ... sungguh nyaman,kasur empuk,selimut dan bantal ada..listrik dan lampu penerangan..lengkap juga fasilitas air panas untuk anda mandi atau hanya mencuci muka atau kaki anda...  Khusus glamping pada pagi hari anda akan disediakan sarapan bersama sama dengan pengunjung lainnya ..  Saran kami untuk anda jika kesini datanglah dengan bahagia ajak kerabat keluarga atau kolega anda...nikmatilah kebersamaan dengan mereka dan jangan lupa untuk mengambil gambar dengan berbagai macam gaya...  Dan jangan datang sendiri karena jika sendiri maka tenda itu akan terasa sangat besar... Dan jangan lupa bawalah jaket,kami rasa tempat ini dingin...  Bukan intervensi Ini OPINI Kami . . . .","",positif
1225,"Bumi Perkemahan Tenjo Laut","Bumi Perkemahan TNGC",5,"Perdana ngecamp di kota kelahiran 🥰, Bagus view dan fasilitas rekomend banget dan harganya murah👍 Semoga dipertahankan pelayanan dan fasilitas nya dan bisa terus di tingkatkan","",positif
1226,"Bumi Perkemahan Tenjo Laut","Bumi Perkemahan TNGC",5,"Camping di sini, viewnya amazing:  hamparan kota Kuningan dan waduk darma. Petugas ramah dan membantu sekali. HTM 20k / orang, parkir mobil 10k. suhu sejuk, cenderung dingin Krn angin semilir. Recommended buat camping keluarga.","",positif
1227,"Bumi Perkemahan Tenjo Laut","Bumi Perkemahan TNGC",5,"Tempatnya Luas - Dingin ( Lebih baik pakai jaket ) Kita bahas fasilitas dlu ya Mushola ✔️ Warung ✔️ Toilet ✔️ Banyak spot foto jangan khawatir Dateng kesini itu karena ingin melihat pemandangan dari Tenjo bagaimana dan ternyata memang benar benar indah melihat dari atas Tenjo ini Menurut saya ini Tenjo laut recommended banget buat kalangan anak muda dan yang mau camp juga bisa Dan saya ingatkan jangan buang sampah sembarangan ya #Palutungan #TenjoLaut #Kuningan","",positif
1228,"Bumi Perkemahan Tenjo Laut","Bumi Perkemahan TNGC",5,"Nge camp di sini selain sejuk hutan pinus nilai plusnya kita bisa parkir kendaraan di samping tenda kita.. Kendaraan tak perlu jauh jauh.. Ketika pindah dapur dan pindah kamar tak perlu jauh jauh pindahnya.","",positif
1229,"Bumi Perkemahan Tenjo Laut","Bumi Perkemahan TNGC",5,"Mantap buat camping keluarga. Udara dingin berkabut. Parkiran bisa dekat lokasi tenda. Masjid bagus,  sarana WC cukup bagus.","",positif
1230,"Bumi Perkemahan Tenjo Laut","Bumi Perkemahan TNGC",5,"Tempat enak buat camping cuacanya dingin banget di bulan juli🥶🥶  Buat yg gak punya tenda biasa sewa semalam 600 ribu plus makan fasilitas lainnya👍🏻","",positif
1231,"Bumi Perkemahan Tenjo Laut","Bumi Perkemahan TNGC",5,"Udaranya sejuk, banyak spot foto nya. Buat para pengunjung minta tolong di jaga kebersihannya yaa 🙏🏼😊  Saran : mukena, sajadah dan sarung nya minta tolong di rapih kan kembali.","",positif
1232,"Bumi Perkemahan Tenjo Laut","Bumi Perkemahan TNGC",5,"Namanya tenjo laut (bhs sunda),di indonesiakan ,tenjo=lihat,laut=laut,sebenarnya yg kita lihat bukan laut,tetapi waduk darma dari kejauhan (ketinggian bukit),cocok buat org2 yg ingin santai sambil ngopi2 dan nikmati hawa pegunungan,udara segar,akses jalan menuju lokasi tidak terlalu lebar,jd jika kita berpapasan dgn mobil g berlawanan atah,salah 1 mbl harus ngalah.untuk jalan mulus.Sayangnya tidak sempat mendokumentasikan pemandangan sekitar,krn keburu hujan 😃😃","",positif
1233,"Bumi Perkemahan Tenjo Laut","Bumi Perkemahan TNGC",5,"Kesini saat liburan akhir tahun, tempatnya syahdu, siang hari turun kabut, rutenya menanjak lumayan ekstrim, persiapan kendaraan harus maksimal. Terkendala ketika turun pada sore hari, jalanan macet karena momen liburan. Overall tempatnya ok buat liburan keluarga dan family camping.","",positif
1234,"Bumi Perkemahan Tenjo Laut","Bumi Perkemahan TNGC",5,"Tempat nge camp favorit sama keluarga ini mah.. Masuknya juga murah bangeet, tempatnya luas.. Klo malem dingiin banget, mushola, toilet bersih..","",positif
1235,"Bumi Perkemahan Tenjo Laut","Bumi Perkemahan TNGC",5,"Tempat ngecamp bersama keluarga. Pesan tenda h-3 jika weekend. Hawa dingin pegunungan bawa jaket. Kamar mandi bersih ada hot water juga. Disediakan kayu bakar utk api unggun. View kota kuningan dan waduk darma terlihat di cakrawala. Pelayanan oke..ramah...jd nice weekend with family.","",positif
1236,"Bumi Perkemahan Tenjo Laut","Bumi Perkemahan TNGC",5,"Camping ground yang bagus, fasilitas mandi cuci dan buang air nya lebih dari cukup, pelayanan baik, lokasi bagus dengan bentang pemandangan yang sangat bagus, glamping disini sangat direkomendasikan ... cekidot","",positif
1237,"Bumi Perkemahan Tenjo Laut","Bumi Perkemahan TNGC",5,"Demi apapuunn keren bgt viewnyaaaa 😍😍😍💕💕💕 Semoga bs balik lg dengan kondisi toilet yg lebih baik lagii (bnyk lintah 🫠)","",positif
1238,"Bumi Perkemahan Tenjo Laut","Bumi Perkemahan TNGC",5,"Salah satu wisata pegunungan di kabupaten Kuningan yang wajib dikunjungi, jangan lupa untuk bawa air mineral dan cemilan karena pas Jumat kami kesana warungnya tutup.","",positif
1239,"Bumi Perkemahan Tenjo Laut","Bumi Perkemahan TNGC",5,"Tempat cukup nyaman untuk menikmati keindahan alam, kebetulan waktu itu tidak terlalu ramai jadi cocok untuk sekedar menikmati pemandangan Kuningan terlihat juga waduk dharma dari lokasi tersebut","",positif
1240,"Bumi Perkemahan Tenjo Laut","Bumi Perkemahan TNGC",5,"Jauh jauh dari Jakarta terbayar dengan view yang bagus, camping bersama keluarga di tenjo laut nyaman. Tiket camping murah 20rb perorang dan balita tidak dikenakan tiket.","",positif
1241,"Bumi Perkemahan Tenjo Laut","Bumi Perkemahan TNGC",5,"Tempat ya enak tenang buat kempaing","",positif
1242,"Bumi Perkemahan Tenjo Laut","Bumi Perkemahan TNGC",5,"Suka banget tmpt ini,bgus spitnya tapi dingiiin sekali hrs bw jaket super hangat double dan selimut krna yg disediakannya kurang memenuhi standar utk suasana seperti ini utk suasana mlm hari","",positif
1243,"Bumi Perkemahan Tenjo Laut","Bumi Perkemahan TNGC",5,"Lokasi di kaki gunung Ciremai, yg banyak pohon pinus, menjadi tempat untuk mendapatkan udara yg sejuk dan banyak spot foto corner untuk berfoto bersama teman atau keluarga..","",positif
1244,"Bumi Perkemahan Tenjo Laut","Bumi Perkemahan TNGC",5,"Datang untuk camp yang ke 4x nya  Mulai betah disini kayaknya deh, akses toilet mudah, musholla bersih","",positif
1245,"Bumi Perkemahan Tenjo Laut","Bumi Perkemahan TNGC",5,"tempat rekreasi yg cocok untuk menikmati tadabbur alam bersama keluarga, teman dkk, dan suasana yg sangaaat menyenangkan","",positif
1246,"Bumi Perkemahan Tenjo Laut","Bumi Perkemahan TNGC",5,"Seru untuk camp bersama keluarga","",positif
1247,"Bumi Perkemahan Tenjo Laut","Bumi Perkemahan TNGC",5,"Area Camp luas dan toliet ada.  Adem dan sejuk itu yg kami cari.","",positif
1248,"Bumi Perkemahan Tenjo Laut","Bumi Perkemahan TNGC",5,"View indah dari atas gunung Dingin angin kencang dan kabut Suara alam yang indah","",positif
1249,"Bumi Perkemahan Tenjo Laut","Bumi Perkemahan TNGC",5,"Tempatnya sejuk nyaman dan terdapat tenda penyewaan bagi yg ingin mengenal... enak sekali udara dan tempat yang bersih. Toilet dan musholanya juga ada,sejukkkkk sekali pas untuk acara keluarga dan kantor juga pribadi juga bisa","",positif
1250,"Bumi Perkemahan Tenjo Laut","Bumi Perkemahan TNGC",5,"Suasana yang tenang semilir  angin kadang gemuruh berisik daun diterpa angin, kabut sesekali menyapa..memandang ke hamparan kota Kuningan..damai pokoknya...","",positif
1251,"Bumi Perkemahan Tenjo Laut","Bumi Perkemahan TNGC",5,"Bagus ini tempatnya. Ga ramai juga. Jadi cocok buat nenangin pikiran. Ini beberapa view yg bisa diliat disana","",positif
1252,"Bumi Perkemahan Tenjo Laut","Bumi Perkemahan TNGC",5,"Dikira tenjo laut beneran laut.. Ternyata waduk darma.. Secara lebih dekat ke laut cirebon daripada ke laut Selatan pangandaran.. Itu hanya waduk darma.. Nama tenjo laut sebenarnya kurang tepat.. Mungkin supaya lebih indah didengar.. Daripada tenjo waduk atau tenjo darma...","",positif
1253,"Bumi Perkemahan Tenjo Laut","Bumi Perkemahan TNGC",5,"Akses jalannya sudah bagus, tapi dengan jalan yang kecil, masih ada beberapa spot foto belum rampung,  tempat nyaman dengan udara yang sejuk,  cocok untuk wisata.","",positif
1254,"Bumi Perkemahan Tenjo Laut","Bumi Perkemahan TNGC",5,"Tenjo Laut ini berlokasi di Dusun Palutungan, Desa Cisantana, Kecamatan Cigugur. Tempatnya cukup sejuk,bersih,segar. Selain itu tempat ini cocok banget untuk pergi berlibur,berkemah bersama keluarga,teman ataupun sahabat. Pemandangan disini juga sangat bagus banget,menyajikan pemandangan kota Kuningan,lereng gunung Ciremai,dll. Untuk harga tiketnya lumayan terjangkau kurang dari 20k,pokoknya seru banget....","",positif
1255,"Bumi Perkemahan Tenjo Laut","Bumi Perkemahan TNGC",5,"Bumi perkemahan yg tdk terlalu luas. Fasilitas lumayan: toilet, musholla, warung, parkir, obyek instagrammable","",positif
1256,"Bumi Perkemahan Tenjo Laut","Bumi Perkemahan TNGC",5,"Ke cafe yg ad disini, nyaman, udara segar bnyak pilihan makanan dan minuman dengan harga standar","",positif
1257,"Bumi Perkemahan Tenjo Laut","Bumi Perkemahan TNGC",5,"Sejuk sekali, buat yang pengen udara seger recommended banget nih.disini juga bnyak spot foto lainnya. pemandangannya juga indah","",positif
1258,"Bumi Perkemahan Tenjo Laut","Bumi Perkemahan TNGC",5,"Tempat yang cocok untuk camping baik bersama keluarga, teman, komunitas atau sekedar menghilangkan penat dengan suguhan pemandangan lampu malam yang indah","",positif
1259,"Bumi Perkemahan Tenjo Laut","Bumi Perkemahan TNGC",5,"Fasilitas lengkapp spot foto banyak, warung ada, mantapp dah","",positif
1260,"Bumi Perkemahan Tenjo Laut","Bumi Perkemahan TNGC",5,"Suasananya asri, bersih","",positif
1261,"Bumi Perkemahan Tenjo Laut","Bumi Perkemahan TNGC",5,"Tempat nya asik banget buat acara2 camp bareng temen2.. Kabut nya juga oke banget😍 bikin betah😍","",positif
1262,"Bumi Perkemahan Tenjo Laut","Bumi Perkemahan TNGC",5,"Sangat asyik jika camp di bawah,cuman syng skrng ada cafe lokasi di bawah jd tempat camp ground atau buat campervan terbatas..gk kaya dulu Tenjo laut nya.. Karena sy camp di Tenjo laut dulu paling sering camp..mau weekdays atau weekend sampai pengelola dulu pada tau sama sy😁saking sering nya camp di Tenjo laut","",positif
1263,"Bumi Perkemahan Tenjo Laut","Bumi Perkemahan TNGC",5,"Bulan juli agustus suhunya syahdu..","",positif
1264,"Bumi Perkemahan Tenjo Laut","Bumi Perkemahan TNGC",5,"Alamnya indah udaranya sejuk","",positif
1265,"Bumi Perkemahan Tenjo Laut","Bumi Perkemahan TNGC",5,"Tempat yg sangat nyaman untuk healing. Ada tenda² yg disewakan","",positif
1266,"Bumi Perkemahan Tenjo Laut","Bumi Perkemahan TNGC",5,"Bagus buat camp apalagi ada city lights tapi menurut aku jangan di area atas knp? Dingin bgt weh","",positif
1267,"Bumi Perkemahan Tenjo Laut","Bumi Perkemahan TNGC",5,"view yg bagus, dingin nya luar biasa..","",positif
1268,"Bumi Perkemahan Tenjo Laut","Bumi Perkemahan TNGC",5,"Nice pemandangannya, tetap di jaga yach kelestarian hutannya...","",positif
1269,"Bumi Perkemahan Tenjo Laut","Bumi Perkemahan TNGC",5,"Tempat dan view panorama nya bagus banget...","",positif
1270,"Bumi Perkemahan Tenjo Laut","Bumi Perkemahan TNGC",5,"Tempat rekomended buat kemping. Viewnya ajib melihat waduk darma","",positif
1271,"Bumi Perkemahan Tenjo Laut","Bumi Perkemahan TNGC",5,"Tempat yg cocok buat camp","",positif
1272,"Bumi Perkemahan Tenjo Laut","Bumi Perkemahan TNGC",5,"Area parkiran luas,, mobil bisa masuk Ngecamp juga oke","",positif
1273,"Bumi Perkemahan Tenjo Laut","Bumi Perkemahan TNGC",5,"Nggak mau pulang kalau berada disini,hawanya sejuk tempatnya bagur, bersih tiket masuknya murah.","",positif
1274,"Bumi Perkemahan Tenjo Laut","Bumi Perkemahan TNGC",5,"Rekomend buat camping bersama keluarga","",positif
1275,"Bumi Perkemahan Tenjo Laut","Bumi Perkemahan TNGC",5,"1 jalur dengan ipukan  . . .di daerah kuningan palutungan yes . . . . Banyak kafe juga di mari  . . .","",positif
1276,"Bumi Perkemahan Tenjo Laut","Bumi Perkemahan TNGC",5,"Dateng pas udah sore, jadi kabut mulai turun, tapi tempatnya bagus banget, dan sejuk.","",positif
1277,"Bumi Perkemahan Tenjo Laut","Bumi Perkemahan TNGC",5,"Pemandangan bagus,tempat kemping nyaman","",positif
1278,"Bumi Perkemahan Tenjo Laut","Bumi Perkemahan TNGC",5,"Banyak spot foto nya murah juga masuknya","",positif
1279,"Bumi Perkemahan Tenjo Laut","Bumi Perkemahan TNGC",5,"Pemandangan yang Bagus, alami dan seger pokoknyaa 😍","",positif
1280,"Bumi Perkemahan Tenjo Laut","Bumi Perkemahan TNGC",5,"Tempat untuk camping. Bagus dan terawat.","",positif
1281,"Bumi Perkemahan Tenjo Laut","Bumi Perkemahan TNGC",5,"Ya gk jauh2 dari buper dan alam pinusnya","",positif
1282,"Bumi Perkemahan Tenjo Laut","Bumi Perkemahan TNGC",5,"Sejauh ini tempat glamping paling ok walaupun tempatnya relatif sederhana. Tenda bersih, harga bersahabat, toilet bersih. Yang pasti pelayanannya yang sangat baik. Barang-barang bisa minta dibawakan. Makan malam bisa pesan dengan harga yang tidak terlalu mahal.","",positif
1283,"Bumi Perkemahan Tenjo Laut","Bumi Perkemahan TNGC",5,"Suasana pas untuk camp bersama keluarga..","",positif
1284,"Bumi Perkemahan Tenjo Laut","Bumi Perkemahan TNGC",5,"Tempat Camp yang nyaman. Ada colokan. 😁","",positif
1285,"Bumi Perkemahan Tenjo Laut","Bumi Perkemahan TNGC",5,"Cukup bagus untuk pemula yang baru ke alam","",positif
1286,"Bumi Perkemahan Tenjo Laut","Bumi Perkemahan TNGC",5,"mantep rekomen buat sama keluarga","",positif
1287,"Bumi Perkemahan Tenjo Laut","Bumi Perkemahan TNGC",5,"Alam yang indah, keren, dan benar-benar bisa membuat fresh","",positif
1288,"Bumi Perkemahan Tenjo Laut","Bumi Perkemahan TNGC",5,"Hanya enak buat camp si kalo menurut saya","",positif
1289,"Bumi Perkemahan Tenjo Laut","Bumi Perkemahan TNGC",5,"OW tenjolaut memang luar biasa, view-nya indah sejauh mata memandang, pasititas penerangan, listrik, WC, cukup menunjang. Tiket juga Murmer. Khusus untuk listrik pertahankan,jangan seperti di tempat sebelah minta listrik kena 50K. Padahal cum buat 1 lampu saja dan itu termasuk pasilitas yg emang harus disediakan.","",positif
1290,"Bumi Perkemahan Tenjo Laut","Bumi Perkemahan TNGC",5,"Tenjo Laut merupakan tempat wisata yang cocok untuk berbagai kalangan, mulai dari keluarga, anak-anak, hingga para pecinta alam. Di tempat wisata ini, pengunjung dapat menikmati keindahan alam, bersantai, atau melakukan berbagai aktivitas outdoor, seperti hiking, camping, dan glamping.","",positif
1291,"Bumi Perkemahan Tenjo Laut","Bumi Perkemahan TNGC",5,"Tempat sejuk di kaki gunung Ciremai Tempat kemping lebih asik sama saudara ,teman ,sahabat ,kerabat dan handai taulan👍 Yu kujungi Tenjo laut Palutungan kaki gunung Ciremai,,, Cisantana Cigugur kabupaten Kuningan 🌟","",positif
1292,"Bumi Perkemahan Tenjo Laut","Bumi Perkemahan TNGC",5,"Semua yang ada di sana ok, TPI penunggu nya aja yg GK bisa di ajak kerja sama, temen"" saya banyak yang kesurupan 😭","",positif
1293,"Bumi Perkemahan Tenjo Laut","Bumi Perkemahan TNGC",5,"Nyaman, Indah dan pas buat camping bersama keluarga atau sekedar kunjungan untuk berfoto.","",positif
1294,"Bumi Perkemahan Tenjo Laut","Bumi Perkemahan TNGC",5,"Pemandangannya indah,,fasilitasnya juga lumayan memadai","",positif
1295,"Bumi Perkemahan Tenjo Laut","Bumi Perkemahan TNGC",5,"Sering berkabut, dingin mantap 👍👍","",positif
1296,"Bumi Perkemahan Tenjo Laut","Bumi Perkemahan TNGC",5,"Asli nyaman,sejuk,mbetai nggak mau beranjak kalau sudah di tempat ini.Tanda masuk dua orang plus parkir motor 45000.","",positif
1297,"Bumi Perkemahan Tenjo Laut","Bumi Perkemahan TNGC",5,"Kemarin kesini lagi😍 meskipun cuacanya kurang mendukung karna Hujan😑 tapi viewnyaa tetep MANTULL!! 👍👍👍 pas udah nyampe atas uuuhh kabutnya tebel banget.. Nggak pernah bosen dateng kesini pokona mah👌👍👍👍👍👍","",positif
1298,"Bumi Perkemahan Tenjo Laut","Bumi Perkemahan TNGC",5,"Tiket masuknya murah meriah. Viewnya bagus. Suasananya alami dan asri. Bikin betah.","",positif
1299,"Bumi Perkemahan Tenjo Laut","Bumi Perkemahan TNGC",5,"Tempat kemahnya bagus, mushollanya rapi, pemandangannya juga oke. Ada kolam kecil juga untuk mainan anak-anak. Jajajannya juga banyak. Pokokna mah mantap","",positif
1300,"Bumi Perkemahan Tenjo Laut","Bumi Perkemahan TNGC",5,"Lokasinya masih sangat asri karena berada di tengah-tengah pohon pinus, ada beberapa spot foto selfie buat yang instagramable, ada saung, ada musholla, tempat wudhu, mck, kantin/ warung.","",positif
1301,"Bumi Perkemahan Tenjo Laut","Bumi Perkemahan TNGC",5,"Salah satu tempat yang cocok buat kemping keluarga, akses mudah dijangkau dan para pengelola yang asik","",positif
1302,"Bumi Perkemahan Tenjo Laut","Bumi Perkemahan TNGC",5,"Tempat camp yg mantap","",positif
1303,"Bumi Perkemahan Tenjo Laut","Bumi Perkemahan TNGC",5,"Dingiinnn, bisa kemping.","",positif
1304,"Bumi Perkemahan Tenjo Laut","Bumi Perkemahan TNGC",5,"Bermalam yg indah di Tenjo laut utk bertafakur Atas kebesaranNYA Lumayan ramai karena masih libur lebaran","",positif
1305,"Bumi Perkemahan Tenjo Laut","Bumi Perkemahan TNGC",5,"Pengalaman disini banyak.. Keren lah Majalengka tanah surga hijau... Pemandangan enak dinpandang alam baik di jaga.   Siapa lagi kalau bukan kita yang jaga... Kemajuan suatu daerah karna penduduk nya yang mau melindungi alam nya... Yang belum perna harus datang ke lokasi ini.. Keren lah..  Cirebon Majalengka sebentar... Salam dari kota Udang","",positif
1306,"Bumi Perkemahan Tenjo Laut","Bumi Perkemahan TNGC",5,"Tempat ini mengundang minat banyak orang karena keindahan alam yang sangat asri. Sisi indah tempat inipun dituangkan ke dalam google maps ini dan mampu memberikan informasi kepada setiap orang yang melihat.","",positif
1307,"Bumi Perkemahan Tenjo Laut","Bumi Perkemahan TNGC",5,"Nyaman, santai, tenang","",positif
1308,"Bumi Perkemahan Tenjo Laut","Bumi Perkemahan TNGC",5,"recommended jadi tempat liburan maupun camp, tempat parkir luas, tempatnya sejuk dan terdapat mushola","",positif
1309,"Bumi Perkemahan Tenjo Laut","Bumi Perkemahan TNGC",5,"Bagus 👍🏻","",positif
1310,"Bumi Perkemahan Tenjo Laut","Bumi Perkemahan TNGC",5,"Pemandangannya indah","",positif
1311,"Bumi Perkemahan Tenjo Laut","Bumi Perkemahan TNGC",5,"Nyaman, cocok untuk ngcamp.. makanan cukup relatif murah","",positif
1312,"Bumi Perkemahan Tenjo Laut","Bumi Perkemahan TNGC",4,"Lumayan cukup dingin buat ⛺berkemah bersama keluarga","",positif
1313,"Bumi Perkemahan Tenjo Laut","Bumi Perkemahan TNGC",5,"Teduh, Sejuk rekomended buat camping","",positif
1314,"Bumi Perkemahan Tenjo Laut","Bumi Perkemahan TNGC",4,"Dingiiin 😄 Suasana kebun pinus, cocok buat camping atau kegiatan outdoor ramean. Aksesnya mudah dan tempat parkir luas. View ke waduk darma nya kereeen 🙏 Diajurkan bawa bekal makan sendiri biar ngga cape ~","",positif
1315,"Bumi Perkemahan Tenjo Laut","Bumi Perkemahan TNGC",5,"Obyek wisata Tenjo laut tempatnya adem, berada di ketinggian dengan pemandangan kota dan waduk dharma cukup sejuk dan indah. Enak untuk berkemah bareng keluarga ataupun teman. Ada caffe nya untuk sekedar ngopi atau minum yang lainnya.","",positif
1316,"Bumi Perkemahan Tenjo Laut","Bumi Perkemahan TNGC",5,"Sangat ASRI","",positif
1317,"Bumi Perkemahan Tenjo Laut","Bumi Perkemahan TNGC",5,"Tempat 6g indah","",positif
1318,"Bumi Perkemahan Tenjo Laut","Bumi Perkemahan TNGC",5,"Camping cEria","",positif
1319,"Bumi Perkemahan Tenjo Laut","Bumi Perkemahan TNGC",5,"Ok lah u camping","",positif
1320,"Bumi Perkemahan Tenjo Laut","Bumi Perkemahan TNGC",5,"Melepas penat. Tidak terlalu ramai. Cocok untuk family time. Sejuk segar pegunungan. Hujan menambah syahdu.","",positif
1321,"Bumi Perkemahan Tenjo Laut","Bumi Perkemahan TNGC",5,"Seru beud","",positif
1322,"Bumi Perkemahan Tenjo Laut","Bumi Perkemahan TNGC",4,"Hanya tempat camping dan tempat foto2","",positif
1323,"Bumi Perkemahan Tenjo Laut","Bumi Perkemahan TNGC",5,"Mohon ditertibkan untuk parkir","",positif
1324,"Bumi Perkemahan Tenjo Laut","Bumi Perkemahan TNGC",5,"Tempatnya bagus","",positif
1325,"Bumi Perkemahan Tenjo Laut","Bumi Perkemahan TNGC",5,"Alternatif untuk ngecamp dengan view waduk darma","",positif
1326,"Bumi Perkemahan Tenjo Laut","Bumi Perkemahan TNGC",5,"Suasananya segar syahdu apalagi saat berkabut","",positif
1327,"Bumi Perkemahan Tenjo Laut","Bumi Perkemahan TNGC",5,"tempat enakeun dengan view kuningan","",positif
1328,"Bumi Perkemahan Tenjo Laut","Bumi Perkemahan TNGC",5,"View-nya keren....","",positif
1329,"Bumi Perkemahan Tenjo Laut","Bumi Perkemahan TNGC",5,"Adem asri damai","",positif
1330,"Bumi Perkemahan Tenjo Laut","Bumi Perkemahan TNGC",5,"Tempat yg sejuk","",positif
1331,"Bumi Perkemahan Tenjo Laut","Bumi Perkemahan TNGC",5,"Tempatnya enak buat camping...","",positif
1332,"Bumi Perkemahan Tenjo Laut","Bumi Perkemahan TNGC",5,"Memuaskan","",positif
1333,"Bumi Perkemahan Tenjo Laut","Bumi Perkemahan TNGC",5,"Indonesian version of Baguio Philippines temperature","",positif
1334,"Bumi Perkemahan Tenjo Laut","Bumi Perkemahan TNGC",5,"Tempatnya nyaman untuk keluarga","",positif
1335,"Bumi Perkemahan Tenjo Laut","Bumi Perkemahan TNGC",5,"Sangat sejuk","",positif
1336,"Bumi Perkemahan Ipukan","Bumi Perkemahan TNGC",1,"Tidak sesuai apa yg di harapkan, baru dtng jauh"" malah berdebat masalah lapak tenda, sama sesama pengunjung, pengolah tenda bikin tidak nyaman, jd pd saat itu kita pergi dan cari camp lain. Yg bikin nyaman","",negatif
1337,"Bumi Perkemahan Ipukan","Bumi Perkemahan TNGC",1,"Minus double  : Yg membuat bintang satu, PARKIR DI PUNGLI LAGI PREMAN 10 RB, padahal info dari yg bayar di awal sudah  termasuk harga parkir, knapa saya bilang pungli preman, dia minta parkir tanpa TIKET. Minus : WC kotor, sumbat, mungkin pas banyak yg berkunjung. Sewa tenda Mahal, 300 rb per malam Jajanan ada 24 jam, cuma agak mahal air satu termos 10rb, mie tanpa telor 10 ribu, ya kalo kelas wisata wajar lah Plus : Tempat camp bersih Pemandangan nya bagus Jual makanan banyak 24 Jam Sewa tenda banyak stock Mushola ada dan luas","",negatif
1338,"Bumi Perkemahan Ipukan","Bumi Perkemahan TNGC",1,"Tempatnya nyaman hanya saja kurang tertata area parkir dan tempat sampahnya  Sehingga terlihat kumuh  Sangat sangat kecewa ketika saya menjajal kemping 1 malam di ipukan,  Tak ada petugas baik menegur atau melarang pengunjung yg bermain kembang api atau petasan di area perkemahan,  padahal percikan dari kembang api berpotensi membakar tenda pengunjung,  selain itu juga bunyi ledakan kembang api sangat mengganggu  Di tambah lagi,  banyak yang membawa miras  Kedepannya semoga lebih baik lagi dalam pengawasan terutama terhadap pengunjung yang membawa kembang api","",negatif
1339,"Bumi Perkemahan Ipukan","Bumi Perkemahan TNGC",1,"Sangat tidak nyaman. Tidak ada petugas yg negur saat soud nyala di atas jam 12 .Toilet berbayar. Jajanan mahal. Rokok mahal . Sebaiknya di evaluasi  untuk lebih baik. Tidak semua yg datang sini untuk bersenang ria. Kadang juga ada yg memerlukan ketentraman dan kesunyian. TIDAK REKOMEN. MENDING DLAMPING KIDANG . ATAU TELAGA SURIAN","",negatif
1340,"Bumi Perkemahan Ipukan","Bumi Perkemahan TNGC",1,"BANYAK JAMET BIKIN API UNGGUN DAN SPEAKER!! NIAT PENGEN TENANG, MALAH JADI GANGGUAN!!! CARI TEMPAT LAIN SAJA!!!!","",negatif
1341,"Bumi Perkemahan Ipukan","Bumi Perkemahan TNGC",1,"Ini tempat camping kebanyakan bayar Wc jorok kaya gitu aja bayar mulu ditungguin penunggu wc mending klo bersih. Klo bayar wc nya namanya bukan fasilitas.. Udah gt Tulisanya si pemeliharaan toilet tp nyatanya toilet kotor gk perna ada tanda tanda dibersihin...  Kita ini camping kebanyang ke wc berapa kali.. Pantesan pada lari ke lamping kidang yg gk jauh dari ipukan, wc nya lbih bagus gratis pula..  Gk ada jin penunggu wc.. Oh ya 1 lagi tempat cas an gak ada ya ada si tapi kita kudu sewa 25k jam 6 pagi dimatikan listriknya, klo gk sewa jgn harap anda dpt lobang listrik. Kapok si camp disini..  Udah pindah ke ipukan aja yg free wc","",negatif
1342,"Bumi Perkemahan Ipukan","Bumi Perkemahan TNGC",1,"Seharusnya diatur untuk menyalakan api unggun karena lokasi berundak-undak, asap dari atas masuk ke dalam tenda, sangat tidak nyaman. Pengunjung lain bahkan menyanyi keras sepanjang malam. Suasana yang seharusnya tenang menjadi berisik dan membuat tidak bisa beristirahat.","",negatif
1343,"Bumi Perkemahan Ipukan","Bumi Perkemahan TNGC",1,"Sangat tidak rekomen untuk kemping disini,bagi yang cari suasana tenang damai.Tidur gak bisa BERISIK PARAH,MUSIC SALON AKTIF SAMPE SUBUH,tidak ada petugas yang bisa komplain.kalau sekedar sampe jam 12 malam sih gak pa2.","",negatif
1344,"Bumi Perkemahan Ipukan","Bumi Perkemahan TNGC",1,"Tolong dong pengurus nya, itu di tiket kan udah termasuk sama parkir ,ko pas mau keluar parkiran ada yg minta uang parkir 5k permotor,mana maksa lagi ,tolong di tertibkan yg begitu , udah nyaman sama tempat tapi ada aja yg ngerusak nya","",negatif
1345,"Bumi Perkemahan Ipukan","Bumi Perkemahan TNGC",1,"Tidak rekomen karena tidak ada aturan yang jelas kapan boleh menyalakan musik dan speaker. Ada grup yang menyalakan speaker sangat keras padahal waktu sudah jam 2 malam lebih. Komplain ke nomor yang tertera tetapi tidak ada respon. Cukup sekali ini camping disini.","",negatif
1346,"Bumi Perkemahan Ipukan","Bumi Perkemahan TNGC",1,"Fasilitas tidak sesuai perjanjian, ada yg tidak disediakan, tapi minta dibayar full tanpa kompensasi. Tidak siap menerima rombongan. 1 tenda buat 5 orang isinya 3 matras kecil (bayangin aja sendiri). Fasilitas snack rombongan malah diambil pengelola dan dijual ke pengunjung lain. Yang bagus hanya pemandangannya saja. Terima kasih","",negatif
1347,"Bumi Perkemahan Ipukan","Bumi Perkemahan TNGC",1,"Sampah berserakan dimana-mana, banyak pemuda mabuk-mabukan, pengelola kecolongan","",negatif
1348,"Bumi Perkemahan Ipukan","Bumi Perkemahan TNGC",1,"Saya menginap tgl 21 maret 2019. Tp sayang masih dikenakan biaya masuk per org sama biaya parkir hrsnya sdh include, kamar mandi jg kotor.","",negatif
1349,"Bumi Perkemahan Ipukan","Bumi Perkemahan TNGC",1,"Lokasi sih oke cuma gak siap dengan tamu yang banyak. Ini tenda buat 3 orang tapi ganya masuk kasur 2 jadi hitungannya begitu deh.","",negatif
1350,"Bumi Perkemahan Ipukan","Bumi Perkemahan TNGC",1,"Kecewa dah sampe tempat di tutup total! Di google Maps buka ! Tolong dong di update kalo ditutup gara gara pandemi !","",negatif
1351,"Bumi Perkemahan Ipukan","Bumi Perkemahan TNGC",1,"Pelayanan tidak memuaskan, membosankan dan suntuk","",negatif
1352,"Bumi Perkemahan Ipukan","Bumi Perkemahan TNGC",1,"Tukang parkir dadakan ngentottttt","",negatif
1353,"Bumi Perkemahan Ipukan","Bumi Perkemahan TNGC",1,"Menyenangkan","",negatif
1354,"Bumi Perkemahan Ipukan","Bumi Perkemahan TNGC",1,"Review jujur, sebetulnya tempatnya asri, sejuk, tapi saya kira htm 20k itu sudah include semuanya, ternyata masuk curug payung dan parkir bayar, curug 5k, parkir 3k totalnya 28k, kecewa sih masih ada pungli","",negatif
1355,"Bumi Perkemahan Ipukan","Bumi Perkemahan TNGC",2,"Fasilitas WC harus diperbaiki biar tdk kumuh dan jorok. Jalan dari gerbang masuk ke Lokasi harus di lebarkan jadi 6M. Lokasi Parkir kendaraan, diperluas.","",negatif
1356,"Bumi Perkemahan Ipukan","Bumi Perkemahan TNGC",2,"Pemandangan ok..  kemping disini kecewa karena ada oknum yx mintain bayar nyolok listrik..padahal bawa roll/lampu sendiri di tarif nya lumayan mahal 25rb.. Terkecuali menyewa roll dan lampu bayar jg wajar..  Selama berkelana kemping baru disini di mintain listrik ..  Mohon di perbaiki bagi pengelola..untuk yx lain masih wajar.. Htm 20/org dws Parkir 5rb motor","",negatif
1357,"Bumi Perkemahan Ipukan","Bumi Perkemahan TNGC",2,"Umumnya bagus. Kebersihan cukup terjaga. Udara bersih. Pemandangan bagus. Air terjun sangat bagus. Kalau mau camping lebih baik bawa tenda sendiri atau sewa tenda yang di warung. Pengalaman saya ternoda. Ada camping ground yang sewa in tenda dengan harga yang lebih mahal dari hotel bintang 3, yang terus terang sangat minim fasilitas. Cuma dapat kasur ma seliimut. Tidak ada air minum. Bahkan di dalamnya include breakfast kami tidak mendapatkan nya. Yang bikin ternganga tiket masuk juga ikut ditagih. Dikira udah termasuk biaya nginep. Duh untuk harga segitu sangat tidak worth it. Saya dapat fasilitas yang lebih baik di tempat lain dengan harga yang jauh lebih murah.","",negatif
1358,"Bumi Perkemahan Ipukan","Bumi Perkemahan TNGC",2,"Akses jalan menuju buper msh krg bagus. Tiket masuk 15rb parikir 2rb.. Sebenernya sih tiketnya 10rb yg 5rb tiket untuk berkemah.. Per malam.. Harusnya sih ga langsung digabung tiketnya.. Tempat nya bagus.. Cukup luas.. Ada tenda yg udah jadi juga.. Deket dg curug.. Toilet banyak.. Warung jg banyak.. Dg harga standar..","",negatif
1359,"Bumi Perkemahan Ipukan","Bumi Perkemahan TNGC",2,"tempat perkemahannya bagus, tp wc nya kotor, air nya ga nyala, bau, ada air sedikit tp kotor.","",negatif
1360,"Bumi Perkemahan Ipukan","Bumi Perkemahan TNGC",2,"Terlalu penuh di Sabtu Minggu. Tempat kurang luas. Pengunjung terlalu berisik dari malam sampai pagi, nyetel musik gak ada aturan","",negatif
1361,"Bumi Perkemahan Ipukan","Bumi Perkemahan TNGC",2,"Untuk pengelola. Kenapa harus ada biaya tambahan parkir dan lampu. Sudah gitu mushola juga tidak terawat dengan baik","",negatif
1362,"Bumi Perkemahan Ipukan","Bumi Perkemahan TNGC",2,"Baru mau booking dan tanya-tanya. Krn g tau no contact person jadilah dpt yg dr search google ini dan Instagram. No yg tertera disini super super slow respon. Lalu, jawaban mengenai fasilitas yg didapat dr Nomer Google ini dan Instagram pun berbeda. Ketika ditanya knp berbeda dan mana yg bnr, eh malah dijawab 'Oke, silakan langsung aja booking sama yg di IG."" Sangat tdk profesional. Sekiranya pertanyaan pelanggan mengganggu sebaiknya jgn cantumkan nomer tsb atau jangan admin tsb yg pegang nomernya. Terima kasih.","",negatif
1363,"Bumi Perkemahan Ipukan","Bumi Perkemahan TNGC",2,"Jatuhnya mahal banget. Ada biaya tambahan buat parkir kendaraan dan biaya lampu yang lumayan","",negatif
1364,"Bumi Perkemahan Ipukan","Bumi Perkemahan TNGC",2,"Mungkin tempatnya indah tapi akses jalan belum cukup aman dilalui kendaraan apalagi saat hujan.","",negatif
1365,"Bumi Perkemahan Ipukan","Bumi Perkemahan TNGC",2,"Daerahnya memang digunung, tapi debunya banyak sekali. Muwin panas gak ada hujan","",negatif
1366,"Bumi Perkemahan Ipukan","Bumi Perkemahan TNGC",2,"Enak nyaman sejuk & biaya makin mahal.. makin komersil makin males","",negatif
1367,"Bumi Perkemahan Ipukan","Bumi Perkemahan TNGC",2,"Wisata ipukan tenda law mlem msi buka gak. . Nnya gan","",negatif
1368,"Bumi Perkemahan Ipukan","Bumi Perkemahan TNGC",3,"Harga masuk ke bumi perkemahan ini cukup murah 25rb / orang, anak2 usia dibawah 10rb tidak dihitung. Jalan menuju kesana nya bagus, cuman dari mulai pintu masuk ke buper nya agak rusak tapi its oke msh dalam batas wajar. Ada 3 tempat disini, starcamp, camp d lapang yang bisa masuk mobil, dan area atas camp dari parkir mobil sekitar 300m. Untuk starcamp dan campervan  view nya ke gunung dan lembah. Kalo untuk area atas view nya city light, cuman agak PR kalo bawa tenda dan peralatan lainnya sendiri jalan nya lumayan 100m dan menanjak. Area toilet dan mushola berada di dekat parkiran dan dekat dengan warung-warung. Kebersihan di tempat ini kurang sekali, ketika saya kesana terdapat sampar berceceran dimana2 seperti tidak ada petugas yang membersihkan. Tempat sampah pun tidak terlihat disediakan tiap sudut nya. Toilet pun sangat kurang bersih, bisa dibilang kurang layak krna tempat nya kecil dan air dari toilet nya kebuang nya keluar dekat pintu masuk toilet nya sehingga becek, dan gelap juga wc meskipun ketika malam ada lampu dinyalakan. Jd membuat pengunjung enggan ke toilet apalagi mandi. Ketika saya kesana kebetulan berbarengan dengan camp anak smp dan ada gathering suatu perusahaan, sehingga tempat camping nya berisik sekali. Yg bikin gk nyaman karna gathering suatu perusahaan itu mengadakan karaokean dari pertama saya datang sekitar jm 3an smpe malam jm 11an. Dan ketika pagi pun sekitar jm 6 mereka sudah ready kembali karaokean. Niat kita mau healing menepi dari keramaian kota, eh disini dpet keramaian. Saran untuk pengelola ada jam tenang nya dari mulai jm8an. Supaya yang camping benar-benar menikmati suasana alam nya.","",netral
1369,"Bumi Perkemahan Ipukan","Bumi Perkemahan TNGC",3,"Krn buper mgkn jd biasa aja,ya lumayan buat tempat wisata keluarga,bawa tikar,bawa masakan sendiri kayanya enak juga. Ada kemah buat disewakan juga ternyata,tp htm mahal jika diliat akses jalan yg rusak,klo bisa sih akses jalan di perbaikin","",netral
1370,"Bumi Perkemahan Ipukan","Bumi Perkemahan TNGC",3,"Untuk view nya recomend bngt buat kalian yang hoby camp atau sejenak santai2 berwisata bersama kluarga,dngan pemandangan gemerlap nya kota kuningan dan gunung ciremai yg sangat gagah,hanya saja tiket masuk mahal satu orang 20 rb di tambah parkir motor 5 rb permlm jd total satu orang 25 rb.tdk seperti buper2 lain nya yg hrga tiket nya relative umum dengan wisata yg lain nya tetapi buper ipukan paling mahal se kota kuningan.😊😊","",netral
1371,"Bumi Perkemahan Ipukan","Bumi Perkemahan TNGC",3,"10k/org 5k/kendaraan Kurang terawat Spot foto masih kurang safety Air jernih Jalanan cenderung berbatu Chekin 2019","",netral
1372,"Bumi Perkemahan Ipukan","Bumi Perkemahan TNGC",3,"Tempat nya bagus, indah, tapi sayang banget ada manusia ga kenal waktu nyanyi nyanyi Ampe tengah malem, merusak ketenangan malam, mohon ini pengelolanya bisa lain kali di sediakan area khusus untuk mereka mereka yang suka nyanyi, mana saya bawa anak usia 10 tahun.","",netral
1373,"Bumi Perkemahan Ipukan","Bumi Perkemahan TNGC",3,"tempat camp cukup luas, htm 25k/orang, listrik berbayar 25k/tenda (kalau bawa terminal listrik+lampu sendiri, kalau ga bawa 50k) parkir 5k/permotor, toilet dekat mushola 2k.","",netral
1374,"Bumi Perkemahan Ipukan","Bumi Perkemahan TNGC",3,"Bagus sih cuma gelap banget.. Gak ada niatan pasang lampu gitu.. ya 25K 😊","",netral
1375,"Bumi Perkemahan Ipukan","Bumi Perkemahan TNGC",3,"Tempatnya mudah dijangkau, nyaman , air bersih banyak, fasilitas toilet ada, mushola, warung makan banyak.. Namun disayangkan banget suasananya kaya hajatan.. Saran untuk pengelola, sebaiknya MELARANG PENGGUNAAN MUSIK, karena mengganggu pengunjung lain .. Camping itu tujuannya menikmati suasana alam, bukan mendengar musik keras seperti hajatan. Terimakasih 🙏🏻","",netral
1376,"Bumi Perkemahan Ipukan","Bumi Perkemahan TNGC",3,"Bumi perkemahan di lereng gunung Ciremai dengan pemandangan cahaya lampu kota Kuningan pada malam hari, disertai udara pegunungan yg dingin pada malam malam hingga pagi hari. Karena musim kemarau, tempat berkemah terdapat banyak debu-debu halus yang mudah berterbangan, disarankan memakai masker. Sampah berserakan, bukan karena tidak ada petugasnya tetapi karena kesadaran pengunjung akan kebersihan yang kurang. Kamar mandi kurang bersih dan pintu yg memiliki banyak celah sehingga dapat terlihat dari luar. Petugas sangat ramah dan baik, terdapat beberapa warung yang berjualan makanan dan kebutuhan yang lain dengan harga yang wajar.","",netral
1377,"Bumi Perkemahan Ipukan","Bumi Perkemahan TNGC",3,"Untuk view nya bagus banget.. sunrise nya luar biasaa.. Tapiiiii.. kalo nginep, siap2 tenda tidur dempet2an.. 1 tenda isi 4 orang, kasur cuma 2 biji.. 🙈 Fasilitas MCK mayan lah.. daripada lu manyun.. 😁 ada air anget jg, walau cm 2 biji yg fungsi. Tukang warung stby 24 jam, ngindomie, kopi, gorengan ready.. klo mau bawa makanan khusus, mending beli dibawah","",netral
1378,"Bumi Perkemahan Ipukan","Bumi Perkemahan TNGC",3,"Nyampai lokasi sdh jam 00:00 minggu 09/08/2020 langsung di minta byr tiket. Setelah byr petugasnya bilang sdh penuh. Lokasi nyari sendiri & msh bisa dirikan tenda. Tolong SDMnya di perbaiki lagi. Pulangnya msh di minta lagi untuk byr parkir.","",netral
1379,"Bumi Perkemahan Ipukan","Bumi Perkemahan TNGC",3,"Pengalamanku saat berkemah di star camp ipukan , cukup menyenangkan karena disana sudah disediakan tenda yang sangat layak untuk tidur kita, kita mendapat fasilitas seperti tenda, kasur, selimut, tempat mandi yg sangat nyaman. Pemandangan disekitar star camp ipukan juga sangat cocok untuk kalian yg ingin mengisi akhir pekan kalian dengan suasana yg menyejukan hati dan juga pikiran. Untuk kekurangannya yaitu pelayanan yg kurang maksimal terhadap kami, Selebihnya tempat ini sangaaaaaat keren . Mohon maaf bila ada kesalahan dalam penggunaan kata, eja'an, dan perkataan yg menyinggung , saya ucapkan terimakasih . 😊","",netral
1380,"Bumi Perkemahan Ipukan","Bumi Perkemahan TNGC",3,"Adem...ngadem..ya ke ipukan jwbnya..cmn saat itu si sy ksna br dbuka..jd blm byk maknnan kuliner nya..dn spot2 blm byk..tp ktnya skrg dh byk kmajuan..trus pas k curugnya u spot olahrgaa bagus si..tp u ank srtinya krg  bisa u smpai lspot curug nya..sygnya saat itu hp kbru low jd g bs save moment lbh byk....yg pnsrn dtg ja lgs.. Or cek pic lainnya x y..","",netral
1381,"Bumi Perkemahan Ipukan","Bumi Perkemahan TNGC",3,"Merupakan salah satu kawasan taman nasional gunung Ciremai. Dapat digunakan untuk kegiatan perkemahan,pendakian dan juga terdapat Curug. Tiket masuk relative murah. Tidak jauh dari Cilimus ( Kuningan ).","",netral
1382,"Bumi Perkemahan Ipukan","Bumi Perkemahan TNGC",3,"Tempatnya bagus, pemandangan indah dari ketinggian, recomended buat nge camp","",netral
1383,"Bumi Perkemahan Ipukan","Bumi Perkemahan TNGC",3,"Ari terjun'a bagus bukit'a jga bagus pokok'a enak klo bawa pasangan cocok bgt","",netral
1384,"Bumi Perkemahan Ipukan","Bumi Perkemahan TNGC",3,"Tempat yank nyaman dan pemandangn yank exsotis cocok untuk anak muda orang tua dan anak","",netral
1385,"Bumi Perkemahan Ipukan","Bumi Perkemahan TNGC",3,"Nyaman kl buat camping dan wisata keluarga","",netral
1386,"Bumi Perkemahan Ipukan","Bumi Perkemahan TNGC",3,"Bagus viewnya","",netral
1387,"Bumi Perkemahan Ipukan","Bumi Perkemahan TNGC",3,"Bagus dan cocok buat family camp","",netral
1388,"Bumi Perkemahan Ipukan","Bumi Perkemahan TNGC",3,"Survey dulu besok ..tunggu saya hari rabu 28- 16","",netral
1389,"Bumi Perkemahan Ipukan","Bumi Perkemahan TNGC",3,"Lokasi sejuk pemandangan bagus","",netral
1390,"Bumi Perkemahan Ipukan","Bumi Perkemahan TNGC",3,"Hari jumat saya mau coba survey ah kesitu","",netral
1391,"Bumi Perkemahan Ipukan","Bumi Perkemahan TNGC",3,"banyak sampah kecil, kurang kesadaran pengunjung","",netral
1392,"Bumi Perkemahan Ipukan","Bumi Perkemahan TNGC",3,"Hati-hati. Sering terjadi razia","",netral
1393,"Bumi Perkemahan Ipukan","Bumi Perkemahan TNGC",3,"suasana asik buat luburan akhir pekan","",netral
1394,"Bumi Perkemahan Ipukan","Bumi Perkemahan TNGC",3,"pemandangan indah dan sejuk","",netral
1395,"Bumi Perkemahan Ipukan","Bumi Perkemahan TNGC",3,"Bersih, pemandangan bagus","",netral
1396,"Bumi Perkemahan Ipukan","Bumi Perkemahan TNGC",3,"Tidak pas untuk anak kecil","",netral
1397,"Bumi Perkemahan Ipukan","Bumi Perkemahan TNGC",3,"Sangat indahsekali","",netral
1398,"Bumi Perkemahan Ipukan","Bumi Perkemahan TNGC",3,"Dingiiin, tapi banyak sampah...","",netral
1399,"Bumi Perkemahan Ipukan","Bumi Perkemahan TNGC",3,"Ya sedikt menyenangkan","",netral
1400,"Bumi Perkemahan Ipukan","Bumi Perkemahan TNGC",3,"Mantappp untuk keluarga","",netral
1401,"Bumi Perkemahan Ipukan","Bumi Perkemahan TNGC",3,"Masih alamai","",netral
1402,"Bumi Perkemahan Ipukan","Bumi Perkemahan TNGC",3,"A wonderful place to spend a long holiday with your family, with a sensation that blends with nature, makes us like to enjoy the beautiful creation of God, Equipped with clean and neatly arranged toilets, making us more spoiled here, but the disadvantage of this place is that there is no room numbering and there is no clear info which room will we occupy when we finish boking","",netral
1403,"Bumi Perkemahan Ipukan","Bumi Perkemahan TNGC",3,"Nice weather, nice view, there are some photo spots for a selfie or just to capture the scenery.","",netral
1404,"Bumi Perkemahan Ipukan","Bumi Perkemahan TNGC",3,"A beautiful camping ground at the based of Mt Ciremai, where you can also explore the waterfalls nearby.","",netral
1405,"Bumi Perkemahan Ipukan","Bumi Perkemahan TNGC",3,"So so tourist object! Dusty and small road to get there.  Not so special waterfall.  Cold.  No frog to be observed as mentioned.","",netral
1406,"Bumi Perkemahan Ipukan","Bumi Perkemahan TNGC",3,"Nice place,  cozy, quiet, great adventure recreations","",netral
1407,"Bumi Perkemahan Ipukan","Bumi Perkemahan TNGC",3,"Good view","",netral
1408,"Bumi Perkemahan Ipukan","Bumi Perkemahan TNGC",3,"nice camp","",netral
1409,"Bumi Perkemahan Ipukan","Bumi Perkemahan TNGC",3,"Lumayan laahh","",netral
1410,"Bumi Perkemahan Ipukan","Bumi Perkemahan TNGC",5,"pengalaman yang sangat positif pertama kalinya nge camp disini dengan mobil .. kamis malam 14mei2026 (+) luarbiasa murah.. camping 100k ber-5 (dewasa 3 anak 2) .. parkir mobil 10k.. bebas pilih lokasi dan relatif sepi (area mobil) meski sedang libur. kamar mandi dan mushola tersedia .. air aman sekali warung juga dekat dan harganya standar cuaca siang sangat sejuk, malam sangat dingin, dan angin relatif kencang, kadang juga hujan tapi sebentar sebentar jalan 5 menit ada beberapa curug .. yg ke atas curugnya lumayan tinggi, banyak bebatuan, yg kebawah sangat estetik dan cocok utk main air atau sekadar foto foto malam hari suka ada anjing .. tidak galak tapi nyari sisa sisa makanan.. so kalau ada makanan baiknya dimasukkan kedalam tenda vegetasi masih terjaga view nya juara .. seperti di maribaya.. bisa menikmati golden sunrise dimana pohon2 berwarna keemasan saat mulai terbit fajar  (-) akses jalan terutama 1 km menuju lokasi cukup kecil, terutama utk mobil. beberapa meter seblum masuk ada tanjakan cukup curam di area parkir motor banyak sisa sisa sampah bertebaran.. malam hari ada bbrp suara musik yg cukup kencang, namun tidka sampai tgh malam  overall sangat rekomend untuk anda bercamping ria .. secara harga dan apa yg didapat, bila dibandingkan dengan area bandung, disini lebih oke","",positif
1411,"Bumi Perkemahan Ipukan","Bumi Perkemahan TNGC",5,"Tempatnya nyaman sejuk dan bersih dan anginnya stabil cocok buat yg pake drone","",positif
1412,"Bumi Perkemahan Ipukan","Bumi Perkemahan TNGC",5,"Suasananya enak adem, aman untuk anak-anak juga, Cocok untuk berlibur akhir pekan Buat yg mau ke curug cisurian hati2 banyak batu yg berlumut, dan yg mau ke curug payung tidak rekom untuk anak-anak, udah bayar 5000 medannya curam dan licin banget. BUAT PENGELOLA MOHON TERTIBKAN/BATASI SUARA BISING DARI SOUND DAN ALAT MUSIK LAINNYA KETIKA MALAM HARI, KITA KE IPUKAN INGIN MENIKMATI SUASANA ALAM.","",positif
1413,"Bumi Perkemahan Ipukan","Bumi Perkemahan TNGC",5,"Htm murah 25rb/orang camping Air melimpah bisa campervan Warung banyak Tolilet Mushola Listrik 25rb sudah sampe tenda Ada curug buat tracking pagi Pemandangan puncak gunung ciremai Udara nya sejuk banyak pohon 8-9-2025","",positif
1414,"Bumi Perkemahan Ipukan","Bumi Perkemahan TNGC",5,"Sejuk,seru, sudah lama tidak kesana jadi pegel deh nih kaki nafasnya juga lumayan ☺️🤭🤭naik turun bukit . Bantal kecil warna biru ku hilang terakhir dipakai untuk alas ayunan","",positif
1415,"Bumi Perkemahan Ipukan","Bumi Perkemahan TNGC",5,"Hunting foto surili, lutung, dan monyet. Sambil camp. disini tersedia penyewaan tenda sederhana seharga 350 rb lengkap, tanya saja warung2 yg ada disana. Disini Air jernih, toilet banyak, tempat luas, banyak warung jadi jangan takut kelaparan. 👍  Harga tiket masuk 20rb perorang","",positif
1416,"Bumi Perkemahan Ipukan","Bumi Perkemahan TNGC",5,"Namanya juga alam. Pasti sejuk, membuat hati tenang dan damai. Sebenarnya mampir ke sini buat hiking ke Cigowong. Treknya lumayan agak sulit buat kaum rebahan kayak aku. Bagi yang mau hiking sebaiknya persiapkan sepatu yang nyaman, jangan lupa bawa tongkat. Gak perlu bekel banyak-banyak karena di tempat tujuan ada warung. Jajan bakso atau mi aja di sana. Kalau mau nasi juga ada.","",positif
1417,"Bumi Perkemahan Ipukan","Bumi Perkemahan TNGC",5,"Sangat nyaman tempat nya, banyak pohon pinus , udara dan angin dingin tidak begitu kuat, disarankan untuk membawa powerbank dan tripod untuk support dokumentasi dan baterai hp, recommended spot area pinggir arah timur ke jawa tengah saat sunrise tiba di pagi hari cukup memanjakan mata  Saat datang di lokasi cukup ramai, banyak anak anak tapi masih bisa di tolerir,  Toilet aman cuma posisi dibawah harus naik turun tangga kebawah bukit ( lumayan pegel )","",positif
1418,"Bumi Perkemahan Ipukan","Bumi Perkemahan TNGC",5,"Camping ground Ipukan di daerah Kuningan merupakan salah satu tujuan wisata yang sangat menarik buat para pencinta outdoor.  Memiliki lahan perkemahan yang sangat luas di dekat kaki Gunung Ciremai, Ipukan mempunyai tiga pilihan berkemah. Ada yang menghadap timur ke Gunung Slamet dan city lights di malam hari, ada yang menghadap ke Ciremai, dan ada yang berupa glamping dengan fasilitas water heater di suhu yang bisa mencapai 16-21 ° C.  Tiap orang per malam hanya dibandrol 15 ribu rupiah, listrik hanya 25 rb per malam, dan parkir mobil hanya 5000 per malam. Bandingkan bila menginap di glamping lainnya, bisa berlipat kali dari itu. Belum kalau hotel atau jalan-jalan di luar negeri. Indonesia itu masih banyak destinasi domestik yang menjanjikan keindahan luar biasa.  Perjalanan menuju ke sana dari keluar tol sampai ke pintu masuk dijamin mulus. Hanya sedikit jalan tanah menuju camping ground yang masih aman dengan ground clearance setara Honda Freed.  Musholla dan toilet cukup banyak tersedia, dengan dikelilingi warung makanan yang siap memberikan pelayanan bila kita tidak memasak sendiri.  Yang ajaibnya adalah tempat ini dekat dengan dua air terjun indah, Curug Payung dan Curug Cisurian yang hanya dibandrol 5000 rupiah saja.  Tempat camping Ipukan jelas bisa dikunjungi lagi, karena begitu mempesona dan memanjakan mata.","",positif
1419,"Bumi Perkemahan Ipukan","Bumi Perkemahan TNGC",5,"Area khusus berkemah cocok untuk semua kalangan, tiket murah, harga sewa peralatan berkemah cukup terjangkau.  Jangan lupa untuk tidak buang sampah sembarangan dan jangan lupa untuk membersihkan area sekitar kemah jika hendak pulang...","",positif
1420,"Bumi Perkemahan Ipukan","Bumi Perkemahan TNGC",5,"Tempat camp ground di ketinggian 1200 an mdpl daerah kuningan yg bagus view ada view gunung ciremai, hutan linus, dan city light udaranya dingin sering berkabut, utk biaya camp 25 ribu per orang, parkir mobil 10 ribu, utk mendapatkan view yg bagus perlu effort utk lokasi camp diatas","",positif
1421,"Bumi Perkemahan Ipukan","Bumi Perkemahan TNGC",5,"Berwisata alam bersama  keluarga menikmati hawa sejuk, udara segar, kabut  khas pegunungan untuk sekadar minum kopi, menyantap makanan, bersenda gurau dll. Harga tiket masuk terjangkau. Tersedia warung makanan, warung minuman. Ada fasilitas tempat ibadah, fasilitas MCK, fasilitas listrik bagi yang berkemah dengan membayar biaya tambahan.Tersedia juga area perkemahan di sekitaran hutan cemara. Area perkemahan berbatasan dengan jalur pendakian Gunung Ciremai lewat jalur Palutungan. Tempat wisata menawarkan pemandangan  puncak Ciremai dan pemandangan gemerlap lampu kota Kuningan di malam hari. Ada curug tidak jauh dari perkemahan, waktu tempuh dengan jalan kaki kira-kira 10 menit.  Selamat berwisata, tetap jaga kebersihan.","",positif
1422,"Bumi Perkemahan Ipukan","Bumi Perkemahan TNGC",5,"Perfect karena dinginnya (free), oksigen udara segar (free), pemandangan & spot foto (free) & curugnya (+5K). 2 hari semalam rela gak mandi karena gak sreg sama kamar mandinya. Siapin 2K ya u/ kebersihan.  Kalo camping, bawa air ndiri buat masak banyak2 karena gak nemu buat taping air yg keknya masak-able, selalu ada kotor ngikut.  Mau neko2 masang lampu estetik, ngecas HP, mompa  kasur, dll, siapin additional 25K u/ taping listrik.","",positif
1423,"Bumi Perkemahan Ipukan","Bumi Perkemahan TNGC",4,"Lokasinya cukup asik, sejuk banget. HTM 20k/orang  Untuk keluarga/yg bawa anak kecil, lbih baik kemah di area bawah deket jalan/parkir karena tanah yg cukup lapang dan landai. Utk dewasa, pilih tempat yg diatas sesuai keinginan, pilih spot yg bagus. Sebelah kiri pemandangan kota, sebelah kanan pemandangan puncak gunung ciremai.  Namun sangat disayangkan, toilet dan mushola tidak terawat, jorok banget. Listrik harus sewa, area wastafel/cuci piring cuma 1.","",positif
1424,"Bumi Perkemahan Ipukan","Bumi Perkemahan TNGC",4,"Ketiga kalinya pergi ke Buper Ipukan, kunjungan ketiga camping bersama keluarga. Tempat yg asri, sejuk, dan ramah anak. Parkiran luas, tersedia warung 24 jam, Mushola, dan toilet. Apabila ingin camping, harap membawa air bersih sendiri, karena air di area Ipukan harus disaring terlebih dahulu jika akan digunakan untuk memasak.","",positif
1425,"Bumi Perkemahan Ipukan","Bumi Perkemahan TNGC",5,"Sebenernya ini tempat wisata juga. Ada bupernya juga. Untuk akses ya sama kaya jalan kita mau ke palutungan cuman sebelum naik lagi belok kanan dan jalannya agak kurang bagus. So far bagus buat ngadem atau hunting photo😉 Makanannya ? Standar seperti cafe"" lain ya roti bakar kopi susu mie goreng..","",positif
1426,"Bumi Perkemahan Ipukan","Bumi Perkemahan TNGC",4,"Cukup sering main kesini...kalo lagi suntuk sama macet nya kota cirebon kalo weekend mesti main nya kesini haha..cuma tiket masuk buper ini terlalu mahal dengan fasilitas yg d sediakan haha coba dengan harga tiket masuk segitu toilet,lampu penerangan nya di perbaiki. Pernah camp di sana dengan tenda yg nyewa di salah satu warung,harga sewa nya 90k belum sama alas tidur,lampu,kayu bakar kalo menurut saya terlalu mahal. Eh tapi lebih mahal lagi kalo kita camp di starcamp yg punya horison itu...harga camp nya dari 400k-600k (belum termasuk tiket masuk buper nya itu)  fasilitas nya yg kita dapet cm kasur,selimut,lampu,toilet bersih,sama breakfast yg cuma roti tawar + susu murni. Kirain gw dengan tagline camping rasa hotel kalo camp di sana  itu bakalan dapet toiletries sama handuk tapi ternyata enggak sama sekali...,jd kalian kalo yg mau booking pastiin bawa toiletries sama handuk sendiri ya genks👌 oya 1 lagi ad pengalaman temen bawa makanan sendiri buat barbekquean gitu ternyata kena charge cuy ( like a hotel charge )😂,,jadi mending jangan bawa bekel buat bakar2an disana deh mending beli makanan yg di sediain disana biar gak ribet juga kan (udh ribet + kena charge kan sediiiih 😥)..jadi buat yg mau weekend alam di ipukan kalian bisa pilih mau camp sederhana atau camp yg mewah sedikit 😀","",positif
1427,"Bumi Perkemahan Ipukan","Bumi Perkemahan TNGC",4,"Htm 20k, parkir 5k tempatnya nyaman dan fasilitas penunjang seperti mushola, toilet dan colokan listrik tersedia","",positif
1428,"Bumi Perkemahan Ipukan","Bumi Perkemahan TNGC",4,"Tempat camp dan healing yg cocok recommended pokoknya nya mah, ada air terjun, ada Warung2 juga, Cocok lah untuk menghilangkan penat dg melihat pemandangan yg sangat mempesona","",positif
1429,"Bumi Perkemahan Ipukan","Bumi Perkemahan TNGC",5,"Ipukan merupakan obyek wisata yang menawarkan pemandangan alam gunung ciremai dan tata kota kuningan yang indah. Di sini juga terdapat 2 curug yang jaraknya saling berdekatan. Tempat ini sangat cocok untuk kumpul keluarga tuk menghilangkan penat dari rutinitas sehari hari. Untuk bisa ke tempat ini bisa di lalui oleh motor dan mobil.","",positif
1430,"Bumi Perkemahan Ipukan","Bumi Perkemahan TNGC",5,"Bisa jadi tempat camp atau hanua rekreasi saja. Ada pemandangan bukit yang hijau dan kabut yg cantik jika beruntung, di sediakan juga spot fotonya, namun hati2 saja karena bawahnya jurang😁 Kalau mau ke curug lebih masuk lagi ke dalam jalan kaki kurang lebih 15menit ke curug. Mck dan mushola lengkap, banyam orang jual jajanan juga. Jika ingin camp disarankan membawa baju tebal, karena ketika malam hari suhunya sangat dingin. Namun yang disayangkan sampai saat ini akses jalan menuju kesini terbilang cukup rusak, saya sudah 2x kesini dalam waktu yang cukup jauh jaraknya, namun sperti belum ada perbaikan utk jalannya. Mungkin sekitae 30menit harus merasakan di jalanan yang rusak, bisa di akses mobil bahkan sampai bus bisa masuk. Tapi memang terbayar dengan pemandangan yang sangat indah","",positif
1431,"Bumi Perkemahan Ipukan","Bumi Perkemahan TNGC",5,"Nyaman untuk ngecamp, membawa pasangan, keluarga, teman, sahabat Usaha in bawa pasangan yg udah halal ya 🤭🤭 Dan selalu ingat jangan buang sampah sembarangan ya!!! 🥰🥰🥰 #salamlestari #kuninganasri","",positif
1432,"Bumi Perkemahan Ipukan","Bumi Perkemahan TNGC",5,"Tempatnya luas, ada spot liat sunrise. Spot liat kota dari ketinggian. Ada bukit2, bisa berkemah ngecamp, penyewaan tenda, warung makan, warung2 untuk ngopi2, banyak spot selfi. Ada dua curug. Tersedia mushola dan toilet. Adem banget deh tempatnya ✨","",positif
1433,"Bumi Perkemahan Ipukan","Bumi Perkemahan TNGC",4,"Tempat kemahnya bagus, pemandangannya juga oke. Banyak warung jajanan juga, lebih banyak dibanding tahun 2016 saya kesana. Cuma ya curugnya lagi kering, mungkin karena debit airnya lagi sedikit. Semoga di musim hujan nanti debit air curugnya nambah lagi","",positif
1434,"Bumi Perkemahan Ipukan","Bumi Perkemahan TNGC",5,"Tempatnya sejuk, parkir mobil luas, banyak warung buka, pagi ada yg jualan nasi gorang dan gorengan nawarin ke tenda pengunjung Parkir mobil 10rb Orang 20rb","",positif
1435,"Bumi Perkemahan Ipukan","Bumi Perkemahan TNGC",5,"Pemandangan bagus, udara segar dan sejuk, terdapat banyak warung makan, tersedia makanan kecil, mie bakso, nasi goreng, dan lain sebagainya. Yang paling spesial ada LEMBAH KOPI, kopinya enaaaaaak. Kopi lo ya, bukan lainnya. Best sellernya kopi Surili, Le coffee, satu lagi lupa, tapi yang pasti surilinya enak. Iced surili, maupun hot surili dua duanya enak. Walaupun tempatnya kecil tapi kopinya dibuat cantik. Jika berkunjung saat weekend, camping ground nya penuh, walaupun saat hujan, air bersih banyak, terdapat mushola untuk muslim. Dekat juga dengan tempat glamping bagi yang tidak mau repot bawa tenda dan tektek bengeknya.","",positif
1436,"Bumi Perkemahan Ipukan","Bumi Perkemahan TNGC",5,"Sesekali main pake tenda, jangan nge mall mulu. Udara nya dingin. Pas banget ujan dateng. Hiburan nya kurang banyak. Tapi enak buat nyendiri, ngobrol ngabisin waktu samq orang2 tercinta","",positif
1437,"Bumi Perkemahan Ipukan","Bumi Perkemahan TNGC",5,"Tempat kemping yg syahdu...berkabut...dingin...cocok buat keluarga...ada spot selfie...trekking kurleb 400 mtr ada curug di bawah dan atas...asyik dan seru pokoknya😘👍","",positif
1438,"Bumi Perkemahan Ipukan","Bumi Perkemahan TNGC",4,"Tempat camping di kaki gunung ciremai yang dekat dari kota kuningan sekitar 20 menit dari pusat kota . Bisa lihat kota dari atas.Tiket masuk Rp.20.000, belum termasuk parkir. bisa bawa tenda sendiri atau sewa tenda di tempat. Ada dua curug, curug payung dan cisarian . Curugnya kecil, lumayanlah. Ada wc dan mushola.","",positif
1439,"Bumi Perkemahan Ipukan","Bumi Perkemahan TNGC",5,"Masyaallah tabarakallah, tempatnya cantik banget, masih asri, segar, sejuk, dan banyak lutung di sana. Semoga tempat ini senantiasa terjaga keasriannya.  Tempat ini cocok banget untuk quality time dg keluarga, teman dekat, atau pasangan. Tiket masuknya murah. Parkiran penuh kalau akhir pekan.","",positif
1440,"Bumi Perkemahan Ipukan","Bumi Perkemahan TNGC",5,"Tempat camp rekomended, dekat dari sumber air juga view malam kota kuningan dan sunrise yg menenangkan fikiran pokoknya wajib wajib wajib cobain kalau Anda sekalian ingin camping, tempatnya juga terjangkau, tidak terlalu jauh dari pemukiman atau desa terakhir. Mantab dah pokoknya, asal jangan dijadikan tempat buat mesum aja","",positif
1441,"Bumi Perkemahan Ipukan","Bumi Perkemahan TNGC",4,"Tempat yang rekomendasi buat liat sunrise. ngecamp disini udah 2x , fasilitas toilet ,tempat ibadah oke. tiket masuk pengunjungnya jd lumayan mahal , mungkin karena lagi hits ya tempatnyaaa.... (padahal dlu gratis pas kesana hohoho)","",positif
1442,"Bumi Perkemahan Ipukan","Bumi Perkemahan TNGC",5,"Bumi perkemahan di pegunungan yang sejuk. Ada toilet, cukup aman untuk camping bersama anak².. Dengan jalan kaki sekitar 20 menit bisa main ke air terjun di dekat BuPer.","",positif
1443,"Bumi Perkemahan Ipukan","Bumi Perkemahan TNGC",5,"Pengalaman pertama camping di tempat ini, walaupun cape tapi bner2 seruu, fasilitas semua komplit, next bakal balik lagi kesini explore semua tempat.","",positif
1444,"Bumi Perkemahan Ipukan","Bumi Perkemahan TNGC",4,"Tempat ngecampnya luas banyak orang jualan, deket sama 2 curug tapi mesti bayar lagi kalo mau masuk. Bisa dapet view sunrise. Tapi musholanya kadang agak kotor terus walaupun ngecamp toiletnya masih suruh bayar kalo siang.","",positif
1445,"Bumi Perkemahan Ipukan","Bumi Perkemahan TNGC",5,"Bumi perkemahan yang terletak dalam kawasan Taman Nasional Gunung Ciremai dan menyajikan pemandangan yang indah. Dengan tiket yang tidak terlalu mahal, tempat ini memberikan banyak kelebihan seperti pemandangan alam, spot foto, tempat camping, dua buah air terjun (hanya satu yang gratis yaitu air terjun cisurian, sedangkan air terjun payung ada kontribusi untuk kebersihan sebesar Rp. 2.000). Ditempat ini juga menyewakan berbagai perlengkapan kemping seperti tenda, matras, Hammock dll serta tersedia flying fox dengan harga Rp. 10.000.","",positif
1446,"Bumi Perkemahan Ipukan","Bumi Perkemahan TNGC",5,"Tempat camping paling recomend, karena memiliki view yang bagus plus ada air terjun","",positif
1447,"Bumi Perkemahan Ipukan","Bumi Perkemahan TNGC",4,"Tempat bagi para pecinta petualangan yang ingin berkemah sambil menikmati pemandangan alam kota Kuningan dengan sejuknya udara hutan Pinus. Bumi perkemahan ini letaknya di kaki Gunung Ciremai. Aliran air cukup memadai siaamping fasilitas MCK yang cukup baik. Bagi yang hobi lintas alam juga tersedia jalur tracking menuju puncak Merapi. Silahkan coba sendiri y gaes","",positif
1448,"Bumi Perkemahan Ipukan","Bumi Perkemahan TNGC",4,"Pemandangan indah, tempat yg asri dan harga tiket terjangkau, free toilet.mungkin akan lebih efektif lagi jika biaya parkir dan retribusi ditiadakan dan dibebankan langsung kpd biaya tiket.  Tiket masuk Rp.15.000, parkir motor Rp.2.000, tiket retribusi memasuki Curug Rp.2.500.","",positif
1449,"Bumi Perkemahan Ipukan","Bumi Perkemahan TNGC",5,"Tempatnya bagus cocok buat kumpul keluarga, tapi sayang mulai kotor karena banyak pengunjung kurang jaga kebersihan","",positif
1450,"Bumi Perkemahan Ipukan","Bumi Perkemahan TNGC",5,"Recomended banget nich tempat bt mengenalkan anak2 pada alam, fasilitas mulai dari akses jalan,mushola,toilet,warung smua ok","",positif
1451,"Bumi Perkemahan Ipukan","Bumi Perkemahan TNGC",5,"Tempat wisata alam yang bagus dengan pemadangan lembah serta gunung yang menawan. Cocok untuk kemah. Tersedia juga tempat wisata tambahan berupa dua curug, curu Payung dan curug Cisurian. Banyak obyek foto yang menarik untuk yang senang fotografi","",positif
1452,"Bumi Perkemahan Ipukan","Bumi Perkemahan TNGC",4,"Area kemping luas, tidak jauh dari lokasi kemping ada air terjun, banyak warung di sekitar parkiran, toilet kurang terawat, lumayan kotor. Lampu penerangan juga kurang di jalan sekitar area kemping.","",positif
1453,"Bumi Perkemahan Ipukan","Bumi Perkemahan TNGC",5,"Buat tempat kemah sangat recommended pisan. Cuacanya adem, dingin sejuk. Masuk bumi perkemahan  murah meriah. Oh ya Ada 2 Curug disini. Setiap masuk Curug bayar 5 rb per-orang.","",positif
1454,"Bumi Perkemahan Ipukan","Bumi Perkemahan TNGC",5,"Review Ipukan: 1. Dari parkiran ke lahan tenda (yg ada citylightnya) jauh jaraknya dan mendaki 2. Kamar mandi banyak, air cukup, tapi kotor 3. Bisa camper van, disisi bawah ada lahan tenda dekat dgn akses, tapi ngga dapet city light 4. Suhu mantap 17'C 5. Ada jalur hiking kecurug, Curug nya ada beberapa, dan keren semua","",positif
1455,"Bumi Perkemahan Ipukan","Bumi Perkemahan TNGC",5,"Lumayan tempatnya menurut sy udah oke, tinggal ditambah lgi aja fasilitasnya mungkin seperti wifi dan toiletnya ditambah lgi, water heater nya jg sekalian","",positif
1456,"Bumi Perkemahan Ipukan","Bumi Perkemahan TNGC",5,"View nya bagus, kalo berkunjung ke sini lebih asik pagi² biar masi ada kabut, view nya jadi makin mantap, Cocok banget buat yang suka kemping, cocok juga buat kumpul² keluarga, arisan karna banyak lahan kosong, tempatnya lumayan bersih ada dua curug lagi mantap","",positif
1457,"Bumi Perkemahan Ipukan","Bumi Perkemahan TNGC",5,"Jalan menuju kesini lumayan bagus & fasilitas lumayan lengkap. Tempatnya oke buat camping bareng teman maupun keluarga, dan viewnya bagus buat foto"".","",positif
1458,"Bumi Perkemahan Ipukan","Bumi Perkemahan TNGC",5,"Tempat camping recommended nih, view puncak Gunung Ciremai. Tempat menghilangkan gerutu, melepas rindu suasana alam.","",positif
1459,"Bumi Perkemahan Ipukan","Bumi Perkemahan TNGC",4,"Tempat nya luas ya gaes dan adem juga. Yah.. Setidak nya bisa menenangkan pikiran sejenak dari hiruk pikuk akibat PPKM ini, yg penting tetap waras pikiran biar imun tetap fit. Wkwk...","",positif
1460,"Bumi Perkemahan Ipukan","Bumi Perkemahan TNGC",4,"Asri, fresh, dan ramah anak Tempat yg cocok utk menyatu dengan alam bersama klg","",positif
1461,"Bumi Perkemahan Ipukan","Bumi Perkemahan TNGC",5,"Tempatnya asyik dan menyenangkan buat kemping bersama keluarga dan teman-teman. Pemandangan nya bagus. Saran dari saya akses jalannya masi perlu diperbaiki.","",positif
1462,"Bumi Perkemahan Ipukan","Bumi Perkemahan TNGC",4,"Destinasi wisata alam pegunungan dengan pemandangan yang cukup bagus di tambah dua curug ( curug Cisurian dan curug Payung) dan juga merupakan salah satu jalur pendakian ke puncak gn. Ciremai","",positif
1463,"Bumi Perkemahan Ipukan","Bumi Perkemahan TNGC",5,"Buper nya cocok buat yg mau ngecamp, ada camp yg udah di sediakan juga tinggal dateng aja tanpa harus diriin  tenda sendiri. Buat yg mau camp biasa juga bisa kok. Fasilitas lengkap. Harga terjangkau","",positif
1464,"Bumi Perkemahan Ipukan","Bumi Perkemahan TNGC",4,"Tidak ada penerangan lampu area sekitar camp di bawah pohon pinus nya gelap bgt. Jalanan sangat amat licin setelah hujan membahayakan saya saja jatuh🥲 parkir mobil 10 rb Tiket masuk camp 20 Tiker hanya main 15 ribu Banyak warung yg buka menyediakan makanan dan minuman Kamar mandi ya ala kadar nya gimana namanya juga kan di hutan Tidak bersih dan sempit tp air bersih dan dingin Mushola tersedia","",positif
1465,"Bumi Perkemahan Ipukan","Bumi Perkemahan TNGC",5,"Camping ground rekomended..masuk di dalam wilayah Taman Nasional Gunung Ciremai!","",positif
1466,"Bumi Perkemahan Ipukan","Bumi Perkemahan TNGC",5,"Suasana nya keren sekali, Ramai jugaa, Tiket untuk ngecamp cuma 15rb+Parkir 5rb.. Dan keluh kesahnya cuman jajanan di warung naik berkalilipat wkwk misalkan mi indome jadi 10rb tp wajarlah..","",positif
1467,"Bumi Perkemahan Ipukan","Bumi Perkemahan TNGC",5,"Tempat yang cocok untuk liburan kemping bersama keluarga..dengan view puncak gunung ciremai...walaupun kadang selalu d selimuti kabut sehingga tidak terlihat puncaknya.","",positif
1468,"Bumi Perkemahan Ipukan","Bumi Perkemahan TNGC",5,"RONIN AIRSOFT CIREBON Salah satu Penggiat dan komunitas Airsoft Cirebon yg resmi dalam indukan Organisasi Olahraga INASSOC di dalam KORMI Cirebon.","",positif
1469,"Bumi Perkemahan Ipukan","Bumi Perkemahan TNGC",4,"Tempatnya bagus untuk keluarga atau pasangan nyaman tiket murah 15rb cocok untuk berkemah atau sekedar menikmati alam dan air terjunnya","",positif
1470,"Bumi Perkemahan Ipukan","Bumi Perkemahan TNGC",5,"Udah x kesini dan tempatnya udah banyak perubahan jadi tambah bagus.... Enak bett tp sayang org2 saya pada bakar kayu buat dibakar aja ga digunain apa2 jadi neganggu yg lain apalagi yg bawa anak kecil ga bagus kaya gitu","",positif
1471,"Bumi Perkemahan Ipukan","Bumi Perkemahan TNGC",4,"Senja hari di Bumi Perkemahan Ipukan, masih sekitar area Palutungan. View nya sungguh luar biasa indah, dapat melihat kota Kuningan dari ketinggian.","",positif
1472,"Bumi Perkemahan Ipukan","Bumi Perkemahan TNGC",4,"Susana adeeemmm, yg kurang toiletnya ga terawat, lokasi curug dekat, recomend buat camping","",positif
1473,"Bumi Perkemahan Ipukan","Bumi Perkemahan TNGC",5,"Slah satu tempat camping terbaik daerah kuningan letaknya yang dibawah kaki gunung ciremai menmbah kesejukan dan keindahan panoramanya. Kita juga bisa melihat curug yng indah yang terletak dibawah cmping ground. Pasilitas sangat lengkap mulai dari wc, tempat mandi, tersedia warung warung yang menawarkan jajanan. malahan ada pasilitas tenda vip. Wah. Camping tapi tetap nyaman serasa tidur d hotel bintang 5 pokonya","",positif
1474,"Bumi Perkemahan Ipukan","Bumi Perkemahan TNGC",5,"Pengalaman baru camping bersama keluarga... Ank² suka... Klo bisa toilet dalam tenda dilengkapi air panas... Dingin bgt .. ☕😬","",positif
1475,"Bumi Perkemahan Ipukan","Bumi Perkemahan TNGC",5,"Tempat ngecamp yang mengasyik kan, cocok buat rehat sejenak dari rutinitas harian😊","",positif
1476,"Bumi Perkemahan Ipukan","Bumi Perkemahan TNGC",5,"Bayar 15 ribu, dpet pemandangan yang bagus... bisa mainan air di curug cipayung dan curug cisurian","",positif
1477,"Bumi Perkemahan Ipukan","Bumi Perkemahan TNGC",5,"View disini sangat indah. Ingat kalo kalian pengen ngecamp disini agar bawa jaket yang tebel. Karena disini udaranya sangat dingin .","",positif
1478,"Bumi Perkemahan Ipukan","Bumi Perkemahan TNGC",5,"tempat yg tepat untuk refresing, sejuk, segar pokoknya nyaman. pemandangan bukitnya mantaf untuk suka selfi.","",positif
1479,"Bumi Perkemahan Ipukan","Bumi Perkemahan TNGC",5,"Ngadem dulu di kaki gunung Ciremai. Buper Ipukan biasanya klo hari libur atau weekend selalu pada pengunjung. Kalo mau lebih nyaman cobalah datang di hari kerja. Bagi mau yg ngecam ada 2 pilihan bisa yg biada ataupun yg Glamping. Gak perlu ribet lg baea perlengkapan camping disana sudah ada yg disewakan dengan harga terjangkau.","",positif
1480,"Bumi Perkemahan Ipukan","Bumi Perkemahan TNGC",5,"Sungguh pengalaman yg tak terlupakan buat saya dan keluarga, kami benar2 sangat betah selama camping disana","",positif
1481,"Bumi Perkemahan Ipukan","Bumi Perkemahan TNGC",5,"Tempatnya bagus , cocok buat bawa keluarga kesini.  Tracking nya cuma 2menitdsri parkiran","",positif
1482,"Bumi Perkemahan Ipukan","Bumi Perkemahan TNGC",5,"Sangat cocok untuk berwisata menghilangkan penat, lokasi tidak terlalu jauh dari jalan utama, banyak spot camping ground. Baik untuk berkegiatan atau hanya wisata biasa","",positif
1483,"Bumi Perkemahan Ipukan","Bumi Perkemahan TNGC",5,"Alam terbuka dengan pemandangan yang sangat bagus, apalagi buat kita yang tinggal di kota yang penuh dengan polusi dan minim udara seger.","",positif
1484,"Bumi Perkemahan Ipukan","Bumi Perkemahan TNGC",5,"Tempat yang bagus untuk pecinta alam, selain buper palutungan, di sekitar sentana terdapat lokasi buper yang menurut saya lebih fresh, belum banyak perombakan. Kita bisa berkemah sambil menikmati pemandangan bukit-bukit yang masih hijau. Sampai saat ini, buper ipukan masih menjadi destinasi pendaki gunung. Kami sendiri beberapa kali kesini untuk melanti anggota PA. Traking nya masih bagus dan terdapat 2 air terjun di dalamnya. Yaitu Curug Cisurian dan Curug Cipayung, cocok buat ceremonial pelantikan... ⛰️🏔️🏕️🏕️🏞️🏞️","",positif
1485,"Bumi Perkemahan Ipukan","Bumi Perkemahan TNGC",5,"Tempat ķemping yang ngangenin, udara sejuk, view kota kuningan dari.1200 mdpl, pohon pinus, sunrise, banyak pohon utk pasang ayunan..","",positif
1486,"Bumi Perkemahan Ipukan","Bumi Perkemahan TNGC",5,"Yang suka ngecamp wajib untuk dicoba. Tempatnya enak, adem, ada pohon pinusnya juga, cocok buat kumpul keluarga atau bareng temen yang cari suasana beda. Untuk sekedar hunting foto juga bagus. Disediain spot foto juga kok disana. Jangan heran nanti kalo saat dijalan ketemu mas atau mbak pendaki ciremai karena ini memang termasuk salah satu rute jalur pendakian gunung ciremai. Jadi kebayang dong pemandangan hijaunya kaya apa. Disediain penyewaan tenda juga buat yang mau ngecamp. Kalo pas weekend rame, yang mau cari spot foto doang mending weekday aja, dan pagi biar pemandangan hutan hijaunya keliatan. Biaya tiket masuk dan parkir: 15k","",positif
1487,"Bumi Perkemahan Ipukan","Bumi Perkemahan TNGC",4,"Lokasi wisata alam yang refresentatif, banyak pilihan tempat mulai dari air terjun,kemping ground dan lainnya.","",positif
1488,"Bumi Perkemahan Ipukan","Bumi Perkemahan TNGC",5,"Wkwkwwkwk .  ..  .buper ipukan lumayan dah buat camping pemula dan kluarga sangat ramah di kantong 🤩🤩🤩🤩🤩","",positif
1489,"Bumi Perkemahan Ipukan","Bumi Perkemahan TNGC",5,"Jalannya oke, fasilitas oke, viewnya oke bgt, suasananya juga oke bgt lah , cocok buat yang butuh refreshing, deket sama curug juga jadi makin oke","",positif
1490,"Bumi Perkemahan Ipukan","Bumi Perkemahan TNGC",4,"Tempat nya cocok banget bagi (orang) ngecamp pemula","",positif
1491,"Bumi Perkemahan Ipukan","Bumi Perkemahan TNGC",5,"Tempat yang cukup asik untuk camping, pemandangan bagus. Ada air terjun, panahan, dan spot selfie.","",positif
1492,"Bumi Perkemahan Ipukan","Bumi Perkemahan TNGC",5,"Udaranya sejuk.paling sejuk jam 3 pagi an berkisar 16°C. Toilet banyak,,pas camping malam minggu berisiknya minta ampun mpe ga bisa tidur,,ada yg teriak2 dari atas dan semuanya menyahut, jalanan menuju ke lokasi bagus ga terlalu curam,aspal,","",positif
1493,"Bumi Perkemahan Ipukan","Bumi Perkemahan TNGC",5,"Tempat favorit untuk camping. Lumayan jauh jika dari kota cirebon. Akses jalan cukup mudah. Air nya dingin. Udara nya sejuk. Selalu ramai pengunjung. Suasana damai ketika sepi. Adem.","",positif
1494,"Bumi Perkemahan Ipukan","Bumi Perkemahan TNGC",5,"Ngecamp bareng temen or organisasi BISA,  jalan sama pacar yang romantis BISA,  yang dari kota ingin menikmati alam sejuk BISA. Pokoknya serba bisa,  mau mandi ada air terjun juga hehee","",positif
1495,"Bumi Perkemahan Ipukan","Bumi Perkemahan TNGC",4,"Tempat bagus buat event Soal ketertiban pengunjung sih kurang soalnya saya merasa terganggu oleh orang yang karokean sampe tengah malem sama teriakan² pengunjung lain","",positif
1496,"Bumi Perkemahan Ipukan","Bumi Perkemahan TNGC",4,"Tempatnya sejuk, pemandanganya indah,,, curugnya juga lumayan bagus... Seharusnya dibangun seperti jembatan dengan pengamanan samping2, pas spot foto menuju curug... Saya naiknya gemeteran 😂","",positif
1497,"Bumi Perkemahan Ipukan","Bumi Perkemahan TNGC",4,"Buper ipukan merupakan tempat untuk berkemah yang nyaman dan aman. Fasilitas yg sudah memadai, seperti mushola, kantin, kamar mandi, gazebo, tersedia dengan cukup baik. Bahkan, fasilitas parkir pun cukup luas dan aman sehingga mobil, motor, truk dapat parkir di dalamnya. Disini pun tersedia 2 curug yg bisa untuk mandi²an. Ingin kemah praktis? Bisa banget pesan di tempatnya, dan dikantin pun tersedia alat untuk kemah. Dari tenda sampai kayu bakar. Tiket masuk, amat sangat terjangkau . Sudah 2x berkemah disini, dan selalu ada peningkatan. Top","",positif
1498,"Bumi Perkemahan Ipukan","Bumi Perkemahan TNGC",5,"Lokasi berada dikaki gunung ciremei, cocok untuk liburan dengan tema camping","",positif
1499,"Bumi Perkemahan Ipukan","Bumi Perkemahan TNGC",5,"Tempatnya adem, enak buat rehat dan melepas penat. Ada dua air terjun dan jernih airnya, juga segeeeer.","",positif
1500,"Bumi Perkemahan Ipukan","Bumi Perkemahan TNGC",5,"Aku rindu tempat ini. Tempat yg pernah kita datangi bersama. Kamu mungkin gatau, tapi pada saat itu aku mulai merasa dentuman itu. Dentuman yg membombardir saat kamu membelai rambut ku, saat kamu menjadikan lenganmu sebagai bantalan tidurku. Saat kamu yg masih mengejar aku. Lalu, orang2 bilang aku bodoh masih mengharap kamu, padahal aku hanya gatau gimana caranya membuang semua ingatan itu, melupakan cara bagaimana kamu membuat aku merasa kelamalamaan nyaman denganmu.","",positif
1501,"Bumi Perkemahan Ipukan","Bumi Perkemahan TNGC",5,"Asyik buat camping bareng keluarga🥰🥰bisa masang tenda sebelah mobil","",positif
1502,"Bumi Perkemahan Ipukan","Bumi Perkemahan TNGC",5,"Tempat alami, udara sejuk dan berkabut serta ada tempat perkemahannya.","",positif
1503,"Bumi Perkemahan Ipukan","Bumi Perkemahan TNGC",5,"Wisata alam murah meriah, ticket masuk per orang 15k. Lahan berdebu jadi licin untuk menanjak.","",positif
1504,"Bumi Perkemahan Ipukan","Bumi Perkemahan TNGC",5,"Alhamdulillah pas di buper ipukan cuma gerimis aja, walaupun di prediksi cuaca kuningan hujan petir. Kunjungan tgl 28-29 Desember 2022. Barangkali ada yg mau berkunjung karna ragu cuaca disini 👍","",positif
1505,"Bumi Perkemahan Ipukan","Bumi Perkemahan TNGC",4,"Kalau libur lebaran harga tiket naik jd 20rb/org. Hr biasa 15rb. Parkirnya byar lagi 3rb","",positif
1506,"Bumi Perkemahan Ipukan","Bumi Perkemahan TNGC",5,"Tempatnya asik perbukitan bisa dipake buat camping, katanya golden sunrisenya gakalah indah dengan golden sunrisenya Dieng. Untuk info masuk ke Curug payung musti bayar lagi 2rbu/orang karena jalannya cukup menantang dan musti hati2. Tiket masuk 15rbu/orang blm termasuk parkir 2rbu. Kalo habis ujan biasanya kabut turun. Akses jalannya bagus bisa dilaluin walaupun habis hujan turun.","",positif
1507,"Bumi Perkemahan Ipukan","Bumi Perkemahan TNGC",5,"Tempat bagus adem tempat parkir luas warung banyak","",positif
1508,"Bumi Perkemahan Ipukan","Bumi Perkemahan TNGC",5,"Pemandangan bagus, akses jalan mudah Wisata murah meriah Lengkap ada untuk makan toilet dll","",positif
1509,"Bumi Perkemahan Ipukan","Bumi Perkemahan TNGC",4,"Menikmati beragam wisata di Kuningan tak lengkap rasanya jika tidak berkunjung ke salah satu wisata yang terletak di Desa Cisantana, Kecamatan Cigugur, Kabupaten Kuningan yaitu obyek wisata Bumi Perkemahan Ipukan, terlebih bagi para pecinta alam.  Bumi Perkemahan Ipukan yang mulai dibuka pada tanggal 16 Desember 2014 ini memang salah satu wisata buper yang paling banyak dikunjungi diantara buper lainnya di wilayah Kuningan Jawa Barat ini. Hal tersebut karena terdapatnya beberapa kelebihan yang dimiliki buper ini, beberapa diantaranya adalah:  Pemandangan yang menakjubkan  Dengan ketinggiannya yang berada diatas 1200-1400 mdpl, sehingga pemandangan dataran rendah bisa dinikmati ketika berada di salah satu spot buper ini. Beberapa view yang bisa dinikmati di salah satu spot ini adalah pemandangan sunrise atau matahari terbit, pemandangan pematang sawah, pemandangan aneka macam bangunan serta pemandangan perpaduan lampu-lampu kota dan bintang-bintang yang bertaburan ketika malam hari.  Area buper cukup luas  Luas dari area Bumi Perkemahan Ipukan ini adalah 2ha. Dengan luas tersebut pengunjung akan sangat leluasa melakukan beragam aktivitas.  Suguhan aneka satwa  Jika pemandangan saja belum cukup, maka suguhan aneka ragam satwa yang cukup langka mungkin bisa menjadi salah satu daya tarik lain dari tempat wisata Bumi Perkemahan Ipukan ini. Beberapa satwa tersebut antara lain Surili, Lutung, Katak Merah hingga Burung Elang Jawa.  Terdapat curug  Daya tarik lain yang bisa memikat setiap pengunjung ketika berada di tempat wisata ini adalah terdapatnya curug atau air terjun. Sedikitnya terdapat 3 curug disini, namun yang bisa dikunjungi hanya dua curug yaitu Curug Cisurian dan Curug Payung.  (Baca juga : Bumi Perkemahan Palutungan, Bumi Perkemahan Tenjo Laut, Bumi Perkemahan Cibunar)  Curug-curug di area wisata ini menyimpan daya tariknya tersendiri, seperti pada Curug Cisurian, meski curug ini tebilang biasa namun jika pengunjung datang ke Curug Cisurian ini pada pukul antara 06:00 hingga pukul 07:00 pagi, maka pelangi akan berada tepat di bawah Curug Cisurian ini.  Sedangkan untuk Curug Payung daya tarik curug ini terletak pada struktur bebatuannya yang berundak-undak. Untuk sampai ke Curug Payung ini pengunjung akan dikenakan tarif Rp. 2.000. Track menuju curug ini cukup sulit, karena akses menuju curug ini sempit. Namun ada beberapa guide yang bisa menjadi pelindung dan pemandu untuk sampai ke curug ini.  Beberapa fasilitas yang dimiliki obyek wisata Bumi Perkemahan Ipukan ini antara lain: Mushola, Toilet, Warung, Area Parkir, Gazebo dan Pusat Informasi.  Bagi pengunjung yang memang ingin berkemah di area wisata ini namun tidak memiliki perlengkapan yang dibutuhkan tidak perlu khawatir, karena pengelola menyediakan penyewaan perlengkapan camping.  Biaya masuk ke tempat wisata Bumi Perkemahan Ipukan ini sebesar Rp. 15.000/orang. Biaya tersebut bersifat General (Rekreasi ataupun Camping).  Selain biasa digunakan untuk camping ataupun rekreasi, di Bumi Perkemahan Ipukan biasa digunakan untuk beragam kegiatan seperti, Kopdar Komunitas, Gathering, Pra-wedding dan lain sebagainya.  Akses menuju wisata ini masih berada pada jalur menuju wisata Palutungan. Infrasturktur jalan sudah bagus dan bisa dilalui berbagai kendaraan.  Dengan banyaknya daya tarik yang dimiliki Bumi Perkemahan Ipukan ini tentunya tempat wisata yang satu ini wajib dikunjungi baik untuk camping, gathering, kopdar, ataupun hanya sekedar rekreasi.","",positif
1510,"Bumi Perkemahan Ipukan","Bumi Perkemahan TNGC",4,"Ada musholah.. cukup luas.. untuk tempat wisata sih. tp kurang terawat dan fasilitas seperti sendal mushola tidak ada. Tidak ada colokan juga.","",positif
1511,"Bumi Perkemahan Ipukan","Bumi Perkemahan TNGC",4,"Sudah bagus, asik untuk camp bareng teman, asik juga untuk berkumpul dengan keluarga..","",positif
1512,"Bumi Perkemahan Ipukan","Bumi Perkemahan TNGC",4,"kalau mau camping datengnya hbis naghrib biasanya ga ada yg jaga biar gratis cuma bayar parkir wkwkwk 😂😂","",positif
1513,"Bumi Perkemahan Ipukan","Bumi Perkemahan TNGC",5,"Dingin, akses gampang, ada curug nya toilet dan warung kopi jg ada😊","",positif
1514,"Bumi Perkemahan Ipukan","Bumi Perkemahan TNGC",5,"Nagus tempatnya waktu saya pernah kesini ada banyak wiasata bagus, saran dari saya jika ingin pergi ke wisata ini disarankan menginap, karna untuk menikmati wisata yg amat banyak disitu, ya jika tidak menginap ya akan terasa kurang menikmati wisata alam disitu","",positif
1515,"Bumi Perkemahan Ipukan","Bumi Perkemahan TNGC",5,"Tempatnya asik, dingin, asri, masih banyak lutung ( Surili ), Tupai 👍","",positif
1516,"Bumi Perkemahan Ipukan","Bumi Perkemahan TNGC",5,"Tempatnya bagus....fasilitas lengkap, toilet, warung2, mushola....tempat penyewaan tenda juga ada....dan aman buat anak2 kemping...top pokokke.","",positif
1517,"Bumi Perkemahan Ipukan","Bumi Perkemahan TNGC",4,"cocok untuk funcamp, memiliki banyak area camp, ada Curug juga ga jauh dari tempat camp cuman 15 menit, minus nya suka ada orang bawa music box jadi berisik","",positif
1518,"Bumi Perkemahan Ipukan","Bumi Perkemahan TNGC",4,"tempatnya tidak jauh dari kota kuningan, jalan cukup terjal dan sempit susah papasan, ada curugnya juga namanya curug cisurian, banyak pedagang, toilet ada, mushola ada","",positif
1519,"Bumi Perkemahan Ipukan","Bumi Perkemahan TNGC",5,"Enk buat ngecam..airnya dingin bngett udaranya juga","",positif
1520,"Bumi Perkemahan Ipukan","Bumi Perkemahan TNGC",5,"Lokasinya sejuk, pemandangannya juga keren, Instagram-abel bgt sihh. Tapi jalan menuju tempatnya serem juga yaa 😅","",positif
1521,"Bumi Perkemahan Ipukan","Bumi Perkemahan TNGC",5,"Tempat yg cantik aplg utk para pemula yg ingin coba merasakan camping disaat muncak namun tdk dapat mendaki .. rasakan sensasi camping para pendaki .. Hawa y cukup dingin lebih baik bawa jaket yg hangat .. dan bila perlu bawa tenda sendiri .. meski ada penyewaan namun lebih baik menyewa tenda sendiri dirumah .. Ada tempat parkir, musholla, toilet dan warung penjual makanan 🗻⛺🌀🌲🌲🌲🌲🌲","",positif
1522,"Bumi Perkemahan Ipukan","Bumi Perkemahan TNGC",5,"Tempat liburan paling asyik nih, dekat air terjun, warung makan dan fasilitasnya pun memadai cocok untuk teman, keluarga yang mau liburan nuansya alam dan sejuk apalagi sering berkabut.","",positif
1523,"Bumi Perkemahan Ipukan","Bumi Perkemahan TNGC",5,"Tempat nya enak nyaman terjangkau....","",positif
1524,"Bumi Perkemahan Ipukan","Bumi Perkemahan TNGC",5,"Tempat nya bagus sekali,sejuk tentunya. Cocok banget buat yg suka selfi bahkan mungkin foto pre wedding 😂","",positif
1525,"Bumi Perkemahan Ipukan","Bumi Perkemahan TNGC",5,"Seruu cuman emang banyak banget yg kemping berasa lagi dipasar tumpah ygy","",positif
1526,"Bumi Perkemahan Ipukan","Bumi Perkemahan TNGC",5,"Cocok buat camp bersama keluarga","",positif
1527,"Bumi Perkemahan Ipukan","Bumi Perkemahan TNGC",5,"Salah satu tempat wajib buat camp di kuningan. Fasilitas lengkap","",positif
1528,"Bumi Perkemahan Ipukan","Bumi Perkemahan TNGC",5,"Utk toilet buat yg nge'camp jgn ditarifin bbrp x donk, apalagi bw anak kcl, jd pemborosan bgt, ditarifnya paling ga perdewasa atau ga itungan sehari..cuaca dingin kan bbrp x ke toilet trs airnya klo udh mlm habis pula dan kotor , pemuda2 yg bw alkohol agak ditekankan, teriak2 ganggu tenda lainnya 🙏 selebihnya asyik dan seru..","",positif
1529,"Bumi Perkemahan Ipukan","Bumi Perkemahan TNGC",5,"Tempat sangat nyaman, bila para pengunjung saling mengormati, seperti tidak terlalu keras menyalakan atau memainkan alat musik dan buang sampah pada tempatnya.","",positif
1530,"Bumi Perkemahan Ipukan","Bumi Perkemahan TNGC",5,"Tempat yang nyaman untuk ngecamp bersama teman atau keluarga.","",positif
1531,"Bumi Perkemahan Ipukan","Bumi Perkemahan TNGC",5,"Suasananya ademm.. apalagi kalu keluar embun, air terjunnya lumayan bagus.. cocok untuk malam tahun baru bermalam disini. Pemandangnnya sungguh menabjubkan","",positif
1532,"Bumi Perkemahan Ipukan","Bumi Perkemahan TNGC",5,"Tempat camping yg enak akses jalan mudah mobil pun bisa masuk, kalo malam dapaet view lampu kota , fasilitas ada toilet musolah warung spot spot foto yg kekinian","",positif
1533,"Bumi Perkemahan Ipukan","Bumi Perkemahan TNGC",5,"Tempat yg nyaman buat camping atau sekedar nyari suasana yg santai dan adem😁🥰","",positif
1534,"Bumi Perkemahan Ipukan","Bumi Perkemahan TNGC",5,"Liburan menikmati pemandangan alam yg masih asri","",positif
1535,"Bumi Perkemahan Ipukan","Bumi Perkemahan TNGC",5,"Bagus masih alami banyak tempat2 yg bisa buat sellfy dan","",positif
1536,"Bumi Perkemahan Ipukan","Bumi Perkemahan TNGC",5,"Bikin suasana hati jadi tenang, pas banget buat refreshing","",positif
1537,"Bumi Perkemahan Ipukan","Bumi Perkemahan TNGC",5,"cocok untuk camping keluarga dan kantor. terima kasih!","",positif
1538,"Bumi Perkemahan Ipukan","Bumi Perkemahan TNGC",5,"Tempat wisata plus camp yang bagus, suasananya sejuk banget, ditambah ada air terjun.","",positif
1539,"Bumi Perkemahan Ipukan","Bumi Perkemahan TNGC",5,"Sunrise nya bagus bisa lihat gunung merapi , spot foto bagus nih klo disini intagramable banget apalagi klo nikmati secangkir kopi dan dan bermain alat music bareng kawan kawan kita dijamin pengalaman yg bagus, mushola ada tolietpun ada airnya kenceng dan jernih warung pun ada , pokonya rekomended bgt buat nikmati sunrise di kuningan nih, Sunrise nya bagus bisa lihat gunung merapi , spot foto bagus nih klo disini intagramable banget apalagi klo nikmati secangkir kopi dan dan bermain alat music bareng kawan kawan kita dijamin pengalaman yg bagus, mushola ada tolietpun ada airnya kenceng dan jernih warung pun ada , pokonya rekomended bgt buat nikmati sunrise di kuningan nih,","",positif
1540,"Bumi Perkemahan Ipukan","Bumi Perkemahan TNGC",5,"tempat nyaman untuk bersantai bersama teman atau keluarga","",positif
1541,"Bumi Perkemahan Ipukan","Bumi Perkemahan TNGC",5,"Asri banget tempatnya","",positif
1542,"Bumi Perkemahan Ipukan","Bumi Perkemahan TNGC",5,"Sejuk bisa camp ada curug 2 parkiran luas, dan sejalur dengan pendakian gunung ciremai","",positif
1543,"Bumi Perkemahan Ipukan","Bumi Perkemahan TNGC",5,"udaranya sejuk, air terjunnya keren tpi klo mau ksini diusahain pagi ya, soalnya kalo siang bukitnya tertutup kabut","",positif
1544,"Bumi Perkemahan Ipukan","Bumi Perkemahan TNGC",4,"Kalo pengen berwisata ke alam.. Disini nih tempatnya...","",positif
1545,"Bumi Perkemahan Ipukan","Bumi Perkemahan TNGC",5,"Sangat sangat memuaskan wisata alam nya","",positif
1546,"Bumi Perkemahan Ipukan","Bumi Perkemahan TNGC",5,"Cocok buat liburan dan mengenal alam..","",positif
1547,"Bumi Perkemahan Ipukan","Bumi Perkemahan TNGC",5,"Bagus untuk represing keluarga dan sekolah keamanan selalu di pantau dan di kontrol oleh pihak koramil cigugur","",positif
1548,"Bumi Perkemahan Ipukan","Bumi Perkemahan TNGC",5,"Tampatnya cocok untuk berfoto. Cuacanya berubah ubah, kadang cerah kadang berkabut","",positif
1549,"Bumi Perkemahan Ipukan","Bumi Perkemahan TNGC",5,"Lokasi nyaman dan aman  untuk area perkemahan, namun perlu biaya tambahan untuk penerangan, toilet standard perkemahan karena air diambil langsung dari saluran air pertanian terkadang jernih terkadang keruh tergantung kondisi saluran airnya.","",positif
1550,"Bumi Perkemahan Ipukan","Bumi Perkemahan TNGC",4,"Dingin, Kunci Kabin pakai resleting, Jam 08.00 Air panas kamar mandi habis Lokasi parkir luas, Cocok untuk acara Gathering keluarga Harga menengah keatas","",positif
1551,"Bumi Perkemahan Ipukan","Bumi Perkemahan TNGC",5,"Adem banget, cocok untuk camping","",positif
1552,"Bumi Perkemahan Ipukan","Bumi Perkemahan TNGC",5,"Camping ground dengan view terbaik. Suasana dingin gunung ciremai. Kamar mandi banyak. Dekat dengan curug payung dan curug cisurian.","",positif
1553,"Bumi Perkemahan Ipukan","Bumi Perkemahan TNGC",5,"Sangat indah","",positif
1554,"Bumi Perkemahan Ipukan","Bumi Perkemahan TNGC",5,"Bakal jadi tempat camp favorit sih","",positif
1555,"Bumi Perkemahan Ipukan","Bumi Perkemahan TNGC",5,"Tidak diragukan lage","",positif
1556,"Bumi Perkemahan Ipukan","Bumi Perkemahan TNGC",5,"Bagus untuk tempatnya, bersih,nyaman, dan rapi , untuk foto"" mau pun camping lumayan enak, itu aja sih 😊👍","",positif
1557,"Bumi Perkemahan Ipukan","Bumi Perkemahan TNGC",5,"The view is very beautiful, but the path is a bit slippery at the bottom of the stairs (when you want to get to the waterfall). But that's okay, the view of the waterfall is really beautiful. There are lots of photo spots.","",positif
1558,"Bumi Perkemahan Ipukan","Bumi Perkemahan TNGC",5,"Vieu g Ciremai","",positif
1559,"Bumi Perkemahan Ipukan","Bumi Perkemahan TNGC",5,"Ok saya suka","",positif
1560,"Bumi Perkemahan Ipukan","Bumi Perkemahan TNGC",5,"Suasananya berasa camping di gunung, penuh kabuttt dingin enakkk","",positif
1561,"Bumi Perkemahan Ipukan","Bumi Perkemahan TNGC",5,"Toiletnya aga bau","",positif
1562,"Bumi Perkemahan Ipukan","Bumi Perkemahan TNGC",5,"see you next time","",positif
1563,"Bumi Perkemahan Ipukan","Bumi Perkemahan TNGC",5,"Tempat nyaman untuk camping keluarga","",positif
1564,"Bumi Perkemahan Ipukan","Bumi Perkemahan TNGC",5,"Yg pengen suasana sejuk yuk kita glamping di ipukan","",positif
1565,"Bumi Perkemahan Ipukan","Bumi Perkemahan TNGC",5,"Spot favorit nih... Biar ga main Hape terus wkwk","",positif
1566,"Bumi Perkemahan Ipukan","Bumi Perkemahan TNGC",5,"Syahdu kabut nyooo ...","",positif
1567,"Bumi Perkemahan Ipukan","Bumi Perkemahan TNGC",5,"Suasana sejuk dan nyaman, family gathering Miftahus Sa'adah berjalan lancar. Dengan fasilitas lengkap, pool, glamping, resto meeting room. Ok.","",positif
1568,"Bumi Perkemahan Ipukan","Bumi Perkemahan TNGC",5,"Nyaman dan asri suasananya","",positif
1569,"Bumi Perkemahan Ipukan","Bumi Perkemahan TNGC",5,"akses mudah, mushola tersedia, wc banyak","",positif
1570,"Bumi Perkemahan Ipukan","Bumi Perkemahan TNGC",5,"Fresh..... Back to nature....","",positif
1571,"Bumi Perkemahan Ipukan","Bumi Perkemahan TNGC",5,"Tempat yg sangat rekomendasi untuk liburan keluarga","",positif
1572,"Bumi Perkemahan Ipukan","Bumi Perkemahan TNGC",5,"Sejuk dan nyaman","",positif
1573,"Bumi Perkemahan Ipukan","Bumi Perkemahan TNGC",5,"Keren tapi kenapa pas pulang tiba-tiba ada yang minta parkir","",positif
1574,"Bumi Perkemahan Ipukan","Bumi Perkemahan TNGC",5,"Mantap sangat nyaman dan bagus","",positif
1575,"Bumi Perkemahan Ipukan","Bumi Perkemahan TNGC",5,"Lumayan buat refresh otak😅","",positif
1576,"Bumi Perkemahan Ipukan","Bumi Perkemahan TNGC",5,"Nyaman dan fasilitas lengkap dengan pemandangan indah","",positif
1577,"Bumi Perkemahan Ipukan","Bumi Perkemahan TNGC",5,"Udah lama gak kesini. Tau tau Basecamp Ciremai via Palutungan pindah ke deket buper ipukan 😂","",positif
1578,"Bumi Perkemahan Ipukan","Bumi Perkemahan TNGC",5,"Rehat di akhir pekan kumpul bareng keluarga & rekan di buper ipukan....","",positif
1579,"Bumi Perkemahan Ipukan","Bumi Perkemahan TNGC",5,"Tempat yg sll bikin kangen, banyak kenangan yg akan didapat, pokoknya mantap","",positif
1580,"Bumi Perkemahan Ipukan","Bumi Perkemahan TNGC",4,"sejuk dan tenang","",positif
1581,"Bumi Perkemahan Ipukan","Bumi Perkemahan TNGC",5,"Tempatnya nyaman dan sejuk","",positif
1582,"Bumi Perkemahan Ipukan","Bumi Perkemahan TNGC",5,"Yg pasti kalo menjelang malam udarany dingin.... So siapkan jaket ataw sweater hangat dan minuman hangat. Tempatnya assik bgt buat yg suka kemping","",positif
1583,"Curug Cipeuteuy Majalengka","Wisata Alam & Buper TNGC",1,"Tempatnya bagus .sayang Jalan  ke lokasi ini kecil","",negatif
1584,"Curug Cipeuteuy Majalengka","Wisata Alam & Buper TNGC",1,"Yg bawa roda 4, lokasi Parkir ke curug 1km harus jalan menanjak. Jalan sangat sempit...","",negatif
1585,"Curug Cipeuteuy Majalengka","Wisata Alam & Buper TNGC",1,"Tempatnya sih oke.. Buat main air sama foto2.. Cuma pelayanannya tolong diperbaiki. Sedikit mengecewakan ketika pulang harus berebut mobil sewaan dengan pengunjung yg lain, seharusnya sudah diberlakukan sistem antrian untuk itu.. Padahal petugasnya banyak. .","",negatif
1586,"Curug Cipeuteuy Majalengka","Wisata Alam & Buper TNGC",1,"keknya curugnya adek, cuma sayang pas mau kesana naik mobil gakuat ditanjakannya curam bgt sumpah dah jd muter balik.😆😑","",negatif
1587,"Curug Cipeuteuy Majalengka","Wisata Alam & Buper TNGC",1,"Mahal untuk nge camp , harus membayar 65 ribu per orang","",negatif
1588,"Curug Cipeuteuy Majalengka","Wisata Alam & Buper TNGC",1,"Lumayan segerrrr","",negatif
1589,"Curug Cipeuteuy Majalengka","Wisata Alam & Buper TNGC",1,"Bahaya jangan sekali kali","",negatif
1590,"Curug Cipeuteuy Majalengka","Wisata Alam & Buper TNGC",1,"kotor terlalu banyak sampah..","",negatif
1591,"Curug Cipeuteuy Majalengka","Wisata Alam & Buper TNGC",1,"curug kurang asik","",negatif
1592,"Curug Cipeuteuy Majalengka","Wisata Alam & Buper TNGC",1,"Air nya keruh","",negatif
1593,"Curug Cipeuteuy Majalengka","Wisata Alam & Buper TNGC",1,"Bahagia itu saat ngetrip brg sahabatAgm6😘","",negatif
1594,"Curug Cipeuteuy Majalengka","Wisata Alam & Buper TNGC",1,"Curug cipeteuy","",negatif
1595,"Curug Cipeuteuy Majalengka","Wisata Alam & Buper TNGC",2,"Tempatnya lumayan bagus tapi saya kapok kesini lagi soalnya ada beberapa pengunjung yg menguasai tempat yg harusnya cuma buat spot foto ada yg pacaran sambil tiduran ada yg makan di spot buat foto saya juga kan bayar tapi saya gk bisa foto2 disana pokoknya saya gk akan kesini lagi","",negatif
1596,"Curug Cipeuteuy Majalengka","Wisata Alam & Buper TNGC",2,"Sempat kesal sih kami baru datang dan duduk di saung... Eh malah di usir sama ibu yang punya warung. Sudah di sewa katanya jangan lama-lama harus bubar Padahal anak-anak baru aja mau makan Dan ternyata sampai kita pulang juga ga ada orang Saya pikir semua yang ada di tempat ini termasuk fasilitas curug cipeteuy Tolong lah pengelola untuk warung ini untuk lebih sopan kalo mau ngusir orang","",negatif
1597,"Curug Cipeuteuy Majalengka","Wisata Alam & Buper TNGC",2,"Temlatnya gk alami, curugnya bikinan. Tapi tempatnya bersih dan lumayan ramai. Masalah Fasilitas udah cukup bagus.","",negatif
1598,"Curug Cipeuteuy Majalengka","Wisata Alam & Buper TNGC",2,"untuk kebersihan n kenyamanan sangat baik tp Tiket masuk ny kemahalan 20rb(sabtu,minggu)","",negatif
1599,"Curug Cipeuteuy Majalengka","Wisata Alam & Buper TNGC",2,"Lokasi bagus rerekomended untuk liburan. Tiket masuk standar sesuai fasilitas Tapi ada yang saya keluhkan yaitu WC ko wajib bayar.apakah tikket masuk sebesar 20k  msh belum mewakili WC....","",negatif
1600,"Curug Cipeuteuy Majalengka","Wisata Alam & Buper TNGC",2,"Masih tutup karena ppkm yang gak tahu sampai kapan. Wisata ini sekarang dikelola oleh PT, jadi mengikuti aturan pembatasan dari pemerintah.","",negatif
1601,"Curug Cipeuteuy Majalengka","Wisata Alam & Buper TNGC",2,"Loaksi wisata bagus jalan menuju ke lokasi kecil hanya dapat dilalui satu mobil..rekomendasi naik motor untuk menuju lokasi","",negatif
1602,"Curug Cipeuteuy Majalengka","Wisata Alam & Buper TNGC",2,"Cukup bagus dan sejuk","",negatif
1603,"Curug Cipeuteuy Majalengka","Wisata Alam & Buper TNGC",3,"Pesona Alam pegunungan yang alami indah yg sejuk, terdapat kolam pemandian buat anak-anak dan keluarga","",netral
1604,"Curug Cipeuteuy Majalengka","Wisata Alam & Buper TNGC",3,"Jika menginap di Cibeur Pas, maka curug ini bisa didatangi, di google maps berjarak 2Km, tetapi itu salah, karena jalannya masih belum ada di map, sinyal di sini sangat-sangat susah, bahkan bisa dikatakan tidak ada. Setelah naik mobil berjarak 2Km, belok kiri masuk ke jalan yang hanya muat 1 mobil saja. Jalan naik curam dan berkelok-kelok, pastikan kendaraan sehat dan yang menyetir sudah ahli, karena benar-benar tidak bisa berpapasan, setelah naik sekitar 1.5Km, ada per3an dan tanda untuk ke curug belok kanan, dan di sini sudah mulai bisa berpapasan dan sampai di tempat parkir.  Di luar ekspektasi, ternyata lahan parkir sangat terbatas dan sempit, tidak bisa lebih dari 10 kendaraan, jadi pastikan tidak datang saat high season, dan saat mhsim hujan seperti ini, jalan menjadi licin, pastikan ban pada mobil sehat semua. Untuk masuk ke curug ada biaya 15K / orang dan 10K untuk biaya parkir mobil. Pastikan saat datang, langsung putar balik kendaraan, agar tidak kesulitan saat nanti mau pulang.  Tidak berhenti di situ saja, ternyata setelah beli tiket, jalan masih paving dan bagus, jalan 50m maka tiket akan diperiksa. Saat bertanya kepada petugas mereka akan bilang dekat hanya 300m, hm.... Itu semua adalah tidak benar 😅. Jalanan setelah pemeriksaan tiket ternyata hanya jalanan batu dan tanah, kondisi sedang gerimis, jadi jalanan juga menjadi licin, serta terdengar suara binatang hutan yang sangat berisik. Kemudian setelah jalan 1 km naik, akhirnya mulai terlihat dan turun tangga yang lumayan banyak dan curam. Jika bawa ank kecil harus extra hati-hati dan pasti capek turun tangganya.  Untuk keadaan curug, hm... Termasuk kecil, dan air di kolam terlihat sangat keruh, mungkin saja akibat hujan. Sepertinya momen datang ke sini buat saya dan keluarga tidak tepat, sehingga tempat ini sungguhcterlihat biasa saja, tidak ada yang spesial, malahan hanya capek naik turun tangga saja. Dan lumayan jauh jalan ke curugnya. Silahkan jika masih ada yang penasaran untukxdatang ke curug ini.","",netral
1605,"Curug Cipeuteuy Majalengka","Wisata Alam & Buper TNGC",3,"Lumayan. Sayang sudsh tidak natural bebatuannya. Alangkah baiknya cukup viarkan natural saja. Bebatuan yang langsung dari air terjun sayang sekali sudah dibeton. Padahal memang bagus alami. Namun dari segi perawatan, atau secara sapta pesona memang sudah cukup baik dalam pengelolaan. Hanya saja sayang sekali apabila yang seharusnya asli dari alam malah dibangun yang buatan manusia.","",netral
1606,"Curug Cipeuteuy Majalengka","Wisata Alam & Buper TNGC",3,"Tempatnya lumayan bagus, sayang akses menuju kesana sangat sempit, hanya muat 1 mobil pribadi, agak sulit jika berpapasan jalan dgn mobil lain, lebih nyaman menggunakan sepeda motor. Kondisi jalan 85% bagus, hanya saja perlu hati hati terutama menjelang tiba di lokasi karena kondisi jalan dengan tanjakan curam. curugnya juga tidak terlalu tinggi, hanya sekitar kurang lebih 8 sampai 10 meter.","",netral
1607,"Curug Cipeuteuy Majalengka","Wisata Alam & Buper TNGC",3,"Bagus,rapi dan bersih..karena masuk kawasan hutan nasional...sayang tempat parkir hanya tersedia untuk roda 2 saja...buat yg bw mobil..tidak recomend deh...","",netral
1608,"Curug Cipeuteuy Majalengka","Wisata Alam & Buper TNGC",3,"Tempat nya asri, bersih , medan jalan nya lumayan menantang naik turun tajam, jalan sempit kalo untuk mobil, ya pas pas an lah, Secara keseluruhan ok , tiket masuk 15rb/orang, parkir motor 3rb, ok lah, masih relatif murah. Bintang 3 untuk mck nya, kan itu kolam air dan air terjun nya enggak benar benar bersih, karena campur lumpur, pasir dan daun daunan, jadi mck harus nya bersih buat bilas, mandi dan lainnya, Ini mck nya pake air yang ada lumpur pasir, enggak bener bener bersih air nya, kaya air buangan nya yang enggak di apa apa in lagi, Jadi agak percuma bilaas mandi di mck nya, Semoga bisa diperbaiki kedepannya","",netral
1609,"Curug Cipeuteuy Majalengka","Wisata Alam & Buper TNGC",3,"Tempatnya sejuk pas buat ngilangin penat","",netral
1610,"Curug Cipeuteuy Majalengka","Wisata Alam & Buper TNGC",3,"Worth it buat sesekali mah untuk 20.000 tiket masuk + parkir 3000","",netral
1611,"Curug Cipeuteuy Majalengka","Wisata Alam & Buper TNGC",3,"Tempat nya adem Asri cocok untuk bersantai, tempat ibadah nya banyak tdk susah,makanan nya murah.","",netral
1612,"Curug Cipeuteuy Majalengka","Wisata Alam & Buper TNGC",3,"tempatnya enak adem, tp penjual yang di deket curugnya judes banget, padahal first time kesitu, kaya gaenak banget..","",netral
1613,"Curug Cipeuteuy Majalengka","Wisata Alam & Buper TNGC",3,"Udara sejuk kolam yg dimodif bagus untuk pemandian anak"" sangat disayangkan akses untuk kendaraan roda 4 kurang memadai, sehingga pengunjung beroda 4 harus meneruskan perjalanan menuju Curug dengan berjalan kaki lumayan melelahkan.","",netral
1614,"Curug Cipeuteuy Majalengka","Wisata Alam & Buper TNGC",3,"A worth place for you who love nature. Rutenya menegangkan karena hanya cukup 1 mobil, tanjakkannya juga dahsyat guys. Dr parkiran ke curugnya lumayan jauh, kamu bisa naik ojek kok.","",netral
1615,"Curug Cipeuteuy Majalengka","Wisata Alam & Buper TNGC",3,"Not god untuk lokasinya, menuju arah kesana harus menggunakan mobil kecil, tdk bisa ukuran minibus.. Jika ingin mencoba silahkan..","",netral
1616,"Curug Cipeuteuy Majalengka","Wisata Alam & Buper TNGC",3,"sebelum nyampe curug cipeteuy ada marka jalan gunakan gigi satu,ingat itu harus ektra hati hati selain jalannya nanjak kondisi jalan lebarnya hanya pas untuk satu mobil dan sekali kali nyalakan klakson untuk menandakan kendaraan yang berlawan arah","",netral
1617,"Curug Cipeuteuy Majalengka","Wisata Alam & Buper TNGC",3,"tempat nya just so-so, ga banyak spot yg bisa dikunjungi tapi lumayan lah buat yg mau main ciprat cipratan kaya mermaid kan, dan buat yang mau kencing siapin duit 2rb sekali kencing, jadi kalo kebanyakan minum dan udara lagi dingin penghujan bisa kencing 9-10 kali which is 2rb x 10 = 20rb, cara cepat buat pergi umroh ya wak wkwkk","",netral
1618,"Curug Cipeuteuy Majalengka","Wisata Alam & Buper TNGC",3,"Tiket masuk kemarin saat lebaran 15000, ada beberapa kolam untuk mandi, dan ada kolam kecil yg bisa untuk anak-anak.","",netral
1619,"Curug Cipeuteuy Majalengka","Wisata Alam & Buper TNGC",3,"Hanya 3 kolam yg layak untuk berenang... Kolam² yg d bawah airnya keruh ..","",netral
1620,"Curug Cipeuteuy Majalengka","Wisata Alam & Buper TNGC",3,"Masih kurang bagus track ke atasnya, apalagi klo udah hujan, becek dan licin.","",netral
1621,"Curug Cipeuteuy Majalengka","Wisata Alam & Buper TNGC",3,"Puas Krn bisa mencari jalan yg blm tau,dan bisa tau semuanya ,tentang rekreasi","",netral
1622,"Curug Cipeuteuy Majalengka","Wisata Alam & Buper TNGC",3,"Akses y lumayan jauh dari jalan raya tapi pemandangan y indah/sejuk","",netral
1623,"Curug Cipeuteuy Majalengka","Wisata Alam & Buper TNGC",3,"Tiketnya 15rb...terbilang mahal untuk kawasan wisata alam","",netral
1624,"Curug Cipeuteuy Majalengka","Wisata Alam & Buper TNGC",3,"Bagus buat refreshing Jalan ke lokasi lumayan menantang","",netral
1625,"Curug Cipeuteuy Majalengka","Wisata Alam & Buper TNGC",3,"Medan yg sangat ekstrim..kalau hujan.😰😰","",netral
1626,"Curug Cipeuteuy Majalengka","Wisata Alam & Buper TNGC",3,"Mau tanya kalo dari cirebon ke curug cipeuteuy ada rajia polisi ngga???","",netral
1627,"Curug Cipeuteuy Majalengka","Wisata Alam & Buper TNGC",3,"Anugrah yang maha kuasa perlu dirawat dan berbenah lg...","",netral
1628,"Curug Cipeuteuy Majalengka","Wisata Alam & Buper TNGC",3,"Akses jalan ektrem...R4 pemula tidak di sarankan","",netral
1629,"Curug Cipeuteuy Majalengka","Wisata Alam & Buper TNGC",3,"Jalannya nanjak mandi di curugnya seger","",netral
1630,"Curug Cipeuteuy Majalengka","Wisata Alam & Buper TNGC",3,"Wisata alam sudah tertata rapih.","",netral
1631,"Curug Cipeuteuy Majalengka","Wisata Alam & Buper TNGC",3,"Luar biasa bagus. Alamnya masih asri","",netral
1632,"Curug Cipeuteuy Majalengka","Wisata Alam & Buper TNGC",3,"Sangat baik untuk refleksi jiwa 👏","",netral
1633,"Curug Cipeuteuy Majalengka","Wisata Alam & Buper TNGC",3,"Tidak terawat","",netral
1634,"Curug Cipeuteuy Majalengka","Wisata Alam & Buper TNGC",3,"Sejuk & fresh udaranya","",netral
1635,"Curug Cipeuteuy Majalengka","Wisata Alam & Buper TNGC",3,"Akses jalan lebih di perbagus","",netral
1636,"Curug Cipeuteuy Majalengka","Wisata Alam & Buper TNGC",3,"Akses jalan kurang memadai","",netral
1637,"Curug Cipeuteuy Majalengka","Wisata Alam & Buper TNGC",3,"Tempat kurang bagus untuk disabilitas","",netral
1638,"Curug Cipeuteuy Majalengka","Wisata Alam & Buper TNGC",3,"Jln pas 1 mobil","",netral
1639,"Curug Cipeuteuy Majalengka","Wisata Alam & Buper TNGC",3,"Bersih dan alami","",netral
1640,"Curug Cipeuteuy Majalengka","Wisata Alam & Buper TNGC",3,"Bersih, sejuk, indah...","",netral
1641,"Curug Cipeuteuy Majalengka","Wisata Alam & Buper TNGC",3,"Curug na leutik...siga cai pancuran 😁 Ada kolam2 buat berendam kalo suka...vasilitas mah mayan...banyak tempat kongkow...😁","",netral
1642,"Curug Cipeuteuy Majalengka","Wisata Alam & Buper TNGC",3,"Good ambience, but the access road is quite narrow, more careful in the rain","",netral
1643,"Curug Cipeuteuy Majalengka","Wisata Alam & Buper TNGC",3,"I've visited this place long time ago and based on my experience the way to go there isn't really that good and far from the hallway.","",netral
1644,"Curug Cipeuteuy Majalengka","Wisata Alam & Buper TNGC",3,"rest slowly","",netral
1645,"Curug Cipeuteuy Majalengka","Wisata Alam & Buper TNGC",3,"Alam yang sangat sejuk","",netral
1646,"Curug Cipeuteuy Majalengka","Wisata Alam & Buper TNGC",3,"Ti'is ceuli herang mata","",netral
1647,"Curug Cipeuteuy Majalengka","Wisata Alam & Buper TNGC",3,"Menye ng kan","",netral
1648,"Curug Cipeuteuy Majalengka","Wisata Alam & Buper TNGC",3,"very very nice","",netral
1649,"Curug Cipeuteuy Majalengka","Wisata Alam & Buper TNGC",5,"✔️Htm kunjungan : 15-20k/org ✔️Htm 🏕️ : 35k/org free lahan, listrik, wifi & fasilitas lainnya ✔️Toilet bersiih, berlantai, air melimpah & dingiin (free) ✔️Mushola juga ada, mukenahnya bersih ✔️Suasananya menenangkan, hutan, sungai, cocok untuk healing ✔️Area camping di atas, tapi bisa juga di bawah ✔️Warung banyak, tapi klo mlm tutup ✔️Aliran sungai banyak kolamnya bisa untuk berenang, dgn kedalaman 50cm-150cm ✔️Banyak tempat duduknya ✔️Pengelolanya informatif saat kita camping ✔️Areanya juga bersih, pagi & sore selalu disapu ✔️Jalannya pasti nanjak teruss & cukup kecil, tapi Aman kok klo kendaraannya fit bisa dilewatin elf ✔️Parkir mobil terbatas tapi kang parkirnya responsif mengarahkan dgn aman ✔️Jalan 150m dari parkiran pintu masuk (landai), jalan ke curugnya banyak tangga tapi tangga berbatu rapih. Klo tangga yg landai bisa lewat jembatan kuning ✔️Gada signal karna di Lembah, tapi ada voucher wifi harga 5k internet lancar ✔️Rekomended..!!!","",positif
1650,"Curug Cipeuteuy Majalengka","Wisata Alam & Buper TNGC",5,"Kesini pas cuti bersama imlek, ternyata cuma kita bertiga yg camping disini, kukira bakal rame ya, mungkin karena mendekati Ramadan jadi sepi. Tapi pengelolanya baik banget, mereka tidur di aula cuma buat jagain kita bertiga sekeluarga, makasih loh ya mas😊 toiletnya bersih, mushola bersih, warung banyak tapi karena sepi jadi jam set. 4 udah pada tutup. Gaada sampah sama sekali, area nya luas jadi pas malem agak takut dikit. Cuma jalannya cukup menantang ya, tapi motor scoopy umur 10 tahunku masih kuat buat naik sih jadi aman ya","",positif
1651,"Curug Cipeuteuy Majalengka","Wisata Alam & Buper TNGC",5,"Jalannya bagus akses terjangkau Suasananya masih asri Bisa buat mandi/berenang Spot buat foto banyak banget.","",positif
1652,"Curug Cipeuteuy Majalengka","Wisata Alam & Buper TNGC",5,"Curug Cipeuteuy HTM 20rb suasana adem asri Air cukup jernih dan segar untuk berenang dan berendam.","",positif
1653,"Curug Cipeuteuy Majalengka","Wisata Alam & Buper TNGC",5,"Cakepp poll, banyak spot fotonya. jalannya naik bangett busett tp terbayarkan dengan view yg cantikk, kesana pas hari weekday seru sepi bgt berapa punya sendiri hahaha. Jangan lupa kesini man teman aku jamin gaakan nyesel percayalah wkwk","",positif
1654,"Curug Cipeuteuy Majalengka","Wisata Alam & Buper TNGC",5,"Jarak dari tempat parkir ke curug cukup dekat dan terbilang landai ( ramah anak ). Toilet bersih. Lingkungan bersih, mohon dijaga ya guys. Ada warung dekat curug, jadi kalau lapar enggak usah bingung. Rute menuju kesana cukup menantang, tapi LCGC masih aman kok.","",positif
1655,"Curug Cipeuteuy Majalengka","Wisata Alam & Buper TNGC",5,"suka banget kesini dari masih sd sampe sekarang udah kerja best banget harus kesini sih buat keluarga cocok banget. tempatnya pas dateng bersih banget","",positif
1656,"Curug Cipeuteuy Majalengka","Wisata Alam & Buper TNGC",5,"Tempatnya menyenangkan Cocok untuk bersantai dan bermain air di kolam yang tidak dalam","",positif
1657,"Curug Cipeuteuy Majalengka","Wisata Alam & Buper TNGC",5,"Lokasi wisata satu ini dikelola sangat baik. Kondisi alamnya bagus dan sejuk. Jalur jalan kaki menuju lokasi sudah bagus sebagian menggunakan pavingblok, aman dan nyaman untuk orang tua dan anak2. Tiket masuk 15rb per orang yang dapat dibeli di pintu masuk. Fasilitas di area cukup lengkap, toilet, warung yang harganya terjangkau. Di musim hujan debit air terjun besar tapi air agak keruh. Kedalaman kolam cukup dalam, pastikan anak-anak dalam jangkauan perhatian orang tua.","",positif
1658,"Curug Cipeuteuy Majalengka","Wisata Alam & Buper TNGC",4,"Tempatnya asik sejuk tenang, cocok untuk menenangkan diri dari segala hiruk pikuk kehidupan ( saya di datang di hari kerja bukan hari libur ) Di tambah tempatnya tersembunyi jadi tanpa sinyal jadi aman tanpa gangguan telpon atau SMS Istilahnya bisa menghilang sejenak dari kehidupan mahluk sosial","",positif
1659,"Curug Cipeuteuy Majalengka","Wisata Alam & Buper TNGC",5,"Tempat wisata yang terbaik dengan curug yang mempunyai 7 mata air di kuningan best","",positif
1660,"Curug Cipeuteuy Majalengka","Wisata Alam & Buper TNGC",5,"Htm nya 15k, tersedia toilet gratis, banyak tempat duduk dari batu ada mushalla dan gazebo, ada warung yang bisa pesan nasi liwet. sejuk adem asri dan menenangkan cocok untuk yang lagi cari tempat untuk ngadem","",positif
1661,"Curug Cipeuteuy Majalengka","Wisata Alam & Buper TNGC",4,"Wisata yg cukup terkenal ,jalan menuju lokasi cukup ekstrem terutama buat mobil karena jalan yg hanya muat 1 mobil dan tanjakan yg curam juga berkelok ,jadi harus hati² terutama saat musim hujan,lahan parkir juga terbatas. Menurut saya kurang begitu cocok untuk Anak² karena air yg sangat dingin dan dasar kolam banyak batu kecil² seperti pasir sakit klw d injak,juga terdapat banyak anak tangga yg harus dilewati . Disini juga gada sinyal . Harga tiket masuk saat hari biasa hanya 15 rbu parkir motor 3 rbu ,dari tempat parkir kita harus berjalan -+ 300m ke lokasi air terjun . Pengunjung juga bisa pesan Paket Nasi liwet ,sebaiknya pesan sebelum hari kedatangan. Disini juga terdapat lokasi untuk Camping dan sewa peralatan Camping, pengunjung tinggal menghubungi pengelola tempat wisata untuk menanyakan lebih detailnya.","",positif
1662,"Curug Cipeuteuy Majalengka","Wisata Alam & Buper TNGC",5,"tempatnya sejuk.. rekom banget untuk liburan keluarga","",positif
1663,"Curug Cipeuteuy Majalengka","Wisata Alam & Buper TNGC",5,"Jalan menuju lokasi terbilang bagus, hanya kecil, kalo ketemu lawan di depan harus mepet. Jalan menanjak nya lumayan curam. Sampai di lokasi perkiraan mobil terbatas. Datang pagi dapat tempat deket loket masuk, tiket 15rb per orang dan parkir 10rb untuk mobil. Kalo motor kurang paham - +5rb mungkin. Tempat bagus, bersih, airnya jernih","",positif
1664,"Curug Cipeuteuy Majalengka","Wisata Alam & Buper TNGC",5,"Tempat nyaman & fasilitas lengkap","",positif
1665,"Curug Cipeuteuy Majalengka","Wisata Alam & Buper TNGC",5,"Tempat favorit pertama saya di kabupaten majalengka adalah wisata curug cipeuteuy, lokasinya jauh dari hiruk pikuk dan peliknya suasana perkotaan, seolah menghasilkan mantra tersendiri untuk menenangkan pikiran kita masing masinh, semua yang datang kesini akan ikut terhipnotis oleh keindahan segmen segmen alamnya, bak sebuah negri dongeng yang tergambarkan ada 2 bukit berdempetan dengan ditengahnya mengalir surga air pegunungan berwarna biru dan menyegarkan, komposisi yang lengkap berpadu dengan udara yang dihasilkan langsung oleh alam disekitarnya","",positif
1666,"Curug Cipeuteuy Majalengka","Wisata Alam & Buper TNGC",5,"Wisata Curug yang sangat populer yang ada di kabupaten Majalengka, posisi nya di kawasan gunung Ciremai, seluruh pemandangan penuh dengan hutan seperti di gunung aja enak banget alam nya bener bener kejaga tanpa kerusakan, air yang disediakan benar benar air alami dari kaki gunung Ciremai, jadi saat mandi air pun rasanya sangat dingin tapi enak, tersedia beberapa kolam dari yang lumayan dalem sampai yang cocok banget untuk anak anak, cuman hati hati saat bermain harap untuk menjaga anak kecil, karena namanya air alam jadi tidak bisa dikuras menyebabkan licin jadi perlu ekstra hari hati.  Fasilitas yang tersedia cukup lengkap, toilet yang lumayan lah cuman lebih tingkatkan lagi kebersihan untuk kenyamanan seperti rajin sikat lantai agar tidak ada lumut walaupun sedikit dan ya sediakan himbauan untuk membilas bekas buang air kencing karena pernah masuk ya bau air kencing nya masih ada seperti belum di bilas, untuk kantin nya ada tersedia banyak makanan dan minuman lengkap, wahana bermain tersedia diatas.  Akses jalan yang jadi kesulitan, memang wajar akses nya sulit karena terletak di pegunungan dan kawasan gunung Ciremai, jalanan nya memang naik turun dan berliku namun patut disyukuri jalan nya tidak banyak lubang, saat saya menuju ke tempat wisata dengan kendaraan roda dua yang perlu di perhatikan hanya gas sama rem aja sama perlu fokus kalo ga fokus bisa nyungseb ke sawah.  Overall ini adalah wisata alam di Majalengka yang bener bener terjaga dan terpantau pemeliharaan nya bahkan menurutku ini adalah wisata yang selalu berkembang kedepannya.","",positif
1667,"Curug Cipeuteuy Majalengka","Wisata Alam & Buper TNGC",5,"Tempat wisata alam yang perlu dikunjungi kalau sedang di Majalengka, yaitu ""Curug Cipeteuy"". Letaknya di kaki Gunung Ciremai. Trekking dari pintu masuk ke Curug'nya kurleb 10 menit'an. Tapi asli bakalan menyenangkan karena kanan kiri lihat puun-puun berwarna hijau dan pemandangan alam yang warbiasah keren. Cukup terawat lingkungannya yaa. Ai dateng pas weekend jadi bayar HTM Rp 20K. Ga terlalu rame pas bulan puasa. Puas explore! . Tapi sayang karena pas ai dateng, curug'nya sedang dibersihkan jadi air terlihat coklat dan tidak jernih. Banyak tempat nongki diantara puun pinus ditambah beberapa spot ayunan yang bisa jadi ajang tempat foto yang instagrammable. Plus, semilir angin bikin nambah betah. Recommended buat ""short escape""!","",positif
1668,"Curug Cipeuteuy Majalengka","Wisata Alam & Buper TNGC",5,"Udara segar nyaman angin sepoy-sepoy..utk menghilangkan kepenatan dr aktifitas kerja berkunjunglah k curug cipeuteuy 😁🤣😁 Di jamin seger airnya,tp jgn d minum y.","",positif
1669,"Curug Cipeuteuy Majalengka","Wisata Alam & Buper TNGC",4,"Akses jalan menuju lokasi lumayan berliku-liku banyak tanjakan yang lumayan curam, hanya muat untuk satu mobil namun jalannya sudah rapih tertata dengan rapih dan cukup mulus untuk ukuran lokasi tempat wisata. Dari tempat parkir ke curug tidak terlalu jauh masih friendly untuk orang tua. Tersedia banyak saung2 yang menjajakan makanan ringan dan minuman di jalan menuju area curug. Mushola dan wc tersedia cukup bersih. Tiket untuk masuk 15k/orang belum trmasuk parkir.","",positif
1670,"Curug Cipeuteuy Majalengka","Wisata Alam & Buper TNGC",5,"Curug Cipeuteuy ini terdapat di sekitar gunung ciremai (pas masuk ada keterangan taman gunung ciremai). Untuk ke sini lebih direkomendasikan naik sepeda motor karena jalannya sempit kalo pake mobil. Untuk ke lokasi harus jalan dulu dari tempat pemungutan retribusi. Dalam perjalanan bakal disuguhi hijaunua daun. Direkomendasikan bawa air minum atau bisa beli di warung di lokasi karena bakal cukup menguras tenaga dalam perjalanannya. Di curugnya bisa buat berenang dan tidak terlalu dalam sekitar 1,5 meter jadi cocok untuk yang gak bisa berenang. Dan jangan lupa bawa baju ganti karena kurang sempurna kalo kesini gak nyebur ke air. Setelah main air nanti bisa jajan pop mie di warung dekat air terjun. Untuk tiket masuknya 25 ribu (jika belum berubah) dan bakal dapat gantungan kunci berdesain curug cipeteuy dan gunung ciremai.","",positif
1671,"Curug Cipeuteuy Majalengka","Wisata Alam & Buper TNGC",5,"Bismillah, maasyaallah seru sekali liburan kali ini kami sekeluarga bisa mengunjungi Curug Cipeuteuy yg berlokasi di Dukuh Pasir Desa Bantaragung, Majalengka Jawa Barat. Kebetulan kami datang ke sana pas weekday sekitar jam 9an pagi jadi masih sepi pengunjung, serasa milik pribadi heheh.... Fasilitas yg disediakan cukup lengkap ada mushola, toilet, warung buat jajan pop mie (favorit bocil sih ini heheh) ada gazebo yg lega buat keluarga dengan bawaan banyak 😁 dan bisa pesan makanan ke kantin juga, cuma kami belum sempat cicipin sudah keburu balik. Selain itu tempatnya juga nyaman, bersih, dan asri memanjakan mata pokoknya mah. Untuk tiket masuk itu Rp 15.000/orang. Semoga nanti bisa berkunjung ke sini lagi aamiin...","",positif
1672,"Curug Cipeuteuy Majalengka","Wisata Alam & Buper TNGC",5,"Curug yang dikelola dengan baik. Curug tidak terlalu tinggi, tapi banyak dibuat kolam untuk berenang. Desainnya dibuat alami, jadi menyatu dengan alam dan tetap cantik. Jalan setapaknya sudah sangat bagus dan landai.  Cocok buat liburan keluarga, karena kolamnya punya beberapa kedalaman dari 70 - 130 cm. Ada pancuran air alami yang jernih banget dan ada ikannya.  Ada bagian bukit pinus yang sangat alami, kita bisa naik dengan tangga yang sudah rapi.  Kalau suka camping juga ada bagian camping groundnya. Toiletnya bersih.  Akses jalan mulai dari gerbang cukup untuk 1 mobil. Sudah diaspal dan mulus.","",positif
1673,"Curug Cipeuteuy Majalengka","Wisata Alam & Buper TNGC",5,"seriusan bagus puool.. bersih, jalan halus udah paving blok cuma jalan beberapa menit udah sampai air terjun kids friendly  banget jalananya","",positif
1674,"Curug Cipeuteuy Majalengka","Wisata Alam & Buper TNGC",5,"Bismillaah.. Akses Jalan menuju Curug Cipeuteuy aman bagus mulus hanya mungkin klo mobil harus hati' karna pas keatas jalannya kecil tpi aspal sejati bagus🥳 Jalan kakipun sebentar paling 10 mnit juga smpe, harus bawa baju ganti ya.. Soalnya enak tuk renang.  Walo curugnya kecil tpi kolamnya banyak. Alhamdulillaah  Tiket masuk 15 , motor 3 rb + mobil 10 rb","",positif
1675,"Curug Cipeuteuy Majalengka","Wisata Alam & Buper TNGC",4,"Tempat masih asri dan bersih. Untuk berenang juga oke. Pokoke mantul, walaupun harus jalan kaki dari pintu masuk sekitar 250-300 meter kelokasi curug nya. Biaya masuk Rp.20.000, anak dibawah 6 tahun gratis","",positif
1676,"Curug Cipeuteuy Majalengka","Wisata Alam & Buper TNGC",5,"Eksotik, bagus.. tapi sayang pas lebaran rame bgt, soalnya saya suka yg ga terlalu rame. Ini saya punya foto curug hari ini dan 5 tahun yang lalu tahun 2018","",positif
1677,"Curug Cipeuteuy Majalengka","Wisata Alam & Buper TNGC",5,"Tempat yg nyaman untuk kluarga..suasanya menyejukan sekali...sepnjang perjalanan ke curug juga bnyak pemandangan yg m3menjakan mata","",positif
1678,"Curug Cipeuteuy Majalengka","Wisata Alam & Buper TNGC",5,"tempat yang sangat cocok untuk rekreasi, ditambah suasana nya sangat sangat syahdu. saya sarankan untuk datang kesini saat gerimis atau mendung karena vibes alamnya sangat terasa.","",positif
1679,"Curug Cipeuteuy Majalengka","Wisata Alam & Buper TNGC",5,"Saya & suami dtng di weakday jadi tempat curugnya sepi enak untuk berfoto-foto bagus curugnya bersih sudah di tangani oleh pengelola dngn baik terawat tempatnya masuk aga ke dlm sedikit tp aman jln nya landai enak untuk di lalui sudah banyak wrng di Sana jadi krn weakday banyak yg tutup kebetulan ada 1 yg baru buka pas siangnya ga lama turun hujan sekalian neduh saya & suami berteduh sekakalian ngopi di wrng ibu2 penjualnya ramah2 banyak ngobrol kami di sana baru kali ini saya menginjakan kaki di majalengka jadi masih cari2 tmpt2 wisata di sana sambil tanya2 dngn ibu warung oh ya untuk tiket masuk di weakday 12000k/orang ntah klw weekend saya tdk sempat liat cukup jadi pengalaman menyenangkan tuk kami berwisata ke majalengka masih penasaran dng tmpt wisata lainnya di kota kecil ini","",positif
1680,"Curug Cipeuteuy Majalengka","Wisata Alam & Buper TNGC",5,"Tempat yang wajib di kunjungi untuk melepas penat Pemandangan bagus, sejuk, adem, asri Tiket masuk 15rb Parkir motor 3rb Enak datang pagi Curug nya masih sepi dan air jernih, semakin siang semakin ramai dan air jadi keruh","",positif
1681,"Curug Cipeuteuy Majalengka","Wisata Alam & Buper TNGC",5,"Tempatnya asri dan bikin adem,, cocok bet jika musim kemarau kesinii,, bisa mandi, camping dan ngeliwet, tempatnya indah apalagi malam hari dihiasi byk lampu hias yg indah, tiket masuk 15k perorang, parkir motor 3k dan mobil 10k sajjah. Recommended 🔥✨","",positif
1682,"Curug Cipeuteuy Majalengka","Wisata Alam & Buper TNGC",4,"Airnya dingin, kedalaman kolam 150cm, Orang tua di himbau memperhatikan anak anak nya yg bisa berenang maupun tidak ketika berendam dan berenang di kolam nyaa, pengunjung ramai lancar, Tersedia fasilitas kamar bilas mushola, toilet, Tangga naik dan turun sebagian dari marmer granit berpotensi lisin, dan belum tersedia handril/pegangan tangan ketuka menuruni tangga","",positif
1683,"Curug Cipeuteuy Majalengka","Wisata Alam & Buper TNGC",5,"Perjalanan menuju obyek wisata ini jalannya menanjak yang cukup ekstrim, kondisi kendaraan harus benar-benar dalam kondisi prima","",positif
1684,"Curug Cipeuteuy Majalengka","Wisata Alam & Buper TNGC",4,"Tempat nya enak,,bagus,,asri dan masih alami,,,jalan menuju curug pun lumayan mulus dan bagus,,,cuman sayang bagi saya jalan dari parkiran ke curug cukup lumayan jauh kalau hari biasa sepi pula....🤭🤭🤭🤭","",positif
1685,"Curug Cipeuteuy Majalengka","Wisata Alam & Buper TNGC",4,"Tenang dan damai sangan rekomended sekali untuk yg butuh ketenangan jauh dari kebisingan hiruk pikuk perkotaan","",positif
1686,"Curug Cipeuteuy Majalengka","Wisata Alam & Buper TNGC",5,"Kalimat pertama yg keluar adalah, ""bersih tertata rapi"". Pasca covid, masuk masih menerapkan standar kesehatan. Lokasi bersih sekali dan tertata. Vegetasi hutan disekeliling masih bagus. Jalan menuju lokasi landai dan gak menguras tenaga. Dibikin semacam terasiring kolam agar aman buat main air. Tong sampah banyak sekali, tinggal pengunjung aja. Parkir motor dan mobil ada. Jalan akses menuju ke sini rada sempit kalau papasan. Pandangan cantik indah selama perjalanan ke sini.","",positif
1687,"Curug Cipeuteuy Majalengka","Wisata Alam & Buper TNGC",5,"Bentangan alam yang begitu indahnya, dengan background pepohonan dan air terjun, bukan hanya itu dengan fasilitas yang lengkap dan banyak spot foto yang menarik memberikan kesan pertama yang sangat baik untukku.  Oleh karena itu recommended banget buat kalian yang ingin bersantai menikmati indahnya alam baik bersama keluarga, teman atau pacar.","",positif
1688,"Curug Cipeuteuy Majalengka","Wisata Alam & Buper TNGC",5,"Tempatnya masih asri bngt. Ga banyak pengunjungnya dan tempatnya lumayan luas. Ada beberapa tempat buat pikniknya kalau emang gamau nyebur. Toiletnya lumayan bersih.","",positif
1689,"Curug Cipeuteuy Majalengka","Wisata Alam & Buper TNGC",5,"Great view!! MaasyaaAlloh pemandangan nya. Sweet escape dari hingar bingar kota. Cuma jalan menuju Curug nya itu Allohu akbar,, benar2 luar biasa, naik naik ke puncak gunung sekali. Tapi terbayarkan begitu sampai di lokasi","",positif
1690,"Curug Cipeuteuy Majalengka","Wisata Alam & Buper TNGC",5,"Tempatnya asri sejuk tapi akses lumayan jauh jln nya nanjak bgt hati² mobil atau motor yg stamina kurang bagus bisa ga kuat di tanjakannya. Untuk HTM menurut saya agak mahal 20rb. Harusnya diturunkan jadi 15rb jadi wajar krn rata2 tiket wisata segitu","",positif
1691,"Curug Cipeuteuy Majalengka","Wisata Alam & Buper TNGC",5,"Suasana nya menyenangkan sekali. Aman  untuk bawa anak-anak refreshing dan mengenal alam. Ada beberapa wahana yang bisa dicoba. Sekedar piknik Gelar tikar dan Makan bersama pun menyenangkan. Ga nyesel deh kalau ke sini. Di masa pandemi COVID19, pengelola menerapkan protokol kesehatan yang baik.","",positif
1692,"Curug Cipeuteuy Majalengka","Wisata Alam & Buper TNGC",5,"Akses menuju tempat wisatanya bagus, benar benar berada di dalam hutan udara cukup sejuk, perlu diwaspadai agak licin menuju ke Curug nya dan pastikan kendaraan dalam keadaan baik.","",positif
1693,"Curug Cipeuteuy Majalengka","Wisata Alam & Buper TNGC",5,"Suasananya sejuuuk syekali, tempatnya nyaman bersih, air terjunnya beniiing,dingiiiiin bgt, pemandangannya sangat indah.... Pokoknya luar biyasa, ngga bakalan nyesel dtng ksna.. Akses jalan bagus, htm terjangkau","",positif
1694,"Curug Cipeuteuy Majalengka","Wisata Alam & Buper TNGC",5,"Tempatnya bagus, asri, belum banyak yang tau sepertinya. Datang kesini ga terlalu banyak orang. Cocok untuk yang mau healing, niis ke tempat sejuk dan menyepi. Sayang akses jalannya belum mempuni, harus naik lagi mobil kolbak untuk smp ke lokasi","",positif
1695,"Curug Cipeuteuy Majalengka","Wisata Alam & Buper TNGC",4,"Dingin banget airnya. Bener2 seger sih mandi dan menikmat air mancur disini. Hati2 aja pas naik nanjak banget rem musti lancar. Better visit ps weekdays karna ga serame weekend. Jalannya cuma kek 1. Tapi ada yang naik dan turun.","",positif
1696,"Curug Cipeuteuy Majalengka","Wisata Alam & Buper TNGC",5,"Bagus, masih asri. Airnya jernih. Wisata bagian atasnya ga ada yg jaga harus hati2. Pastikan telapak sendalnya ga licin karena banyak bukit dari tanah. Ada toilet, tempat bilas dan mushola, ada warung kecil juga. Jalan menuju sana kecil dan sempit, gak disarankan pakai mobil besar (fortuner/pajero)","",positif
1697,"Curug Cipeuteuy Majalengka","Wisata Alam & Buper TNGC",5,"Tempatnya bagus, htm 15k weekend 20k Parkir motor 3k, mobil 10k  Sinyalnya susah harus ke atas bukit, tempar wc bayar ibarat ada tempat renang harus hayar lagi pas ganti pakaian 2x opit huft  Kekurangannya yaitu panjang orang pacaran saattt, gue jomblo saatt  Oh iya tempat ibadahnya ga ada","",positif
1698,"Curug Cipeuteuy Majalengka","Wisata Alam & Buper TNGC",4,"datang saat pandemi dan libur panjang sehingga curugnya cukup ramai. Tempatnya bersih, terawat, terdapat beberapa warung makan kecil di dalam area wisata, jalan menuju curug tidak terlalu jauh dan menanjak.","",positif
1699,"Curug Cipeuteuy Majalengka","Wisata Alam & Buper TNGC",5,"Tempat yg cocok buat quality time bersama keluarga...spot foto nya juga cakep...udaranya ademmm banget...pokoknya rasa lelah diperjalanan dibayar dengan pesona keindahan curugnya...","",positif
1700,"Curug Cipeuteuy Majalengka","Wisata Alam & Buper TNGC",5,"Sejuk, asri, segar, tenang, damai, merenungi semua ciptaan-NYA","",positif
1701,"Curug Cipeuteuy Majalengka","Wisata Alam & Buper TNGC",5,"airnya dingin sejuk, curugnya bagus bgt cocok buat liburan bikin fresh... tempatnya dikelola dengan baik, bersih  fasilitasnya juga oke, pokonya MANTAPPP","",positif
1702,"Curug Cipeuteuy Majalengka","Wisata Alam & Buper TNGC",5,"Curug Cipeuteuy ini bagus. Fasilitasnya lengkap, kebersihan terjaga, aman untuk anak, dan tiket masuk terjangkau. Sangat rekomendasi untuk merefresh pikiran di sini. Suasananya nyaman dan sejuk.","",positif
1703,"Curug Cipeuteuy Majalengka","Wisata Alam & Buper TNGC",5,"Lumayan bagus tempatnya. Kesini jam 12 an lewat. Kebetulan pas Hujan jd agak males turun dr mobil. Tp karena penasaran tetep maksain turun. Akses jalan ke tempatnya jg gk becek. Marena banyak batu"" kecil gtu. Banyak warung"" dan toilet jg di lokasi","",positif
1704,"Curug Cipeuteuy Majalengka","Wisata Alam & Buper TNGC",5,"Enak banget kalo pagi pagi kesini sama temen, keluarga atau pacar, sejuk, aku sampe gamau pulang karena enak banget airnya dingin, melepas penat, aku bakal kesini lagi 😽","",positif
1705,"Curug Cipeuteuy Majalengka","Wisata Alam & Buper TNGC",4,"Seru banget dan dan camping di sana semalam","",positif
1706,"Curug Cipeuteuy Majalengka","Wisata Alam & Buper TNGC",5,"Tempat wisata alam yang disarankan, dengan petunjuk jalan yang jelas, trek nanjak ekstrim dan mulus serta mobil bisa masuk, suasana alam yang sejuk dan dikelilingi hutan pinus, di hari libur lumayan padat untuk berenang, kebanyakan pengunjung adalah sepasang kekasih. Fasilitas lengkap seperti toilet, mushola, kantin, buper, aula, dll.","",positif
1707,"Curug Cipeuteuy Majalengka","Wisata Alam & Buper TNGC",5,"Tempat'y bagus,bersih,mngkn blm bnyk bgt yg tau,cm jalan utk kndaraan bnr² setapak,apalagi yg deket² loket masuk,hrs'y di tiap titik trtentu ada yg jaga pk walkie talkie,jd klo ada kendaraan yg ktemu di tengah,khusus'y mobil.biar gk bingung,spot parkir bwt minggir jg susah,lbh efektif klo ada yg jaga,yg lg turun bs turun aman,yg mo masuk bs tunggu dl dbwh,bs gantian.itu aja sih","",positif
1708,"Curug Cipeuteuy Majalengka","Wisata Alam & Buper TNGC",5,"Curug Cipeuteuy itu BERSIH & APIK. We loved it. Awalnya saya kira bakal menemukan obyek wisata air terjun yang tak jauh beda dengan di Bogor tempat saya tinggal, tapi ternyata Curug Cipeuteuy punya banyak nilai plus.  Air terjun ini mengalir ke kolam-kolam terpisah, bagai ada privasi tersendiri di tiap level. Suasana sekitar sunyi dan tenang, dan selalu ada petugas kebersihan patroli. Sama sekali tak terlihat sampah. Jangan lupa coba menu nasi liwet di warung-warungnya. LUAR BIASA!","",positif
1709,"Curug Cipeuteuy Majalengka","Wisata Alam & Buper TNGC",5,"Salah satu curug atau air terjun yang berlokasi di majalengka ini sangat bagus. Lokasi di daerah majalengka pinggir masih dekat dengan perbatasan makalengka-pasar kramat. Untuk akses jalan kesana sudah cukup bagus, komdisi jalanan halus, banyak petunjuk jalan juga menuju lokasi. Hanya saja tanjakan jalanannya cukup banyak dan tinggi. Jadi yang mau kesini isi penuh bensin dulu dan pastikan rem pakem. Tapi meskipun lumayan perjuangan dengan jalanannya, pemandangan jalannya cukup menyenangkan. Kita akan diseguhkan dengan pemandangan hamparan hijaunya persawahan. Curugnya sendiri sangat bersih dan tertata rapih, banyak tempat sampah, penjaga wisata yang siap membantu, spot foto juga disediakan. Htm : 15k","",positif
1710,"Curug Cipeuteuy Majalengka","Wisata Alam & Buper TNGC",5,"Tempatnya oke untuk keluarga dan lainnya, airnya seger dingin. Htm dewasa 15, anak 10K kekurangan nya bis tidak bisa masuk karen jalannya kecil","",positif
1711,"Curug Cipeuteuy Majalengka","Wisata Alam & Buper TNGC",5,"Perfect . . Tiket per orang 15k + Parkir Motor 3k Mobil 10k Musholah ✅ Warung ✅ Spot foto banyak (pas untuk hunting foto) Bisa mandi mandian juga (dingin banget) Udara nya juga sejuk banget pas untuk piknik keluarga, meet up bareng teman teman, rekan kerja, doi. Lebih jelasnya datang sendiri aja. ☺️","",positif
1712,"Curug Cipeuteuy Majalengka","Wisata Alam & Buper TNGC",5,"Lokasi camp yg sangat oke.htm sekarang 25rb.bulan depan mungkin 35rb.toilet banyak.free listrik.sinyal kosong.suhu dingin.","",positif
1713,"Curug Cipeuteuy Majalengka","Wisata Alam & Buper TNGC",4,"Sejuk, nyaman, air jernih dan segar ,fasilitas ada musholla,  warung toilet.ada tempat selfie juga..sayangnya sinyal sering menghilang","",positif
1714,"Curug Cipeuteuy Majalengka","Wisata Alam & Buper TNGC",5,"Keindahan pesona wisata dari Air Terjun Cipeuteuy akan memanjakan perjalanan liburan anda bersama orang-orang tercinta. Curug Cipeuteuy sendiri menjadi destinasi wisata favorit di Majalengkan, jadi jangan sampai obyek wisata satu ini terlewat di list kunjungan liburan anda di Majalengka.  Ketika anda berencana mengunjungi obyek wisata Curug Cipeuteuy Bantaragung Majalengka, anda tidak perlu khawatir. Karena anda bisa mengunjunginya dengan mudah dengan akses jalan yang sudah baik dan plang penunjuk jalan yang akan memudahkan kunjungan liburan anda di Curug Cipeuteuy.  Curug Cipeuteuy sendiri beralamat di Jl. Dukuh Pasir, Bantaragung, Sindangwangi, Kabupaten Majalengka, Jawa Barat. Anda bisa mengunjungi obyek wisata Curug Cipeuteuy menggunakan kendaraan dengan menempuh jarak kurang lebih 25 km dari pusat kota Majalengka.  Waktu tempuh yang di butuhkan untuk mengunjungi Curug Cipeuteuy sendiri sekitar 45 menit perjalanan. Ketika anda ingin mengunjungi obyek wisata alam Curug Cipeuteuy Majalengka namun bingung rute terbaik? Berikut peta lokasi Curug Cipeuteuy yang bisa anda akses untuk memudahkan perjalanan liburan anda dan keluarga di Majalengka.  Menjadi obyek wisata favorit di Majalengkan membuat obyek wisata Curug Cipeuteuy dilengkapi dengan beberapa fasilitas pendukung wisata. Berikut beberapa fasilitas yang ada di obyek wisata Curug Cipeuteuy Jawa Barat. Tempat parkir kendaraan wisata  Warung wisata  Spot Foto  Wahana permainan  Toilet  Tempat ibadah  Gazebo  Rasakan keseruan liburan di Majalengka dengan mengunjungi destinasi wisata Curug Cipeuteuy dengan fasilitas pendukung yang tersedia.  Aktivitas menarik dan menyenangkan bisa anda nikmati ketika mengunjungi obyek wisata Curug Cipeuteuy Jawa Barat. Selain menikmati keindahan air terjun Curug Cipeuteuy, anda juga bisa melakukan aktivitas seru lainnya.  Seperti aktivitas bermandi-mandi dengan air jernih dan dingin dari Curug Cipeuteuy, berburu foto instagenic, camping, outbond dan masih banyak lagi. Rasakan suasana relaksasi dari Curug Cipeuteuy yang akan mendamikan jiwa dan pikiran anda ketika mengunjunginya.  Rasa jenuh, bosan, penat dan lainnya akan hilang seketika dengan pesona wisata yang disajikan oleh Curug Cipeuteuy Majalengka.","",positif
1715,"Curug Cipeuteuy Majalengka","Wisata Alam & Buper TNGC",5,"Tempat yg sangat rekomended. Semoga tetap terjaga alaminya  Bagi yg suka suasana alam tempat ini sangat cocok untuk menenangkan pikiran.. buat acara makan2. Acara ultah anak. Kumpul2 juga rekomended disini..  Kalao bisa kesini jangan disaat hujan ya, karena jalan nya agak menanjak dan licin ditepi jurang harus hati hati  Harga tiket masuk Rp 15.000 / orang dan anak dibawah 7 tahun gratis  Suasana alam nya sangat asyik adem dingin dan ada suara2 hutan nya sangat natural dan ada air mancur nya juga sangat sejuk. Bisa mandi sambil main air juga boleh gratis ...  Ini tempat favorit waktu pacaran hingga sudah menikah sampai sekarang masih suka main kesini  Kalao hari2 biasa agak sepi dan warung yg jualan sangat jarang , wekend lebih ramai  Kekurangan tempat ini tidak ada signal seluler dan agak susah cari internet","",positif
1716,"Curug Cipeuteuy Majalengka","Wisata Alam & Buper TNGC",4,"Tempatnya bagus, cukup tertata dengan baik, terdapat warung2 yg menyediakan jajanan dan fasilitas seperti toilet & musola, udara di tempatnya segar, cocok untuk liburan bersama keluarga. Akses menuju lokasi jika menggunakan sepeda motor cukup mudah, namun bila menggunakan kendaraan roda empat harus lebih berhati-hati karena jalannya lumayan sempit.","",positif
1717,"Curug Cipeuteuy Majalengka","Wisata Alam & Buper TNGC",5,"Wisata terwat dgn baik... Hanya saja jalan kaki ke curug agar lebih hati-hati , tidak ada pagar pembatas","",positif
1718,"Curug Cipeuteuy Majalengka","Wisata Alam & Buper TNGC",5,"Tempat nya cukup asik bgt buat healing Tapi jalan menuju ke lokasi cukup sempit dan cukup menanjak dan berkelok jadi harus benar benar hati hati dan mobilnya harus sehat.....","",positif
1719,"Curug Cipeuteuy Majalengka","Wisata Alam & Buper TNGC",5,"Adem, sejuk, parkir luas, harga makanan yang dijual Standar, pemandangan manjain mata. Akses jalan rata tapi sempit.","",positif
1720,"Curug Cipeuteuy Majalengka","Wisata Alam & Buper TNGC",5,"Tempatnya bersih akses jalan  biasalah kecurug tp tidak sulit2 amat makanan mudah d dapat tempat salin dan bilas ok bersih semua cantik buat santai makan2 dan foto2 airnya bersih","",positif
1721,"Curug Cipeuteuy Majalengka","Wisata Alam & Buper TNGC",5,"Wisata Alam yg sejuk Medannya Cukup extreme bagi pengendara Roda 4, Tempat Wisata nyaCukup bagus jg buat anak² main air Tapi Ttp dlm pengawasan org tua retutama Soalnya licin. Dan tentunya tempat selfinya wow mantul","",positif
1722,"Curug Cipeuteuy Majalengka","Wisata Alam & Buper TNGC",5,"Nyaman, asri, sejuk, dan tenang. Ada kolam untuk anak jg. Tp hati hati karena banyak lumut di jalan pinggir kolam maupun di tangga untuk masuk kolam, licin banget. Aksesnya jalannya bagus, tp cukup ekstrem tanjakannya dan hanya muat untuk 1 mobil. Dan dari pintu masuk ke kolam harus jalan kaki, lumayan bikin ngos-ngosan. Bisa buat ngecamp juga.","",positif
1723,"Curug Cipeuteuy Majalengka","Wisata Alam & Buper TNGC",4,"Curug Cipeteuy salah satu destinasi alam di kecamatan Sindangwangi kabupaten Majalengka, air terjun ini terletak di bawah kaki gunung Ciremai, jalan menuju ke lokasi air terjun ini sudah di aspal namun kemiringan jalannya sekitar 45 Derajat. Perlu pengecekkan kendaraan sebelum ke lokasi ini utk keamanan","",positif
1724,"Curug Cipeuteuy Majalengka","Wisata Alam & Buper TNGC",5,"mantap buat liburan keluarga, sayang rutenya sempit,  berkelok dan menanjak klo pake mobil bikin deg deg ser. tpi alamnya luar biasa.","",positif
1725,"Curug Cipeuteuy Majalengka","Wisata Alam & Buper TNGC",5,"Curug Cipeuteuy adalah destinasi ""paket lengkap"". Tidak hanya menawarkan air terjun, tapi juga kenyamanan wisata modern tanpa merusak keasrian alam. Sangat recommended untuk dikunjungi jika Anda sedang berada di wilayah Majalengka atau Cirebon. ​Datanglah saat pagi hari di hari kerja (weekday) untuk mendapatkan foto terbaik tanpa gangguan kerumunan!","",positif
1726,"Curug Cipeuteuy Majalengka","Wisata Alam & Buper TNGC",5,"Akses jalan menuju lokasi sedikit sempit,berkelok dan naik turun, agak repot jika menggunakan mobil. disarankan naik motor. Tiket masuk per orang Rp. 15.000, untuk motor biayanya Rp. 3.000. Cukup ramah untuk dompet. Untuk menuju titik air terjunnya ke dalam nya lanjut jalan kaki, cukup dekat +- 200meter. Area bermain air cukup ramah untuk anak-anak tetapi harus tetap dalam pengawasan orang tua. Ada warung juga untuk bersantai dan menikmati aneka hidangan makanan. Overall tempat wisata ini sangat bagus. 👍👍👍👍👍","",positif
1727,"Curug Cipeuteuy Majalengka","Wisata Alam & Buper TNGC",5,"Tempat nya askk untuk bawa liburan keluarga. Ada curug kecil dan kolam nya yg jernih utk kita bisa mandi mandi sejenak. Di kelilingi pohon pinus menambah keindahan tempat ini. Ada banyak spot foto instagramble juga disini. Banyak warung2 kecil yg berjualan jika lapar.","",positif
1728,"Curug Cipeuteuy Majalengka","Wisata Alam & Buper TNGC",4,"Bila bawa mobil jalan menuju lokasi cukup 1 mobil apabila papasan dengan mobil lain hati2 karena jalan curam dan jurang","",positif
1729,"Curug Cipeuteuy Majalengka","Wisata Alam & Buper TNGC",5,"Dikelola dengan baik, fasilitas dan tempat sebanding dengan harga tiket, baiknya berkunjung di hari biasa jadi serasa kolam sendiri, curug nya kecil di kelilingin hutan pinus jadi adem banget","",positif
1730,"Curug Cipeuteuy Majalengka","Wisata Alam & Buper TNGC",5,"Tempat yg masih asli alami, sejuk dan tenang sangat cocok buat santai bersama keluarga..","",positif
1731,"Curug Cipeuteuy Majalengka","Wisata Alam & Buper TNGC",5,"Overall bagus tempat nya asri fasilitas umum nya juga cukup  Note : Hati hati yang mau berenang karena lumutan jadi licin","",positif
1732,"Curug Cipeuteuy Majalengka","Wisata Alam & Buper TNGC",4,"Adem banget, asri, airnya kolamnya dingin. Tapi buat sampe ke air terjun harus jalan cukup jauh, ada beberapa spot foto bertema dan cafe/kantin di curug ini.","",positif
1733,"Curug Cipeuteuy Majalengka","Wisata Alam & Buper TNGC",5,"Salah satu taman nasional yg dikelola perhutani di daerah majalengka, curug cipeteuy terawat banget, bersih dari sampah, toiletnya pun bersih..tempatnya luas banget dan banyak spot selfie yang sengaja dibuat dengan nuansa hutan yg luar biasa kesejukannya.. yuk liburan.. #mattheusr","",positif
1734,"Curug Cipeuteuy Majalengka","Wisata Alam & Buper TNGC",5,"Akses menuju curug uda bagus tp sempit cuma cukup buat 2 mobil.lebih enaknya sih pake motor tp hrs extra hati2 krn jalannya naik turun tajam","",positif
1735,"Curug Cipeuteuy Majalengka","Wisata Alam & Buper TNGC",4,"Tempatnya sejuk krn merupakan Taman Nasional dan juga bersih. Hanya saja jalan masuk bila berpapasan mobil amat susah.","",positif
1736,"Curug Cipeuteuy Majalengka","Wisata Alam & Buper TNGC",4,"Menurut saya tempat nya bagus, dirawat dgn baik. Tersedia toilet dan klo kesini sekalian berenang ya biar lebih asik.","",positif
1737,"Curug Cipeuteuy Majalengka","Wisata Alam & Buper TNGC",5,"bagus akses jln agak nanjak ksini thn 2020 wktu pandemi jd bnyk spot fto yg ditutup krna efek pandemi HTM murah","",positif
1738,"Curug Cipeuteuy Majalengka","Wisata Alam & Buper TNGC",5,"curug nya bagus banget untuk harga 15.000 per/orng wor'it banget cuman minus nya gaada sinyal doang","",positif
1739,"Curug Cipeuteuy Majalengka","Wisata Alam & Buper TNGC",5,"Snagant memuaskan,,,,, sebelum sampai di lokasi tujuan, kita di sajikan dengan indahnya pemandangan, jalanan yg penuh Lika liku, dan akhirnya sampai tujuan.....","",positif
1740,"Curug Cipeuteuy Majalengka","Wisata Alam & Buper TNGC",5,"seruu bangett, saya dteng jam 10an masih sepi tempat nya juga sejukk..","",positif
1741,"Curug Cipeuteuy Majalengka","Wisata Alam & Buper TNGC",5,"Salah satu Destinasi Wisata  Terbaik Majalengka, cocok untuk keluarga, suasana alam yang masih asli, membuat ""quality time"" untuk diri sendiri dan keluarga.","",positif
1742,"Curug Cipeuteuy Majalengka","Wisata Alam & Buper TNGC",5,"Friendly untuk renang - renang cantik, tempatnya gapai di jangkau, cuma 5 menit dari gerbang masuk","",positif
1743,"Curug Cipeuteuy Majalengka","Wisata Alam & Buper TNGC",5,"Tempatnya indah sejuk.  Namun aksesnya lumayan cape untuk yang membawa kendaraan roda empat.  Untuk yang pakai roda dua bisa smpe pintu masuk utama.","",positif
1744,"Curug Cipeuteuy Majalengka","Wisata Alam & Buper TNGC",5,"Perjalanannya lumayan memacu adrenalin, semua terbayar lunas ketika sudah samlai lokasi karena sangat nyaman dan indah","",positif
1745,"Curug Cipeuteuy Majalengka","Wisata Alam & Buper TNGC",5,"YANG DIUTAMAKAN NOUVAL RENTCAR playanan yang baik mobil bersih dan sehat plus supir/ lepas kunci","",positif
1746,"Curug Cipeuteuy Majalengka","Wisata Alam & Buper TNGC",4,"Tempat wisata yang keren, nuansa alam yg asri. Hanya saja akses menuju ksana memang rada sempit untuk kemdaraan roda empat","",positif
1747,"Curug Cipeuteuy Majalengka","Wisata Alam & Buper TNGC",5,"Enak adem dan akses ke curugnya juga tidak terlalu jauh. ada spot buat selfie juga bagi yg suka foto2. HTM 15k","",positif
1748,"Curug Cipeuteuy Majalengka","Wisata Alam & Buper TNGC",4,"Aksesnya yang cukup lumayan menguras waktu dan tenaga, akan terbayar dengan indah dan asrinya suasana di curug Cipeteuy. Dari tempat ini juga ada jalur pendakian ke Gunung Ciremai, karena Curug Cipeteuy merupakan Taman Gunung Ciremai","",positif
1749,"Curug Cipeuteuy Majalengka","Wisata Alam & Buper TNGC",5,"Udara dingin di curug cipeuteuy membuat betah berlama lama di tempat ini, pemandangan hutan pinus yang indah menambah indah nya tempat ini sayangnya nggak dapat signal selular di tempat ini","",positif
1750,"Curug Cipeuteuy Majalengka","Wisata Alam & Buper TNGC",5,"Pengalaman disini banyak.. Keren lah kuningan tanah surga hijau... Pemandangan enak dinpandang alam baik di jaga.   Siapa lagi kalau bukan kita yang jaga... Kemajuan suatu daerah karna penduduk nya yang mau melindungi alam nya... Yang belum perna harus datang ke lokasi ini.. Keren lah..  Cirebon kuningan sebentar... Salam dari kota Udange","",positif
1751,"Curug Cipeuteuy Majalengka","Wisata Alam & Buper TNGC",4,"Cocok untuk ynag mau berlibur sambil berenang, airnya dingin jernih juga. Banyak spot foto juga","",positif
1752,"Curug Cipeuteuy Majalengka","Wisata Alam & Buper TNGC",5,"Yang jaganya baik banget, sampe² di pinjemin motor wat masuk...","",positif
1753,"Curug Cipeuteuy Majalengka","Wisata Alam & Buper TNGC",5,"Pokoknya mantap poollll.... Pelayanan memuaskan,toilet bersih...","",positif
1754,"Curug Cipeuteuy Majalengka","Wisata Alam & Buper TNGC",5,"Curugnya bagus tp aliran curugnya kecil. Tempatnya sdh d tata rapi. Sabth minggu ramai, tp selain hari itu sepi. Tidak ada yg jualan.","",positif
1755,"Curug Cipeuteuy Majalengka","Wisata Alam & Buper TNGC",5,"Tempat wisata alam yang terletak di kaki Gunung Ciremai. Tempat nya indah, dengan fasilitas cukup lengkap (musholla, toilet gratis). jika ke sini dengan kendaraan kecil karena akses jalan terbatas, jadi bus besar tidak bisa masuk. Untuk tiket masuk terjangkau, Rp. 10K - 15K per orang.","",positif
1756,"Curug Cipeuteuy Majalengka","Wisata Alam & Buper TNGC",4,"Curug di lembah, dikelilingi hutan pinus, teduh dan perbukitan, cocok healing tuk keluarga, ada kolam renang, toilet dan musholah","",positif
1757,"Curug Cipeuteuy Majalengka","Wisata Alam & Buper TNGC",5,"Sempet ngecamp disini sehari semalem enak sih walaupun ga terlalu luas. Toilet, mushola, gazebo jg deket. Kalo mau ke curug ga perlu bayar lagi. Sayangnya ga ada signal tp free wifi kok. Kurangnya mungkin ga bisa dapet view sunrise&sunset sama kurang dingin wksss","",positif
1758,"Curug Cipeuteuy Majalengka","Wisata Alam & Buper TNGC",5,"Tempatnya adem, sejuk, bersih. Murah juga. akses jalan sedikit sulit","",positif
1759,"Curug Cipeuteuy Majalengka","Wisata Alam & Buper TNGC",5,"Adem banyak sekali perubahan, pembenahan recommended untuk bersantai bersama keluarga tercinta","",positif
1760,"Curug Cipeuteuy Majalengka","Wisata Alam & Buper TNGC",5,"Suasana pegunungan kaki ciremai yg sejuk, cocok untuk melepas kepenatan, lebih asyik bawa pasangan","",positif
1761,"Curug Cipeuteuy Majalengka","Wisata Alam & Buper TNGC",5,"Good place, dengan harga tiket masuk yang murah. disini juga bisa berenang dan bermain air. fasilitaspun sangat lengkap mulai dari warung, kamar mandi, wc atau kamar ganti.","",positif
1762,"Curug Cipeuteuy Majalengka","Wisata Alam & Buper TNGC",5,"Keindahan alam di Curug Cipeteuy mampu menghibur hati para pengunjung yang hadir disana. Udara yang sejuk dan suara gemericik air terjunnya seakan mampu menghipnotis para wisatawan untuk menenangkan diri dari padatnya rutinitas harian. Saat ini fasilitas di tempat wisata Curug Cipeteuy cukup lengkap meliputi: mushola, cafe/tempat makan, toilet, area parkir, area perkemahan dll. Kawasan tempat ini sangat cocok untuk dijadikan tempat wisata bersama keluarga, saudara maupun teman. Namun perlu hati-hati, jalan menuju tempat tersebut sedikit curam. Oleh karena itu, sebaiknya pastikan terlebih dahulu kondisi kendaraan demi keamanan dan kenyamanan saat perjalanan.","",positif
1763,"Curug Cipeuteuy Majalengka","Wisata Alam & Buper TNGC",5,"Biasanya kalo ke Curug jauh jalan kakinya terus nanjak lagi kalo kecurug cipeteuy jalan nya rata sama deket","",positif
1764,"Curug Cipeuteuy Majalengka","Wisata Alam & Buper TNGC",5,"Tempat nyaman, asri, sejuk, bisa melepas penat bersama keluarga. 👍👍👍","",positif
1765,"Curug Cipeuteuy Majalengka","Wisata Alam & Buper TNGC",4,"Tempat spot foto perlu diperbaiki. Saran kalo mau ke sini mending bawa baju ganti, sekalian aja main air soalnya kalo nyari spot foto aga kurang sih.","",positif
1766,"Curug Cipeuteuy Majalengka","Wisata Alam & Buper TNGC",5,"Alami sekali...pemandangan disini okke banget..air terjunnya memang kurang alami..tapi packaging yang dihadirkan udah okke bgt...","",positif
1767,"Curug Cipeuteuy Majalengka","Wisata Alam & Buper TNGC",5,"Curug nya tertata indah, udaranya sejuk, bagus untuk healing, ga cape untuk mencapai curugnya,,, view nya bagusss","",positif
1768,"Curug Cipeuteuy Majalengka","Wisata Alam & Buper TNGC",5,"Tempat mantap guys, bisa berenang, harga tiket murah, cocok untuk rekreasi keluarga, rugi ah ngga kesini, fasilitas lengkap,","",positif
1769,"Curug Cipeuteuy Majalengka","Wisata Alam & Buper TNGC",4,"Oke lah klo buat yang mandi air terjun jernih dan bersih dinginnn","",positif
1770,"Curug Cipeuteuy Majalengka","Wisata Alam & Buper TNGC",5,"Uwwwwoooow. Keren abis, paduan alam asri yg dikelola sangat baik. Supeeer kereeeen. Mau ksini lagi someday","",positif
1771,"Curug Cipeuteuy Majalengka","Wisata Alam & Buper TNGC",4,"Air terjun menawan satu ini terletak di Jalan Dukuh Pasir, Bantaragung, Sindangwangi, Kabupaten Majalengka, Jawa Barat. Kamu harus tracking untuk mencapainya, selama diperjalanan kita akan disuguhkan dengan pemandangan alam serta suara burung berkicau yang menenangkan pikiran.  Kolam Berkhasiat di Curug Cipeuteuy Fasilitas Nyaman di Tengah Hutan  Spot Foto di Curug Cipeuteuy Meski harus berjalan sekitar 300 meter dari loket masuk, kamu tidak akan kesusahan untuk sampai di kaki air terjun. Hal ini karena akses menuju lokasi cukup lebar dan aman. Sesampainya di lokasi, kamu bakal mendengar suara gemericik air yang tidak ada hentinya. Udara sejuk dari pegunungan asri makin membuatmu betah lama-lama di sini. Apalagi banyak saung yang nyaman untuk bersantai. Bingung mau kemana di akhir pekan ini, ke Curug Cipeuteuy saja!  Keindahan Curug Cieputeuy Kolam Alami yang Miliki Khasiat Tersembunyi  Air bersih di Curug Cipeuteuy kamu pun bisa memanjakan dirimu dengan berendam di kolam Curug Cipeuteuy. Konon, kolam alami di sini memiliki khasiat untuk kesehatan","",positif
1772,"Curug Cipeuteuy Majalengka","Wisata Alam & Buper TNGC",5,"tempatnya bagus, bersih dan sejuk, cocok untuk liburan akhir pekan sama keluarga","",positif
1773,"Curug Cipeuteuy Majalengka","Wisata Alam & Buper TNGC",5,"tempat nya asri damai nyaman m sejuk, dan jarang di kunjungi jadi masih bersih dan terjaga,, cocok buat liburan ato skedar mnghialnkan penat,,,","",positif
1774,"Curug Cipeuteuy Majalengka","Wisata Alam & Buper TNGC",5,"Tempat nya bagus, masih ashri rekomendasi buat ngecamp","",positif
1775,"Curug Cipeuteuy Majalengka","Wisata Alam & Buper TNGC",5,"Dapet momen cahaya ilahi di cipeutey, akses jalannya baguss aman untuk yang mau kesini","",positif
1776,"Curug Cipeuteuy Majalengka","Wisata Alam & Buper TNGC",5,"Tempatny bersih ad arena air tuk anak2...","",positif
1777,"Curug Cipeuteuy Majalengka","Wisata Alam & Buper TNGC",5,"Belum tembus kesana.. Niat jalan sama suami mumpung libur, eh nyampe sana malah tutup.. Tapi lumayanlah view selama perjalanan lumayan epik buat ngobatin kecewa.. Semoga next time bisa masuk, walaupun ngeri jg sama tanjakan/turunannya yg curam selama perjalanan adrenalin naik😄😆 (gambar hanya pemanis, bukan view curug cipeteuy)","",positif
1778,"Curug Cipeuteuy Majalengka","Wisata Alam & Buper TNGC",5,"Hari weekday tetep rame pengunjung Masih asri dan bersih","",positif
1779,"Curug Cipeuteuy Majalengka","Wisata Alam & Buper TNGC",4,"Tempatnya lumayan lah buat hang out bareng keluarga, soalnya sejuk, ada kolam yg bsa di pke buat berendam, ada air terjun mini dan spot selfie jga lumayan bagus dengan pemandangan pegunungan dan pohon pinus. Harga tiket jga terjangkau cuma 15 rb. Ada tmpat buat sholT dan toilet. Tp toilet nya kotor banget ➕ bnyak nyamuk, jdi mohon dirawat lgi buat toilet nya.","",positif
1780,"Curug Cipeuteuy Majalengka","Wisata Alam & Buper TNGC",5,"Adem Nyaman Jalan memuju lokasi, oke.. Sedikit ada tanjakan namun tetap aman buat si matic","",positif
1781,"Curug Cipeuteuy Majalengka","Wisata Alam & Buper TNGC",5,"Sangat bagus, suasana nya masih sangat alami. Tiket masuk juga sangat terjangkau ♥♥","",positif
1782,"Curug Cipeuteuy Majalengka","Wisata Alam & Buper TNGC",5,". Asli bagusss bngett seru kemaren berlibur di sinihhh. Bayarnya pun murah cuma 15000rb . Di hari wekend 😊😊😊😊","",positif
1783,"Curug Cipeuteuy Majalengka","Wisata Alam & Buper TNGC",5,"Tempat yg nyaman untuk wisata keluarga,treking,camp..","",positif
1784,"Curug Cipeuteuy Majalengka","Wisata Alam & Buper TNGC",5,"Cakep banget Ke sini pas bulan ramadhan dan hujan Luar biasa indah.. suasana hijau hutan dengan kabut tebal dan air yang deras.. cakep bgt","",positif
1785,"Curug Cipeuteuy Majalengka","Wisata Alam & Buper TNGC",5,"Tempatx bgus banget tapi jalanx harus ektra hati2 soalx jalanx berkelok2 trus naik turun. tempatx jg bersih,tapi masa mo ganti baju  bayar trus da kelar mandi mo salin bayar lagi utung cuma 2000 klo 5000 bisa2 mahalan ganti bajux dr pd masukx😁😁😁","",positif
1786,"Curug Cipeuteuy Majalengka","Wisata Alam & Buper TNGC",5,"Salah satu obyek wisata recommended bagi wisatawan yang suka dengan alam jika berkunjung di Kota Cirebon. Berlokasi tidak jauh dari pusat kota Cirebon, harga tiket yang sangat terjangkau Rp.15rb/orang pengunjung akan dimanjakan dengan suasana alam yang masih sangat alami, hawa yang sejuk dan air asli dari mata air pegunungan yang sangat dingin namun menyegarkan.","",positif
1787,"Curug Cipeuteuy Majalengka","Wisata Alam & Buper TNGC",4,"Jalan Sudah Mulai Bagus Walau Kecil, Air Terjun Tidak Tinggi","",positif
1788,"Curug Cipeuteuy Majalengka","Wisata Alam & Buper TNGC",4,"Disarankan kesini pas hari libur karena meskipun rame juga tetap nyaman karena tempatnya juga sangat luas, banyak tempat duduknya jadi meskipun ga foto foto di dpn Curug bisa menikmati pemandangan alam dengan duduk santai sambil nyemil atau minum kopi di jamin bikin adem😆💞","",positif
1789,"Curug Cipeuteuy Majalengka","Wisata Alam & Buper TNGC",5,"Dari parkiran ke curug ga begitu jauh. Rapi, banyak kolam2nya. Ada kolam untuk anak2. Cuma jalan menuju ke curugnya nanjak. Jd kalau mau kesana, mobilnya harus yg kuat nanjak, karena terjal banget tanjakannya.","",positif
1790,"Curug Cipeuteuy Majalengka","Wisata Alam & Buper TNGC",5,"Tempat nya sejuk dan nyaman.","",positif
1791,"Curug Cipeuteuy Majalengka","Wisata Alam & Buper TNGC",5,"Tempatnya sejuk, bersih dan toiletnya  bersih","",positif
1792,"Curug Cipeuteuy Majalengka","Wisata Alam & Buper TNGC",5,"Mantap masih alami, suasana dan tempat nya nyaman","",positif
1793,"Curug Cipeuteuy Majalengka","Wisata Alam & Buper TNGC",5,"Terimakasih buat teh Eha dan team Curug Cipeuteuy....nasi liwetnya best..Bikin nagih. Apalagi terapi air nya best banget....bikin enteng badan.","",positif
1794,"Curug Cipeuteuy Majalengka","Wisata Alam & Buper TNGC",5,"Tempatnya enak, bisa untuk berenang, camping atau sekedar kumpul bersama teman/keluarga/ngadain acara disini juga cocok banget, karena suasananya tenang, adem, dan gak panas. Banyak warung juga, jadi gak bakal kelaperan, pemandangan nya juga cakep banget, ada beberapa spot untuk berenang, airnya sejuk dan bersih. Disini tidak ada sinyal, jadi kalau kalian mau internetan menggunakan kuota harus naik dulu ke bukit, biar mendapatkan sinyal. Dari tempat parkir menuju ke area curugnya jalan dulu beberapa menit, dan tracknya juga aman.","",positif
1795,"Curug Cipeuteuy Majalengka","Wisata Alam & Buper TNGC",5,"Susananyanya pas untuk rehat dari hiruk priuknya manusia, kehidupan yang terlalu menekan","",positif
1796,"Curug Cipeuteuy Majalengka","Wisata Alam & Buper TNGC",5,"在山顶，开车来的人需要注意安全，坡路很陡。我们周日来的，游客很多，车子只能停在村口的停车场，然后再乘坐当地人的摩托车到景区门口，摩托车5,000印尼盾每人，景区门票20,000印尼盾。进入景区后还需要再走5分钟左右到小瀑布边，很多人在这里玩水，水是来自山上的泉水，环境优美。我们的午餐是在附近小商店吃的泡面，很多人也会自己带着野餐垫和食物来，附近也有露营营地，还有人带着帐篷和床垫枕头，看上去像要在这里住上几天的样子😆","",positif
1797,"Curug Cipeuteuy Majalengka","Wisata Alam & Buper TNGC",5,"Tempat = wisata air terjun (bisa mandi disini) Suasana = adem n rindang, kalo kesini jangan kesorean kelihatan serem soalnya 😁😁😁 Lokasi = Jauh dari pemukiman Parkir = luas Makanan = enak banyak pedagang, harga juga normal standar Tarif = 25rb / orang Kunjungan tanggal = 26 april 2026 Bersama =","",positif
1798,"Curug Cipeuteuy Majalengka","Wisata Alam & Buper TNGC",5,"Harganya terjangkau dan Nikmati sensasi rasanya 👍","",positif
1799,"Curug Cipeuteuy Majalengka","Wisata Alam & Buper TNGC",5,"love it!","",positif
1800,"Curug Cipeuteuy Majalengka","Wisata Alam & Buper TNGC",5,"Wisata air paling recommend","",positif
1801,"Curug Cipeuteuy Majalengka","Wisata Alam & Buper TNGC",5,"Air terjun","",positif
1802,"Curug Cipeuteuy Majalengka","Wisata Alam & Buper TNGC",5,"Tempat nyaman pelayanan bagus","",positif
1803,"Curug Cipeuteuy Majalengka","Wisata Alam & Buper TNGC",5,"Yuk nikmati alam yg masih asri dicurug cipeutey...suasana alam yg asri,air jernih langsung dari sumber mata air dan kita bisa berenang dibawahnya. Bisa bawa keluarga dan bisa juga ngekem di area samping aliran sungan Curug cipeteuy.","",positif
1804,"Curug Cipeuteuy Majalengka","Wisata Alam & Buper TNGC",5,"Tempat untuk merasakan ketenangan","",positif
1805,"Curug Cipeuteuy Majalengka","Wisata Alam & Buper TNGC",5,"Tempatnya adem banget, cocok buat ngopi sambil ngeliwet","",positif
1806,"Curug Cipeuteuy Majalengka","Wisata Alam & Buper TNGC",5,"Wisata alam di kawasan lereng gunung Ciremai Majalengka yang masih adem dan asri..","",positif
1807,"Curug Cipeuteuy Majalengka","Wisata Alam & Buper TNGC",5,"Bocor ban sore hari ditambah hujan, Sejam dorong motor kebengkel😭","",positif
1808,"Curug Cipeuteuy Majalengka","Wisata Alam & Buper TNGC",5,"Bagi yang mau k Curug Cipeuteuy selalu cek kendaraan nya usahakan yg boncengan pake motor matic turun dulu","",positif
1809,"Curug Cipeuteuy Majalengka","Wisata Alam & Buper TNGC",4,"kadang bersama pasngn di tmbh dngar krucuk suara air trjun mmbuat tenang","",positif
1810,"Curug Cipeuteuy Majalengka","Wisata Alam & Buper TNGC",5,"Pokok nya tempatnya nyaman","",positif
1811,"Curug Cipeuteuy Majalengka","Wisata Alam & Buper TNGC",5,"Tempat yg bagus sayangnya jalan menuju ke lokasi terbilang kecil sehingga susah berpapasan mobil","",positif
1812,"Curug Cipeuteuy Majalengka","Wisata Alam & Buper TNGC",5,"Lingkungan bersih, air sejuk dan segar, warungnya juga harga masuk akal, masuk area tanjakan cukup terjal.","",positif
1813,"Curug Cipeuteuy Majalengka","Wisata Alam & Buper TNGC",5,"Mantap curugnya.","",positif
1814,"Curug Cipeuteuy Majalengka","Wisata Alam & Buper TNGC",5,"Nyaman lokasinya","",positif
1815,"Curug Cipeuteuy Majalengka","Wisata Alam & Buper TNGC",5,"Sejuk dan nyaman","",positif
1816,"Curug Cipeuteuy Majalengka","Wisata Alam & Buper TNGC",5,"Yahh pas lagi gabut dari Indramayu kesini","",positif
1817,"Curug Cipeuteuy Majalengka","Wisata Alam & Buper TNGC",5,"Lebih baik kesana disaat sepi pengunjung bisa berasa punya pribadi ☺️","",positif
1818,"Curug Cipeuteuy Majalengka","Wisata Alam & Buper TNGC",5,"tempat yang sangat indah, tenang","",positif
1819,"Curug Cipeuteuy Majalengka","Wisata Alam & Buper TNGC",5,"Suasannya adeeem...sejuuuu Alami banget  Makanan murah dan enaaak. Terutama Bakwan dan kripik pisangnya...beuh♡","",positif
1820,"Curug Cipeuteuy Majalengka","Wisata Alam & Buper TNGC",5,"Seru murah.. Indah","",positif
1821,"Curug Cipeuteuy Majalengka","Wisata Alam & Buper TNGC",5,"Mantapppp","",positif
1822,"Curug Cipeuteuy Majalengka","Wisata Alam & Buper TNGC",5,"lumayan.","",positif
1823,"Curug Cipeuteuy Majalengka","Wisata Alam & Buper TNGC",5,"Sejuk.dingin segar.alami tanpa polusi.","",positif
1824,"Curug Cipeuteuy Majalengka","Wisata Alam & Buper TNGC",4,"Good place to relax and camp","",positif
1825,"Situ Sangiang Majalengka","Wisata Alam & Cagar Budaya TNGC",1,"Tmpat wisatanya tidak nyaman, tidak sesuai dgn harga tiket 15rb,kalah jauh sama situ cipanten (gunungkuning), kalah sama cipadung pajajar.","",negatif
1826,"Situ Sangiang Majalengka","Wisata Alam & Cagar Budaya TNGC",1,"kapan ya saya ke sanghiang, pake motor berapa jam ya dri jkrta","",negatif
1827,"Situ Sangiang Majalengka","Wisata Alam & Cagar Budaya TNGC",1,"Keluar tol apa ya","",negatif
1828,"Situ Sangiang Majalengka","Wisata Alam & Cagar Budaya TNGC",2,"Harga tiket 20000 gak wort it maaf Toiletnyaa kotor bgttt gada perawatan Banyak monyet berkeliaran tpi pihak sana diem cuek aja","",negatif
1829,"Situ Sangiang Majalengka","Wisata Alam & Cagar Budaya TNGC",3,"Kenapa star 3 ?? Tiket masuk Rp. 20.000 perorang (mahal karna toilet tidak terawat bayar pula & banyak pungli didalam yang membuat tidak nyaman, biasanya saya tidak permasalahkan pungli tapi pungli ini unik karna anak2 dan emak2), kemakam harus dipandu juga.  Menurut kita wisata ini sangat menarik alami dan indah apalagi udaranya sejuk dan pemandangan situ juga bikin adem hati, semoga bisa mengurangi hal yang membuat pengujung tidak nyaman)","",netral
1830,"Situ Sangiang Majalengka","Wisata Alam & Cagar Budaya TNGC",3,"Tempat wisatanya asri banget, sejuk. Tapi kok kemarin februari 2024 jadi ada yg suka minta² ya.. sebelumnya saya kesitu d tahun 2021 gak ada tuh yg minta². Tolong pemerintah di tinjau tempat wisatanya. Agak kurang nyaman ngeliat yg minta² kaya gitu, mana berjajar lg banyakan, ada anak² pula d ajarin bwt minta². Miris aja. 🤧","",netral
1831,"Situ Sangiang Majalengka","Wisata Alam & Cagar Budaya TNGC",3,"Begitu tenang pepohonan tinggi menjulang","",netral
1832,"Situ Sangiang Majalengka","Wisata Alam & Cagar Budaya TNGC",3,"Pemandangannya cukup bagus, tempatnya luas, ada beberapa wahana permainannya juga. Namun sayang wahana permainannya kurang terawat dengan baik. Terdapat mushola. Namun musholanya terbuka dan kurang terurus juga. Terdapat beberapa mukena di musholanya. Lumayan cocok untuk liburan keluarga. Terdapat beberapa spot foto yang cukup bagus di sekitar danaunya.","",netral
1833,"Situ Sangiang Majalengka","Wisata Alam & Cagar Budaya TNGC",3,"Danau yg tenang .. Hangat, namun agak ngeri 😂","",netral
1834,"Situ Sangiang Majalengka","Wisata Alam & Cagar Budaya TNGC",3,"Mantap pokonya lingkungannya masih terjaga. Udaranya adem karna masih banyak pepohona","",netral
1835,"Situ Sangiang Majalengka","Wisata Alam & Cagar Budaya TNGC",3,"Suka tmpat ini sihh tpi ada takutny ..soalny bnyak pohon"" besar yg udah tua","",netral
1836,"Situ Sangiang Majalengka","Wisata Alam & Cagar Budaya TNGC",3,"Aku pernah kesini,tempatnya bagus..","",netral
1837,"Situ Sangiang Majalengka","Wisata Alam & Cagar Budaya TNGC",3,"Indah kali.","",netral
1838,"Situ Sangiang Majalengka","Wisata Alam & Cagar Budaya TNGC",4,"Tempat Wisata murah meriah, kadang hargaTiketnya tidak sesuai yang tetera di tiket, Dari Talaga kurang lebih 11 km bisa naik mobil atau motor Jalan nanjak relatif bagus. Di situ banyak Ikan Mas Dan Ikan lainya, Ada monyet juga. Ada Jualan roti buat makan ikan.Spot poto kurang yang Ada Mulai rusak.","",positif
1839,"Situ Sangiang Majalengka","Wisata Alam & Cagar Budaya TNGC",4,"Harga tiket murah, pemandangan nya bagus dan sejukk. Cocok untuk liburan keluarga","",positif
1840,"Situ Sangiang Majalengka","Wisata Alam & Cagar Budaya TNGC",4,"Tempat wisata alam terbuka. Banyak pepohonan hijau yg rindang. Danau/situ yg cukup luas. Dilengkapi ikanikan besar didalamnya. Bisa kasih makan. Pakai roti. Tp musti hatihati bawa kresek ke dalem tempat wisata. Krna ada monyet yg akan langsing nyerang kalo liat kita bawa kresek. Lumyan banyak monyet yg dipelihara liar. Sayangnya sekarang sedang surut. Jadi bebatuan kelihatan dr luar. Sayangnya juga jalan menuju danau sudah bnyak berlubang. Perlu diperbaiki","",positif
1841,"Situ Sangiang Majalengka","Wisata Alam & Cagar Budaya TNGC",4,"Banyak monyed suka rampas wkwkw","",positif
1842,"Situ Sangiang Majalengka","Wisata Alam & Cagar Budaya TNGC",4,"Recomended buat foto - foto , hangout bareng temen atau keluarga","",positif
1843,"Situ Sangiang Majalengka","Wisata Alam & Cagar Budaya TNGC",4,"Harga jajanan di warung ga ngotak.. Beli chitato, pillows,, sama minuman dingin 2 sampe 50 ribu.. banyak pedagang maksa buat di beli. Tiap masuk ada uang kebersihan yg terkesan MEMINTA Kpda pengunjung,  Secara tempat memang bagus wisata religi","",positif
1844,"Situ Sangiang Majalengka","Wisata Alam & Cagar Budaya TNGC",4,"Situs sejarah dengan cagar alam yang masih rimbun terjaga, jangan sampai di rusak yah","",positif
1845,"Situ Sangiang Majalengka","Wisata Alam & Cagar Budaya TNGC",4,"Harga tiket masuk nya 15ribu per orang waktu saya kesana tgl 23juni2019. Tempat bagus hanya saja musholanya tidak terurus dan terbuka, jikalau ada masjid yang nyaman itu adanya di luar tempat wisata nya, toilet juga susah ditemukan..situ nya banyak sekali berbagai jenis ikan, mulai dari nila,ikan mas, sampe lele juga adaa.. semoga terus berkembang dan terjaga keasrian dan kebersihan nya wisata situ Sangiang 💞","",positif
1846,"Situ Sangiang Majalengka","Wisata Alam & Cagar Budaya TNGC",4,"wisata religi yang cocok untuk keluarga,,meskipun jauh tempatnya","",positif
1847,"Situ Sangiang Majalengka","Wisata Alam & Cagar Budaya TNGC",4,"Situ sangian tempat bersejarah sekaligus tempat berekreasi,, kalian gak boleh bicara sembarangan disini dan gak boleh merusak tanaman yang ada disini,, pemandangan nya Indah banget karena situ yang luas dan banyak ikan yang berenang ketepian jadi gak ada salahnya donk kalian yang berlibur ikut memberi makan ikan disini yang konon menurut sejarah kalo ikan ikan disini adalah jelmaan dari prajurit dan rakyat kerajaan talaga manggung","",positif
1848,"Situ Sangiang Majalengka","Wisata Alam & Cagar Budaya TNGC",4,"Sebuah situ terjadi karna pernah terjadi bencana sehingga terbentuk dan menjadi situ tempat wisata yg indah dengn pasilitas yang telah diperbaiki menambah kenyamanan pengunjung anda bisa masuk lewat banjaran dan dari arah talaga harga tiket terjangkau","",positif
1849,"Situ Sangiang Majalengka","Wisata Alam & Cagar Budaya TNGC",4,"Takut monyet","",positif
1850,"Situ Sangiang Majalengka","Wisata Alam & Cagar Budaya TNGC",4,"Tempatnya adem banyak pohon pohon besar dan banyak sekali ikan besar di dalam situnya..","",positif
1851,"Situ Sangiang Majalengka","Wisata Alam & Cagar Budaya TNGC",4,"Waktu berkunjung ke sana masih ppkm level 3 jadi buka jam 15.00 Jadi kurang berlama lama di sana","",positif
1852,"Situ Sangiang Majalengka","Wisata Alam & Cagar Budaya TNGC",4,"Cukup nyaman untuk bersantai dari hiruk pikuk keramaian kota,, cukup lengkap untuk wisata keluarga, religi dan anak anak,,","",positif
1853,"Situ Sangiang Majalengka","Wisata Alam & Cagar Budaya TNGC",4,"Adem indah","",positif
1854,"Situ Sangiang Majalengka","Wisata Alam & Cagar Budaya TNGC",4,"Tempat yang masih mengusung  dan kental dengannilai nilai para leluhur","",positif
1855,"Situ Sangiang Majalengka","Wisata Alam & Cagar Budaya TNGC",4,"Saya suka dengan situ sangiang itu,, Karna banyak sejarah nya.","",positif
1856,"Situ Sangiang Majalengka","Wisata Alam & Cagar Budaya TNGC",4,"Adem, lumayan buat foto2","",positif
1857,"Situ Sangiang Majalengka","Wisata Alam & Cagar Budaya TNGC",4,"Sejuk asri campur mistis","",positif
1858,"Situ Sangiang Majalengka","Wisata Alam & Cagar Budaya TNGC",4,"Kangen tempat nya sejuk","",positif
1859,"Situ Sangiang Majalengka","Wisata Alam & Cagar Budaya TNGC",4,"Banyak ikannya","",positif
1860,"Situ Sangiang Majalengka","Wisata Alam & Cagar Budaya TNGC",4,"Indahnya tempat ini...","",positif
1861,"Situ Sangiang Majalengka","Wisata Alam & Cagar Budaya TNGC",4,"Keramat yang adem","",positif
1862,"Situ Sangiang Majalengka","Wisata Alam & Cagar Budaya TNGC",4,"Beautiful place with natural lake...","",positif
1863,"Situ Sangiang Majalengka","Wisata Alam & Cagar Budaya TNGC",4,"The day i went there quiet dirty.","",positif
1864,"Situ Sangiang Majalengka","Wisata Alam & Cagar Budaya TNGC",5,"Tempat yang terbaik buat di kunjungi dan hati hati ,jangan ngomong sembarangan dan sopan sama alam dan kehidupan sekitar.","",positif
1865,"Situ Sangiang Majalengka","Wisata Alam & Cagar Budaya TNGC",5,"Kami datang ketika cuaca panas terik, udara lembab, permukaan telaga surut, tak ada yang bisa dinikmati sebagai turis milenial.  TAPI  Situ Sangiang ini punya 'sesuatu'. Sebagai orang awam tanpa indera keenam, saya merasakan ada energi besar di sini. Konon telaga ini adalah lokasi keraton Talaga yang raib/menghilang. Telaga ini adalah tempat para peziarah mensucikan diri setelah nyekar ke makam Sunan Parung (salah satu pangeran kerajaan). Ikan-ikan jinak di danau ini sama sekali tak ada yang berani menganggu. Sejak zaman Belanda danau ini sudah jadi tempat tetirah alami. Bahkan kabarnya ada potensi geothermal besar di sini. I'm amazed!","",positif
1866,"Situ Sangiang Majalengka","Wisata Alam & Cagar Budaya TNGC",5,"alamnya indah ,cocok untuk berwisata,bermeditasi,ziarah bersama keluarga","",positif
1867,"Situ Sangiang Majalengka","Wisata Alam & Cagar Budaya TNGC",5,"Tempat wisata sekaligus tempat ziarah Ikannya banyak, hati-hati kera disitu sensitif ngeliat kantong kresek, tar direbut 😂","",positif
1868,"Situ Sangiang Majalengka","Wisata Alam & Cagar Budaya TNGC",5,"Wisata Situ Sangiang pemandangan danau yang indah, jangan lupa bawa makanan ikan atau roti untuk memberi makan ikan di sana, suatu keasikan tersendiri melihat ikan berkumpul untuk berebut makanan, dari yang kecil sampai yang paling besar, disekitar kadang tampak lutung, terdapat juga makam sunan Parung, tempat ini juga merupakan wisata religi dengan banyak pengunjung yang berziarah pada musim tertentu. Menuju makam kita harus melewati anak tangga yang lumayan banyak dengan pemandangan hutan yang asri dan monyet yang terlihat berkelompok.suasana alam yang asri dan agak mengerikan penuh mistis.","",positif
1869,"Situ Sangiang Majalengka","Wisata Alam & Cagar Budaya TNGC",5,"Tempatnya indah dan sejuk karena berada di sekitar gunung ciremai yang jadi lebih menarik lagi ikannya disini sangat banyak dan besar2 umpannya juga menggunakan roti jangan kaget nanti pas sebelum nyampe situ terdapat banyak kera yang akan menghibur kita.. Mantap👍","",positif
1870,"Situ Sangiang Majalengka","Wisata Alam & Cagar Budaya TNGC",5,"tempat wisata yg ada di desa sangian kec banjaran kab majalengka ini berada tepat kawasan kaki gunung ciremai. lokasi yg terkenal dengan tempat ziarah dan ikan ikan yg ada di situnya pun besar besar dan tidak pernah di ambil oleh warga masyarakat setempat sehingga ikan tumbuh dan besar besar... akses jln menuju lokasi ini masih sama dengan jln yg menuju panyaweuyan jika kita masuk dari daerah talaga.","",positif
1871,"Situ Sangiang Majalengka","Wisata Alam & Cagar Budaya TNGC",5,"Tempat yg bagus buat edukasi alam,  hewan dan religi","",positif
1872,"Situ Sangiang Majalengka","Wisata Alam & Cagar Budaya TNGC",5,"Pas kesini ikan ikan gede banget keluar. Pemandangannya bagussss","",positif
1873,"Situ Sangiang Majalengka","Wisata Alam & Cagar Budaya TNGC",5,"Matahari menyengat, motor trail hitam berkekuatan 25 tenaga kuda yang saya kendarai berlari sangat kencang, hawa panas yang saya rasakan seperti mandi sauna, mengalir. Untungnya bahan bakar motor trail milik saya setengah tengki, kalau sampai habis cerita yang saya tulis mungkin tidak akan ada.  Desa Sangiang, Kecamatan Banjaran. Jarak tempuh menuju Situ Sangiang dari Majalengka Kota adalah sekitar kurang lebih 27 Km, dengan waktu tempuh cukup singkat yaitu sekitar 30-45 menit. Akses menuju Situ Sangiang pun cukup baik dengan jalanan beraspal hingga tiba di lokasi. Yang patut disayangkan adalah tidak adanya angkutan umum sampai ke lokasi. Angkutan umum hanya sampai setengah perjalanan, sampai Cihaur, Banjaran (dapat menggunakan elf/microbus jurusan Kadipaten – Cikijing / Bandung – Cikijing atau medium Bus jurusan Cikarang – Bantarujeg). Dari Gapura selamat datang menuju Situ Sangiang dapat menggunakan ojek atau disarankan untuk menggunakan kendaraan pribadi. Situ ini merupakan salah satu objek wisata alam yang berada di Majalengka yang mengandalkan sumber mata air tanah dan curah hujan sebagai sumber air utamanya. Situ ini memiliki luas total mencapai 26,4 hektar. Situ ini juga termasuk dalam kawasan Taman Nasional Gunung Ceremai yang terkenal dengan legenda Nini Pelet-nya.  Keindahan panorama pegunungan menyisakan keindahan alam, memanjakan saya dengan udara yang masih segar dan ligkungan yang asri. Dari Gapura selamat datang sampai Situ Sangiang kita akan dimanjakan dengan keindahan hamparan bukit dengan teraseringnya. Setelah sampai di pintu masuk Situ Sangiang, saya dikenakan retribusi sebesar Rp 10.000, cukup murah untuk wisata alam seindah ini.Sebenarnya Situ ini merupakan objek wisata alam dan tempat ziarah. Banyak para pendatang yang berkunjung kesini dengan tujuan untuk berziarah. Untuk masuk ke lokasi situ terdapat beberapa gerbang. Di tiap pintu gerbang, ada kotak amal yang bisa diisi suka rela oleh pengunjung. Biasanya diperuntukkan bagi para juru kunci. Di sebelah kiri jalan setapak menuju situ, terdapat makam leluhur terdahulu seperti Makam Sunan Parung dengan seorang juru kunci.","",positif
1874,"Situ Sangiang Majalengka","Wisata Alam & Cagar Budaya TNGC",5,"Tempat sejuk asri masih terjaga alam nya.","",positif
1875,"Situ Sangiang Majalengka","Wisata Alam & Cagar Budaya TNGC",5,"Bagi saya sungguh ada sesuatu tersendiri,yg sangat indah dan ketenangan tersendiri","",positif
1876,"Situ Sangiang Majalengka","Wisata Alam & Cagar Budaya TNGC",5,"Kalo lagi pusing dari kota tangerang pasti ziarah kesini,  mantaab naik motor 6 jam perjalanan","",positif
1877,"Situ Sangiang Majalengka","Wisata Alam & Cagar Budaya TNGC",5,"Dari yang ada di sini yang paling menarik adalah pohonnya","",positif
1878,"Situ Sangiang Majalengka","Wisata Alam & Cagar Budaya TNGC",5,"Tempat wisata dengan suasana hutan yang asri","",positif
1879,"Situ Sangiang Majalengka","Wisata Alam & Cagar Budaya TNGC",5,"Alhamdulillah baik","",positif
1880,"Situ Sangiang Majalengka","Wisata Alam & Cagar Budaya TNGC",5,"Suasananya menenangkan bangeettt, banyak ikannya dan ada mitos jugaa, dan kalo malem tuh keliatan bintangnya jelas banget, kalo kemah disitu pasti seru, jalannya juga enak dikelilingi pohon-pohon besar dan banyak mitos juga ya yang dipercayai dari tempat ini tapi untuk tempat wisata menarik bangett...","",positif
1881,"Situ Sangiang Majalengka","Wisata Alam & Cagar Budaya TNGC",5,"Pengalaman yang sangat luar biasa","",positif
1882,"Situ Sangiang Majalengka","Wisata Alam & Cagar Budaya TNGC",5,"Objek wisata religi dan juga wisata alam yang masih alami dan terjaga kelestariannya karna masih banyak monyet di hutan juga ikan yang begitu banyak di danau terjaga karna Kramat nya tempat ini","",positif
1883,"Situ Sangiang Majalengka","Wisata Alam & Cagar Budaya TNGC",5,"Swiss nya Jawa Barat","",positif
1884,"Situ Sangiang Majalengka","Wisata Alam & Cagar Budaya TNGC",5,"Situ sangiang adalah tempat religi sekaligus tempat wisata karna di dalamnya ada situ , permainan anak / ayunan dan lainnya Ikan di sini jinak-jinak , bila kaki maduk ke air langsung ikan-ikan pada mendekati , apalagi sambil bawa makanan dan kasih makan","",positif
1885,"Situ Sangiang Majalengka","Wisata Alam & Cagar Budaya TNGC",5,"Dah lama lom berkunjung lagi ksni,,kl dlu sering apalagi kl ada acara jalan2 dari sekolah yang ekstrakurikuler,,nyampe kita jalan dr sklhn di talaga lho,,lumayan pegel2,, tp udah situ,cape itu ilang bisa istirahat sambil ngelihat air situ yg bening,,dsni jg msh dikelilingi hutan hutan,jd suasana msh asri apalagi banyak cerita cerita mistis dsni,jd orang2 lebih tertib kl dsni,apalagi katanya situ ini tadinya sebuah kerajaan di talaga yg akhirnya jd situ,","",positif
1886,"Situ Sangiang Majalengka","Wisata Alam & Cagar Budaya TNGC",5,"Tempat yang sangat indah nyaman sejuk Tempat rekreasi dan religi banyak ikan ikan yang besar yang konon kalau di beri makan dan jika ikan besar menghampiri maka kita akan dapat rezeki gede","",positif
1887,"Situ Sangiang Majalengka","Wisata Alam & Cagar Budaya TNGC",5,"Tempat nya bersih alam nya ter jaga baik smoga lain kali bisa ber kujung lagi amin","",positif
1888,"Situ Sangiang Majalengka","Wisata Alam & Cagar Budaya TNGC",5,"Situ Sangiang udaranya seger air nya jernih di tambah atraksi ikan ikan ber bagai macam jenis ikan","",positif
1889,"Situ Sangiang Majalengka","Wisata Alam & Cagar Budaya TNGC",5,"Tempatnya sejuk, cocok buat mendinginkan pandangan dan kepala yang sudah lelah dan penat oleh aktivitas seharian 😊","",positif
1890,"Situ Sangiang Majalengka","Wisata Alam & Cagar Budaya TNGC",5,"Suasana alam yang masih asri.. dengan kesejukannya membuat betah disini.. ikan gede2 dan banyak banget","",positif
1891,"Situ Sangiang Majalengka","Wisata Alam & Cagar Budaya TNGC",5,"Bagus banget pemandangan nya daripada yang jauh-jauh mending kesini aja!!!!!! I Love You Situ Sangiang","",positif
1892,"Situ Sangiang Majalengka","Wisata Alam & Cagar Budaya TNGC",5,"Bagus Tapi sangat terkejut ketika ngeluarin mkanan untuk ikan mlh direbut sama monyet..teriak teriak terkejut dan malu deh ahirnya","",positif
1893,"Situ Sangiang Majalengka","Wisata Alam & Cagar Budaya TNGC",5,"Tempatnya bersih....akomodasi utk jalan menuju lokasi masuk dlm kategori 7 _8","",positif
1894,"Situ Sangiang Majalengka","Wisata Alam & Cagar Budaya TNGC",5,"Sangat indah dan alami sekali penduduknya sangat ramah banget saya suka sekali dengan situ sangiang","",positif
1895,"Situ Sangiang Majalengka","Wisata Alam & Cagar Budaya TNGC",5,"Bagus tempat nyah sangat asri dan alami ara mistis nyah juha sangat kental","",positif
1896,"Situ Sangiang Majalengka","Wisata Alam & Cagar Budaya TNGC",5,"Tempat wisata yang murah meriah di Majalengka. Sempat tersesat kesini awalnya tetapi akhirnya menemukan lokasinya.","",positif
1897,"Situ Sangiang Majalengka","Wisata Alam & Cagar Budaya TNGC",5,"Tempat nya msh asri banget...tempat bersejarah...ada pohon akar 4 menjulang tinggi","",positif
1898,"Situ Sangiang Majalengka","Wisata Alam & Cagar Budaya TNGC",5,"Tempat yg sangat luar biasa.","",positif
1899,"Situ Sangiang Majalengka","Wisata Alam & Cagar Budaya TNGC",5,"Sungguh luarrrrrr biasa","",positif
1900,"Situ Sangiang Majalengka","Wisata Alam & Cagar Budaya TNGC",5,"Tempat nya sejuk indah ,dan pengen pergi ke sana lagi..","",positif
1901,"Situ Sangiang Majalengka","Wisata Alam & Cagar Budaya TNGC",5,"Great place, great landscape will come back again here for sure!","",positif
1902,"Situ Sangiang Majalengka","Wisata Alam & Cagar Budaya TNGC",5,"Danau alam yg indah dan mempunyai sejarah kerajaan masa lalu","",positif
1903,"Situ Sangiang Majalengka","Wisata Alam & Cagar Budaya TNGC",5,"Adheeeem beneeeeeer... Suwejyuuuuuuuuuk.....","",positif
1904,"Situ Sangiang Majalengka","Wisata Alam & Cagar Budaya TNGC",5,"Nice view pokoknya,.","",positif
1905,"Situ Sangiang Majalengka","Wisata Alam & Cagar Budaya TNGC",5,"Amazing Place @Majalengka","",positif
1906,"Situ Sangiang Majalengka","Wisata Alam & Cagar Budaya TNGC",5,"Magical lake with mystical surrounding .... we can feel the joy of feeding bread to the enthusiastic big fishes jumping out of the water😀","",positif
1907,"Situ Sangiang Majalengka","Wisata Alam & Cagar Budaya TNGC",5,"Beautiful lake in a beautiful place❤️ Glad to be there and have been there.","",positif
1908,"Situ Sangiang Majalengka","Wisata Alam & Cagar Budaya TNGC",5,"Masih asri dan sejuk, pemandangan bagus","",positif
1909,"Situ Sangiang Majalengka","Wisata Alam & Cagar Budaya TNGC",5,"Indonesia","",positif
1910,"Situ Sangiang Majalengka","Wisata Alam & Cagar Budaya TNGC",5,"udaranya sangat sejuk","",positif
1911,"Situ Sangiang Majalengka","Wisata Alam & Cagar Budaya TNGC",5,"Great View and Great Place with legacy","",positif
1912,"Situ Sangiang Majalengka","Wisata Alam & Cagar Budaya TNGC",5,"Sejuk banget","",positif
1913,"Situ Sangiang Majalengka","Wisata Alam & Cagar Budaya TNGC",5,"This place we use the love","",positif
1914,"Situ Sangiang Majalengka","Wisata Alam & Cagar Budaya TNGC",5,"Asal Mula Tempat Kerajaan Talaga Manggung","",positif
1915,"Situ Sangiang Majalengka","Wisata Alam & Cagar Budaya TNGC",5,"kereeenn","",positif
1916,"Situ Sangiang Majalengka","Wisata Alam & Cagar Budaya TNGC",5,"Wisata religy","",positif
1917,"Situ Sangiang Majalengka","Wisata Alam & Cagar Budaya TNGC",5,"situ nya sangat indah","",positif
1918,"Situ Sangiang Majalengka","Wisata Alam & Cagar Budaya TNGC",5,"Lingkungan nya asri, enak untuk tempat santai","",positif
1919,"Situ Sangiang Majalengka","Wisata Alam & Cagar Budaya TNGC",5,"Tempat alam yg sejuk.tdk hilang dr sejarah","",positif
1920,"Situ Sangiang Majalengka","Wisata Alam & Cagar Budaya TNGC",5,"Tempat wisata religi yang asri dan ramah lingkungan","",positif
1921,"Situ Sangiang Majalengka","Wisata Alam & Cagar Budaya TNGC",5,"Berjarah ke makam sunan parung sangat mengesankan","",positif
1922,"Situ Sangiang Majalengka","Wisata Alam & Cagar Budaya TNGC",5,"Sejuk tempat ya indah Yaman buat belibur plus zaroh","",positif
1923,"Situ Sangiang Majalengka","Wisata Alam & Cagar Budaya TNGC",5,"wajib dikunjungi  asri hutan segar....damai asri","",positif
1924,"Situ Sangiang Majalengka","Wisata Alam & Cagar Budaya TNGC",5,"Pesona Alam Murni Yang terjaga & tertata Rapih ke Asriannya🙏 #Karangtaruna #Majalengkamuda #pesonaalam #SitusLembaga","",positif
1925,"Situ Sangiang Majalengka","Wisata Alam & Cagar Budaya TNGC",5,"Satu tempat Wisata Religi yg eksotis dan alami..","",positif
1926,"Situ Sangiang Majalengka","Wisata Alam & Cagar Budaya TNGC",5,"Mantaaap tempatnya indah","",positif
1927,"Situ Sangiang Majalengka","Wisata Alam & Cagar Budaya TNGC",5,"Sangat persenona","",positif
1928,"Situ Sangiang Majalengka","Wisata Alam & Cagar Budaya TNGC",5,"Tempat yang asri dan penuh dengan misteri","",positif
1929,"Situ Sangiang Majalengka","Wisata Alam & Cagar Budaya TNGC",5,"Berkah nya jiarah sambil mlihat situ yg masih asri","",positif
1930,"Situ Sangiang Majalengka","Wisata Alam & Cagar Budaya TNGC",5,"Pernah main kesini.eh ternyata masih asri nan indah  keliatan y msh asli","",positif
1931,"Situ Sangiang Majalengka","Wisata Alam & Cagar Budaya TNGC",5,"Tempat yg nyaman untuk menenangkan hati","",positif
1932,"Situ Sangiang Majalengka","Wisata Alam & Cagar Budaya TNGC",5,"Tempatnya indahh., Baguss , banyak permainannya juga","",positif
1933,"Situ Sangiang Majalengka","Wisata Alam & Cagar Budaya TNGC",5,"Subhanalloh, indah","",positif
1934,"Situ Sangiang Majalengka","Wisata Alam & Cagar Budaya TNGC",5,"Wisata religi indah nan asri","",positif
1935,"Situ Sangiang Majalengka","Wisata Alam & Cagar Budaya TNGC",5,"Baguss masih asri dan sejuk","",positif
1936,"Situ Sangiang Majalengka","Wisata Alam & Cagar Budaya TNGC",5,"Indah banget pemandangannya","",positif
1937,"Situ Sangiang Majalengka","Wisata Alam & Cagar Budaya TNGC",5,"Saya pindah lokasi rumah di daerah yg sama","",positif
1938,"Situ Sangiang Majalengka","Wisata Alam & Cagar Budaya TNGC",5,"tempat nya seru, adem, dingin","",positif
1939,"Situ Sangiang Majalengka","Wisata Alam & Cagar Budaya TNGC",5,"Toko AlFarizqiStore.ID Nenerima Grosir dan eceran","",positif
1940,"Situ Sangiang Majalengka","Wisata Alam & Cagar Budaya TNGC",5,"Sebuah telaga d kabupaten Majalengka Lekat dengan suasana mistis, Masih asri","",positif
1941,"Situ Sangiang Majalengka","Wisata Alam & Cagar Budaya TNGC",5,"Konon tempat ini adalah asal usul leluhurku","",positif
1942,"Situ Sangiang Majalengka","Wisata Alam & Cagar Budaya TNGC",5,"Tempat nya bikin relax :)","",positif
1943,"Situ Sangiang Majalengka","Wisata Alam & Cagar Budaya TNGC",5,"Indah pemandangannya","",positif
1944,"Situ Sangiang Majalengka","Wisata Alam & Cagar Budaya TNGC",5,"Tampat refreshing yang bikin adem","",positif
1945,"Situ Sangiang Majalengka","Wisata Alam & Cagar Budaya TNGC",5,"sangat indah luar biasa","",positif
1946,"Situ Sangiang Majalengka","Wisata Alam & Cagar Budaya TNGC",5,"Nyaman buat nyantai","",positif
1947,"Situ Sangiang Majalengka","Wisata Alam & Cagar Budaya TNGC",5,"Sangat menajubkan","",positif
1948,"Situ Sangiang Majalengka","Wisata Alam & Cagar Budaya TNGC",5,"Wisata situ sangiang,  MANTAP","",positif
1949,"Situ Sangiang Majalengka","Wisata Alam & Cagar Budaya TNGC",5,"Indah...","",positif
1950,"Situ Sangiang Majalengka","Wisata Alam & Cagar Budaya TNGC",5,"Makam Keramat Buyut Tanjungsari","",positif
1951,"Situ Sangiang Majalengka","Wisata Alam & Cagar Budaya TNGC",5,"Bisa wisata rohani","",positif
1952,"Situ Sangiang Majalengka","Wisata Alam & Cagar Budaya TNGC",5,"Ngalap barokah","",positif
1953,"Situ Sangiang Majalengka","Wisata Alam & Cagar Budaya TNGC",5,"Alamnya sangat sjukkkk","",positif
1954,"Situ Sangiang Majalengka","Wisata Alam & Cagar Budaya TNGC",5,"Wisata religi majalengka !!","",positif
1955,"Situ Sangiang Majalengka","Wisata Alam & Cagar Budaya TNGC",5,"Saya juga pernah ke sini","",positif
1956,"Situ Sangiang Majalengka","Wisata Alam & Cagar Budaya TNGC",5,"Luar biassaaa...","",positif
1957,"Situ Sangiang Majalengka","Wisata Alam & Cagar Budaya TNGC",5,"Alami magis","",positif
1958,"Situ Sangiang Majalengka","Wisata Alam & Cagar Budaya TNGC",5,"Tempat rekreasi alam berupa danau. Banyak dihubungkan dengan petilasan karuhun dan tempatnya juga benar-benar rimbun sehingga menimbulkan kesan mistis... Tetapi asik banget sih...","",positif
1959,"Situ Sangiang Majalengka","Wisata Alam & Cagar Budaya TNGC",5,"Pemandangan alam ya luar biasa","",positif
1960,"Woodland Kuningan","Wisata Pinus Mitra TNGC",1,"Pertama dan terakhir main kesini kalau tidak ada perbaikan fasilitas. 1. Kamar mandi, toilet, kamar ganti dijadikan satu dengan jumlah yang sangat sedikit. Kolam renangnya luas banget loh, jumlah pengunjung tidak dibatasi, tapi kamar mandi tidak sampai belasan??? Ngantri ganti baju minimal 1 jam. Banyakin lah shower luar minimal anak kecil bisa tuh dimandiin orang tuanya gaperlu antri wc. Dipikirin pak bu gini doang ko bisa ke skip. 2. Tiket dewasa dan anak-anak disamaratakan. 3. Waktu masuk dihitung jumlah orang 19, saya bayar, tapi saat terima tiket cuma 17. Saya info malah disuruh lanjut. Jadi buat apa kertas tiketnya dong paakk??? Kalo bagian tiketing ada auditnya, jelas 2 tiket saya bisa dimasukin kantong pribadi dong. 4. Ruang terbuka tidak ada batasan wilayah merokok dan tidak merokok, tadi rame banget, udaranya bau asep rokok parah. Boro-boro mau hirup oksigen, racun doang yg didapet.","",negatif
1961,"Woodland Kuningan","Wisata Pinus Mitra TNGC",1,"Untuk resto woodland lebih di perhatiin lagi buat penyajian makanannyaa, aku beli mendoan di kecapnya ada ulat mana makanan udh habis lagi nasinya kurang mateng lain kali lebih hati2 dan di jaga kepercayaan konsumennya lebih bersih lagi dalam penyajiannya","",negatif
1962,"Woodland Kuningan","Wisata Pinus Mitra TNGC",1,"Say kasih rating 1,soalnya dibagian parkir motor nya tidak ada yg bertanggungjawab walaupun ada tukang parkirnta,kemarin saya kesini parkir motor pas mau pulang ngambil motor helm saya gores banyak dan pecah,dibilangin ke tukang parkirnya mereka gk mau ngaku,bukan maslah ganti ruginyasini maslah tanggung jawabnya,kita parkir disana bayar lo,gk gratis,tapi malah gk ada rsa tanggung jawabnya,malh nyolot ngatainopengunjung lain ygsdorong motornya dan yg jatuhin helmnya,brrti apa dong kerjaan merekagudah nyolot bicaranya malah gak ada permintaan maaf kpda kita,kecewa saya🤬","",negatif
1963,"Woodland Kuningan","Wisata Pinus Mitra TNGC",1,"Tempat wisata alam banyak pohon dan juga kolam renang, tapi petugas nya malah pada ngeroko di samping kolam renang yg banyak anak kecil nya. Ini emang konsep petugas nya harus seperti itu ya?","",negatif
1964,"Woodland Kuningan","Wisata Pinus Mitra TNGC",1,"tempatnya ya biasa aja, yg bikin menarik cuma perosotan pelanginya, tapi aneh bgt masa kudu beli ticketnya dibawah d kantin, g efisien, hrusnya beli ticket itu y didekat wahana yg mau kita coba dong, ud turun naik gtaunya g bsa dibeli lg krna kepentok jam operasional.hadeuh olahraga ini namanya turun naik gt.trus makanan dan minumannya muahal2, tlg utk pengelola minimal ditanamin rumput2 biar pas ujan g becek2 bgt dan g licin,btw ruang gntinya jg g bgt, kotor, gelap, sempit, g niat buka tmpt renangnya, parkir 3rb tp hrus nyebrang lg, HTM 20k /org, tmasuk kolam renang anak, dan kolam dewasanya kaya kolam ikan. utk semua wahana bayar lgi 10k-20k sepeda gntung, sepeda air, flying fox, perosotan pelangi","",negatif
1965,"Woodland Kuningan","Wisata Pinus Mitra TNGC",1,"So so. Tempat kecil, ga ada yang menarik,  Baru buka harga di getok  20.000 untuk tiket masuk per orang (hari minggu), parkir 5000. Menikmati yang lain2 nya harus bayar lagi. Kalah jauh dengan wisata di sebelah. Tolong dibenahi kembali.","",negatif
1966,"Woodland Kuningan","Wisata Pinus Mitra TNGC",1,"Tempat mah bagus sih tapi fasilitas nya kurang bngt gada tempat buat ngebilas klo habis renang jadi orng' full ke kamar mndi semua air abis total percuma bayar mahal tapi buat ke kamar mndi harus nunggu orng ganti baju+ngebilas enggak khusus masing' gada tempat bilas agak kecewa sih 👎👎👎","",negatif
1967,"Woodland Kuningan","Wisata Pinus Mitra TNGC",1,"Tempat nya lumayan lah ya, banyak gazebo juga. Tapi tiket masuk 25k perorang, balita pun harus beli tiket. Diluar ekspektasi, saat masuk tiket hanya bisa d pergunakan untuk renang. Kalau mau naik flying fox dan wahana lain beli tiket lagi.. but it's okelah ya, n then ternyata anak usia 4tahun mau naik rainbow slide harus beli tiket sendiri. Jadi kalau mau naik dengan pendamping harus beli 2 tiket. Aduduh.. memangnya bisa anak usia 4tahun naik rainbow slide sendiri. Coba tolong dikaji lah, biar lebih ramai ini tempat wisata.","",negatif
1968,"Woodland Kuningan","Wisata Pinus Mitra TNGC",1,"Untuk yang bawa rombongan hati-hati banyak calo, langsung saja ke loket pembayaran kalau mau booking juga jangan lewat WA atau transfer","",negatif
1969,"Woodland Kuningan","Wisata Pinus Mitra TNGC",1,"saat datang hujan, kondisi area permainan becek hrsnya dikasih konblok, makanan tidak tersedia yang baik hanya ada jajanan saja tidak worth it  sangat disayangkan...","",negatif
1970,"Woodland Kuningan","Wisata Pinus Mitra TNGC",1,"makanan nya lama di kirim nya saya nunggu in 40 menit ga dateng2 giliran orang lain baru sampe udah dateng makanan nya","",negatif
1971,"Woodland Kuningan","Wisata Pinus Mitra TNGC",1,"untuk wahana poller coaster ga worth it, bahaya banget di lengkungan, pulang² memar biru karena kena benturan besi dari tempat duduknya🤦‍♀️, trs mengutamakan yang ngga pake tiket, aduhh buat apa dibikin pembelian tiket wahana, kalo yang di dahulukan yang memakai cash langsung..😿😿","",negatif
1972,"Woodland Kuningan","Wisata Pinus Mitra TNGC",1,"sangat miness untuk kamar mandinya . cuma ada 4 . sedangkan yg abs renang mandi nya lama2 ..","",negatif
1973,"Woodland Kuningan","Wisata Pinus Mitra TNGC",1,"-Wahana playground anak tidak safety. (Prosotan curam, Spon tipis, bola plastik sedikit) -Tiket wahana tidak bisa diganti wahana lain walaupun belum dipakai. -Tiket Anak 2 tahun dihitung sama seperti dewasa.  Cukup berkesan dan tidak akan datang lagi.","",negatif
1974,"Woodland Kuningan","Wisata Pinus Mitra TNGC",1,"tempatnya ngebosenin bgt,gada permainannya yg friendly dewasa ada sih cuma kebanyakan buat bocil doang dan kamar mndi disitu deket pohon2 bnyk lintah dkk jdi geli liatnya","",negatif
1975,"Woodland Kuningan","Wisata Pinus Mitra TNGC",1,"Kesana weekday tapi mbak penjaga loket nya bilang tarif week end padahal sudah gak musim liburan udah pada masuk sekolah dan kerja, kurang ramah dan bikin males. Masuk sebentar udah keluar lagi, jadi gak nyaman","",negatif
1976,"Woodland Kuningan","Wisata Pinus Mitra TNGC",1,"hari jumat tgl 16 Januari 2026 pukul 12 siang. bagian penjaga tiket nya ga ramah, cungi bgt, ga yg cewek ga yg cowok sama aja.","",negatif
1977,"Woodland Kuningan","Wisata Pinus Mitra TNGC",1,"Saya mengunjungi Woodland liburan tahun baru agak tidak nyaman dengan toilet d lokasi karena cuma 4 kamar.anak saya kebelet pipis antrinyaa sampe setengah jam lebih harus antri.... tolong kepada pihak.pengelola tambahin lagi ruang toiletnya","",negatif
1978,"Woodland Kuningan","Wisata Pinus Mitra TNGC",1,"Nyesel pas mau foto kesini malah airnya dikuras dan tiket relatif ga bersahabat","",negatif
1979,"Woodland Kuningan","Wisata Pinus Mitra TNGC",1,"Tidak worth it dengan tiket masuk 20ribu tapi tempatnya tidak nyaman.","",negatif
1980,"Woodland Kuningan","Wisata Pinus Mitra TNGC",1,"Waktu acara kantor disana, kebetulan makanan katering nya dari Woodland tolong diperhatikan ayam nya kecil banget kentang balado cuma 9 pcs dan sudah kering ditambah  nasi seuprit.kalo belum sanggup menangani katering dalam jumlah besar lebih baik jangan memaksakan untuk diterima dari pada hasil nya mengecewakan.","",negatif
1981,"Woodland Kuningan","Wisata Pinus Mitra TNGC",1,"Tempat lumayan Sayangnya tempat salin antri","",negatif
1982,"Woodland Kuningan","Wisata Pinus Mitra TNGC",1,"Wisata copet ini mah😌😓 Yang mau kesini hrus ekstra hati2 bngt soalnya bnyak bngt copet yang berkeliaran trutama waktu ngntri di loket tiket wahana mana smua wahana tiketnya dijadiin satu lagi trs ngntrinya gk tertib ngasih pluang buat pra copet beraksi gk sih klo kek gini? sblm saya jg ada bapak2 yg khilngn dompet","",negatif
1983,"Woodland Kuningan","Wisata Pinus Mitra TNGC",1,"Nyaman...ada kolam renang anak Cocok untuk.... Keluarga","",negatif
1984,"Woodland Kuningan","Wisata Pinus Mitra TNGC",1,"Tiket wahana perosotan donat 15.000 per orang bukan per ban, jadi kalau anak 3 tahun mau merosot harus di dampingin orang tua, beli tiketnya harus 2 😂","",negatif
1985,"Woodland Kuningan","Wisata Pinus Mitra TNGC",1,"Saya mengunjungi tempat inj kemarin, tempatnya sangat ramai pengunjung dan saya hampir tidak dapat parkirkan kendaraan roda 4 yang saya bawa. Saya pikir itu hal yang biasa untuk berbagai tempat wisata di momen lebaran. Sampai ketika anak saya meminta menaiki salah satu wahana flying fox dan isteri saya temani anak saya untuk membeli karcisnya, di satu wahana flying fox lainnya ada kejadian tali penahan (tali rem) terlepas yang membuat orang yang menaiki wahana tersebut meluncur bebas tanpa berkurang kecepatannya menuju ke arah pohon yang dikaitkan sling di posisi yang lebih rendah dan menghantam salah satu orang yang sedang berada di panggung/menara untuk menuruni wahana tersebut, hingga orang yang tertabrak tersebut jatuh terlempar dari ketinggian kurang lebih 2,5 meter ke tanah dan mengalami cedera.  Sontak saya berteriak marah ke arah panitia, ""Gawe teh nu baleg! Neangan duit kuatkeunka sakituna, teu ngecek deui wahana nu karak dipake"". Dan saya bersama banyak pengunjung lain membatalkan niat memakai wahana tersebut dan berami-ramai mengembalikan karcis dengan harga IDR 20.000 tersebut.  Saya berharap dinas kepariwisataan setempat dan dinas-dinas lain yang terkait untuk mengkaji ulang kelayakan wahana-wahana di tempat tersebut, terutama wahana-wahana yang memanfaatkan faktor ketinggian, sebelum sampai memakan korban jiwa.","",negatif
1986,"Woodland Kuningan","Wisata Pinus Mitra TNGC",1,"Penjaga mini zoo kaya anjing","",negatif
1987,"Woodland Kuningan","Wisata Pinus Mitra TNGC",1,"KECEWA PELAYANAN WOODLAND RESTO LAMBAT BANGET! UDAH NUNGGU 40 MENIT TAPI PAS DATENG GA SESUAI MENU. PESEN NASI GORENG AYAM YG DATENG NASI GORENG POLOS","",negatif
1988,"Woodland Kuningan","Wisata Pinus Mitra TNGC",1,"restonya panas karena terbuat dari kaca dan seng, makin gak nyaman lagi karena berisik oleh musik","",negatif
1989,"Woodland Kuningan","Wisata Pinus Mitra TNGC",1,"Manajemennya payah, uncomitted, pernah kemping disini, kominten awal kita bebas pakai fasilitaa tempat yang ada, kenyataannya tempat2 itu disewakan kpd pihak lain secara sepihak, padahal kita masih menginap disitu. Hati 2 deal dengan manajemennya, harus detail dan bikin perjanjian hitam diatas putih, supaya tidak berkhianat secara sepihak","",negatif
1990,"Woodland Kuningan","Wisata Pinus Mitra TNGC",1,"Tiket masuk usia <3thn tetep bayar, terus untuk semua wahana walaupun usia <3thn tetep harus di hitung 1org ( yaa kali anak usia <3thn bisa maen sendiri wkwkwwk tempat wisata paling tidak mau rugi yg pernah saya temui, di tambah lagi pas saya tes ke petugas di wahana sluncuran donat bilang oke tidak di dampingi beli tiket sendiri aja anak <3thn tp tolong di dampingi oleh petugas saat meluncur, eh malah petugas nya bilang gpp sendiri aja aman ini kok ""what the hell"" naik ban donat tidak ada sabuk pengaman di bilang aman?? Ini management nya rekrutmen karyawan nya kayak gmn ya? Wkwkwkw apa emang management nya cuma mikir yg penting cuan? Bad experience banget pertama datang kesini, not recommended pokok nya, bagi kalian yg mau maen mendingan mikir2 lagi deh","",negatif
1991,"Woodland Kuningan","Wisata Pinus Mitra TNGC",1,"mohon berhati-hati ketika ngeboking acara di Woodland karena tidak sesuai dengan kesepakatan, saya sudah boking tempat untuk 1 hari, tetapi petugas dengan seenaknya mengambil alih tempat dengan tidak memberi kejelasan apapun.","",negatif
1992,"Woodland Kuningan","Wisata Pinus Mitra TNGC",1,"awas hati-hati ketika ngebooking acara khususnya ngecamp di Woodland karena tidak sesuai dengan kesepakatan awal, saya sudah booking tempat untuk 1 hari, tetapi petugas dengan seenaknya mengambil alih tempat dengan tidak memberi kejelasan apapun. bhuuutthh","",negatif
1993,"Woodland Kuningan","Wisata Pinus Mitra TNGC",1,"Mahal ahhh jgn kesini lah jelek tempatnya gersang hiiiiiiiiiiii","",negatif
1994,"Woodland Kuningan","Wisata Pinus Mitra TNGC",1,"Masuk 15 ribu perorang Prosotan bayar lg 15 rb Wahana tidak terawat","",negatif
1995,"Woodland Kuningan","Wisata Pinus Mitra TNGC",1,"mohon berhati-hati ketika ngeboking acara di Woodland karena tidak sesuai dengan kesepakatan, saya sudah boking tempat untuk 1 hari, tetapi petugas dengan seenaknya mengambil alih tempat dengan tidak memberi kejelasan apapun , tanpa panduan bantuan yang ramah untuk membantu sebelumnya menjanjikan semuanya aman dengan manis ramah tetapi pas terjadi di lapangan petugas tidak peduli.","",negatif
1996,"Woodland Kuningan","Wisata Pinus Mitra TNGC",1,"Baru jam 4 kurang, tp pegawai sudah pulang dan ditutup.. alasannya tidak ada pengunjung. Sangat membuang waktu, jam operasionalnya tidak jelas dan seharusnya management memperhatikan kinerja pegawai. Dan membuat pengumuman yang jelas tentang jam operasional. Sangat tidak rekomen.","",negatif
1997,"Woodland Kuningan","Wisata Pinus Mitra TNGC",1,"Tadi siang kesini brng kluarga malah dompet saya dicopet orang seumur2 ke tmpt wisata bru kali ini kecopetan","",negatif
1998,"Woodland Kuningan","Wisata Pinus Mitra TNGC",1,"dislike -10000 LoL","",negatif
1999,"Woodland Kuningan","Wisata Pinus Mitra TNGC",1,"Not recomended","",negatif
2000,"Woodland Kuningan","Wisata Pinus Mitra TNGC",2,"H+1 lebaran lagi macet macetnya tapi yg bikin ga sabar adalah kenapa ruang bilasnya dikittttt bangettt. Itu orang ribuan, 1 kamar bilas di antre oleh 7 ~ 10 orang bayangin. Masuknya 25k, kalo mau coba wahana lain selain kolam renang harus bayar lagi, bayangin pengelolanya dapet berapa ratus juta tapi fasilitasnya minim banget.","",negatif
2001,"Woodland Kuningan","Wisata Pinus Mitra TNGC",2,"Konsepnya lumayan bgs... airnya suegerrr... Harga relatif agak tinggi utk ukuran wisata disitu... Pengelola agak krg profesional... Mdh2an ke dpn lebih baik","",negatif
2002,"Woodland Kuningan","Wisata Pinus Mitra TNGC",2,"Kesini cuma numpang makan, ga keliling karna pas masuk langsung hujan deras, pertama kali kesini, tiket masuk 20.000 perorang anak 2 th juga dihitung full Didalam fasilitasnya kolam renang husus anak2 setau saya itu aja, dan menurut saya tiket masuk 20.000 kemahalan , didalam naik perosotan juga bayar lagi, jujur merasa ga puas sih","",negatif
2003,"Woodland Kuningan","Wisata Pinus Mitra TNGC",2,"20rb+3rb(parkir) kurang worth sih.. Ekspektasi saya aja yang ketinggian 😁","",negatif
2004,"Woodland Kuningan","Wisata Pinus Mitra TNGC",2,"Tempatnya bagus tapi syg tempat bilas dan kamar mandi hanya sedikit dan sangat jauh sekali, kalo bisa didekat kolam renang sediakan untuk tempat bilas. Ini bilas dan kamar mandi jd 1, orang2 yg mau bak jd harus nunggu lama sekali yg ganti baju","",negatif
2005,"Woodland Kuningan","Wisata Pinus Mitra TNGC",2,"salah satu karyawan resto nya judes bgt,kerja yg ikhlas dong mbakk masa customer pesan makanan mulutnya menyon menyon gt! ga seru juga tempatnya karyawan di area permainannya pun pd judes judesss pada niat kerja gak sih","",negatif
2006,"Woodland Kuningan","Wisata Pinus Mitra TNGC",2,"Tanggal 13 sept 2020 saya kemari, tempatnya gersang ddan kotor. Untuk wisata spt itu dg tiket 20rb, sangat mahal menurut saya. Karena kolam renangnya juga sirkulasinya kurang, kolam terapi ikan juga ga ada sirkulasi. Apalagi musim pandemi spt ini.","",negatif
2007,"Woodland Kuningan","Wisata Pinus Mitra TNGC",2,"Pelayanan restony minus . Lama ! Nunggu makan smpe 1jam lbih ga dianterin🤬 itupun hrus pelanggannya yg nyamperin nnyain mna psenanny!  bkin ga mood ! Tolong utk managemennya ,perbaiki LG pelayanannya. Utamakan yg datang duluan yg di bikinin pesenannya !! Bikin kapok","",negatif
2008,"Woodland Kuningan","Wisata Pinus Mitra TNGC",2,"Enak sih adem cuma sangat d sayangkan tiket permainannya mahal kata saya mah😆 Padahal asik klu bawa anak tp sedikit permainan gratis nya.. Masuk mahal didalam mainannya bayar mahal lagi🤦‍♂️","",negatif
2009,"Woodland Kuningan","Wisata Pinus Mitra TNGC",2,"Kurang bgs dan kurang menarik menurut saya, cm ada kolam renang dan pemandangan alam tp krg menarik seandayny ada taman bunga itu akan lbh bagus","",negatif
2010,"Woodland Kuningan","Wisata Pinus Mitra TNGC",2,"Banyak copet di antrean loket tiket permaenan karna ke semrawutan antrean ky antre bansos ruwet.hp/uang raib.saran saya di benahi antrean loket y kasih pmbatas antrean trs kasih petugas pengawas","",negatif
2011,"Woodland Kuningan","Wisata Pinus Mitra TNGC",2,"Gaenak, apalagi flyingfox nya masa tempat make buat flyingfox nya dipisah, mana jauh lagi dibawah, yg enak perosotan rainbow doang sisanya gak 🙄","",negatif
2012,"Woodland Kuningan","Wisata Pinus Mitra TNGC",2,"Fasilitas toilet dan musholah kurang byk...jauh dari jangkauan tidak strategis...kasian utk lansia yg mau ke toilet hrs turun ke bawah...","",negatif
2013,"Woodland Kuningan","Wisata Pinus Mitra TNGC",2,"lumayan bagus.. buat liburan bersama keluarga dengan budget menengah .. mash asri dan sejuk","",negatif
2014,"Woodland Kuningan","Wisata Pinus Mitra TNGC",2,"Sangat nyaman..","",negatif
2015,"Woodland Kuningan","Wisata Pinus Mitra TNGC",2,"Harga tiket masuk, per item permainan mahal","",negatif
2016,"Woodland Kuningan","Wisata Pinus Mitra TNGC",2,"Fasilitas kurang memadai. Tempatnya kurang nyaman. Kebetulan kesitu pas danau lagi kering jdi kurang bagus. 🙏🥺","",negatif
2017,"Woodland Kuningan","Wisata Pinus Mitra TNGC",2,"Tolong Bagian KAMAR MANDI/WC AIRNYA KOSONG BOSS dan kebersihan D Bagian Kamar mandi/WC hrus ada penjaganya 👍","",negatif
2018,"Woodland Kuningan","Wisata Pinus Mitra TNGC",2,"Suasana buat liburan keluatga yg biasa saja, sarana ibadah y jauh dr kata layak.","",negatif
2019,"Woodland Kuningan","Wisata Pinus Mitra TNGC",2,"😟😥😟 jauh2 kesini permainan anak2 pada di renovasi. Padah sudah konfirmasi jauh2 hari. 😢😭","",negatif
2020,"Woodland Kuningan","Wisata Pinus Mitra TNGC",2,"Tempat Sejuk, Cuman Kurang nyaman Oleh Petugas Parkir","",negatif
2021,"Woodland Kuningan","Wisata Pinus Mitra TNGC",2,"Pelayanan nya lama... Sudh nunggu lama banget nasinya masih gates alias blm mateng","",negatif
2022,"Woodland Kuningan","Wisata Pinus Mitra TNGC",2,"Keren dan berkesan","",negatif
2023,"Woodland Kuningan","Wisata Pinus Mitra TNGC",2,"Cukup bagus untuk anak""dan dewasa","",negatif
2024,"Woodland Kuningan","Wisata Pinus Mitra TNGC",2,"Wisata outbond utk keluarga ...","",negatif
2025,"Woodland Kuningan","Wisata Pinus Mitra TNGC",2,"Bagus dan nyaman","",negatif
2026,"Woodland Kuningan","Wisata Pinus Mitra TNGC",2,"Tiket terlalu mahal","",negatif
2027,"Woodland Kuningan","Wisata Pinus Mitra TNGC",2,"Ga ada akses jalan mobil","",negatif
2028,"Woodland Kuningan","Wisata Pinus Mitra TNGC",2,"Asik,nyaman","",negatif
2029,"Woodland Kuningan","Wisata Pinus Mitra TNGC",2,"Kurang lengkap","",negatif
2030,"Woodland Kuningan","Wisata Pinus Mitra TNGC",2,"Masih proses","",negatif
2031,"Woodland Kuningan","Wisata Pinus Mitra TNGC",2,"Kurang indang dn tmpat ny sempit","",negatif
2032,"Woodland Kuningan","Wisata Pinus Mitra TNGC",2,"Wood lands","",negatif
2033,"Woodland Kuningan","Wisata Pinus Mitra TNGC",3,"Tempat wisata Woodland cukup menarik untuk dikunjungi, terutama buat yang cari suasana sejuk dan pemandangan yang enak dipandang. Area-nya terasa asri, cocok untuk refreshing bareng keluarga. Namun ada beberapa hal yang perlu jadi perhatian. Tidak tersedia smoking room, sehingga pengunjung yang merokok masih bercampur dengan area umum. Selain itu, sangat disayangkan melihat petugas penjaga wahana yang merokok di area wahana anak—ini cukup mengganggu kenyamanan dan kurang baik dari sisi keamanan serta contoh bagi pengunjung. Semoga ke depannya pengelola bisa lebih memperhatikan hal-hal tersebut agar pengalaman wisata jadi lebih nyaman dan ramah untuk semua pengunjung 🙏","",netral
2034,"Woodland Kuningan","Wisata Pinus Mitra TNGC",3,"menurutku worth it sih dengan harga 25k uda free berenang, cuma minusnya kalau masuk dari belakang gabisa pembayaran Qris ( harus cash ) karyawannya pun pada diem diem aja pdhal kita ramean sekeluarga, jadi kita jadi harus jalan dulu ke depan baru bisa masuk, tp jujurly kolamnya bersih banget","",netral
2035,"Woodland Kuningan","Wisata Pinus Mitra TNGC",3,"Wisata alam yang menakjubkan dengan keindahan alam yang Astri. Dengan wahana Flying fox, ATV, dan Kolam renang. Serta beberapa fasilitas seperti musholla & toilet. Dari segi Kelengkapan toilet sudah bagus, dan Ada di setiap sudut. Sebagai catatan Harga makanan/minuman lebih mahal daripada tempat wisata kebanyakan. Dengan contoh Good day Frieze dibanderol Rp10k yang menurut saya terlalu mahal dari kebanyakan tempat wisata disekitar","",netral
2036,"Woodland Kuningan","Wisata Pinus Mitra TNGC",3,"Tiket masuk dewasa 20 Anak anak 15 Tapi wahana nya bayar lagi Main perosotan pelangi 20(1 org) 1x main Flaingfox dewasa 15( 1 org) 1x main Flaingfox anak 20(1 org) 1 x main  Kolam renang gratis itupun kolam nya cuma 2 kecil² Konsepnnya bingung smua serba bayar Parkir mobil 5 ribu","",netral
2037,"Woodland Kuningan","Wisata Pinus Mitra TNGC",5,"Entah sudah ke berapa kalinya wisata disini, jadi favorite banget pokoknya mah.. Tempatnya adem, serba ada juga di dalam dalam satu tempat. Kesenengan bocil semua. Bahkan sekarang sudah perluasan sampe area bawah dan lebih luas lagi. Ai kolamnya juga jernih dan bnyak pilihan karena bnyaknya kolam renang. Tinggal datang bawa timbel. Anak anak berenang, para bapak dan ibu menunggu d atas tikar beuh nikmat.. Permainan juga ga cuma buat bocil tapi dewasa juga banyak. Ada jumping, serodotan pelangi, kuda, flying fox untuk bocil dan dewasa (lebih panjang dan tinggi). Outbond, mewarnai, kereta2an dll.. Bakal betah dr pagi hingga sore juga.. Semoga tetep laku ya dan maju. Ga kaya wisata di Kuningan lainnya yg mulai terlupakan dan tidak dirawat..","",positif
2038,"Woodland Kuningan","Wisata Pinus Mitra TNGC",5,"Banyak kolam renang, area toilet juga banyak namun ketika hari libur memang aga penuh dan perlu antri bersamaan dengan yang akan ganti baju mau renang dan bilas setelah renang, tp tempat bilas outdoor juga tersedia... area yh luas, banyak wahana outbond anak dan setiap wahana berbayar antara. Htm 15-20rb saat weekend...","",positif
2039,"Woodland Kuningan","Wisata Pinus Mitra TNGC",4,"Hiburan  keluarga, harus siapin baju ganti mau maen air disini, saran klo mau flying fox chek dulu mau yg kecil (pendek) biasanya buat bocil bgt atau yg panjang ni jauh n tinggi , jadi ada dua jenis tiket flying fox , kuning (panjang) sama biru (pendek)","",positif
2040,"Woodland Kuningan","Wisata Pinus Mitra TNGC",4,"Tempat nya luas, tiket 20k ssrkj 25k SM Kolam banyak, ada ikan buat mijitin kaki, Cuman sayangnya tempat istirahat kurang bersih, mungkin karna taman rekreasi air.. Ada mushola, toilet lengkap, taman air, petugas ramah, parkir 5k dibayar duluan.. Ada petugas dishub didepan suka nyebrangin orang dari parkiran. Ushakan bawa tikar kalo main kesini.","",positif
2041,"Woodland Kuningan","Wisata Pinus Mitra TNGC",5,"Kalau kesini ajak anak2 lebih seruuu karna kolam renangnya luasss... Cuman weekday kesini kantinnya cmn 1 aja yg buka. Haha","",positif
2042,"Woodland Kuningan","Wisata Pinus Mitra TNGC",4,"areanya sejuk, bisa piknik dan bawa makanan dari luar, wahana bermainnya lumayan bnyk, dan kolam renangnya besar untuk di area bawah  paling minusnya bnyk wahana yg tidak beroperasi, padahal saya berkunjung saat longweekend  tpi untuk keseluruhan oke lah dan klau boleh saran sediakan tiket terusan untuk wahana bermainnya agar lebih menarik","",positif
2043,"Woodland Kuningan","Wisata Pinus Mitra TNGC",5,"Mampir ke woodland nyaa,ke cafe nyaa jugaa🤭 Coffe nyaa hmm, uenakk suka yg gk terlalu manis🤤 Menu makanan nya juga banyak, enakenakk, hemat dikantong jugaa🤭😁 luvluvv❤❤","",positif
2044,"Woodland Kuningan","Wisata Pinus Mitra TNGC",5,"Di sana seru! Saya sebagai Otherpaw sangat senang datang ke sini^^ pinus nya ku koleksi untuk aksesoris dan kenangan :> aku suka banget, banyak rumput dan wahana! Kolam renang nya banyak ukuran dan saya suka rumput :3","",positif
2045,"Woodland Kuningan","Wisata Pinus Mitra TNGC",5,"Seneng bgt. Tempatnya passs buat healing sejuk, adem tanpa musik yang dardirdor kek tempat wisata yang lain. Gazebo luas, Toilet bersih dan terawat udah gitu banyak lagi jadi tidak antre. Selain itu musholah nya juga cukup luas🤗 dan tersedia alat sholat yang layak(masyaallah, ini mah udah pasti bakal berkunjung lagi). Ternyata berkunjung saat tanggal merah terhitung weekend yah min?. Minusnya tempat pembelian tiket wahana terpisah jadi kita capek bolak-balik naik turunnya. Tapiii over all cukup memuaskan siii","",positif
2046,"Woodland Kuningan","Wisata Pinus Mitra TNGC",5,"24/06/26 tiket masuk 20rb-25rb(libur) .. cukup luas buat keluarga bahkan grup","",positif
2047,"Woodland Kuningan","Wisata Pinus Mitra TNGC",5,"Tempatnya cocok banget buat family time ,air kolamnya dingin banget 🥶🥶","",positif
2048,"Woodland Kuningan","Wisata Pinus Mitra TNGC",5,"H+1 lebaran 2026 HTM 25k/org Tempat rekresiasi keluarga terdapat beberapa wahana - kolam renang anak perosotan - kolam renang dewasa - terapi ikan - ayunan gantung - mini roll coaster - cafe - rainbow slide - gazebo gratis (datang lebih awal agar kebagian) - dll","",positif
2049,"Woodland Kuningan","Wisata Pinus Mitra TNGC",5,"Tempatnya luas, sejuk dan banyak pohon.. Bisa untuk acara outbond sekolah, dan acara keluarga.. Kolam renangnya banyak, banyak wahana yang bisa dinaikin oleh anak anak.. Dan boleh bawa makanan dari luar, disana juga ada kantinnya..","",positif
2050,"Woodland Kuningan","Wisata Pinus Mitra TNGC",5,"Bagus air nya dingin sama ada yang anak kecil dan orang dewasa yang paling dalem kolam 160cm","",positif
2051,"Woodland Kuningan","Wisata Pinus Mitra TNGC",4,"Tempatnya luas, jadi walopun banyak pengunjung ga begitu sesak. Pilihan permainan juga banyak. Sayang tempat sampahnya ga tiap sudut ada, semoga bisa ditambah lagi tempat sampahnya, buar pengunjung ga bingung buang sampah.","",positif
2052,"Woodland Kuningan","Wisata Pinus Mitra TNGC",5,"Tempat rekreasi keluarga atau bersama teman² atau pun acara kantor dengan konsep alam outdoor. Dilengkapi beberapa fasilitas permainan flyfox,berkuda,kolam renang,perosotan ,masukan untuk fasilitas toilet/kamar bilas sayang nya terlalu minim Kamar bilas di bagian atas air tidak mengalir, kamar bilas /toilet di bawah hanya ada beberapa pintu saja. Mohon diperhatikan kembali Jalanan dr taman menuju kolam licin hati² saat berjalan","",positif
2053,"Woodland Kuningan","Wisata Pinus Mitra TNGC",4,"Air mancurnya kaga nyala ka, tapi lemayan bisa brenang sma terapi ikan nyenengin emak di kuningan sini","",positif
2054,"Woodland Kuningan","Wisata Pinus Mitra TNGC",5,"Tempat untuk refesing bersama keluarga, suasana sangat sejuk dengan pohon rindang yang tinggi berada didaerah pegunungan gunung ciremai Kuningan. Tersedia ada beberapa kolam renang dan mainan yg lain. Toilet dan musholah kebersihannya terjaga ada didalam taman woodland","",positif
2055,"Woodland Kuningan","Wisata Pinus Mitra TNGC",5,"Asyik, menyenangkan, tempat luas dan banyak wahana permainan selain kolam renang. Anak2 suka, bs buat kluarga dan rame2 bareng teman/saudara.","",positif
2056,"Woodland Kuningan","Wisata Pinus Mitra TNGC",5,"Tempatnya bagus dan recomended untuk liburan bersama keluarga dan wahananya lengkap untuk tempat makan atau resto harusnya di banyakin","",positif
2057,"Woodland Kuningan","Wisata Pinus Mitra TNGC",5,"Wisata di Kuningan yang menyediakan kolam renang, flying fox dan berbagai permainan anak dan dewasa. Harga tiket masuk perorang 20rb rupiah termasuk renang. Kalo mau naik yang lain beli tiket lagi, harga bervariasi mulai harga 10rb sampai 25rb.","",positif
2058,"Woodland Kuningan","Wisata Pinus Mitra TNGC",5,"Hnya di cafenya saja karena hujan, menunya variatif dan tempatnya luas, ada live music, untuk harga kisaran 15-25 k","",positif
2059,"Woodland Kuningan","Wisata Pinus Mitra TNGC",5,"Woodland ini tempat wisatanya luas dan lengkap 🌿✨. Di sini ada kolam renang, banyak pilihannya, jadi enak buat main air. Terus ada wahana sepeda di atas tali (sky bike), flying fox, seluncuran pelangi, sampai mini roller coaster, jadi nggak cuma buat anak-anak tapi juga seru buat yang gede. Fasilitasnya juga lengkap 👍. WC dan kamar ganti banyak, jadi nggak terlalu ribet, mushola juga ada. Tempatnya kelihatan bersih dan terawat, bikin nyaman. Soal harga, menurut aku terjangkau/murah. Plusnya lagi, boleh bawa makanan dari luar, jadi bisa lebih hemat 🍱. Saran aja, mending bawa tikar sendiri, buat jaga-jaga kalau tempat duduk yang disediakan lagi penuh sama pengunjung 😅, soalnya di sini nggak ada penyewaan tikar. Overall, Woodland ini worth it buat liburan santai bareng temen atau keluarga. Lengkap, bersih, dan ramah di kantong 👍✨","",positif
2060,"Woodland Kuningan","Wisata Pinus Mitra TNGC",4,"Tempatnya sejuk,nyaman.fasilitas kolam renang dengan mandi busa juga ada.flying fox dan wahana halang rintang untuk anak tersedia disini.seluncuran pelangi wahana favorit tapi cukup menegangkan..seru deh kalo liburan bareng keluarga kesini...","",positif
2061,"Woodland Kuningan","Wisata Pinus Mitra TNGC",4,"tempat yg cukup affordable klo mo bawa keluarga besar, yg ptg jgn weekend, ramenya luar biasa. mestinya ada aturan maksimum okupansi. restonya jg harga2nya lmyn murah","",positif
2062,"Woodland Kuningan","Wisata Pinus Mitra TNGC",4,"Secara umum seluruh areanya lumayan bersih, ada flying fox, rainbow slide, naik kuda, giant swing, sayang wood-decknya sudah dirombak. Kolam renangnya ada cukup banyak! Airnya pun dari mata air jadi segar dan bersih. Dengan bayar biaya HTM, kolam renang bisa gratis digunakan, tapi untuk wahana yg lain harus membayar. Sangat fleksibel dan cukup membantu karena bisa piknik dengan membawa makanan sendiri. Kalau boleh dikasih area merokok sendiri ya, supaya asap rokok ga kena anak2 yg datang berkunjung, karena sebagian pengunjung adalah anak2, kasian jika terpapar asap rokok.","",positif
2063,"Woodland Kuningan","Wisata Pinus Mitra TNGC",4,"Woodland lebih cocok buat anak2 karena wahananya sebagain besar memang utk anak2. Ada rainbow slide (ini bisa utk dewasa), kolam renang, flying fox, dan permainan lain (gtau namanya). Banyak gazebo atau tempat terbuka untuk orang2 bisa ""piknik"" 😅. Ada kantin juga yg menyediakan snack, minuman, dan pop mie. Tiket masuk utk weekday 20k, weekend 25k.","",positif
2064,"Woodland Kuningan","Wisata Pinus Mitra TNGC",4,"Untuk Tiket Harganya standar sudah include dengan Kolam renangnya. Untuk kolam renang banyak pilihan dari yang kecil untuk anak - anak, sedang dan Besar dengan kedalaman sampe 150 cm.  Minusnya tempat Untuk duduk nya masih kurang, dan banyak yang merokok di sekitar kolam renang yang di dominasi anak anak.  Banyak wahana yang lainnya yang berbayar tidak include dengan  Tiket masuk.  Recomended untuk Yang mau wisata tapi tdk mau jauh dari rumah.","",positif
2065,"Woodland Kuningan","Wisata Pinus Mitra TNGC",5,"Tempatnya luas, banyak pilihan permainan, akses mudah, tiket murah, makanan dan minuman juga murah. Cocok untuk rekreasi keluarga","",positif
2066,"Woodland Kuningan","Wisata Pinus Mitra TNGC",5,"Seru parahhhhh,adem ,nyaman wahana komplet,kolam renang banyak ,ainy nyessss","",positif
2067,"Woodland Kuningan","Wisata Pinus Mitra TNGC",5,"Bagus seru, cocok untuk anak-anak. Kolam renang gratis + dari tiket masuk yang lainnya bayar lagi sendiri, air dingin. Tapi untuk pemesanan grab dsb masih susah terlebih jika sore hari.","",positif
2068,"Woodland Kuningan","Wisata Pinus Mitra TNGC",4,"Bagus si cocok bawa keluarga, cuma kurang toilet aja ngantri😁","",positif
2069,"Woodland Kuningan","Wisata Pinus Mitra TNGC",5,"Area nya luas, bnyk wahana (add cost, rata² 20rb/ wahana/ org), HTM nya murah 25k (udh free renang), parkiran jg cukup luas, ada resto & coffee shop, musholla, tempat bilas jg ada, liburan lengkap pkknya buat keluarga & anak² 🫶🏻  Wahana yg paling gong itu giant swing, must try (buat yg berani aja) 😁","",positif
2070,"Woodland Kuningan","Wisata Pinus Mitra TNGC",5,"Tempat Wisata yg bagus, makin bnyak wanahananya kolam renang , slorokan pelangi,roller coaster mini, kolam ikan kesehatan, ranjang gantung dll","",positif
2071,"Woodland Kuningan","Wisata Pinus Mitra TNGC",4,"Tempat untuk rekreasi keluarga. Ada kolam  renang, restoran untuk keluarga, fasilitas lengkap ada toilet dan mushollah. Di restorannya tersedia banyak menu mulai dari bebek, nasi goreng sampai iga sapi. Tempat parkir juga luas. Banyak yang datang dari kelompok sekolah. Untuk biaya  parkir dikenakan 5k untuk minibus","",positif
2072,"Woodland Kuningan","Wisata Pinus Mitra TNGC",4,"Bagus tempat nya ,harga nya terjangkau ,toilet dan kamar bilas nya juga banyak ,penjaga kolam nya juga stanby jadi setiap section ada yg memantau","",positif
2073,"Woodland Kuningan","Wisata Pinus Mitra TNGC",5,"Harga tiket murah, kolam bersih, gazebo banyak, cafe untuk jajanan harga standar. Permainan seru untuk dewasa maupun anak2 OK...","",positif
2074,"Woodland Kuningan","Wisata Pinus Mitra TNGC",5,"Sewaktu saya ke sini, memang sedang waktunya puasa. Entah karena faktor itu atau bukan, ke sini sekitar jam 2an siang, suasana sangat sepi.  Meski sepi, kesejukan amat terasa kala keluar dari kendaraan mobil yang saya dan kawan lain tumpangi.  Asri, sejuk dan dingin menyatu dalam padanan kata yang bisa kita sebut nyaman.  Dari luar, kita sudah dibuat nyaman akan suasana di sini.  Oiya, kalau untuk parkir posisinya di seberang woodland, atau tepatnya di area resto woodland -nya. Untuk tiket mobil sebesar Rp. 5000, dan motor sepertinya di angka Rp. 2000.  Karena weekend, tiket masuk untuk ke area wisata dipatok harga Rp. 20000, berbeda jika weekday yang hanya Rp. 15.000.  Panorama yang terlihat dari gerbang masuk arena woodland begitu hijau dan asri.  Tata letaknya juga begitu rapih dan Instagramable.  Oiya, perlu diingat dan diperhatikan, bagu siapapun yang ingin berlibur ke sini, persiapkan fisik ya, karena tempat di sini cukup luas, dan sepertinya perlu beberapa jam untuk menjangkau seluruh areanya.  Di sini, terbilang cukup lengkap fasilitas ataupun wahana tambahan di dalamnya.  Sebut saja, di sini memang basisnya hutan, jadi rindang dan riuhnya pepohonan rapat menjulang berdekatan.  Gazebo-gazebo banyak didirikan sebagai tempat rehat para pengunjung sembari menikmati suasana alam yang indah dan sejuk.  Kemudian, ada beberapa fasilitas pendukung seperti; kantin food court, kamar mandi, musala, dan fasilitas olahraga.  Adapun fasilitas olahraga dan permainan di antaranya, kolam renang, panahan, jembatan tali, kudaan, panjat tebing anak-anak, dan lainnya.  Selain terjangkau, tempat wisata ini menawarkan spot foto yang Instagramable dan sayang dilewatkan begitu saja.  Mau dari sisi manapun, cocok diambil pemandangan nya.  Oiya, hati-hati bagi kamu yang ingin berenang atau sekadar cuci muka dari mata airnya, karena cukup dingin, dan bahkan bisa jadi sangat dingin bagi sebagian orang.  Sayangnya, saat saya ke sini, kolam bagian bawah yang dekat dengan sawah, sedang tidak ada isinya alias kosong.  Selain itu, bangunan musala pun agak sedikit doyong dan perlengkapan salat kurang rapih.  Tapi, selebihnya tempat wisata di sini cukup rekomended. 👍🏼","",positif
2075,"Woodland Kuningan","Wisata Pinus Mitra TNGC",4,"Tempatnya Bagusss ... kolam Renangnya Lumayan Lah Buat Anak2 tp Toiletnya Pleaseee D tambah Lagi Masa Ngantri Buat Ganti Baju aja d bikin mengkel Dulu 🤦🏻‍♀️ nunggu lama ... Trs Buat tugas Tolong Donk ramah 🙏","",positif
2076,"Woodland Kuningan","Wisata Pinus Mitra TNGC",5,"Tempatnya nyaman, tiket masuknya juga masih terjangkau. Buat piknik keluarga atau rombongan juga tempatnya luas, adem. Kalo bisa bawa tiker sendiri biar lebih enak. Didalemnya juga ada wahana flying fox untuk dewasa dan anak-anak, perosotan pelangi, ada playground untuk anak-anak. Ada kolam renang juga, kayaknya untuk kolam free entry. Untuk wahana lain berbayar.","",positif
2077,"Woodland Kuningan","Wisata Pinus Mitra TNGC",5,"tempat wisata paket lengkap. Ada berbagai wahana seperti berkuda, flying fox, rainbow slide, rope walk,panahan, ATV, Kayak, Playground, mandi bola, kolamrenang anak +busa busa, kolam renang dewasa. Air kolam Renang pake air gunung yg mengalir terus jadinya seger banget, enak. area duduk dan toiletnya bersih.","",positif
2078,"Woodland Kuningan","Wisata Pinus Mitra TNGC",5,"Saya dari brebes, gabut aja kesini krna diajak, dijalan ga kepikiran tp disuruh nyari"" tempat yg bagus buat foto"" di sekitaran kuningan Jawa Barat, saya pilih lah ini, ternyata lokasi nya jauh dan jalan nya yg waw bgt, tp pas sampe di lokasi jujur ga kecewa sih krna bener"" bersih dan jajanan nya masih oke harga nya. Pas mau pulang sekitaran jam setengah 4 sore hujan berhubung kayaknya ga reda"" dan perjalanan kami jauh, kami putuskan untuk nrabas hujan dan ikutin jalan lewat gmaps. Dan kaget krna disasarin ke jembatan yg kecilll bgt hanya cukup untuk 1 motor, liat anak sekolah tawuran juga, pokoknya pengalaman paling ga terlupakan 😂👍","",positif
2079,"Woodland Kuningan","Wisata Pinus Mitra TNGC",5,"Area nya luas dan cukup banyak wahana permainan nya. Tiket masuk 20.000 saat liburan sekolah include kolam renang. Kalo wahana flying fox, sepeda gantung, kereta, perosotan pelangi itu bayar lagi harga mulai 10.000 sampai 20.000 per wahana.","",positif
2080,"Woodland Kuningan","Wisata Pinus Mitra TNGC",5,"Salah satu fempat wisata bermain yang seru di Kuningan. Saya berkunjung pertama kalinya ketika ada kegiatan rapat.","",positif
2081,"Woodland Kuningan","Wisata Pinus Mitra TNGC",5,"Jika minat main air di sini, datang bareng karyawan buka jam 7. Usahakan jam 6.45 udh di pintu tiket puas bgt berasa CEO pemilik kolam. Jam rame itu jam 10 - 11 kita udh puas. Dan pulang deh.","",positif
2082,"Woodland Kuningan","Wisata Pinus Mitra TNGC",4,"First impressions kesini, bagus karna tempat nya masih hijau hijau banyak pepohonan, banyak kolam renang dengan ketinggian yang berbeda-beda, ada banyak wahana juga disini, tapi untuk pembayaran nya berbeda yaa dengan tiket masuk 😊  FYI, untuk tiket masuk kesana weekdays 20k, weekend 25k","",positif
2083,"Woodland Kuningan","Wisata Pinus Mitra TNGC",5,"Sebagai salah satu lokasi rekreasi selain melepas rutinitas sehari-hari juga bisa dijadikan tempat edukasi memupuk rasa percaya diri dan kerja sama dengan adanya kegiatan outbound dan peraga yang memadai. Lokasi mudah dijangkau, udara sejuk bersahabat, lokasi parkir memadai, kecukupan variasi makanan dan rasa sesuai lidah sambil menghibur diri mendengar live music bisa juga berkaraoke. Tiket masuk tidak perlu merogoh kantong.... Sangat terjangkau.. Recommended lah ...","",positif
2084,"Woodland Kuningan","Wisata Pinus Mitra TNGC",4,"Tempatnya sejuk, untuk spot foto bayar lagi rp.7000. Ada permainan flying fox juga untuk anak-anak yang suka menguji adrenalin. Rumah makannya/cafe-nya luas bisa muat banyak orang (rombongan) kurang lebih 100 orang. Bisa booking dulu tempat dan menunya sebelum acara, sehingga ketika kita datang makanan sudah tersedia. Bisa karokean juga bagi yang senang bernyanyi. Toilet banyak dan bersih. Sayang musholanya harus naik lagi, jadi buat para lansia sih kayakanya ga bisa sholat di mushola karena tangganya cukup curam. Harganya sedang saja worth it, lah.","",positif
2085,"Woodland Kuningan","Wisata Pinus Mitra TNGC",5,"enak untuk menepi sejenak dari hiruk pikuk dunia, airnya bersih.. good place uhuyy","",positif
2086,"Woodland Kuningan","Wisata Pinus Mitra TNGC",4,"Untuk lokasi tempat mudah di jangkau meskipun tidak di jalan utama, lokasi dekat dengan gedung perundingan Linggarjati, suasananya adem dan sejuk. Real Kuningan yang ada persis dikaki gunung Ciremai. Untuk tiketnya weekday 15k, weekend dan libur panjang 20k. Terhitung murah dengan lumayan banyak wahana, tp untuk setiap wahananya bayar lg yah, range harganya sama sekitar 15-20k per wahana. Wahana yang menjadi favorit di sini adalah perosotan pelanginya ini, unik dan seru ajaa rasanya.. Terdapat kolam renang jugaa, tp menurutku hanya untuk anak2, dewasa jg bisa cuman kyknya kurang leluasa ajaa karena kolamnya kecil.. Untuk fasilitas lumayan baik, banyak tempat untuk bersantai baik yang di gazebo, kursi ataupun lesehan pake tikar. Boleh bawa makanan dari luar, tp meskipun gak bawa juga ada banyak yang jualan kok dengan harga yang relatif lumayan agak mahal dari biasanya yah, wajar juga karena lokasi wisata.. Sedikit masukkan untuk pengelolanyaa, untuk toilet bisa di perbanyak jumlahnya atau di pisah antara untuk yang bilas setelah renang dan toilet biasa untuk yang tidak bilas, karena kasihan sampe ngantri lama nunggu yang mandi padahal hanya untuk buang air kecil aja.  Terima kasiiih 🙏🙏🙏🙏","",positif
2087,"Woodland Kuningan","Wisata Pinus Mitra TNGC",5,"Tempatnya cocok untuk rekreasi bersama keluarga. Luas dan banyak wahana permainan. Akses mudah dijangkau.","",positif
2088,"Woodland Kuningan","Wisata Pinus Mitra TNGC",4,"Tempat wisata yg ada di Kuningan Jawa Barat, ada kolam renang, perosotan, flying fox, ada sepeda diatas awan. Banyak spot yang bagus juga buat photo-photo. Tempatnya adem dan rindang, karena banyak pohon-pohon besar... Harga tiket masuk 20 ribu rupiah untuk weekend. Parkiran juga luas dan bayar 5000ribu untuk mobil.","",positif
2089,"Woodland Kuningan","Wisata Pinus Mitra TNGC",5,"Tiket masuk perorang utk weekday 15rb, weekend 20rb. Cocok banget utk yg nyari tempat piknik tapi ada wahana rekreasin seperti kolam renang anak. Pas datang ke sini di hari minggu ada atraksi balon busa di kolam anaknya.  Selain itu ada kolam ikan terapi utk orang dewasa. Udaranya sejuk jadi bisa bersantai sambil makan dan menikmati pemandangan","",positif
2090,"Woodland Kuningan","Wisata Pinus Mitra TNGC",4,"Ke sini karena anak-anak ngajakin berenang, bingung mau renang ke mana yang paling dekat, air kolamnya alami, dan akses jalannya tidak melalui medan curam.  Yups, akhirnya dipilihlah Woodland. Lokasinya tepat di sisi jalan utama jadi mudah untuk menemukannya. Wana wisata ini dekat dengan wisata Batu Hanjuang, bersampingan ya.  HTM 20.000 untuk dewasa dan 15.000 untuk anak-anak, biaya parkir 3.000. Waktu itu datang berkunjung di weekend ya jadi harga tiketnya segitu. Masih worth it sih, masih sesuai anjuran perda untuk wana wisata alam di Kuningan.  Kolam bersih, airnya jernih, anak-anak puas main air.  Hal yang mesti diperbaharui mungkin adanya pemangkasan pohon yang terlalu rimbun sehingga dedaunan kering jatuh ke dalam kolam sehingga kolam menjadi terganggu kebersihannya, khawatir ada ulat daun yang ikut jatuh ke dalam kolam juga.  Lalu untuk wahana Flying Fox sepertinya kurang tinggi dan kurang jauh ya jalur luncurnya, pun halnya rainbow slide yang sepertinya jarang diminati karena memang kurang jauh jalur luncurnya. Pengunjung mikir 2x untuk membayar 20.000 sekali luncur di Rainbow Slide karena jalur luncurnya yang pendek dan kurang mengasyikan.  Saran aja sih buat pengelolanya agar membuat arena bermain anak seperti ayunan, seluncuran, atau jongkat-jongkit yang bisa dipakai gratis untuk daya tarik tambahan. Selebihnya worth it sih.","",positif
2091,"Woodland Kuningan","Wisata Pinus Mitra TNGC",5,"Wisata Alam di Kab. Kuningan. Sejuk dan asri. Ada wahana permainan anak-anaknya, kolam renang, flying fox, low rope, berkuda dan lainnya. Harga tiket masuk murah dan terjangkau bisa menikmati pemandangan alam dan bebas berenang. Duduk bersantai bareng keluarga sambil menikmati kopi dan lainnya di kantin2 yang tersedia di area wisata. Cocok banget berlibur bareng keluarga/ kerabat atau teman.","",positif
2092,"Woodland Kuningan","Wisata Pinus Mitra TNGC",5,"28/12/23 Tempatnya cukup bagus untuk liburan keluarga,, kemarin dtg hari kamis HTM 20k/org... Kemarin liburan sekolah penuh di prosotan,kolam renang, yg gelar samak dan toilet nya kl wahana permainan anak yg lain kurang tau ..  Minus utk pembelian tiket wahana nya saat waktu ishoma nya hanya satu org jd kita harus menunggu hingga jam 1 utk beli tiket dan itu ngantri sekali gaada gantian shift utk pembelian tiket wahana nya. Terimakasih 🙏","",positif
2093,"Woodland Kuningan","Wisata Pinus Mitra TNGC",5,"Tempatnya strategis pinggir jalan, area parkir luas, tiket masuk 20rb (weekend). Bisa gelar tikar, ada 2 kolam renang, wahana anak, dan kantin. Terdapat beberapa wahana: -Flying fox anak 15rb -Flying fox dewasa 15rb -Sepeda gantung 20rb -Naik kuda 10rb -Memanah -Kereta  Tempat ganti banyak, dan ada kantin menjual makanan dan sewa tikar.","",positif
2094,"Woodland Kuningan","Wisata Pinus Mitra TNGC",4,"Adem, itu mungkin kata yg tepat utk tempat ini. Area outbound yg cocok utk berlibur bersama keluarga, krn banyak saung2 kecil sbg tempat berkumpul (jg ada yg besar utk yg rombongan banyak), juga ada byk fasilitas permainan outdoor spt memanah, berenang, flying fox dan byk lagi. Harga tiket masuk masih terjangkau, cm utk akses permainan outdoor ada biaya tambahan lg ya. Oiya tempatnya juga bersih.","",positif
2095,"Woodland Kuningan","Wisata Pinus Mitra TNGC",5,"Tempat yg bagus utk sekedar santai dgn keluarga.. Area parkir luas, tempatnya adem, nyaman.. Kolam renang anak ada banyak, wahana bermain cukup baik.. Toilet bersih, mushola dan kantin tersedia, gazebo utk menunggu/santai banyak.. Cocok juga utk acara gathering kantor atau keluarga. Sukses terus utk pengelola woodland.. Salam dari pondok labu jaksel..","",positif
2096,"Woodland Kuningan","Wisata Pinus Mitra TNGC",5,"Tempatnya luas cocok sekali untuk acara gathering keluarga. Saya berkunjung diakhir pekan tiket masuk dewasa 20K dan 10K untuk anak-anak. Fasilitas Outbond, Berkuda, Kolam Renang Salju, Mushola, Kamar Mandi. Adem nyaman pokonya banyak tempat untuk gelar tikar. Saya bawa balita usia 20 bulan,dia senang sekali lari². Cobain wudhu dan rasakan sensasi air dari pancuran jadi bawaannya kepengen mandi. hehehe","",positif
2097,"Woodland Kuningan","Wisata Pinus Mitra TNGC",5,"Tempatnya bagus, adem walau pun di siang hari, banyak permainan yang seru untuk anak anak dan dewasa, hanya saran saja semoga ada tiket terusan jadi 1 tiket udah termasuk semua wahana yang ada di dalam. Selebihnya sudah bagus semua, fasilitas (toilet & musholla) juga bersih.","",positif
2098,"Woodland Kuningan","Wisata Pinus Mitra TNGC",5,"Enak tempat nya..apalagi buat liburan sama keluarga..tempatnya bersih dan adem..harga tiket masuk 20k dri Senin-Jumat dan 25k untuk hari minggu...o iya,,yg ga mau masuk ke tempat playground disini ada resto nya juga loh..tempatnya luas,,dan ada spot foto aesthetic juga loh..","",positif
2099,"Woodland Kuningan","Wisata Pinus Mitra TNGC",4,"Tempatnya luas, cocok untuk tempat bikin acara sama keluarga besar atau teman2. Banyak saung2 untuk tempat istirahat santai sambil makan. Sayangnya pas datang kesana weekday banyak arena permainan yang ngga dibuka. Jadi hanya bisa  foto2 deh...ngga jadi berkuda dan foto underwater.","",positif
2100,"Woodland Kuningan","Wisata Pinus Mitra TNGC",5,"Tempat wisata dikuningan dengan biaya masuk 25 ribu di suasana hutan. Ada banyak permainan yg free hanya renang untuk flynyng fox 20 rb dan untuk seluncur tambah lagi 25 rb. Ada cafe juga. Cocok untuk bersama keluarga. Kalau budget terbatas hanya bisa renang aja dan menikmati hutan dengan 25 rb. Cocok buat sama keluarga","",positif
2101,"Woodland Kuningan","Wisata Pinus Mitra TNGC",5,"Tmpat nya sejuk adem liburan d woodland bikin seru anak suka ada kolam renang dan banyak permainan nya.","",positif
2102,"Woodland Kuningan","Wisata Pinus Mitra TNGC",5,"Woodland, Tempat yang rekomend untuk dihabiskan bersama keluarga, Dengan fasilitas yang cukup lengkap dan tentunya cukup aman  Dengan hanya tiket Rp. 15.000 dihari kerja dan Rp. 20.000 dihari libur sudah bisa menikmati fasilitas yang ada seperti kolam renang dan gazebo  Adapun untuk permainan - flaying fox - naik kuda - perahu - papan seluncur Itu tiket terpisah","",positif
2103,"Woodland Kuningan","Wisata Pinus Mitra TNGC",4,"Tempatnya sejuk, rindang, lumayan buat healing dgn low budget.....bisa menghirup udara segar. Ada kolam renang mini lumayan tuk anak2 berendem 😊. Ada outbound juga macam flying fox. Ada saung2 kecil tuk duduk2 santai sambil buka rantang makanan 😀. Gelar karpet di rerumputan pun asyik.","",positif
2104,"Woodland Kuningan","Wisata Pinus Mitra TNGC",4,"Hrga tiket tiket masuk diweekend 25rb, stiap wahana berbayar. Parkir mobil 5rb Minus kamar bilas kurang banyak.","",positif
2105,"Woodland Kuningan","Wisata Pinus Mitra TNGC",5,"Sekarang makin keren aja tempatnya,kolam renang nya tambah banyak,punten kalo bisa toilet nya lebih dikontrol lagi supaya tetap bersih dan pengunjung betah 😁🙏","",positif
2106,"Woodland Kuningan","Wisata Pinus Mitra TNGC",4,"Disarankan untuk booking tempat parkir terlebih dahulu,. Cocok untuk piknik keluarga, bawa karpet.  Wahana yang ada: - flying fox - mini flying fox - sepeda gantung - sewa kuda - panahan - kolam renang - dll","",positif
2107,"Woodland Kuningan","Wisata Pinus Mitra TNGC",4,"tempatnya lumayan seru buat liburan atau sekedar selfie buat instastory, bnyak wahana permainannya toiletnya juga bagus.....tersedia mushola. bawa baju ganti kalau pengen renang atau foto underwater😊 outbond tarifnya beda,bisa pesan tempat untuk rombongan/komunitas seminggu sebelumnya tersedia paket harga khusus😊 selamat bersenang-senang.....","",positif
2108,"Woodland Kuningan","Wisata Pinus Mitra TNGC",4,"aku datang di weekday, jadi sepi, tempatnya lumayan bagus, tiket masuk 15rb. nanti untuk permainannya bayar lagi kisaran 10-20rb","",positif
2109,"Woodland Kuningan","Wisata Pinus Mitra TNGC",5,"Tempat nya sejuk, adem byk phon pinus, bersih dan tertata. Cmn sayang bgt kolam dewasa yg diblakang licin bgt udah berlumut jdi ga bsa buat brenang, smoga nnti di ganti lantainya, air kolamnya jernih dri mata air langsung cmn kotor dedaunan kecil aja, ada kolam yg byk ikannya jga. Banyak spot fto dan ada arena outbond. Tiket masuknya 15-20rb, parkir 3rb. Disebrang nya ada tebing untuk spot foto bagus bgt dan ada cafe/rumh makannya. Ada musholah dan toilet nya bersih bgt. Ohiya waktu itu dapet free minuman vit.C, mkasiiih.  Happy holiday guys 😁","",positif
2110,"Woodland Kuningan","Wisata Pinus Mitra TNGC",5,"Tempat wisata yang bisa masuk kalau kita bawa orang 1 kelurahan juga gaiss Tempatnya luas Wahana banyk Yang pasti asri dan segar selalu","",positif
2111,"Woodland Kuningan","Wisata Pinus Mitra TNGC",5,"Tempat yang cocok untuk berlibur bersama keluarga di dalem banyak area untuk anaknya ada flying fox dan kolam renang tiket masuknya kalo weekend 25K kalo hari biasa 20K masuk wahana di dalem yang free hanya kolam renang kalo flying fox dan wahana adrenalin lainnya berbayar sekitar 20k pokoknya wajib di kunjungi kalo lagi di Kuningan","",positif
2112,"Woodland Kuningan","Wisata Pinus Mitra TNGC",4,"Htm murah meriah permainan juga aman di kantong, udah include renang, tempat luas, tapi tempat makan beda tempat dengan lokasi wisata nyebrang itu yg bikin kurang nyaman, jd lebih bawa makanan sendiri,","",positif
2113,"Woodland Kuningan","Wisata Pinus Mitra TNGC",5,"Tempat wisata di kabupaten kuningan, banyak wahana bermain anak kolam renang bebas sepuasnya, untuk wahana bermain lainnya bayar terpisah antara 10 ribu-25ribu tempat parkir luas. Cocok untuk liburan keluarga","",positif
2114,"Woodland Kuningan","Wisata Pinus Mitra TNGC",5,"Tempatnya bagus, banyak wahananya kolam renangnya jga bnyk, ga ush pake bayar lagi dan bisa bawa makanan dr rumah, ada penyewaan tikar jga","",positif
2115,"Woodland Kuningan","Wisata Pinus Mitra TNGC",3,"sejuk, nyaman, sayang kamar mandi/toiletnya sedikit jadi kalo mau buang air atau bilas habis berenang tuh nunggunya lama ngantrinya.","",netral
2116,"Woodland Kuningan","Wisata Pinus Mitra TNGC",5,"Saya dari serang banten mau ke tegal. Tp sekalian melipir ke kuningan karna silaturahmi. Cari tempat rekomen yg gak terlalu jauh dari pintu toll. Akhirnya pilih woodlan dan ternyata memiaskan.  Harga Weekday cuma 20k. Itu sangat worth it. Kolamnya banyak, alamnya segar dan luas. Kolam bawah belum ada pohon besar, jadi masih terasa panas sekali.  Bulak balik ke atas ke bawah. Lumayan gempor guys. Tidak lansia friendly yaah. 🤣","",positif
2117,"Woodland Kuningan","Wisata Pinus Mitra TNGC",4,"tempatnya sejuk, coffe shopnya pun harganya relate bgt dibanding ditempat wisata lainnya, yg punya anak kolam renangpun banyak dan grtis tanpa harus bayar² lagi, coco deh buat weekend bareng family mah","",positif
2118,"Woodland Kuningan","Wisata Pinus Mitra TNGC",5,"Tem4  adem ada wahana kolam renang wat anak2 n tem4 ber foto......cocok wat wisata santai tiket masuk 20k parkir mbl 5k....","",positif
2119,"Woodland Kuningan","Wisata Pinus Mitra TNGC",5,"Kereen, gak bakal nyesel untuk sekedar mampir atau maen disini. Saung / Gazebo banyak, tempat luas dan nyaman.  Weekday HTM 15rb Weekend HTM 20rb  Ada banyak wahana Spot foto Gazebo Saung Panahan Flying fox Jembatan gantung Berkuda Kereta api Kolam renang Kolam ikan terapi Coffee shop Sawah Sungai","",positif
2120,"Woodland Kuningan","Wisata Pinus Mitra TNGC",5,"Tempat nya enak. Kesana pas hari minggu. Htm dewasa 20k anak 15k. Parkir mobil 10k. Berenang gratis. Ada kolam renang di atas dan di bawah. Ada mandi busa juga. Banyak wahana nya juga tapi kalau mau naik harus bayar lagi. Naik perosotan pelangi bayar nya 20k/org. Flying fox 20k/org. Naik kuda 10k. Odong2 kereta 10k. Melukis 15k. Dan masih banyak lagi wahananya. Sedang pembangunan lagi di bawah.","",positif
2121,"Woodland Kuningan","Wisata Pinus Mitra TNGC",5,"Bagus,tempat luas, ada live music, bisa ikut nyanyi ato request lagu, ada flying fox, panjang tebing bwt anak"" ,berkuda, kolam renang, kopi ala caffe ato sachet ada","",positif
2122,"Woodland Kuningan","Wisata Pinus Mitra TNGC",5,"Wisata alam ramah anak, dilengkapi berbagai wahana sebagai sarana rekreasi. Kolam renang, berkuda, flying fox, cafe, dsb. Tempat parkir luas, baik motor maupun mobil. Weekend sangat ramai, jika ingin menikmati momen alangkah lebih baik berkunjung di waktu weekdays dan bukan momen liburan.","",positif
2123,"Woodland Kuningan","Wisata Pinus Mitra TNGC",5,"Tempatnya nyaman untuk berwisata bersama keluarga banyak wahana bermain dan suasana nya asri pegunungan 👍🏻","",positif
2124,"Woodland Kuningan","Wisata Pinus Mitra TNGC",5,"Wisata explore alam yang sejuk, dikelilingi pohon besar. Cocok untuk semua usia untuk sekedar jalan2 (ada jogging track), makan (tersedia kantin mie dan minuman seduh, nasi ayam/ikan,coffee shop yg murah meriah tapi bawa makanan sendiri pun dibolehkan), bermain sambil melatih keberanian (flying fox, sepeda tali, panjat tebing anak, jembatan tali gantung), kolam renang dengan mata air gunung sejuk yang mengalir, mushola, kamar mandi, dan tempat duduk kayu dan gazebo yang banyak, petugas yg selalu berkeliling. Cukup membayar 20rb weekend dan 15rb weekdays. Must try","",positif
2125,"Woodland Kuningan","Wisata Pinus Mitra TNGC",5,"Tempat yang indah, htm 15rb senin-jumat. Sabtu-minggu dan hari libur 20rb. Utk anak anak 10rb, balita gratis.. Cocok banget utk liburan keluarga, ada wahana bermain anak seperti kolam renang, berkuda (poni kecil), flying fox, dsb. Saran kalau ingin kesini bawa tiker, makanan dan minuman sendiri, dan selalu jaga kebersihan. Ingat hanya monyet yang buang sampah sembarangan, bukan kita. Selalu jaga kebersihan semuanyaa.","",positif
2126,"Woodland Kuningan","Wisata Pinus Mitra TNGC",4,"Dari tamkot kuningan cuma 30menit pake maps ga pake nyasar aman jalan mulus,  tiket 15rbu sama parkir 3rbu plus dapat gratis produk minuman vitaminc hic1000 1pcs yaa per orang(ini gatau berlaku sampai kapan). Kalau cari yang adem ya ini woodland bisa banget. banyak spot foto asal bisa aja nentuin mana spot yang instagramable yang menurut kalian bagus . Ada kolam renangnya juga family friendly sih tempatnya,  ada tempat jual makanan ringan .","",positif
2127,"Woodland Kuningan","Wisata Pinus Mitra TNGC",5,"Tempat tujuan wisata yang selalu ramai oleh pengunjung dari berbagai daerah. Lokasinya yang nyaman dan adem. Area parkir yang cukup luas (baik untuk roda 2 maupun roda 4). Selain kolam renang, banyak wahana wisata yang menarik untuk dicoba. Fasilitas dilokasi ada toilet, mushola dan beberapa gazebo / joglo yang bisa digunakan untuk berkumpul (selain bisa menggelar tikar).","",positif
2128,"Woodland Kuningan","Wisata Pinus Mitra TNGC",5,"Tempat paling pas buat liburan bareng keluarga, satu tempat banyak wahana","",positif
2129,"Woodland Kuningan","Wisata Pinus Mitra TNGC",4,"Lokasi di pinggir jalan terjangkau mobil dan motor, parkiran luas HTM di weekend 25,000, tempat wisata alam kebanyakan wahana outbond, untuk naik wahana lainya bayar lagi , misal perosotan 20,000/sekali main/orang, mgkn yang perlu ditingkatkan kebersihan didalam lokasinya, perbanyak tempat sampah.","",positif
2130,"Woodland Kuningan","Wisata Pinus Mitra TNGC",4,"Kalo dari arah Sumber Dan Plumbon, ambil arah ke Mandirancan, ikutin saja jalannya.  Letak Woodland ada di sebelah kiri bersebrangan dengan kolam renang Hanjuang.  Parkir Dan resto Woodland ada di sebelah kanan, bersebrangan dengan pintu masuk.  Parkir luas, Dan tiket langsung dibayar Rp. 5.000.  Tiket masuk pada hari biasa Rp. 15.000 Dan untuk hari libur Rp. 20.000.  Begitu masuk kawasan woodland, mata dimanjakan oleh deretan pohon pinus.  Fasilitas yang didapat disini adalah jembatan kayu, kolam berenang, terapi ikan, Dan spot foto.  Untuk permainan seperti flyng fox, berkuda, memanah, flyng cycle, foto underwater pengunjung membayar lagi antara Rp. 10.000   - Rp. 30.000 dan dibayarkan di loket khusus di dalam arena.  Yang minim disini menurut saya adalah jumlah toilet Dan kamar ganti, dengan tempat seluas itu Dan pengunjung sebanyak itu toilet dalam area hanya ada 2 Dan tempat bilas 2, jd pengunjung lumayan mengantri.  Kesini sebaiknya saat pagi, tempat masih sepi Dan belum terlalu terik.","",positif
2131,"Woodland Kuningan","Wisata Pinus Mitra TNGC",4,"Kesini pas liburan anak2 sekolah dan habis idul Adha.. Rame bgt tempat nya, harga tiket masuk cukup murah, tiap wahana bayar lagi, tapi harganya msh terjangkau.  Anak2 bisa naik kuda, tapi sayang kuda nya cm 1 jd antrinya cukup lama..","",positif
2132,"Woodland Kuningan","Wisata Pinus Mitra TNGC",5,"Tempat yang menyenangkan banyak tempat main yang murah tapi seru seperti berkuda, gambar atau melukis, jip adventure, flying fox, seluncuran donat dan semua itu gak mahal masih masuk budet liburan","",positif
2133,"Woodland Kuningan","Wisata Pinus Mitra TNGC",5,"Betah lama2 disini Krn lmyn lengkap sih tmpt main anak tmpt main org dewasa adem jg tmptnya hrg tiket msk week end 20/org parkir mbl 5rb berenang free  mau smpi gosong bdn jg ada kolam busanya anak sy betah bgt smpi 3jam g mau brenti perosotan pelangi week end 20rb/org dan msh byk lg wahana lainnya","",positif
2134,"Woodland Kuningan","Wisata Pinus Mitra TNGC",5,"Mengunjungi woodland saat weekend di hari minggu siang. Tempatnya adem, tidak banyak sampah berserakan dan cocok untuk bersantai bersama keluarga, apalagi diperbolehkan membawa makanan dan minuman dari luar. Tempat parkir nya terpisah dari kawasan wisata jadi lumayan harus jalan dulu. Tapi yaaa cukuplah untuk wisata seharga 20.000 (weekend) dan 15.000 (weekdays)","",positif
2135,"Woodland Kuningan","Wisata Pinus Mitra TNGC",5,"Sekarang lebih di perluas lagi..dan di jaga kebersihan nya. HTM Weekend 25rb, senin sd jumat 15rb Enak hari biasa lbh menikmati suasana alam nya ketimbang klo weekend ke tempat ini Toilet bersih...mushollah msh saung yaa mudah2an kedepan lbh diperhatikan lagi","",positif
2136,"Woodland Kuningan","Wisata Pinus Mitra TNGC",5,"Luas, nyaman, bisa bawa makanan sendiri, ada beberapa wahana bermain, bisa berenang, tempat istirahat ada gazebo free, ada tempat sholat juga. Sejuk dg pohon² tinggi dan rindang. Pemandangan batu yg keren. Minusnya untuk pengguna kursi roda aja, mungkin nanti bisa di upgrade. 👍🏻","",positif
2137,"Woodland Kuningan","Wisata Pinus Mitra TNGC",4,"Tempat wisata yang cocok buat keluargaa, htm juga murah kisaran 15-25k. Tempatnya bersiih, ada spot foto dan kolam renang. Kolam renang juga bersiihh. Pokonya satu tempat banyak spotnya deh. Rekomendasi kalo wisata sama keluargaa dan anak kecil","",positif
2138,"Woodland Kuningan","Wisata Pinus Mitra TNGC",5,"Parkiran sangat lega, suasana, jelas sangat sejuk dan menyegarkan. Lebih enak jika sampai lokasi sebelum jam 8. Makin berasa segernya. Permainan nya banyak varian. Cocok buat outbond anak sekolah bahkan untuk senam emak² dan pentas seni (panggung sdh disiapkan.. rekom lah menurut sy sih..","",positif
2139,"Woodland Kuningan","Wisata Pinus Mitra TNGC",5,"Nyaman tempatnya tempat berteduh kurang banyak","",positif
2140,"Woodland Kuningan","Wisata Pinus Mitra TNGC",3,"Lumayan lah, tempatnya rindang, adem larwna byk pohon, wahana nya juga lumayan byk untuk anak2. Hanya saja beberapa catatan khusus fasilitas disekitarnya dilengkapi dan ditata seperti kantin / food corner yg saat ini blm ada, tempat sampah yg terlalu berjauhan susah dijangkau, mushola, kolam renang dengan kamar bilas yg terlalu jauh, jalur pejalan kaki yg belum memadai, spot duduk diperbanyak lagi spt gazebo & bangku taman, rerumputan dan tanaman hias juga Photo Booth. Oiya parkiran mobil sangat berdebu & puanas. Semoga kedepannya menjadi lebih baik.","",netral
2141,"Woodland Kuningan","Wisata Pinus Mitra TNGC",4,"Tempat  sejuk, fasilitas lumayan ok HTM 15000 Cocok tuk melepas penat d saat suntuk karena beban kerja.... Menu d cafe ny lumayan kumpit plus harga terjangkau... Ada kolam renang tuk bocil, sayangnya kolam renang tuk dewasa ( non kaporit ) sedikit kotor and tempat ganti ny agak jauh","",positif
2142,"Woodland Kuningan","Wisata Pinus Mitra TNGC",4,"Sekitar 16,5 KM dari pusat kota Kuningan. Tempatnya luas, wahana bermain juga banyak. Bisa outbond dan berenang. Cocok untuk jadi tempat gathering maupun healing. Parkiran lumayan luas. Hanya saja toiletnya terletak sangat jauh di pojokan ujung. Dan hanya tersedia sedikit.","",positif
2143,"Woodland Kuningan","Wisata Pinus Mitra TNGC",5,"Parkirannya motor 3000 mobil 5000. Terletak di  sebelah barat jalan. Di parkiran jg ada toiletnya loh jd jng khawatir.. pipisin dulu di situ krn di lokasi toilet lumayan jauh. Cmn skrg sedang ada renovais pembangunan toilet yg dekat dengan food court dan tmpt outbond. Alamnya asri. Tp kmrin emang sdg musim hujan jd tengah siang udah gelap banget dan pasti hujan menjelang sore.","",positif
2144,"Woodland Kuningan","Wisata Pinus Mitra TNGC",4,"Bad experience for me.  Datang kesini dengan harapan bisa menikmati alam, namun ternyata disini ramai dengan orang. Salah sih karena datangnya di hari minggu. Jadinya penuh pake banget. Kolam renang udah kaya cendol, tempat buat ngemper udah penuh sama orang orang. Belum lagi ada yang gathering pula disini + pake sound.  Ah yang terpenting, WC disini sangat sedikit + gaada airnya. Ada sih, tapi kecil. Akibatnya antrian jadi panjang banget.","",positif
2145,"Woodland Kuningan","Wisata Pinus Mitra TNGC",5,"Murah meriah,,tiket masuk weekend dewasa 20rb sudah termasuk renang kolam anak aja,sm terapi ikan,,untuk outbond,kuda,wahana lainya bayar lg harga mulai 10rb,,tenda bisa sewa 20rb tempat nya adem nyaman,,cocok buat keluarga,anak2,lansia,,disarankan membawa makanan sendiri,karena di dalam blm banyak jajanan dan makan,,","",positif
2146,"Woodland Kuningan","Wisata Pinus Mitra TNGC",4,"saya share info bagi yg baru pertama kali kesini: Tiket masuk 20rb/org (mau anak kecil pun tetap dihitung sama) Fasilitas: Kolam renang anak kecil Wahana2 bayar lagi sendiri dari 10rb-20 Utk wahana naik kuda saya pikir bakal jauh jalan nanya, ternyata cuma200meteran saja. Utk mainan kereta juga sebentar. Harga makanan variatif di kantin. Pop mie 13rb.nasi goreng dr 15rb ke atas. Kopi 15rb.  Bisa bawa iri tikar dr rumah.","",positif
2147,"Woodland Kuningan","Wisata Pinus Mitra TNGC",5,"Full rekreasi kuliner entertain keluarga Serta aman (HP tertinggal di resto, ditemukan dan dikembalikan pegawainya. Terimakasih)","",positif
2148,"Woodland Kuningan","Wisata Pinus Mitra TNGC",5,"Tempat wisata bersama keluarga, terutama yang punya anak kecil yang suka berenang ya...jangan lupa bawa bekal, dan kalo mau jajan juga tersedia banyak pilihan, ada restonya juga ya...","",positif
2149,"Woodland Kuningan","Wisata Pinus Mitra TNGC",5,"Tempatnya sejuk, ada outbond nya. Sawung ada buat makan² disana, boleh bawa makanan sendiri dari rumah. Yg penting sampah buang pd tempat nya ya. Kita hrs turut merawat tempat yg kita pijak. Kolam khusus anak ada. Kolam ikan terapi ada. Parkiran luas","",positif
2150,"Woodland Kuningan","Wisata Pinus Mitra TNGC",4,"Seru sih kalo buat ngadem, banyak wahana nya, tempatnya luas, kolam renang juga luas bgt.. cuma buat masuk ke kolam renang dewasa butuh effort karena harus turun dulu. Kids friendly. Banyak tempat makan dan ada restonya juga. Kemarin sih weekend htm di 25k untuk masuknya.","",positif
2151,"Woodland Kuningan","Wisata Pinus Mitra TNGC",5,"Berbagai wahana tersedia dengan harga cukup murah. HTM weekend 20k, sudah termasuk kolam renang. Toilet/kamar mandi perlu ditambah karena antrean panjang","",positif
2152,"Woodland Kuningan","Wisata Pinus Mitra TNGC",4,"Kesan Pertama: ADEEMM  Cocok utk rekreasi keluarga (family gathering), acara arisan, Team Building/outbond.  • Parkir Luas • Rindang, udara segar walaupun siang hari • Permainan anak lumayan lengkap, ada flying fox, sepeda gantung, tali ketangkasan, kolam renang ada walau agak kecil tapi lumayan utk anak 5-9 thn, ada kuda juga mgkn disewakan utk yg mau berkuda • Yang seneng foto2 di alam, bakalan betah.. instagramable lah yaa  Minus: • Mushola berupa saung yg ada di lokasi terlalu kecil dan sudah waktunya direnov 🙏  Tiket: Parkir mobil 5rb Entry tiket 20rb / orang (weekend) Permainan anak +/- 15-20rban Makanan ndak sempet nyobain  HAPPY HOLIDAYS 😎","",positif
2153,"Woodland Kuningan","Wisata Pinus Mitra TNGC",5,"Masuk kawasan bayar 2rb parkir 2rb tiket masuk 5500 untuk wahana perahu 25rb ketengah laut nuansa islami bgt di putar pagi dzikir pagi setelah selesai dzikir diputar nasyid","",positif
2154,"Woodland Kuningan","Wisata Pinus Mitra TNGC",4,"Kl ke sini ada tiket msuk dan tiket parkir. Mau ke wahana bayar lgi, tiap wahana beda². Di sini jg ada seluncuran pelangi, mskpun anak kcil yg dipangku pun kena satu tiket. Wahana paling penuh di kolam renang.","",positif
2155,"Woodland Kuningan","Wisata Pinus Mitra TNGC",5,"Tiket masuk 25k weekend . Didalam suasana asri khas pegunungan banyak pepohonan. Permainan di dalam bisa membeli tiket di area kantin. Tersedia pembayaran  QRIS yg terpenting. Sosorodotan pelangi , flying fox , berkuda bisa jadi pengalaman menyenangkan. Ada kolam renang juga, mungkin lain waktu coba berenang","",positif
2156,"Woodland Kuningan","Wisata Pinus Mitra TNGC",3,"Tempat rekreasi keluarga yg lumayan menyenangkan dgn berbagai macam permainan out door dll Syng agak kesulitan mencari makanan berat.","",netral
2157,"Woodland Kuningan","Wisata Pinus Mitra TNGC",5,"Tempat yg pas buat santai keluarga.luas suasana nyaman bgt..kolam renangnya dan tempatnya enak.komplit fasilitas nya..harga terjangkau","",positif
2158,"Woodland Kuningan","Wisata Pinus Mitra TNGC",5,"Saya datang hari Sabtu. Pas cuaca cerah Bagus sekali pemandangan nya Kolam bersih, luas dan banyak pilihannya. Alamnya dapet. Airnya seger dingin, mantab lah... Toilet bersih. Ada mushola juga  25k tidak termasuk tiket wahana, masuh terjangkau. Boleh bawa makanan dan minuman.  Noted kalo datang pas lebaran, lain cerita ya, saya datang saat pengunjung tidak rame. Jadi suasananya berasa privat","",positif
2159,"Woodland Kuningan","Wisata Pinus Mitra TNGC",3,"Naik jeep yang 400rb .. lumayan yaa , yang bikin kecewa sama makanan & pelayanan penyajiannya lama trus gk worth it rasanya .. untuk tiket wahana tiket masuk 25rb di tgl 23 desember 2025 pas masuk waduuh kecewa dalamnya begitu doang .. kurang di kelola dengan baik .. prosotan pelangi nya juga kurang panjang … pokonya gk banget","",netral
2160,"Woodland Kuningan","Wisata Pinus Mitra TNGC",5,"Arena bermain outdoor yg lumayan lengkap dan seru untuk keluarga. Tempatnya luas lengkap dengan kolam renang. Suasana pegunungan dengan banyak pohon pinus jadi bikin betah","",positif
2161,"Woodland Kuningan","Wisata Pinus Mitra TNGC",4,"Tempatnya enak, petugas kebersihannya sigap, makanan dan attraction ramah kantong ada kolam renang pula, disarankan bawa perlengkapan piknik","",positif
2162,"Woodland Kuningan","Wisata Pinus Mitra TNGC",5,"tempat nya bagus banget jadi langganan kesini terus","",positif
2163,"Woodland Kuningan","Wisata Pinus Mitra TNGC",5,"Tempat rekreasi yg asik bgt kumpul buat sanak keluarga ataw pun teman2 kerja adem Krn daerah pegunungan dan tempat bermain yg seru deh apa lagi ada wahana baru perosotan pelanginya bikin nagih","",positif
2164,"Woodland Kuningan","Wisata Pinus Mitra TNGC",5,"Suasana teduh dan adem, kebersihan terjaga, petugas juga banyak, wahana  outbond lengkap, asik juga untuk sekedar piknik keluarga. Parkir luas harga tiket bersahabat.","",positif
2165,"Woodland Kuningan","Wisata Pinus Mitra TNGC",4,"HTM 20k. Kolam renang cuma 1  buat anak kcl aja. Lbh ke menikmati hutan pinus, bersantai. Bisa bawa makan + tikar dari rmh, bisa buat acara famgath juga, bebas bikin acara ddlm. Ada outbond buat anak"" bayar 10-30k. Kamar mandinya jauh cuma beberapa aja ngantri sama yg bilas renang. Musholanya kecil dari panggung kayu. Parkirnya di sebrangnya, di resto woodland nya. Ada busa juga disemprot sejam sekali.","",positif
2166,"Woodland Kuningan","Wisata Pinus Mitra TNGC",5,"Air nya bersih banget Tempat nya enak buat keluarga dan ngajakin anak renang...suka banget pelayanan nya juga ramah Tapi kita kesana pas hujan tapi gkpp seru banget bisa ngajakin renang anakku disini 💜💜","",positif
2167,"Woodland Kuningan","Wisata Pinus Mitra TNGC",4,"Tempat y sangat nyaman udarah y adem dan tempat y luas banyak kazebo y banyak spot foto fotoy .kolam renang y bersi .tiket minggu  kemarin 20 rb masi terjangkau lah","",positif
2168,"Woodland Kuningan","Wisata Pinus Mitra TNGC",5,"Tempatnya sangat mudah dijangkau dan cukup nyaman untuk mengajak keluarga liburan selain itu banyak wahana yang bisa kita coba.","",positif
2169,"Woodland Kuningan","Wisata Pinus Mitra TNGC",4,"Tempat wisata yang ramai di saat libur sekolah.. renang gratis tiket masuk 20/orang. setiap wahana bayar lagi 10-20 ribu per wahana","",positif
2170,"Woodland Kuningan","Wisata Pinus Mitra TNGC",3,"tempatnya adem nyaman dan asri, harga tiket masuk 20rb per orang, saya berkunjung di hari minggu. untuk setiap wahana bayar lagi, saran saya untuk pengelola, baiknya loket pembelian ada di setiap wahana karena memudahkan pengunjung agar tdk bolak balik. harga perwahana mulai dari 10k-25k","",netral
2171,"Woodland Kuningan","Wisata Pinus Mitra TNGC",4,"Ini arena wisata yang masih terjangkau. Dari mulai tiket masuk, makanan, serta harga wahana (naik kuda, prosotan pelang sampai flyingfoxnya) dibawah 30 ribu, wow...","",positif
2172,"Woodland Kuningan","Wisata Pinus Mitra TNGC",5,"Keren... Tempat luas... Nyaman bt keluarga... Hawanya Adem bisa bawa keluarga besar sambil piknik bawa alas... Saran sediakan warung/makanan jadi di dalam biar praktis cz di dalem cuma tersedia minuman ringan dan snack","",positif
2173,"Woodland Kuningan","Wisata Pinus Mitra TNGC",5,"Luas, lumayan byk wahana, bersih itu yang paling penting.","",positif
2174,"Woodland Kuningan","Wisata Pinus Mitra TNGC",5,"Tempat Luas ✔️ Warung Ada ✔️ Mushola Ada ✔️ Tiket Masuk Hari Biasa 15k Weekend 20k Parkir Luas Motor & Mobil 3k - Mobil Ngga Tau ( Ngga Bawa Mobil ) Cocok Untuk Keluarga Soalnya Banyak Banget Wahana Hiburan Seperti Kolam Renang WaterBoom ( Selorokan ) 😁 Naik Kuda Fly Fox Jembatan Gantung Sepeda Gantug Panjat Tebing #Woodland #Kuningan","",positif
2175,"Woodland Kuningan","Wisata Pinus Mitra TNGC",5,"Hm..woodland tempat yg asyiik ada banyak kolam renang dan ada banyak lagi wahana yg menantang adrenalin dg viuw di lereng kaki gunung ciremai yg eksotis dekat dg tempat bersejarah spt gedung perundingan Linggarjati kuningan,pokokna mah jempol","",positif
2176,"Woodland Kuningan","Wisata Pinus Mitra TNGC",5,"Enak tempatnya tapi rame banget..","",positif
2177,"Woodland Kuningan","Wisata Pinus Mitra TNGC",4,"Pas awal masuk sejujurnya sempat kecewa banget. Isinya malah didominasi wahana kayak rainbow slide, flying fox, sama berkuda, dan kolam di depan cuma ada satu yang kecil, sempat berasa ketipu kirain cuma segitu doang. Tapi untung terselamatkan pas jalan terus ke bagian paling belakang agak turun. Ternyata kolam renang yang bagus ngumpet di situ. Kolamnya luas dan airnya beneran nyegerin, kemungkinan air gunung asli karena dingin banget, ga ada bau kaporit, dan rambut ga berasa kesat sama sekali. Area depannya agak misleading, untung kolam renang belakangnya beneran oke dan jadi penyelamat.","",positif
2178,"Woodland Kuningan","Wisata Pinus Mitra TNGC",5,"Keren... nyaman","",positif
2179,"Woodland Kuningan","Wisata Pinus Mitra TNGC",5,"good place for family vacation. natural n cozy place","",positif
2180,"Woodland Kuningan","Wisata Pinus Mitra TNGC",5,"Selalu di buat nyaman, dan tempatnya selalu update makin kesini makin bagus dan luas, wahananya jg banyak","",positif
2181,"Woodland Kuningan","Wisata Pinus Mitra TNGC",5,"enak buat nongkrong, tempatnya nyaman, parkir cukup luas dan harga standar coffee shop...","",positif
2182,"Woodland Kuningan","Wisata Pinus Mitra TNGC",5,"Suasana sejuk dan ramah anak","",positif
2183,"Woodland Kuningan","Wisata Pinus Mitra TNGC",4,"Anak dewasa 25.k","",positif
2184,"Woodland Kuningan","Wisata Pinus Mitra TNGC",4,"Cocok buat piknik keluarga","",positif
2185,"Woodland Kuningan","Wisata Pinus Mitra TNGC",5,"Mantap service jok nya","",positif
2186,"Woodland Kuningan","Wisata Pinus Mitra TNGC",5,"ramah pelayanan dan semuanya bagus 🥰","",positif
2187,"Woodland Kuningan","Wisata Pinus Mitra TNGC",5,"Tempatnya sejuk, wahananya terjangkau.","",positif
2188,"Woodland Kuningan","Wisata Pinus Mitra TNGC",5,"pelayanannya bestttt🥰","",positif
2189,"Woodland Kuningan","Wisata Pinus Mitra TNGC",5,"Murah merakyat","",positif
2190,"Woodland Kuningan","Wisata Pinus Mitra TNGC",5,"Adem dan nyaman","",positif
2191,"Woodland Kuningan","Wisata Pinus Mitra TNGC",4,"Alangkah baik nya. Untuk permainan bisa membeli tiket terusan. Ini sekali main tiket 20.000 untuk hari libur. Terlalu dalam ngerogok kantong","",positif
2192,"Woodland Kuningan","Wisata Pinus Mitra TNGC",5,"Tempatnya asik","",positif
2193,"Woodland Kuningan","Wisata Pinus Mitra TNGC",5,"Kemarin kesitu seru banget","",positif
2194,"Woodland Kuningan","Wisata Pinus Mitra TNGC",4,"Banyak permainan anak-anak","",positif
2195,"Woodland Kuningan","Wisata Pinus Mitra TNGC",5,"Tempatnya adem ..","",positif
2196,"Woodland Kuningan","Wisata Pinus Mitra TNGC",5,"Sellsingapura","",positif
2197,"Woodland Kuningan","Wisata Pinus Mitra TNGC",5,"SERU BGT DAN SEJUK","",positif
2198,"Woodland Kuningan","Wisata Pinus Mitra TNGC",3,"Mohon untuk pengelola di sediakan tempat wastafel untuk setiap gazebo atau di tempat terbuka lain nya","",netral
2199,"Woodland Kuningan","Wisata Pinus Mitra TNGC",4,"Minim Wahana","",positif
2200,"Woodland Kuningan","Wisata Pinus Mitra TNGC",4,"d8ngin airnya","",positif
2201,"Woodland Kuningan","Wisata Pinus Mitra TNGC",5,"Tempat yg bagus buat wisata keluarga dan liburan sekolah","",positif
2202,"Woodland Kuningan","Wisata Pinus Mitra TNGC",5,"Bagus Jauh jauh dari Medan kesini teryata tidak mengecewakan","",positif
2203,"Woodland Kuningan","Wisata Pinus Mitra TNGC",5,"kamar kecil tapi tertata rapi, ga ada sudut yg terlihat diabaikan!","",positif
2204,"Woodland Kuningan","Wisata Pinus Mitra TNGC",5,"Tempat yg bagus buat jalan jalan , pemandangan yg bagus dan sejuk","",positif
2205,"Woodland Kuningan","Wisata Pinus Mitra TNGC",5,"Nyaman untuk ngadem dan liburan","",positif
2206,"Woodland Kuningan","Wisata Pinus Mitra TNGC",5,"Outing bersama di sekolah anak, tempatnya enak, banyak wahana permainan nya ...","",positif
2207,"Woodland Kuningan","Wisata Pinus Mitra TNGC",5,"adeemmmm","",positif
2208,"Woodland Kuningan","Wisata Pinus Mitra TNGC",5,"Bersih dan sejuk. Cocok untuk piknik","",positif
2209,"Woodland Kuningan","Wisata Pinus Mitra TNGC",4,"Tersedia banyak arena bermain anak tapi berbayar.","",positif
2210,"Woodland Kuningan","Wisata Pinus Mitra TNGC",5,"Seru, kolam renang menyatu dg alam. Tiket masuk tergolong murah dan kolamnya luas sekali.","",positif
2211,"Woodland Kuningan","Wisata Pinus Mitra TNGC",5,"Bersih, indah, asri. Sngat representatif utk rekreasi anak-anak kita. Recomended deh.","",positif
2212,"Woodland Kuningan","Wisata Pinus Mitra TNGC",5,"adem tempatnya, makin banyak kolam renangnya, airnya jernih bersih, siapkan lutut anda pokoknya😁😁","",positif
2213,"Woodland Kuningan","Wisata Pinus Mitra TNGC",5,"Tempat yang cocok untuk keluarga","",positif
2214,"Woodland Kuningan","Wisata Pinus Mitra TNGC",5,"Rekreasi the best menurut saya di kuningan menawarkan berbagai wahana dan fasilitas yang lengkap tempat nya bersih wc bersih dan banyak kolam air nya, cocok banget buat rekreasi sekeluarga mantap poll","",positif
2215,"Woodland Kuningan","Wisata Pinus Mitra TNGC",5,"tempat sejuk dan nyaman","",positif
2216,"Woodland Kuningan","Wisata Pinus Mitra TNGC",4,"Yg masih kurang kamar ganti atau toilet di kolam ujung","",positif